                                                                        S      1
,,,22HBarramento Terra LUKMA,22HAutoCAD 2024 - English,62HAutodesk TransG      1
lation Framework DWG producer (atf_dwg_producer),32,38,7,99,15,,1.,2,2HMG      2
M,1,0.08,15H20260806.232947,0.01,10000.,,7Hunknown,11,0,15H20240805.1432G      3
53;                                                                     G      4
     100       1                                    1941        00010000D      1
     100       0               2       0                               0D      2
     100       3                                    1943        00010000D      3
     100       0               2       0                               0D      4
     100       5                                    1945        00010000D      5
     100       0               2       0                               0D      6
     100       7                                    1947        00010000D      7
     100       0               2       0                               0D      8
     408       9                                    1919        00010001D      9
     408       0               1       0                               0D     10
     408      10                                    1921        00010001D     11
     408       0               1       0                               0D     12
     408      11                                    1923        00010001D     13
     408       0               1       0                               0D     14
     408      12                                    1925        00010001D     15
     408       0               1       0                               0D     16
     408      13                                    1927        00010001D     17
     408       0               1       0                               0D     18
     408      14                                    1929        00010001D     19
     408       0               1       0                               0D     20
     408      15                                    1931        00010001D     21
     408       0               1       0                               0D     22
     408      16                                    1933        00010001D     23
     408       0               1       0                               0D     24
     408      17                                    1935        00010001D     25
     408       0               1       0                               0D     26
     408      18                                    1937        00010001D     27
     408       0               1       0                               0D     28
     408      19                                    1939        00010001D     29
     408       0               1       0                               0D     30
     408      20                                    1949        00010001D     31
     408       0               1       0                               0D     32
     408      21                                    1951        00010001D     33
     408       0               1       0                               0D     34
     408      22                                                00000001D     35
     408       0               1       0                               0D     36
     308      23                                                00010200D     37
     308       0               2       0                               0D     38
     308      25                                                00010200D     39
     308       0               3       0                               0D     40
     308      28                                                00010200D     41
     308       0               2       0                               0D     42
     308      30                                                00010200D     43
     308       0               2       0                               0D     44
     308      32                                                00010200D     45
     308       0               3       0                               0D     46
     186      35                       4                        00010000D     47
     186           -2181       1       0                               0D     48
     186      36                       1                        00010000D     49
     186           -2183       1       0                               0D     50
     186      37                       2                        00010000D     51
     186           -2183       1       0                               0D     52
     514      38                                                00010000D     53
     514                       4       1                               0D     54
     514      42                                                00010000D     55
     514                       3       1                               0D     56
     514      45                                                00010000D     57
     514                       4       1                               0D     58
     510      49                                                00010000D     59
     510           -2181       1       1                               0D     60
     510      50                                                00010000D     61
     510           -2181       1       1                               0D     62
     510      51                                                00010000D     63
     510           -2181       1       1                               0D     64
     510      52                                                00010000D     65
     510           -2181       1       1                               0D     66
     510      53                                                00010000D     67
     510           -2181       1       1                               0D     68
     510      54                                                00010000D     69
     510           -2181       1       1                               0D     70
     510      55                                                00010000D     71
     510           -2181       1       1                               0D     72
     510      56                                                00010000D     73
     510           -2181       1       1                               0D     74
     510      57                                                00010000D     75
     510           -2181       1       1                               0D     76
     510      58                                                00010000D     77
     510           -2181       1       1                               0D     78
     510      59                                                00010000D     79
     510           -2181       1       1                               0D     80
     510      60                                                00010000D     81
     510           -2181       1       1                               0D     82
     510      61                                                00010000D     83
     510           -2181       1       1                               0D     84
     510      62                                                00010000D     85
     510           -2181       1       1                               0D     86
     510      63                                                00010000D     87
     510           -2181       1       1                               0D     88
     510      64                                                00010000D     89
     510           -2181       1       1                               0D     90
     510      65                                                00010000D     91
     510           -2181       1       1                               0D     92
     510      66                                                00010000D     93
     510           -2181       1       1                               0D     94
     510      67                                                00010000D     95
     510           -2181       1       1                               0D     96
     510      68                                                00010000D     97
     510           -2181       1       1                               0D     98
     510      69                                                00010000D     99
     510           -2181       1       1                               0D    100
     510      70                                                00010000D    101
     510           -2181       1       1                               0D    102
     510      71                                                00010000D    103
     510           -2181       1       1                               0D    104
     510      72                                                00010000D    105
     510           -2181       1       1                               0D    106
     510      73                                                00010000D    107
     510           -2181       1       1                               0D    108
     510      74                                                00010000D    109
     510           -2181       1       1                               0D    110
     510      75                                                00010000D    111
     510           -2181       1       1                               0D    112
     510      76                                                00010000D    113
     510           -2181       1       1                               0D    114
     510      77                                                00010000D    115
     510           -2181       1       1                               0D    116
     510      78                                                00010000D    117
     510           -2181       1       1                               0D    118
     510      79                                                00010000D    119
     510           -2181       1       1                               0D    120
     510      80                                                00010000D    121
     510           -2181       1       1                               0D    122
     510      81                                                00010000D    123
     510           -2181       1       1                               0D    124
     510      82                                                00010000D    125
     510           -2181       1       1                               0D    126
     510      83                                                00010000D    127
     510           -2181       1       1                               0D    128
     510      84                                                00010000D    129
     510           -2181       1       1                               0D    130
     510      85                                                00010000D    131
     510           -2181       1       1                               0D    132
     510      86                                                00010000D    133
     510           -2183       1       1                               0D    134
     510      87                                                00010000D    135
     510           -2183       1       1                               0D    136
     510      88                                                00010000D    137
     510           -2183       1       1                               0D    138
     510      89                                                00010000D    139
     510           -2183       1       1                               0D    140
     510      90                                                00010000D    141
     510           -2183       1       1                               0D    142
     510      91                                                00010000D    143
     510           -2183       1       1                               0D    144
     510      92                                                00010000D    145
     510           -2183       1       1                               0D    146
     510      93                                                00010000D    147
     510           -2183       1       1                               0D    148
     510      94                                                00010000D    149
     510           -2183       1       1                               0D    150
     510      95                                                00010000D    151
     510           -2183       1       1                               0D    152
     510      96                                                00010000D    153
     510           -2183       1       1                               0D    154
     510      97                                                00010000D    155
     510           -2183       1       1                               0D    156
     510      98                                                00010000D    157
     510           -2183       1       1                               0D    158
     510      99                                                00010000D    159
     510           -2183       1       1                               0D    160
     510     100                                                00010000D    161
     510           -2183       1       1                               0D    162
     510     101                                                00010000D    163
     510           -2183       1       1                               0D    164
     510     102                                                00010000D    165
     510           -2183       1       1                               0D    166
     510     103                                                00010000D    167
     510           -2183       1       1                               0D    168
     510     104                                                00010000D    169
     510           -2183       1       1                               0D    170
     510     105                                                00010000D    171
     510           -2183       1       1                               0D    172
     510     106                                                00010000D    173
     510           -2183       1       1                               0D    174
     510     107                                                00010000D    175
     510           -2183       1       1                               0D    176
     510     108                                                00010000D    177
     510           -2183       1       1                               0D    178
     510     109                                                00010000D    179
     510           -2183       1       1                               0D    180
     510     110                                                00010000D    181
     510           -2183       1       1                               0D    182
     510     111                                                00010000D    183
     510           -2183       1       1                               0D    184
     510     112                                                00010000D    185
     510           -2183       1       1                               0D    186
     510     113                                                00010000D    187
     510           -2183       1       1                               0D    188
     510     114                                                00010000D    189
     510           -2183       1       1                               0D    190
     510     115                                                00010000D    191
     510           -2183       1       1                               0D    192
     510     116                                                00010000D    193
     510           -2183       1       1                               0D    194
     510     117                                                00010000D    195
     510           -2183       1       1                               0D    196
     510     118                                                00010000D    197
     510           -2183       1       1                               0D    198
     510     119                                                00010000D    199
     510           -2183       1       1                               0D    200
     510     120                                                00010000D    201
     510           -2183       1       1                               0D    202
     510     121                                                00010000D    203
     510           -2183       1       1                               0D    204
     510     122                                                00010000D    205
     510           -2183       1       1                               0D    206
     510     123                                                00010000D    207
     510           -2183       1       1                               0D    208
     510     124                                                00010000D    209
     510           -2183       1       1                               0D    210
     510     125                                                00010000D    211
     510           -2183       1       1                               0D    212
     510     126                                                00010000D    213
     510           -2183       1       1                               0D    214
     510     127                                                00010000D    215
     510           -2183       1       1                               0D    216
     510     128                                                00010000D    217
     510           -2183       1       1                               0D    218
     510     129                                                00010000D    219
     510           -2183       1       1                               0D    220
     510     130                                                00010000D    221
     510           -2183       1       1                               0D    222
     510     131                                                00010000D    223
     510           -2183       1       1                               0D    224
     510     132                                                00010000D    225
     510           -2183       1       1                               0D    226
     510     133                                                00010000D    227
     510           -2183       1       1                               0D    228
     510     134                                                00010000D    229
     510           -2183       1       1                               0D    230
     510     135                                                00010000D    231
     510           -2183       1       1                               0D    232
     510     136                                                00010000D    233
     510           -2183       1       1                               0D    234
     510     137                                                00010000D    235
     510           -2183       1       1                               0D    236
     510     138                                                00010000D    237
     510           -2183       1       1                               0D    238
     510     139                                                00010000D    239
     510           -2183       1       1                               0D    240
     510     140                                                00010000D    241
     510           -2183       1       1                               0D    242
     510     141                                                00010000D    243
     510           -2183       1       1                               0D    244
     510     142                                                00010000D    245
     510           -2183       1       1                               0D    246
     510     143                                                00010000D    247
     510           -2183       1       1                               0D    248
     510     144                                                00010000D    249
     510           -2183       1       1                               0D    250
     510     145                                                00010000D    251
     510           -2183       1       1                               0D    252
     510     146                                                00010000D    253
     510           -2183       1       1                               0D    254
     508     147                                                00010000D    255
     508                       1       1                               0D    256
     508     148                                                00010000D    257
     508                       1       1                               0D    258
     508     149                                                00010000D    259
     508                       1       1                               0D    260
     508     150                                                00010000D    261
     508                       1       1                               0D    262
     508     151                                                00010000D    263
     508                       1       1                               0D    264
     508     152                                                00010000D    265
     508                       2       1                               0D    266
     508     154                                                00010000D    267
     508                       2       1                               0D    268
     508     156                                                00010000D    269
     508                       1       1                               0D    270
     508     157                                                00010000D    271
     508                       1       1                               0D    272
     508     158                                                00010000D    273
     508                       1       1                               0D    274
     508     159                                                00010000D    275
     508                       1       1                               0D    276
     508     160                                                00010000D    277
     508                       1       1                               0D    278
     508     161                                                00010000D    279
     508                       2       1                               0D    280
     508     163                                                00010000D    281
     508                       2       1                               0D    282
     508     165                                                00010000D    283
     508                       2       1                               0D    284
     508     167                                                00010000D    285
     508                       1       1                               0D    286
     508     168                                                00010000D    287
     508                       2       1                               0D    288
     508     170                                                00010000D    289
     508                       1       1                               0D    290
     508     171                                                00010000D    291
     508                       1       1                               0D    292
     508     172                                                00010000D    293
     508                       2       1                               0D    294
     508     174                                                00010000D    295
     508                       1       1                               0D    296
     508     175                                                00010000D    297
     508                       1       1                               0D    298
     508     176                                                00010000D    299
     508                       1       1                               0D    300
     508     177                                                00010000D    301
     508                       1       1                               0D    302
     508     178                                                00010000D    303
     508                       1       1                               0D    304
     508     179                                                00010000D    305
     508                       1       1                               0D    306
     508     180                                                00010000D    307
     508                       1       1                               0D    308
     508     181                                                00010000D    309
     508                       2       1                               0D    310
     508     183                                                00010000D    311
     508                       1       1                               0D    312
     508     184                                                00010000D    313
     508                       2       1                               0D    314
     508     186                                                00010000D    315
     508                       1       1                               0D    316
     508     187                                                00010000D    317
     508                       1       1                               0D    318
     508     188                                                00010000D    319
     508                       2       1                               0D    320
     508     190                                                00010000D    321
     508                       1       1                               0D    322
     508     191                                                00010000D    323
     508                       1       1                               0D    324
     508     192                                                00010000D    325
     508                       1       1                               0D    326
     508     193                                                00010000D    327
     508                       1       1                               0D    328
     508     194                                                00010000D    329
     508                       1       1                               0D    330
     508     195                                                00010000D    331
     508                       1       1                               0D    332
     508     196                                                00010000D    333
     508                       1       1                               0D    334
     508     197                                                00010000D    335
     508                       1       1                               0D    336
     508     198                                                00010000D    337
     508                       1       1                               0D    338
     508     199                                                00010000D    339
     508                       1       1                               0D    340
     508     200                                                00010000D    341
     508                       1       1                               0D    342
     508     201                                                00010000D    343
     508                       2       1                               0D    344
     508     203                                                00010000D    345
     508                       1       1                               0D    346
     508     204                                                00010000D    347
     508                       1       1                               0D    348
     508     205                                                00010000D    349
     508                       3       1                               0D    350
     508     208                                                00010000D    351
     508                       3       1                               0D    352
     508     211                                                00010000D    353
     508                       1       1                               0D    354
     508     212                                                00010000D    355
     508                       1       1                               0D    356
     508     213                                                00010000D    357
     508                       1       1                               0D    358
     508     214                                                00010000D    359
     508                       1       1                               0D    360
     508     215                                                00010000D    361
     508                       1       1                               0D    362
     508     216                                                00010000D    363
     508                       1       1                               0D    364
     508     217                                                00010000D    365
     508                       1       1                               0D    366
     508     218                                                00010000D    367
     508                       1       1                               0D    368
     508     219                                                00010000D    369
     508                       2       1                               0D    370
     508     221                                                00010000D    371
     508                       1       1                               0D    372
     508     222                                                00010000D    373
     508                       2       1                               0D    374
     508     224                                                00010000D    375
     508                       2       1                               0D    376
     508     226                                                00010000D    377
     508                       1       1                               0D    378
     508     227                                                00010000D    379
     508                       1       1                               0D    380
     508     228                                                00010000D    381
     508                       1       1                               0D    382
     508     229                                                00010000D    383
     508                       1       1                               0D    384
     508     230                                                00010000D    385
     508                       1       1                               0D    386
     508     231                                                00010000D    387
     508                       1       1                               0D    388
     508     232                                                00010000D    389
     508                       1       1                               0D    390
     508     233                                                00010000D    391
     508                       1       1                               0D    392
     508     234                                                00010000D    393
     508                       1       1                               0D    394
     508     235                                                00010000D    395
     508                       1       1                               0D    396
     508     236                                                00010000D    397
     508                       1       1                               0D    398
     508     237                                                00010000D    399
     508                       1       1                               0D    400
     508     238                                                00010000D    401
     508                       1       1                               0D    402
     508     239                                                00010000D    403
     508                       1       1                               0D    404
     508     240                                                00010000D    405
     508                       1       1                               0D    406
     508     241                                                00010000D    407
     508                       1       1                               0D    408
     508     242                                                00010000D    409
     508                       4       1                               0D    410
     508     246                                                00010000D    411
     508                       1       1                               0D    412
     508     247                                                00010000D    413
     508                       1       1                               0D    414
     508     248                                                00010000D    415
     508                       4       1                               0D    416
     508     252                                                00010000D    417
     508                       1       1                               0D    418
     508     253                                                00010000D    419
     508                       1       1                               0D    420
     508     254                                                00010000D    421
     508                       1       1                               0D    422
     508     255                                                00010000D    423
     508                       1       1                               0D    424
     508     256                                                00010000D    425
     508                       1       1                               0D    426
     508     257                                                00010000D    427
     508                       1       1                               0D    428
     508     258                                                00010000D    429
     508                       1       1                               0D    430
     508     259                                                00010000D    431
     508                       1       1                               0D    432
     508     260                                                00010000D    433
     508                       1       1                               0D    434
     508     261                                                00010000D    435
     508                       1       1                               0D    436
     508     262                                                00010000D    437
     508                       1       1                               0D    438
     508     263                                                00010000D    439
     508                       1       1                               0D    440
     508     264                                                00010000D    441
     508                       1       1                               0D    442
     508     265                                                00010000D    443
     508                       1       1                               0D    444
     508     266                                                00010000D    445
     508                       1       1                               0D    446
     508     267                                                00010000D    447
     508                       1       1                               0D    448
     508     268                                                00010000D    449
     508                       1       1                               0D    450
     508     269                                                00010000D    451
     508                       1       1                               0D    452
     508     270                                                00010000D    453
     508                       1       1                               0D    454
     508     271                                                00010000D    455
     508                       1       1                               0D    456
     508     272                                                00010000D    457
     508                       1       1                               0D    458
     508     273                                                00010000D    459
     508                       1       1                               0D    460
     508     274                                                00010000D    461
     508                       1       1                               0D    462
     508     275                                                00010000D    463
     508                       1       1                               0D    464
     508     276                                                00010000D    465
     508                       1       1                               0D    466
     508     277                                                00010000D    467
     508                       1       1                               0D    468
     508     278                                                00010000D    469
     508                       1       1                               0D    470
     508     279                                                00010000D    471
     508                       1       1                               0D    472
     508     280                                                00010000D    473
     508                       1       1                               0D    474
     508     281                                                00010000D    475
     508                       1       1                               0D    476
     508     282                                                00010000D    477
     508                       1       1                               0D    478
     502     283                                                00010000D    479
     502                      22       1                               0D    480
     502     305                                                00010000D    481
     502                      24       1                               0D    482
     502     329                                                00010000D    483
     502                      18       1                               0D    484
     504     347                                                00010001D    485
     504                      29       1                               0D    486
     504     376                                                00010001D    487
     504                      15       1                               0D    488
     504     391                                                00010001D    489
     504                      28       1                               0D    490
     128     419                                                00010000D    491
     128       0               4       0                               0D    492
     128     423                                                00010000D    493
     128       0               4       0                               0D    494
     128     427                                                00010000D    495
     128       0               6       0                               0D    496
     128     433                                                00010000D    497
     128       0               7       0                               0D    498
     128     440                                                00010000D    499
     128       0               7       0                               0D    500
     128     447                                                00010000D    501
     128       0               6       0                               0D    502
     128     453                                                00010000D    503
     128       0               8       0                               0D    504
     128     461                                                00010000D    505
     128       0               7       0                               0D    506
     128     468                                                00010000D    507
     128       0   -2181       7       0                               0D    508
     128     475                                                00010000D    509
     128       0   -2181       8       0                               0D    510
     128     483                                                00010000D    511
     128       0   -2181       8       0                               0D    512
     128     491                                                00010000D    513
     128       0   -2181       9       0                               0D    514
     128     500                                                00010000D    515
     128       0   -2181       8       0                               0D    516
     128     508                                                00010000D    517
     128       0   -2181       4       0                               0D    518
     128     512                                                00010000D    519
     128       0   -2181       3       0                               0D    520
     128     515                                                00010000D    521
     128       0   -2181       4       0                               0D    522
     128     519                                                00010000D    523
     128       0   -2181       4       0                               0D    524
     128     523                                                00010000D    525
     128       0   -2181       4       0                               0D    526
     128     527                                                00010000D    527
     128       0   -2181       3       0                               0D    528
     128     530                                                00010000D    529
     128       0   -2181       4       0                               0D    530
     128     534                                                00010000D    531
     128       0   -2181       4       0                               0D    532
     128     538                                                00010000D    533
     128       0   -2181       5       0                               0D    534
     128     543                                                00010000D    535
     128       0   -2181       3       0                               0D    536
     128     546                                                00010000D    537
     128       0   -2181       3       0                               0D    538
     128     549                                                00010000D    539
     128       0   -2181       4       0                               0D    540
     128     553                                                00010000D    541
     128       0   -2181       7       0                               0D    542
     128     560                                                00010000D    543
     128       0   -2181       7       0                               0D    544
     128     567                                                00010000D    545
     128       0   -2181       7       0                               0D    546
     128     574                                                00010000D    547
     128       0   -2181       3       0                               0D    548
     128     577                                                00010000D    549
     128       0   -2181       7       0                               0D    550
     128     584                                                00010000D    551
     128       0   -2181       5       0                               0D    552
     128     589                                                00010000D    553
     128       0   -2181       4       0                               0D    554
     128     593                                                00010000D    555
     128       0   -2181       4       0                               0D    556
     128     597                                                00010000D    557
     128       0   -2181       3       0                               0D    558
     128     600                                                00010000D    559
     128       0   -2181       7       0                               0D    560
     128     607                                                00010000D    561
     128       0   -2181       7       0                               0D    562
     128     614                                                00010000D    563
     128       0   -2181       7       0                               0D    564
     128     621                                                00010000D    565
     128       0   -2181       6       0                               0D    566
     128     627                                                00010000D    567
     128       0   -2181       7       0                               0D    568
     128     634                                                00010000D    569
     128       0   -2181       7       0                               0D    570
     128     641                                                00010000D    571
     128       0   -2181       7       0                               0D    572
     128     648                                                00010000D    573
     128       0   -2181       7       0                               0D    574
     128     655                                                00010000D    575
     128       0   -2181       3       0                               0D    576
     128     658                                                00010000D    577
     128       0   -2181       6       0                               0D    578
     128     664                                                00010000D    579
     128       0   -2181       7       0                               0D    580
     128     671                                                00010000D    581
     128       0   -2183      17       0                               0D    582
     128     688                                                00010000D    583
     128       0   -2183      10       0                               0D    584
     128     698                                                00010000D    585
     128       0   -2183       7       0                               0D    586
     128     705                                                00010000D    587
     128       0   -2183      17       0                               0D    588
     128     722                                                00010000D    589
     128       0   -2183      16       0                               0D    590
     128     738                                                00010000D    591
     128       0   -2183       9       0                               0D    592
     128     747                                                00010000D    593
     128       0   -2183       9       0                               0D    594
     128     756                                                00010000D    595
     128       0   -2183       9       0                               0D    596
     128     765                                                00010000D    597
     128       0   -2183       9       0                               0D    598
     128     774                                                00010000D    599
     128       0   -2183       7       0                               0D    600
     128     781                                                00010000D    601
     128       0   -2183       6       0                               0D    602
     128     787                                                00010000D    603
     128       0   -2183      10       0                               0D    604
     128     797                                                00010000D    605
     128       0   -2183      17       0                               0D    606
     128     814                                                00010000D    607
     128       0   -2183       4       0                               0D    608
     128     818                                                00010000D    609
     128       0   -2183       8       0                               0D    610
     128     826                                                00010000D    611
     128       0   -2183       9       0                               0D    612
     128     835                                                00010000D    613
     128       0   -2183       9       0                               0D    614
     128     844                                                00010000D    615
     128       0   -2183       9       0                               0D    616
     128     853                                                00010000D    617
     128       0   -2183       8       0                               0D    618
     128     861                                                00010000D    619
     128       0   -2183       8       0                               0D    620
     128     869                                                00010000D    621
     128       0   -2183       9       0                               0D    622
     128     878                                                00010000D    623
     128       0   -2183       8       0                               0D    624
     128     886                                                00010000D    625
     128       0   -2183       8       0                               0D    626
     128     894                                                00010000D    627
     128       0   -2183      11       0                               0D    628
     128     905                                                00010000D    629
     128       0   -2183       8       0                               0D    630
     128     913                                                00010000D    631
     128       0   -2183       9       0                               0D    632
     128     922                                                00010000D    633
     128       0   -2183       6       0                               0D    634
     128     928                                                00010000D    635
     128       0   -2183       5       0                               0D    636
     128     933                                                00010000D    637
     128       0   -2183       5       0                               0D    638
     128     938                                                00010000D    639
     128       0   -2183       5       0                               0D    640
     128     943                                                00010000D    641
     128       0   -2183       3       0                               0D    642
     128     946                                                00010000D    643
     128       0   -2183       3       0                               0D    644
     128     949                                                00010000D    645
     128       0   -2183       4       0                               0D    646
     128     953                                                00010000D    647
     128       0   -2183       3       0                               0D    648
     128     956                                                00010000D    649
     128       0   -2183       3       0                               0D    650
     128     959                                                00010000D    651
     128       0   -2183       3       0                               0D    652
     128     962                                                00010000D    653
     128       0   -2183       4       0                               0D    654
     128     966                                                00010000D    655
     128       0   -2183       7       0                               0D    656
     128     973                                                00010000D    657
     128       0   -2183       8       0                               0D    658
     128     981                                                00010000D    659
     128       0   -2183       4       0                               0D    660
     128     985                                                00010000D    661
     128       0   -2183       4       0                               0D    662
     128     989                                                00010000D    663
     128       0   -2183       5       0                               0D    664
     128     994                                                00010000D    665
     128       0   -2183       5       0                               0D    666
     128     999                                                00010000D    667
     128       0   -2183       3       0                               0D    668
     128    1002                                                00010000D    669
     128       0   -2183       4       0                               0D    670
     128    1006                                                00010000D    671
     128       0   -2183       4       0                               0D    672
     128    1010                                                00010000D    673
     128       0   -2183       4       0                               0D    674
     128    1014                                                00010000D    675
     128       0   -2183       8       0                               0D    676
     128    1022                                                00010000D    677
     128       0   -2183       8       0                               0D    678
     128    1030                                                00010000D    679
     128       0   -2183       5       0                               0D    680
     128    1035                                                00010000D    681
     128       0   -2183       5       0                               0D    682
     128    1040                                                00010000D    683
     128       0   -2183       6       0                               0D    684
     128    1046                                                00010000D    685
     128       0   -2183       7       0                               0D    686
     128    1053                                                00010000D    687
     128       0   -2183       6       0                               0D    688
     128    1059                                                00010000D    689
     128       0   -2183       7       0                               0D    690
     128    1066                                                00010000D    691
     128       0   -2183       5       0                               0D    692
     128    1071                                                00010000D    693
     128       0   -2183       5       0                               0D    694
     128    1076                                                00010000D    695
     128       0   -2183       5       0                               0D    696
     128    1081                                                00010000D    697
     128       0   -2183       8       0                               0D    698
     128    1089                                                00010000D    699
     128       0   -2183       8       0                               0D    700
     128    1097                                                00010000D    701
     128       0   -2183      11       0                               0D    702
     128    1108                                                00010000D    703
     128       0               9       0                               0D    704
     128    1117                                                00010000D    705
     128       0               9       0                               0D    706
     128    1126                                                00010000D    707
     128       0               9       0                               0D    708
     128    1135                                                00010000D    709
     128       0               9       0                               0D    710
     128    1144                                                00010000D    711
     128       0               6       0                               0D    712
     128    1150                                                00010000D    713
     128       0               6       0                               0D    714
     128    1156                                                00010000D    715
     128       0               8       0                               0D    716
     128    1164                                                00010000D    717
     128       0               9       0                               0D    718
     128    1173                                                00010000D    719
     128       0               9       0                               0D    720
     128    1182                                                00010000D    721
     128       0               9       0                               0D    722
     128    1191                                                00010000D    723
     128       0               8       0                               0D    724
     128    1199                                                00010000D    725
     128       0               8       0                               0D    726
     128    1207                                                00010000D    727
     128       0               9       0                               0D    728
     128    1216                                                00010000D    729
     128       0               8       0                               0D    730
     128    1224                                                00010000D    731
     128       0               8       0                               0D    732
     143    1232                       3                        00010000D    733
     143       0   -2183       1       0                               0D    734
     143    1233                       3                        00010000D    735
     143       0   -2183       1       0                               0D    736
     143    1234                       3                        00010000D    737
     143       0   -2183       1       0                               0D    738
     143    1235                       3                        00010000D    739
     143       0   -2183       1       0                               0D    740
     143    1236                       3                        00010000D    741
     143       0   -2183       1       0                               0D    742
     143    1237                       3                        00010000D    743
     143       0   -2183       1       0                               0D    744
     143    1238                       3                        00010000D    745
     143       0   -2183       1       0                               0D    746
     143    1239                       3                        00010000D    747
     143       0   -2183       1       0                               0D    748
     143    1240                       3                        00010000D    749
     143       0   -2183       1       0                               0D    750
     143    1241                       3                        00010000D    751
     143       0   -2183       1       0                               0D    752
     143    1242                       3                        00010000D    753
     143       0   -2183       1       0                               0D    754
     143    1243                       3                        00010000D    755
     143       0   -2183       1       0                               0D    756
     143    1244                       3                        00010000D    757
     143       0   -2183       1       0                               0D    758
     143    1245                       3                        00010000D    759
     143       0   -2183       1       0                               0D    760
     143    1246                       3                        00010000D    761
     143       0   -2183       1       0                               0D    762
     143    1247                       3                        00010000D    763
     143       0   -2183       1       0                               0D    764
     143    1248                       3                        00010000D    765
     143       0   -2183       1       0                               0D    766
     143    1249                       3                        00010000D    767
     143       0   -2183       1       0                               0D    768
     143    1250                       3                        00010000D    769
     143       0   -2183       1       0                               0D    770
     143    1251                       3                        00010000D    771
     143       0   -2183       1       0                               0D    772
     143    1252                       3                        00010000D    773
     143       0   -2183       1       0                               0D    774
     143    1253                       3                        00010000D    775
     143       0   -2183       1       0                               0D    776
     143    1254                       0                        01010000D    777
     143       0   -2187       1       0                               0D    778
     143    1255                       0                        01010000D    779
     143       0   -2187       1       0                               0D    780
     143    1256                       0                        01010000D    781
     143       0   -2187       1       0                               0D    782
     143    1257                       0                        01010000D    783
     143       0   -2187       1       0                               0D    784
     143    1258                       0                        01010000D    785
     143       0   -2187       1       0                               0D    786
     143    1259                       0                        01010000D    787
     143       0   -2187       1       0                               0D    788
     143    1260                       0                        01010000D    789
     143       0   -2187       1       0                               0D    790
     143    1261                       0                        01010000D    791
     143       0   -2187       1       0                               0D    792
     143    1262                       0                        01010000D    793
     143       0   -2187       1       0                               0D    794
     143    1263                       0                        01010000D    795
     143       0   -2187       1       0                               0D    796
     143    1264                       0                        01010000D    797
     143       0   -2187       1       0                               0D    798
     143    1265                       0                        01010000D    799
     143       0   -2187       1       0                               0D    800
     143    1266                       0                        01010000D    801
     143       0   -2187       1       0                               0D    802
     143    1267                       0                        01010000D    803
     143       0   -2187       1       0                               0D    804
     143    1268                       0                        01010000D    805
     143       0   -2187       1       0                               0D    806
     143    1269                       0                        01010000D    807
     143       0   -2187       1       0                               0D    808
     143    1270                       0                        01010000D    809
     143       0   -2187       1       0                               0D    810
     143    1271                       0                        01010000D    811
     143       0   -2187       1       0                               0D    812
     143    1272                       0                        01010000D    813
     143       0   -2187       1       0                               0D    814
     143    1273                       0                        01010000D    815
     143       0   -2187       1       0                               0D    816
     143    1274                       0                        01010000D    817
     143       0   -2187       1       0                               0D    818
     143    1275                       0                        01010000D    819
     143       0   -2187       1       0                               0D    820
     143    1276                       0                        01010000D    821
     143       0   -2187       1       0                               0D    822
     141    1277                                                00010000D    823
     141       0               1       0                               0D    824
     141    1278                                                00010000D    825
     141       0               1       0                               0D    826
     141    1279                                                00010000D    827
     141       0               1       0                               0D    828
     141    1280                                                00010000D    829
     141       0               2       0                               0D    830
     141    1282                                                00010000D    831
     141       0               1       0                               0D    832
     141    1283                                                00010000D    833
     141       0               2       0                               0D    834
     141    1285                                                00010000D    835
     141       0               1       0                               0D    836
     141    1286                                                00010000D    837
     141       0               2       0                               0D    838
     141    1288                                                00010000D    839
     141       0               1       0                               0D    840
     141    1289                                                00010000D    841
     141       0               2       0                               0D    842
     141    1291                                                00010000D    843
     141       0               1       0                               0D    844
     141    1292                                                00010000D    845
     141       0               2       0                               0D    846
     141    1294                                                00010000D    847
     141       0               1       0                               0D    848
     141    1295                                                00010000D    849
     141       0               2       0                               0D    850
     141    1297                                                00010000D    851
     141       0               1       0                               0D    852
     141    1298                                                00010000D    853
     141       0               1       0                               0D    854
     141    1299                                                00010000D    855
     141       0               1       0                               0D    856
     141    1300                                                00010000D    857
     141       0               1       0                               0D    858
     141    1301                                                00010000D    859
     141       0               1       0                               0D    860
     141    1302                                                00010000D    861
     141       0               1       0                               0D    862
     141    1303                                                00010000D    863
     141       0               1       0                               0D    864
     141    1304                                                00010000D    865
     141       0               1       0                               0D    866
     141    1305                                                00010000D    867
     141       0               1       0                               0D    868
     141    1306                                                00010000D    869
     141       0               1       0                               0D    870
     141    1307                                                00010000D    871
     141       0               1       0                               0D    872
     141    1308                                                00010000D    873
     141       0               1       0                               0D    874
     141    1309                                                00010000D    875
     141       0               1       0                               0D    876
     141    1310                                                00010000D    877
     141       0               1       0                               0D    878
     141    1311                                                00010000D    879
     141       0               1       0                               0D    880
     141    1312                                                00010000D    881
     141       0               1       0                               0D    882
     141    1313                                                00010000D    883
     141       0               1       0                               0D    884
     141    1314                                                00010000D    885
     141       0               1       0                               0D    886
     141    1315                                                00010000D    887
     141       0               1       0                               0D    888
     141    1316                                                00010000D    889
     141       0               1       0                               0D    890
     141    1317                                                00010000D    891
     141       0               1       0                               0D    892
     141    1318                                                00010000D    893
     141       0               1       0                               0D    894
     141    1319                                                00010000D    895
     141       0               1       0                               0D    896
     141    1320                                                00010000D    897
     141       0               1       0                               0D    898
     141    1321                                                00010000D    899
     141       0               1       0                               0D    900
     141    1322                                                00010000D    901
     141       0               1       0                               0D    902
     141    1323                                                00010000D    903
     141       0               1       0                               0D    904
     141    1324                                                00010000D    905
     141       0               1       0                               0D    906
     141    1325                                                00010000D    907
     141       0               1       0                               0D    908
     141    1326                                                00010000D    909
     141       0               1       0                               0D    910
     141    1327                                                00010000D    911
     141       0               1       0                               0D    912
     141    1328                                                00010000D    913
     141       0               2       0                               0D    914
     141    1330                                                00010000D    915
     141       0               2       0                               0D    916
     141    1332                                                00010000D    917
     141       0               1       0                               0D    918
     141    1333                                                00010000D    919
     141       0               1       0                               0D    920
     141    1334                                                00010000D    921
     141       0               1       0                               0D    922
     141    1335                                                00010000D    923
     141       0               1       0                               0D    924
     141    1336                                                00010000D    925
     141       0               1       0                               0D    926
     141    1337                                                00010000D    927
     141       0               1       0                               0D    928
     141    1338                                                00010000D    929
     141       0               1       0                               0D    930
     141    1339                                                00010000D    931
     141       0               1       0                               0D    932
     141    1340                                                00010000D    933
     141       0               1       0                               0D    934
     141    1341                                                00010000D    935
     141       0               1       0                               0D    936
     141    1342                                                00010000D    937
     141       0               1       0                               0D    938
     141    1343                                                00010000D    939
     141       0               1       0                               0D    940
     141    1344                                                00010000D    941
     141       0               1       0                               0D    942
     141    1345                                                00010000D    943
     141       0               1       0                               0D    944
     141    1346                                                00010000D    945
     141       0               1       0                               0D    946
     141    1347                                                00010000D    947
     141       0               1       0                               0D    948
     141    1348                                                00010000D    949
     141       0               1       0                               0D    950
     141    1349                                                00010000D    951
     141       0               1       0                               0D    952
     141    1350                                                00010000D    953
     141       0               1       0                               0D    954
     126    1351                                                00010000D    955
     126       0              11       0                               0D    956
     126    1362                                                00010000D    957
     126       0               4       0                               0D    958
     126    1366                                                00010000D    959
     126       0               7       0                               0D    960
     126    1373                                                00010000D    961
     126       0               6       0                               0D    962
     126    1379                                                00010000D    963
     126       0              10       0                               0D    964
     126    1389                                                00010000D    965
     126       0              11       0                               0D    966
     126    1400                                                00010000D    967
     126       0               4       0                               0D    968
     126    1404                                                00010000D    969
     126       0              62       0                               0D    970
     126    1466                                                00010000D    971
     126       0              23       0                               0D    972
     126    1489                                                00010000D    973
     126       0              14       0                               0D    974
     126    1503                                                00010000D    975
     126       0               4       0                               0D    976
     126    1507                                                00010000D    977
     126       0              43       0                               0D    978
     126    1550                                                00010000D    979
     126       0               4       0                               0D    980
     126    1554                                                00010000D    981
     126       0              14       0                               0D    982
     126    1568                                                00010000D    983
     126       0              23       0                               0D    984
     126    1591                                                00010000D    985
     126       0              24       0                               0D    986
     126    1615                                                00010000D    987
     126       0              11       0                               0D    988
     126    1626                                                00010000D    989
     126       0               4       0                               0D    990
     126    1630                                                00010000D    991
     126       0              62       0                               0D    992
     126    1692                                                00010000D    993
     126       0              23       0                               0D    994
     126    1715                                                00010000D    995
     126       0              14       0                               0D    996
     126    1729                                                00010000D    997
     126       0               4       0                               0D    998
     126    1733                                                00010000D    999
     126       0              42       0                               0D   1000
     126    1775                                                00010000D   1001
     126       0               4       0                               0D   1002
     126    1779                                                00010000D   1003
     126       0              14       0                               0D   1004
     126    1793                                                00010000D   1005
     126       0              23       0                               0D   1006
     126    1816                                                00010000D   1007
     126       0              24       0                               0D   1008
     126    1840                                                00010000D   1009
     126       0              11       0                               0D   1010
     126    1851                                                00010000D   1011
     126       0               4       0                               0D   1012
     126    1855                                                00010000D   1013
     126       0              62       0                               0D   1014
     126    1917                                                00010000D   1015
     126       0              23       0                               0D   1016
     126    1940                                                00010000D   1017
     126       0              13       0                               0D   1018
     126    1953                                                00010000D   1019
     126       0               4       0                               0D   1020
     126    1957                                                00010000D   1021
     126       0              42       0                               0D   1022
     126    1999                                                00010000D   1023
     126       0               4       0                               0D   1024
     126    2003                                                00010000D   1025
     126       0              13       0                               0D   1026
     126    2016                                                00010000D   1027
     126       0              23       0                               0D   1028
     126    2039                                                00010000D   1029
     126       0              24       0                               0D   1030
     126    2063                                                00010000D   1031
     126       0              11       0                               0D   1032
     126    2074                                                00010000D   1033
     126       0               4       0                               0D   1034
     126    2078                                                00010000D   1035
     126       0              62       0                               0D   1036
     126    2140                                                00010000D   1037
     126       0              23       0                               0D   1038
     126    2163                                                00010000D   1039
     126       0              13       0                               0D   1040
     126    2176                                                00010000D   1041
     126       0               4       0                               0D   1042
     126    2180                                                00010000D   1043
     126       0              42       0                               0D   1044
     126    2222                                                00010000D   1045
     126       0               4       0                               0D   1046
     126    2226                                                00010000D   1047
     126       0              13       0                               0D   1048
     126    2239                                                00010000D   1049
     126       0              23       0                               0D   1050
     126    2262                                                00010000D   1051
     126       0              24       0                               0D   1052
     126    2286                                                00010000D   1053
     126       0              11       0                               0D   1054
     126    2297                                                00010000D   1055
     126       0               4       0                               0D   1056
     126    2301                                                00010000D   1057
     126       0              62       0                               0D   1058
     126    2363                                                00010000D   1059
     126       0              23       0                               0D   1060
     126    2386                                                00010000D   1061
     126       0              13       0                               0D   1062
     126    2399                                                00010000D   1063
     126       0               4       0                               0D   1064
     126    2403                                                00010000D   1065
     126       0              42       0                               0D   1066
     126    2445                                                00010000D   1067
     126       0               4       0                               0D   1068
     126    2449                                                00010000D   1069
     126       0              13       0                               0D   1070
     126    2462                                                00010000D   1071
     126       0              23       0                               0D   1072
     126    2485                                                00010000D   1073
     126       0              24       0                               0D   1074
     126    2509                                                00010000D   1075
     126       0              11       0                               0D   1076
     126    2520                                                00010000D   1077
     126       0               4       0                               0D   1078
     126    2524                                                00010000D   1079
     126       0              62       0                               0D   1080
     126    2586                                                00010000D   1081
     126       0              23       0                               0D   1082
     126    2609                                                00010000D   1083
     126       0              13       0                               0D   1084
     126    2622                                                00010000D   1085
     126       0               4       0                               0D   1086
     126    2626                                                00010000D   1087
     126       0              43       0                               0D   1088
     126    2669                                                00010000D   1089
     126       0               4       0                               0D   1090
     126    2673                                                00010000D   1091
     126       0              13       0                               0D   1092
     126    2686                                                00010000D   1093
     126       0              23       0                               0D   1094
     126    2709                                                00010000D   1095
     126       0              24       0                               0D   1096
     126    2733                                                00010000D   1097
     126       0              11       0                               0D   1098
     126    2744                                                00010000D   1099
     126       0               4       0                               0D   1100
     126    2748                                                00010000D   1101
     126       0               7       0                               0D   1102
     126    2755                                                00010000D   1103
     126       0               6       0                               0D   1104
     126    2761                                                00010000D   1105
     126       0              10       0                               0D   1106
     126    2771                                                00010000D   1107
     126       0               3       0                               0D   1108
     126    2774                                                00010000D   1109
     126       0               4       0                               0D   1110
     126    2778                                                00010000D   1111
     126       0               3       0                               0D   1112
     126    2781                                                00010000D   1113
     126       0               4       0                               0D   1114
     126    2785                                                00010000D   1115
     126       0              11       0                               0D   1116
     126    2796                                                00010000D   1117
     126       0              11       0                               0D   1118
     126    2807                                                00010000D   1119
     126       0              11       0                               0D   1120
     126    2818                                                00010000D   1121
     126       0              11       0                               0D   1122
     126    2829                                                00010000D   1123
     126       0              11       0                               0D   1124
     126    2840                                                00010000D   1125
     126       0              11       0                               0D   1126
     126    2851                                                00010000D   1127
     126       0              11       0                               0D   1128
     126    2862                                                00010000D   1129
     126       0              11       0                               0D   1130
     126    2873                                                00010000D   1131
     126       0               3       0                               0D   1132
     126    2876                                                00010000D   1133
     126       0               5       0                               0D   1134
     126    2881                                                00010000D   1135
     126       0               3       0                               0D   1136
     126    2884                                                00010000D   1137
     126       0               4       0                               0D   1138
     126    2888                                                00010000D   1139
     126       0               4       0                               0D   1140
     126    2892                                                00010000D   1141
     126       0               4       0                               0D   1142
     126    2896                                                00010000D   1143
     126       0               4       0                               0D   1144
     126    2900                                                00010000D   1145
     126       0               4       0                               0D   1146
     126    2904                                                00010000D   1147
     126       0               4       0                               0D   1148
     126    2908                                                00010000D   1149
     126       0               3       0                               0D   1150
     126    2911                                                00010000D   1151
     126       0               4       0                               0D   1152
     126    2915                                                00010000D   1153
     126       0               3       0                               0D   1154
     126    2918                                                00010000D   1155
     126       0              14       0                               0D   1156
     126    2932                                                00010000D   1157
     126       0              14       0                               0D   1158
     126    2946                                                00010000D   1159
     126       0              13       0                               0D   1160
     126    2959                                                00010000D   1161
     126       0              13       0                               0D   1162
     126    2972                                                00010000D   1163
     126       0              13       0                               0D   1164
     126    2985                                                00010000D   1165
     126       0              13       0                               0D   1166
     126    2998                                                00010000D   1167
     126       0               4       0                               0D   1168
     126    3002                                                00010000D   1169
     126       0               4       0                               0D   1170
     126    3006                                                00010000D   1171
     126       0               4       0                               0D   1172
     126    3010                                                00010000D   1173
     126       0               5       0                               0D   1174
     126    3015                                                00010000D   1175
     126       0               4       0                               0D   1176
     126    3019                                                00010000D   1177
     126       0               3       0                               0D   1178
     126    3022                                                00010000D   1179
     126       0               4       0                               0D   1180
     126    3026                                                00010000D   1181
     126       0               3       0                               0D   1182
     126    3029                                                00010000D   1183
     126       0              14       0                               0D   1184
     126    3043                                                00010000D   1185
     126       0              14       0                               0D   1186
     126    3057                                                00010000D   1187
     126       0              13       0                               0D   1188
     126    3070                                                00010000D   1189
     126       0              13       0                               0D   1190
     126    3083                                                00010000D   1191
     126       0              13       0                               0D   1192
     126    3096                                                00010000D   1193
     126       0              13       0                               0D   1194
     126    3109                                                00010000D   1195
     126       0               5       0                               0D   1196
     126    3114                                                00010000D   1197
     126       0               2       0                               0D   1198
     126    3116                                                00010000D   1199
     126       0               5       0                               0D   1200
     126    3121                                                00010000D   1201
     126       0               2       0                               0D   1202
     126    3123                                                00010000D   1203
     126       0               5       0                               0D   1204
     126    3128                                                00010000D   1205
     126       0               3       0                               0D   1206
     126    3131                                                00010000D   1207
     126       0               5       0                               0D   1208
     126    3136                                                00010000D   1209
     126       0               3       0                               0D   1210
     126    3139                                                00010000D   1211
     126       0               7       0                               0D   1212
     126    3146                                                00010000D   1213
     126       0               3       0                               0D   1214
     126    3149                                                00010000D   1215
     126       0               6       0                               0D   1216
     126    3155                                                00010000D   1217
     126       0               2       0                               0D   1218
     126    3157                                                00010000D   1219
     126       0               7       0                               0D   1220
     126    3164                                                00010000D   1221
     126       0               3       0                               0D   1222
     126    3167                                                00010000D   1223
     126       0               5       0                               0D   1224
     126    3172                                                00010000D   1225
     126       0               2       0                               0D   1226
     126    3174                                                00010000D   1227
     126       0               7       0                               0D   1228
     126    3181                                                00010000D   1229
     126       0               5       0                               0D   1230
     126    3186                                                00010000D   1231
     126       0               2       0                               0D   1232
     126    3188                                                00010000D   1233
     126       0               2       0                               0D   1234
     126    3190                                                00010000D   1235
     126       0               2       0                               0D   1236
     126    3192                                                00010000D   1237
     126       0               2       0                               0D   1238
     126    3194                                                00010000D   1239
     126       0               2       0                               0D   1240
     126    3196                                                00010000D   1241
     126       0               3       0                               0D   1242
     126    3199                                                00010000D   1243
     126       0               2       0                               0D   1244
     126    3201                                                00010000D   1245
     126       0               2       0                               0D   1246
     126    3203                                                00010000D   1247
     126       0               2       0                               0D   1248
     126    3205                                                00010000D   1249
     126       0               2       0                               0D   1250
     126    3207                                                00010000D   1251
     126       0               2       0                               0D   1252
     126    3209                                                00010000D   1253
     126       0               2       0                               0D   1254
     126    3211                                                00010000D   1255
     126       0               2       0                               0D   1256
     126    3213                                                00010000D   1257
     126       0               2       0                               0D   1258
     126    3215                                                00010000D   1259
     126       0               2       0                               0D   1260
     126    3217                                                00010000D   1261
     126       0               2       0                               0D   1262
     126    3219                                                00010000D   1263
     126       0               3       0                               0D   1264
     126    3222                                                00010000D   1265
     126       0               2       0                               0D   1266
     126    3224                                                00010000D   1267
     126       0               2       0                               0D   1268
     126    3226                                                00010000D   1269
     126       0               3       0                               0D   1270
     126    3229                                                00010000D   1271
     126       0               2       0                               0D   1272
     126    3231                                                00010000D   1273
     126       0               2       0                               0D   1274
     126    3233                                                00010000D   1275
     126       0               2       0                               0D   1276
     126    3235                                                00010000D   1277
     126       0               2       0                               0D   1278
     126    3237                                                00010000D   1279
     126       0               2       0                               0D   1280
     126    3239                                                00010000D   1281
     126       0               2       0                               0D   1282
     126    3241                                                00010000D   1283
     126       0               2       0                               0D   1284
     126    3243                                                00010000D   1285
     126       0               2       0                               0D   1286
     126    3245                                                00010000D   1287
     126       0               2       0                               0D   1288
     126    3247                                                00010000D   1289
     126       0               2       0                               0D   1290
     126    3249                                                00010000D   1291
     126       0               3       0                               0D   1292
     126    3252                                                00010000D   1293
     126       0               3       0                               0D   1294
     126    3255                                                00010000D   1295
     126       0               2       0                               0D   1296
     126    3257                                                00010000D   1297
     126       0               2       0                               0D   1298
     126    3259                                                00010000D   1299
     126       0               2       0                               0D   1300
     126    3261                                                00010000D   1301
     126       0               3       0                               0D   1302
     126    3264                                                00010000D   1303
     126       0               3       0                               0D   1304
     126    3267                                                00010000D   1305
     126       0               2       0                               0D   1306
     126    3269                                                00010000D   1307
     126       0               2       0                               0D   1308
     126    3271                                                00010000D   1309
     126       0               2       0                               0D   1310
     126    3273                                                00010000D   1311
     126       0               2       0                               0D   1312
     126    3275                                                00010000D   1313
     126       0               4       0                               0D   1314
     126    3279                                                00010000D   1315
     126       0               4       0                               0D   1316
     126    3283                                                00010000D   1317
     126       0               5       0                               0D   1318
     126    3288                                                00010000D   1319
     126       0               4       0                               0D   1320
     126    3292                                                00010000D   1321
     126       0               3       0                               0D   1322
     126    3295                                                00010000D   1323
     126       0               3       0                               0D   1324
     126    3298                                                00010000D   1325
     126       0               4       0                               0D   1326
     126    3302                                                00010000D   1327
     126       0               3       0                               0D   1328
     126    3305                                                00010000D   1329
     126       0               3       0                               0D   1330
     126    3308                                                00010000D   1331
     126       0               7       0                               0D   1332
     126    3315                                                00010000D   1333
     126       0               2       0                               0D   1334
     126    3317                                                00010000D   1335
     126       0               3       0                               0D   1336
     126    3320                                                00010000D   1337
     126       0               5       0                               0D   1338
     126    3325                                                00010000D   1339
     126       0               5       0                               0D   1340
     126    3330                                                00010000D   1341
     126       0               5       0                               0D   1342
     126    3335                                                00010000D   1343
     126       0               5       0                               0D   1344
     126    3340                                                00010000D   1345
     126       0               3       0                               0D   1346
     126    3343                                                00010000D   1347
     126       0               3       0                               0D   1348
     126    3346                                                00010000D   1349
     126       0               3       0                               0D   1350
     126    3349                                                00010000D   1351
     126       0               3       0                               0D   1352
     126    3352                                                00010000D   1353
     126       0               2       0                               0D   1354
     126    3354                                                00010000D   1355
     126       0               3       0                               0D   1356
     126    3357                                                00010000D   1357
     126       0               3       0                               0D   1358
     126    3360                                                00010000D   1359
     126       0               2       0                               0D   1360
     126    3362                                                00010000D   1361
     126       0               4       0                               0D   1362
     126    3366                                                00010000D   1363
     126       0               3       0                               0D   1364
     126    3369                                                00010000D   1365
     126       0               3       0                               0D   1366
     126    3372                                                00010000D   1367
     126       0               4       0                               0D   1368
     126    3376                                                00010000D   1369
     126       0               3       0                               0D   1370
     126    3379                                                00010000D   1371
     126       0               3       0                               0D   1372
     126    3382                                                00010000D   1373
     126       0               3       0                               0D   1374
     126    3385                                                00010000D   1375
     126       0               3       0                               0D   1376
     126    3388                                                00010000D   1377
     126       0               3       0                               0D   1378
     126    3391                                                00010000D   1379
     126       0               3       0                               0D   1380
     126    3394                                                00010000D   1381
     126       0               3       0                               0D   1382
     126    3397                                                00010000D   1383
     126       0               3       0                               0D   1384
     126    3400                                                00010000D   1385
     126       0               5       0                               0D   1386
     126    3405                                                00010000D   1387
     126       0               7       0                               0D   1388
     126    3412                                                00010000D   1389
     126       0               7       0                               0D   1390
     126    3419                                                00010000D   1391
     126       0               6       0                               0D   1392
     126    3425                                                00010000D   1393
     126       0               5       0                               0D   1394
     126    3430                                                00010000D   1395
     126       0               5       0                               0D   1396
     126    3435                                                00010000D   1397
     126       0               5       0                               0D   1398
     126    3440                                                00010000D   1399
     126       0               4       0                               0D   1400
     126    3444                                                00010000D   1401
     126       0               3       0                               0D   1402
     126    3447                                                00010000D   1403
     126       0               5       0                               0D   1404
     126    3452                                                00010000D   1405
     126       0               3       0                               0D   1406
     126    3455                                                00010000D   1407
     126       0               5       0                               0D   1408
     126    3460                                                00010000D   1409
     126       0               2       0                               0D   1410
     126    3462                                                00010000D   1411
     126       0               7       0                               0D   1412
     126    3469                                                00010000D   1413
     126       0               7       0                               0D   1414
     126    3476                                                00010000D   1415
     126       0               7       0                               0D   1416
     126    3483                                                00010000D   1417
     126       0               7       0                               0D   1418
     126    3490                                                00010000D   1419
     126       0               7       0                               0D   1420
     126    3497                                                00010000D   1421
     126       0               7       0                               0D   1422
     126    3504                                                00010000D   1423
     126       0               7       0                               0D   1424
     126    3511                                                00010000D   1425
     126       0               7       0                               0D   1426
     126    3518                                                00010000D   1427
     126       0               6       0                               0D   1428
     126    3524                                                00010000D   1429
     126       0               6       0                               0D   1430
     126    3530                                                00010000D   1431
     126       0               6       0                               0D   1432
     126    3536                                                00010000D   1433
     126       0               5       0                               0D   1434
     126    3541                                                00010000D   1435
     126       0               7       0                               0D   1436
     126    3548                                                00010000D   1437
     126       0               7       0                               0D   1438
     126    3555                                                00010000D   1439
     126       0               7       0                               0D   1440
     126    3562                                                00010000D   1441
     126       0               7       0                               0D   1442
     126    3569                                                00010000D   1443
     126       0               7       0                               0D   1444
     126    3576                                                00010000D   1445
     126       0               7       0                               0D   1446
     126    3583                                                00010000D   1447
     126       0               5       0                               0D   1448
     126    3588                                                00010000D   1449
     126       0               5       0                               0D   1450
     126    3593                                                00010000D   1451
     126       0               5       0                               0D   1452
     126    3598                                                00010000D   1453
     126       0               5       0                               0D   1454
     126    3603                                                00010000D   1455
     126       0               4       0                               0D   1456
     126    3607                                                00010000D   1457
     126       0               5       0                               0D   1458
     126    3612                                                00010000D   1459
     126       0               5       0                               0D   1460
     126    3617                                                00010000D   1461
     126       0               5       0                               0D   1462
     126    3622                                                00010000D   1463
     126       0               6       0                               0D   1464
     126    3628                                                00010000D   1465
     126       0               6       0                               0D   1466
     126    3634                                                00010000D   1467
     126       0               6       0                               0D   1468
     126    3640                                                00010000D   1469
     126       0               7       0                               0D   1470
     126    3647                                                00010000D   1471
     126       0               3       0                               0D   1472
     126    3650                                                00010000D   1473
     126       0               3       0                               0D   1474
     126    3653                                                00010000D   1475
     126       0               3       0                               0D   1476
     126    3656                                                00010000D   1477
     126       0               5       0                               0D   1478
     126    3661                                                00010000D   1479
     126       0               5       0                               0D   1480
     126    3666                                                00010000D   1481
     126       0               5       0                               0D   1482
     126    3671                                                00010000D   1483
     126       0               5       0                               0D   1484
     126    3676                                                00010000D   1485
     126       0               5       0                               0D   1486
     126    3681                                                00010000D   1487
     126       0               7       0                               0D   1488
     126    3688                                                00010000D   1489
     126       0               4       0                               0D   1490
     126    3692                                                00010000D   1491
     126       0               7       0                               0D   1492
     126    3699                                                00010000D   1493
     126       0               4       0                               0D   1494
     126    3703                                                00010000D   1495
     126       0               5       0                               0D   1496
     126    3708                                                00010000D   1497
     126       0               3       0                               0D   1498
     126    3711                                                00010000D   1499
     126       0               5       0                               0D   1500
     126    3716                                                00010000D   1501
     126       0               3       0                               0D   1502
     126    3719                                                00010000D   1503
     126       0               5       0                               0D   1504
     126    3724                                                00010000D   1505
     126       0               3       0                               0D   1506
     126    3727                                                00010000D   1507
     126       0               5       0                               0D   1508
     126    3732                                                00010000D   1509
     126       0               3       0                               0D   1510
     126    3735                                                00010000D   1511
     126       0               3       0                               0D   1512
     126    3738                                                00010000D   1513
     126       0               4       0                               0D   1514
     126    3742                                                00010000D   1515
     126       0               2       0                               0D   1516
     126    3744                                                00010000D   1517
     126       0               4       0                               0D   1518
     126    3748                                                00010000D   1519
     126       0               3       0                               0D   1520
     126    3751                                                00010000D   1521
     126       0               4       0                               0D   1522
     126    3755                                                00010000D   1523
     126       0               2       0                               0D   1524
     126    3757                                                00010000D   1525
     126       0               3       0                               0D   1526
     126    3760                                                00010000D   1527
     126       0               2       0                               0D   1528
     126    3762                                                00010000D   1529
     126       0               2       0                               0D   1530
     126    3764                                                00010000D   1531
     126       0               2       0                               0D   1532
     126    3766                                                00010000D   1533
     126       0               2       0                               0D   1534
     126    3768                                                00010000D   1535
     126       0               2       0                               0D   1536
     126    3770                                                00010000D   1537
     126       0               2       0                               0D   1538
     126    3772                                                00010000D   1539
     126       0               2       0                               0D   1540
     126    3774                                                00010000D   1541
     126       0               2       0                               0D   1542
     126    3776                                                00010000D   1543
     126       0               2       0                               0D   1544
     126    3778                                                00010000D   1545
     126       0               2       0                               0D   1546
     126    3780                                                00010000D   1547
     126       0               2       0                               0D   1548
     126    3782                                                00010000D   1549
     126       0               2       0                               0D   1550
     126    3784                                                00010000D   1551
     126       0               2       0                               0D   1552
     126    3786                                                00010000D   1553
     126       0               2       0                               0D   1554
     126    3788                                                00010000D   1555
     126       0               2       0                               0D   1556
     126    3790                                                00010000D   1557
     126       0               2       0                               0D   1558
     126    3792                                                00010000D   1559
     126       0               2       0                               0D   1560
     126    3794                                                00010000D   1561
     126       0               2       0                               0D   1562
     126    3796                                                00010000D   1563
     126       0               2       0                               0D   1564
     126    3798                                                00010000D   1565
     126       0               2       0                               0D   1566
     126    3800                                                00010000D   1567
     126       0               5       0                               0D   1568
     126    3805                                                00010000D   1569
     126       0               2       0                               0D   1570
     126    3807                                                00010000D   1571
     126       0               4       0                               0D   1572
     126    3811                                                00010000D   1573
     126       0               2       0                               0D   1574
     126    3813                                                00010000D   1575
     126       0               5       0                               0D   1576
     126    3818                                                00010000D   1577
     126       0               5       0                               0D   1578
     126    3823                                                00010000D   1579
     126       0               2       0                               0D   1580
     126    3825                                                00010000D   1581
     126       0               2       0                               0D   1582
     126    3827                                                00010000D   1583
     126       0               3       0                               0D   1584
     126    3830                                                00010000D   1585
     126       0               2       0                               0D   1586
     126    3832                                                00010000D   1587
     126       0               4       0                               0D   1588
     126    3836                                                00010000D   1589
     126       0               2       0                               0D   1590
     126    3838                                                00010000D   1591
     126       0               2       0                               0D   1592
     126    3840                                                00010000D   1593
     126       0               2       0                               0D   1594
     126    3842                                                00010000D   1595
     126       0               2       0                               0D   1596
     126    3844                                                00010000D   1597
     126       0               2       0                               0D   1598
     126    3846                                                00010000D   1599
     126       0               2       0                               0D   1600
     126    3848                                                00010000D   1601
     126       0               2       0                               0D   1602
     126    3850                                                00010000D   1603
     126       0               5       0                               0D   1604
     126    3855                                                00010000D   1605
     126       0               5       0                               0D   1606
     126    3860                                                00010000D   1607
     126       0               2       0                               0D   1608
     126    3862                                                00010000D   1609
     126       0               2       0                               0D   1610
     126    3864                                                00010000D   1611
     126       0               2       0                               0D   1612
     126    3866                                                00010000D   1613
     126       0               2       0                               0D   1614
     126    3868                                                00010000D   1615
     126       0               2       0                               0D   1616
     126    3870                                                00010000D   1617
     126       0               2       0                               0D   1618
     126    3872                                                00010000D   1619
     126       0               2       0                               0D   1620
     126    3874                                                00010000D   1621
     126       0               2       0                               0D   1622
     126    3876                                                00010000D   1623
     126       0               2       0                               0D   1624
     126    3878                                                00010000D   1625
     126       0               2       0                               0D   1626
     126    3880                                                00010000D   1627
     126       0               5       0                               0D   1628
     126    3885                                                00010000D   1629
     126       0               5       0                               0D   1630
     126    3890                                                00010000D   1631
     126       0               5       0                               0D   1632
     126    3895                                                00010000D   1633
     126       0               4       0                               0D   1634
     126    3899                                                00010000D   1635
     126       0               4       0                               0D   1636
     126    3903                                                00010000D   1637
     126       0               5       0                               0D   1638
     126    3908                                                00010000D   1639
     126       0               5       0                               0D   1640
     126    3913                                                00010000D   1641
     126       0               5       0                               0D   1642
     126    3918                                                00010000D   1643
     126       0               3       0                               0D   1644
     126    3921                                                00010000D   1645
     126       0               4       0                               0D   1646
     126    3925                                                00010000D   1647
     126       0               2       0                               0D   1648
     126    3927                                                00010000D   1649
     126       0               2       0                               0D   1650
     126    3929                                                00010000D   1651
     126       0               3       0                               0D   1652
     126    3932                                                00010000D   1653
     126       0               3       0                               0D   1654
     126    3935                                                00010000D   1655
     126       0               4       0                               0D   1656
     126    3939                                                00010000D   1657
     126       0               3       0                               0D   1658
     126    3942                                                00010000D   1659
     126       0               3       0                               0D   1660
     126    3945                                                00010000D   1661
     126       0               4       0                               0D   1662
     126    3949                                                00010000D   1663
     126       0               3       0                               0D   1664
     126    3952                                                00010000D   1665
     126       0               7       0                               0D   1666
     126    3959                                                00010000D   1667
     126       0               3       0                               0D   1668
     126    3962                                                00010000D   1669
     126       0               6       0                               0D   1670
     126    3968                                                00010000D   1671
     126       0               8       0                               0D   1672
     126    3976                                                00010000D   1673
     126       0               7       0                               0D   1674
     126    3983                                                00010000D   1675
     126       0               6       0                               0D   1676
     126    3989                                                00010000D   1677
     126       0               5       0                               0D   1678
     126    3994                                                00010000D   1679
     126       0               7       0                               0D   1680
     126    4001                                                00010000D   1681
     126       0               9       0                               0D   1682
     126    4010                                                00010000D   1683
     126       0               4       0                               0D   1684
     126    4014                                                00010000D   1685
     126       0               8       0                               0D   1686
     126    4022                                                00010000D   1687
     126       0               4       0                               0D   1688
     126    4026                                                00010000D   1689
     126       0               7       0                               0D   1690
     126    4033                                                00010000D   1691
     126       0               3       0                               0D   1692
     126    4036                                                00010000D   1693
     126       0               9       0                               0D   1694
     126    4045                                                00010000D   1695
     126       0               3       0                               0D   1696
     126    4048                                                00010000D   1697
     126       0               6       0                               0D   1698
     126    4054                                                00010000D   1699
     126       0               7       0                               0D   1700
     126    4061                                                00010000D   1701
     126       0               7       0                               0D   1702
     126    4068                                                00010000D   1703
     126       0               7       0                               0D   1704
     126    4075                                                00010000D   1705
     126       0               7       0                               0D   1706
     126    4082                                                00010000D   1707
     126       0               7       0                               0D   1708
     126    4089                                                00010000D   1709
     126       0               7       0                               0D   1710
     126    4096                                                00010000D   1711
     126       0               7       0                               0D   1712
     126    4103                                                00010000D   1713
     126       0               7       0                               0D   1714
     126    4110                                                00010000D   1715
     126       0               6       0                               0D   1716
     126    4116                                                00010000D   1717
     126       0               7       0                               0D   1718
     126    4123                                                00010000D   1719
     126       0               7       0                               0D   1720
     126    4130                                                00010000D   1721
     126       0               6       0                               0D   1722
     126    4136                                                00010000D   1723
     126       0               5       0                               0D   1724
     126    4141                                                00010000D   1725
     126       0               7       0                               0D   1726
     126    4148                                                00010000D   1727
     126       0               6       0                               0D   1728
     126    4154                                                00010000D   1729
     126       0               7       0                               0D   1730
     126    4161                                                00010000D   1731
     126       0               7       0                               0D   1732
     126    4168                                                00010000D   1733
     126       0               7       0                               0D   1734
     126    4175                                                00010000D   1735
     126       0               7       0                               0D   1736
     126    4182                                                00010000D   1737
     126       0               7       0                               0D   1738
     126    4189                                                00010000D   1739
     126       0               7       0                               0D   1740
     126    4196                                                00010000D   1741
     126       0               7       0                               0D   1742
     126    4203                                                00010000D   1743
     126       0               5       0                               0D   1744
     126    4208                                                00010000D   1745
     126       0               5       0                               0D   1746
     126    4213                                                00010000D   1747
     126       0               5       0                               0D   1748
     126    4218                                                00010000D   1749
     126       0               5       0                               0D   1750
     126    4223                                                00010000D   1751
     126       0               7       0                               0D   1752
     126    4230                                                00010000D   1753
     126       0               5       0                               0D   1754
     126    4235                                                00010000D   1755
     126       0               5       0                               0D   1756
     126    4240                                                00010000D   1757
     126       0               7       0                               0D   1758
     126    4247                                                00010000D   1759
     126       0               7       0                               0D   1760
     126    4254                                                00010000D   1761
     126       0               5       0                               0D   1762
     126    4259                                                00010000D   1763
     126       0               5       0                               0D   1764
     126    4264                                                00010000D   1765
     126       0               3       0                               0D   1766
     126    4267                                                00010000D   1767
     126       0               7       0                               0D   1768
     126    4274                                                00010000D   1769
     126       0               3       0                               0D   1770
     126    4277                                                00010000D   1771
     126       0               8       0                               0D   1772
     126    4285                                                00010000D   1773
     126       0               9       0                               0D   1774
     126    4294                                                00010000D   1775
     126       0               8       0                               0D   1776
     126    4302                                                00010000D   1777
     126       0               9       0                               0D   1778
     126    4311                                                00010000D   1779
     126       0               8       0                               0D   1780
     126    4319                                                00010000D   1781
     126       0               4       0                               0D   1782
     126    4323                                                00010000D   1783
     126       0               8       0                               0D   1784
     126    4331                                                00010000D   1785
     126       0               4       0                               0D   1786
     126    4335                                                00010000D   1787
     126       0               8       0                               0D   1788
     126    4343                                                00010000D   1789
     126       0               7       0                               0D   1790
     126    4350                                                00010000D   1791
     126       0               8       0                               0D   1792
     126    4358                                                00010000D   1793
     126       0               7       0                               0D   1794
     126    4365                                                00010000D   1795
     126       0               6       0                               0D   1796
     126    4371                                                00010000D   1797
     126       0               7       0                               0D   1798
     126    4378                                                00010000D   1799
     126       0               7       0                               0D   1800
     126    4385                                                00010000D   1801
     126       0               7       0                               0D   1802
     126    4392                                                00010000D   1803
     126       0               5       0                               0D   1804
     126    4397                                                00010000D   1805
     126       0               4       0                               0D   1806
     126    4401                                                00010000D   1807
     126       0               5       0                               0D   1808
     126    4406                                                00010000D   1809
     126       0               6       0                               0D   1810
     126    4412                                                00010000D   1811
     126       0               6       0                               0D   1812
     126    4418                                                00010000D   1813
     126       0               5       0                               0D   1814
     126    4423                                                00010000D   1815
     126       0               4       0                               0D   1816
     126    4427                                                00010000D   1817
     126       0               5       0                               0D   1818
     126    4432                                                00010000D   1819
     126       0               7       0                               0D   1820
     126    4439                                                00010000D   1821
     126       0               7       0                               0D   1822
     126    4446                                                00010000D   1823
     126       0               4       0                               0D   1824
     126    4450                                                00010000D   1825
     126       0               4       0                               0D   1826
     126    4454                                                00010000D   1827
     126       0               5       0                               0D   1828
     126    4459                                                00010000D   1829
     126       0               4       0                               0D   1830
     126    4463                                                00010000D   1831
     126       0               5       0                               0D   1832
     126    4468                                                00010000D   1833
     126       0               4       0                               0D   1834
     126    4472                                                00010000D   1835
     126       0               5       0                               0D   1836
     126    4477                                                00010000D   1837
     126       0               7       0                               0D   1838
     126    4484                                                00010000D   1839
     126       0               7       0                               0D   1840
     126    4491                                                00010000D   1841
     126       0               5       0                               0D   1842
     126    4496                                                00010000D   1843
     126       0               5       0                               0D   1844
     126    4501                                                00010000D   1845
     126       0               7       0                               0D   1846
     126    4508                                                00010000D   1847
     126       0               5       0                               0D   1848
     126    4513                                                00010000D   1849
     126       0               5       0                               0D   1850
     126    4518                                                00010000D   1851
     126       0               5       0                               0D   1852
     126    4523                                                00010000D   1853
     126       0               5       0                               0D   1854
     126    4528                                                00010000D   1855
     126       0               5       0                               0D   1856
     126    4533                                                00010000D   1857
     126       0               7       0                               0D   1858
     126    4540                                                00010000D   1859
     126       0               7       0                               0D   1860
     126    4547                                                00010000D   1861
     126       0               5       0                               0D   1862
     126    4552                                                00010000D   1863
     126       0               5       0                               0D   1864
     126    4557                                                00010000D   1865
     126       0               7       0                               0D   1866
     126    4564                                                00010000D   1867
     126       0               5       0                               0D   1868
     126    4569                                                00010000D   1869
     126       0               5       0                               0D   1870
     120    4574                                                00010000D   1871
     120       0               1       0                               0D   1872
     120    4575                                                00010000D   1873
     120       0               1       0                               0D   1874
     120    4576                                                00010000D   1875
     120       0               1       0                               0D   1876
     120    4577                                                00010000D   1877
     120       0               1       0                               0D   1878
     120    4578                                                00010000D   1879
     120       0               1       0                               0D   1880
     120    4579                                                00010000D   1881
     120       0               1       0                               0D   1882
     120    4580                                                00010000D   1883
     120       0               1       0                               0D   1884
     120    4581                                                00010000D   1885
     120       0               1       0                               0D   1886
     120    4582                                                00010000D   1887
     120       0               1       0                               0D   1888
     120    4583                                                00010000D   1889
     120       0               1       0                               0D   1890
     120    4584                                                00010000D   1891
     120       0               1       0                               0D   1892
     120    4585                                                00010000D   1893
     120       0               1       0                               0D   1894
     120    4586                                                00010000D   1895
     120       0               1       0                               0D   1896
     120    4587                                                00010000D   1897
     120       0               1       0                               0D   1898
     120    4588                                                00010000D   1899
     120       0               1       0                               0D   1900
     120    4589                                                00010000D   1901
     120       0               1       0                               0D   1902
     120    4590                                                00010000D   1903
     120       0               1       0                               0D   1904
     120    4591                                                00010000D   1905
     120       0               1       0                               0D   1906
     120    4592                                                00010000D   1907
     120       0               1       0                               0D   1908
     120    4593                                                00010000D   1909
     120       0               1       0                               0D   1910
     120    4594                                                00010000D   1911
     120       0               1       0                               0D   1912
     120    4595                                                00010000D   1913
     120       0               1       0                               0D   1914
     106    4596                       5            1917        01010000D   1915
     106       0   -2189       1      63                               0D   1916
     124    4597                                                00000000D   1917
     124                       2       0                               0D   1918
     124    4599                                                00000000D   1919
     124                       2       0                               0D   1920
     124    4601                                                00000000D   1921
     124                       2       0                               0D   1922
     124    4603                                                00000000D   1923
     124                       4       0                               0D   1924
     124    4607                                                00000000D   1925
     124                       4       0                               0D   1926
     124    4611                                                00000000D   1927
     124                       4       0                               0D   1928
     124    4615                                                00000000D   1929
     124                       4       0                               0D   1930
     124    4619                                                00000000D   1931
     124                       4       0                               0D   1932
     124    4623                                                00000000D   1933
     124                       4       0                               0D   1934
     124    4627                                                00000000D   1935
     124                       1       0                               0D   1936
     124    4628                                                00000000D   1937
     124                       4       0                               0D   1938
     124    4632                                                00000000D   1939
     124                       4       0                               0D   1940
     124    4636                                                00000000D   1941
     124                       4       0                               0D   1942
     124    4640                                                00000000D   1943
     124                       4       0                               0D   1944
     124    4644                                                00000000D   1945
     124                       4       0                               0D   1946
     124    4648                                                00000000D   1947
     124                       4       0                               0D   1948
     124    4652                                                00000000D   1949
     124                       1       0                               0D   1950
     124    4653                                                00000000D   1951
     124                       2       1                               0D   1952
     110    4655                       5                        01010000D   1953
     110       0   -2189       2       0                               0D   1954
     110    4657                       5                        01010000D   1955
     110       0   -2189       2       0                               0D   1956
     110    4659                                                00010000D   1957
     110       0               2       0                               0D   1958
     110    4661                                                00010000D   1959
     110       0               1       0                               0D   1960
     110    4662                                                00010000D   1961
     110       0               2       0                               0D   1962
     110    4664                                                00010000D   1963
     110       0               2       0                               0D   1964
     110    4666                                                00010000D   1965
     110       0               1       0                               0D   1966
     110    4667                                                00010000D   1967
     110       0               2       0                               0D   1968
     110    4669                                                00010000D   1969
     110       0               2       0                               0D   1970
     110    4671                                                00010000D   1971
     110       0               2       0                               0D   1972
     110    4673                                                00010000D   1973
     110       0               1       0                               0D   1974
     110    4674                                                00010000D   1975
     110       0               2       0                               0D   1976
     110    4676                                                00010000D   1977
     110       0               2       0                               0D   1978
     110    4678                                                00010000D   1979
     110       0               2       0                               0D   1980
     110    4680                                                00010000D   1981
     110       0               1       0                               0D   1982
     110    4681                                                00010000D   1983
     110       0               2       0                               0D   1984
     110    4683                                                00010000D   1985
     110       0               2       0                               0D   1986
     110    4685                                                00010000D   1987
     110       0               2       0                               0D   1988
     110    4687                                                00010000D   1989
     110       0               1       0                               0D   1990
     110    4688                                                00010000D   1991
     110       0               2       0                               0D   1992
     110    4690                                                00010000D   1993
     110       0               2       0                               0D   1994
     110    4692                                                00010000D   1995
     110       0               2       0                               0D   1996
     110    4694                                                00010000D   1997
     110       0               1       0                               0D   1998
     110    4695                                                00010000D   1999
     110       0               2       0                               0D   2000
     110    4697                                                00010000D   2001
     110       0               2       0                               0D   2002
     110    4699                                                00010000D   2003
     110       0               2       0                               0D   2004
     110    4701                                                00010000D   2005
     110       0               1       0                               0D   2006
     110    4702                                                00010000D   2007
     110       0               2       0                               0D   2008
     110    4704                                                00010000D   2009
     110       0               2       0                               0D   2010
     110    4706                                                00010000D   2011
     110       0               1       0                               0D   2012
     110    4707                                                00010000D   2013
     110       0               2       0                               0D   2014
     110    4709                                                00010000D   2015
     110       0               2       0                               0D   2016
     110    4711                                                00010000D   2017
     110       0               2       0                               0D   2018
     110    4713                                                00010000D   2019
     110       0               2       0                               0D   2020
     110    4715                                                00010000D   2021
     110       0               2       0                               0D   2022
     110    4717                                                00010000D   2023
     110       0               2       0                               0D   2024
     110    4719                                                00010000D   2025
     110       0               2       0                               0D   2026
     110    4721                                                00010000D   2027
     110       0               2       0                               0D   2028
     110    4723                                                00010000D   2029
     110       0               2       0                               0D   2030
     110    4725                                                00010000D   2031
     110       0               2       0                               0D   2032
     110    4727                                                00010000D   2033
     110       0               2       0                               0D   2034
     110    4729                                                00010000D   2035
     110       0               2       0                               0D   2036
     406    4731                                                00000000D   2037
     406                       1      15                               0D   2038
     406    4732                                                00000000D   2039
     406                       1      15                               0D   2040
     406    4733                                                00000000D   2041
     406                       1      15                               0D   2042
     406    4734                                                00000000D   2043
     406                       1      15                               0D   2044
     406    4735                                                00000000D   2045
     406                       1      15                               0D   2046
     406    4736                                                00000000D   2047
     406                       1      15                               0D   2048
     406    4737                                                00000000D   2049
     406                       1      15                               0D   2050
     406    4738                                                00000000D   2051
     406                       1      15                               0D   2052
     406    4739                                                00000000D   2053
     406                       1      15                               0D   2054
     406    4740                                                00000000D   2055
     406                       1      15                               0D   2056
     406    4741                                                00000000D   2057
     406                       1      15                               0D   2058
     406    4742                                                00000000D   2059
     406                       1      15                               0D   2060
     406    4743                                                00000000D   2061
     406                       1      15                               0D   2062
     406    4744                                                00000000D   2063
     406                       1      15                               0D   2064
     406    4745                                                00000000D   2065
     406                       1      15                               0D   2066
     406    4746                                                00000000D   2067
     406                       1      15                               0D   2068
     406    4747                                                00000000D   2069
     406                       1      15                               0D   2070
     406    4748                                                00000000D   2071
     406                       1      15                               0D   2072
     406    4749                                                00000000D   2073
     406                       1      15                               0D   2074
     406    4750                                                00000000D   2075
     406                       1      15                               0D   2076
     406    4751                                                00000000D   2077
     406                       1      15                               0D   2078
     406    4752                                                00000000D   2079
     406                       1      15                               0D   2080
     406    4753                                                00000000D   2081
     406                       1      15                               0D   2082
     406    4754                                                00000000D   2083
     406                       1      15                               0D   2084
     406    4755                                                00000000D   2085
     406                       1      15                               0D   2086
     406    4756                                                00000000D   2087
     406                       1      15                               0D   2088
     406    4757                                                00000000D   2089
     406                       1      15                               0D   2090
     406    4758                                                00000000D   2091
     406                       1      15                               0D   2092
     406    4759                                                00000000D   2093
     406                       1      15                               0D   2094
     406    4760                                                00000000D   2095
     406                       1      15                               0D   2096
     406    4761                                                00000000D   2097
     406                       1      15                               0D   2098
     406    4762                                                00000000D   2099
     406                       1      15                               0D   2100
     406    4763                                                00000000D   2101
     406                       1      15                               0D   2102
     406    4764                                                00000000D   2103
     406                       1      15                               0D   2104
     406    4765                                                00000000D   2105
     406                       1      15                               0D   2106
     406    4766                                                00000000D   2107
     406                       1      15                               0D   2108
     406    4767                                                00000000D   2109
     406                       1      15                               0D   2110
     406    4768                                                00000000D   2111
     406                       1      15                               0D   2112
     406    4769                                                00000000D   2113
     406                       1      15                               0D   2114
     406    4770                                                00000000D   2115
     406                       1      15                               0D   2116
     406    4771                                                00000000D   2117
     406                       1      15                               0D   2118
     406    4772                                                00000000D   2119
     406                       1      15                               0D   2120
     406    4773                                                00000000D   2121
     406                       1      15                               0D   2122
     406    4774                                                00000000D   2123
     406                       1      15                               0D   2124
     406    4775                                                00000000D   2125
     406                       1      15                               0D   2126
     406    4776                                                00000000D   2127
     406                       1      15                               0D   2128
     406    4777                                                00000000D   2129
     406                       1      15                               0D   2130
     406    4778                                                00000000D   2131
     406                       1      15                               0D   2132
     406    4779                                                00000000D   2133
     406                       1      15                               0D   2134
     406    4780                                                00000000D   2135
     406                       1      15                               0D   2136
     406    4781                                                00000000D   2137
     406                       1      15                               0D   2138
     406    4782                                                00000000D   2139
     406                       1      15                               0D   2140
     406    4783                                                00000000D   2141
     406                       1      15                               0D   2142
     406    4784                                                00000000D   2143
     406                       1      15                               0D   2144
     406    4785                                                00000000D   2145
     406                       1      15                               0D   2146
     406    4786                                                00000000D   2147
     406                       1      15                               0D   2148
     406    4787                                                00000000D   2149
     406                       1      15                               0D   2150
     406    4788                                                00000000D   2151
     406                       1      15                               0D   2152
     406    4789                                                00000000D   2153
     406                       1      15                               0D   2154
     406    4790                                                00000000D   2155
     406                       1      15                               0D   2156
     406    4791                                                00000000D   2157
     406                       1      15                               0D   2158
     406    4792                                                00000000D   2159
     406                       1      15                               0D   2160
     406    4793                                                00000000D   2161
     406                       1      15                               0D   2162
     406    4794                                                00000000D   2163
     406                       1      15                               0D   2164
     406    4795                                                00000000D   2165
     406                       1      15                               0D   2166
     406    4796                       4                        00000000D   2167
     406           -2179       1       3                               0D   2168
     406    4797                       1                        00000000D   2169
     406           -2179       1       3                               0D   2170
     406    4798                       2                        00000000D   2171
     406           -2179       1       3                               0D   2172
     406    4799                       0                        00000000D   2173
     406           -2185       1       3                               0D   2174
     406    4800                       5                        01000000D   2175
     406           -2189       1       3                               0D   2176
     406    4801                       3                        00000000D   2177
     406           -2179       1       3                               0D   2178
     314    4802                                                00000200D   2179
     314                       1       0                               0D   2180
     314    4803                                                00000200D   2181
     314                       1       0                               0D   2182
     314    4804                                                00000200D   2183
     314                       1       0                               0D   2184
     314    4805                                                00000200D   2185
     314                       1       0                               0D   2186
     314    4806                                                00000200D   2187
     314                       1       0                               0D   2188
     314    4807                                                00000200D   2189
     314                       1       0                               0D   2190
100,0.,0.,0.,0.196943521594684,-0.43773650670453,0.48,                 1P      1
2.8904957969339D-17;                                                   1P      2
100,0.,0.,0.,5.92768186162383,-2.66694352159469,6.5,                   3P      3
1.35767030741023D-16;                                                  3P      4
100,0.,0.,0.,6.5,-4.19344481571556D-16,5.92768186162383,               5P      5
2.66694352159469;                                                      5P      6
100,0.,0.,0.,0.196943521594684,-0.43773650670453,0.48,                 7P      7
4.15184251880724D-16;                                                  7P      8
408,37,0.,0.,0.,1.,0,1,2089;                                           9P      9
408,37,0.,0.,0.,1.,0,1,2091;                                          11P     10
408,39,0.,0.,0.,1.,0,1,2095;                                          13P     11
408,39,0.,0.,0.,1.,0,1,2097;                                          15P     12
408,39,0.,0.,0.,1.,0,1,2099;                                          17P     13
408,39,0.,0.,0.,1.,0,1,2101;                                          19P     14
408,39,0.,0.,0.,1.,0,1,2103;                                          21P     15
408,39,0.,0.,0.,1.,0,1,2105;                                          23P     16
408,41,0.,0.,0.,1.,0,1,2109;                                          25P     17
408,39,0.,0.,0.,1.,0,1,2111;                                          27P     18
408,39,0.,0.,0.,1.,0,1,2113;                                          29P     19
408,43,0.,0.,0.,1.,0,1,2161;                                          31P     20
408,43,0.,0.,0.,1.,0,1,2163;                                          33P     21
408,45,0.,0.,0.,1.,0,1,2165;                                          35P     22
308,0,98HCópia de apoio do barramento^Barramento de terra 12 Po      37P     23
sições_Valor predeterminado$Como usinado$,1,47;                     37P     24
308,0,124HCópia de m4x8 cab panela especial^Barramento de terra      39P     25
 12 Posições_B18.6.7M - M4 x 0.7 x 8 Type I Cross Recessed PHM      39P     26
S --8N,1,49;                                                          39P     27
308,0,96HCópia de conector do terra^Barramento de terra 12 Posi      41P     28
ções_Valor predeterminado$Como usinado$,1,51;                       41P     29
308,0,11HA$Ce450b0d3,23,777,779,781,783,785,787,789,791,793,795,      43P     30
797,799,801,803,805,807,809,811,813,815,817,819,821;                  43P     31
308,1,11HA$Cd7d9ab21,38,1953,1915,1955,733,735,737,739,741,743,       45P     32
745,747,749,751,753,755,757,759,761,763,765,767,769,771,773,775,      45P     33
9,11,13,15,17,19,21,23,25,27,29,31,33;                                45P     34
186,53,1,0,0,1,2087;                                                  47P     35
186,55,1,0,0,1,2093;                                                  49P     36
186,57,1,0,0,1,2107;                                                  51P     37
514,37,59,1,61,1,63,1,65,1,67,1,69,1,71,1,73,1,75,1,77,1,79,1,        53P     38
81,1,83,1,85,1,87,1,89,1,91,1,93,1,95,1,97,1,99,1,101,1,103,1,        53P     39
105,1,107,1,109,1,111,1,113,1,115,1,117,1,119,1,121,1,123,1,125,      53P     40
1,127,1,129,1,131,1;                                                  53P     41
514,23,133,1,135,1,137,1,139,1,141,1,143,1,145,1,147,1,149,1,         55P     42
151,1,153,1,155,1,157,1,159,1,161,1,163,1,165,1,167,1,169,1,171,      55P     43
1,173,1,175,1,177,1;                                                  55P     44
514,38,179,1,181,1,183,1,185,1,187,1,189,1,191,1,193,1,195,1,         57P     45
197,1,199,1,201,1,203,1,205,1,207,1,209,1,211,1,213,1,215,1,217,      57P     46
1,219,1,221,1,223,1,225,1,227,1,229,1,231,1,233,1,235,1,237,1,        57P     47
239,1,241,1,243,1,245,1,247,1,249,1,251,1,253,1;                      57P     48
510,507,1,1,255;                                                      59P     49
510,509,1,1,257;                                                      61P     50
510,511,1,1,259;                                                      63P     51
510,513,1,1,261;                                                      65P     52
510,515,1,1,263;                                                      67P     53
510,517,1,1,265;                                                      69P     54
510,519,1,1,267;                                                      71P     55
510,521,1,1,269;                                                      73P     56
510,523,1,1,271;                                                      75P     57
510,525,1,1,273;                                                      77P     58
510,527,1,1,275;                                                      79P     59
510,529,1,1,277;                                                      81P     60
510,531,1,1,279;                                                      83P     61
510,533,1,1,281;                                                      85P     62
510,535,4,1,283,285,287,289;                                          87P     63
510,537,1,1,291;                                                      89P     64
510,539,2,1,293,295;                                                  91P     65
510,541,1,1,297;                                                      93P     66
510,543,1,1,299;                                                      95P     67
510,545,1,1,301;                                                      97P     68
510,547,2,1,303,305;                                                  99P     69
510,549,1,1,307;                                                     101P     70
510,551,1,1,309;                                                     103P     71
510,553,1,1,311;                                                     105P     72
510,555,1,1,313;                                                     107P     73
510,557,2,1,315,317;                                                 109P     74
510,559,2,1,319,321;                                                 111P     75
510,561,1,1,323;                                                     113P     76
510,563,1,1,325;                                                     115P     77
510,565,1,1,327;                                                     117P     78
510,567,1,1,329;                                                     119P     79
510,569,1,1,331;                                                     121P     80
510,571,1,1,333;                                                     123P     81
510,573,1,1,335;                                                     125P     82
510,575,1,1,337;                                                     127P     83
510,577,1,1,339;                                                     129P     84
510,579,1,1,341;                                                     131P     85
510,581,1,1,343;                                                     133P     86
510,583,1,1,345;                                                     135P     87
510,585,1,1,347;                                                     137P     88
510,587,1,1,349;                                                     139P     89
510,589,1,1,351;                                                     141P     90
510,591,1,1,353;                                                     143P     91
510,593,1,1,355;                                                     145P     92
510,595,1,1,357;                                                     147P     93
510,597,1,1,359;                                                     149P     94
510,599,1,1,361;                                                     151P     95
510,601,2,1,363,365;                                                 153P     96
510,603,1,1,367;                                                     155P     97
510,605,1,1,369;                                                     157P     98
510,607,1,1,371;                                                     159P     99
510,609,1,1,373;                                                     161P    100
510,611,1,1,375;                                                     163P    101
510,613,1,1,377;                                                     165P    102
510,615,1,1,379;                                                     167P    103
510,617,1,1,381;                                                     169P    104
510,619,1,1,383;                                                     171P    105
510,621,1,1,385;                                                     173P    106
510,623,1,1,387;                                                     175P    107
510,625,1,1,389;                                                     177P    108
510,627,1,1,391;                                                     179P    109
510,629,1,1,393;                                                     181P    110
510,631,1,1,395;                                                     183P    111
510,633,1,1,397;                                                     185P    112
510,635,1,1,399;                                                     187P    113
510,637,1,1,401;                                                     189P    114
510,639,1,1,403;                                                     191P    115
510,641,1,1,405;                                                     193P    116
510,643,1,1,407;                                                     195P    117
510,645,3,1,409,411,413;                                             197P    118
510,647,3,1,415,417,419;                                             199P    119
510,649,1,1,421;                                                     201P    120
510,651,1,1,423;                                                     203P    121
510,653,1,1,425;                                                     205P    122
510,655,1,1,427;                                                     207P    123
510,657,1,1,429;                                                     209P    124
510,659,1,1,431;                                                     211P    125
510,661,1,1,433;                                                     213P    126
510,663,1,1,435;                                                     215P    127
510,665,1,1,437;                                                     217P    128
510,667,1,1,439;                                                     219P    129
510,669,1,1,441;                                                     221P    130
510,671,1,1,443;                                                     223P    131
510,673,1,1,445;                                                     225P    132
510,675,1,1,447;                                                     227P    133
510,677,1,1,449;                                                     229P    134
510,679,1,1,451;                                                     231P    135
510,681,1,1,453;                                                     233P    136
510,683,1,1,455;                                                     235P    137
510,685,1,1,457;                                                     237P    138
510,687,1,1,459;                                                     239P    139
510,689,1,1,461;                                                     241P    140
510,691,2,1,463,465;                                                 243P    141
510,693,2,1,467,469;                                                 245P    142
510,695,1,1,471;                                                     247P    143
510,697,1,1,473;                                                     249P    144
510,699,1,1,475;                                                     251P    145
510,701,1,1,477;                                                     253P    146
508,4,0,485,1,0,0,0,485,2,1,0,0,485,3,1,0,0,485,4,0,0;               255P    147
508,4,0,485,5,0,0,0,485,6,1,0,0,485,7,1,0,0,485,8,0,0;               257P    148
508,4,0,485,9,1,0,0,485,10,1,0,0,485,11,1,0,0,485,12,0,0;            259P    149
508,4,0,485,13,0,0,0,485,14,1,0,0,485,15,1,0,0,485,16,0,0;           261P    150
508,4,0,485,14,0,0,0,485,17,0,0,0,485,16,1,0,0,485,18,1,0;           263P    151
508,8,0,485,19,0,0,0,485,20,1,0,0,485,21,1,0,0,485,22,0,0,0,485,     265P    152
23,1,0,0,485,24,1,0,0,485,25,0,0,0,485,26,0,0;                       265P    153
508,8,0,485,27,1,0,0,485,28,0,0,0,485,29,1,0,0,485,30,0,0,0,485,     267P    154
31,1,0,0,485,32,0,0,0,485,33,1,0,0,485,34,1,0;                       267P    155
508,4,0,485,35,1,0,0,485,36,0,0,0,485,37,1,0,0,485,28,1,0;           269P    156
508,4,0,485,38,1,0,0,485,32,1,0,0,485,39,0,0,0,485,40,0,0;           271P    157
508,4,0,485,36,1,0,0,485,41,0,0,0,485,26,1,0,0,485,42,1,0;           273P    158
508,4,0,485,22,1,0,0,485,43,0,0,0,485,40,1,0,0,485,44,1,0;           275P    159
508,4,0,485,45,1,0,0,485,46,1,0,0,485,47,0,0,0,485,48,1,0;           277P    160
508,9,0,485,49,1,0,0,485,50,1,0,0,485,23,0,0,0,485,44,0,0,0,485,     279P    161
39,1,0,0,485,31,0,0,0,485,51,0,0,0,485,52,0,0,0,485,53,1,0;          279P    162
508,9,0,485,25,1,0,0,485,54,1,0,0,485,55,1,0,0,485,56,1,0,0,485,     281P    163
57,0,0,0,485,58,1,0,0,485,29,0,0,0,485,37,0,0,0,485,42,0,0;          281P    164
508,6,0,485,55,0,0,0,485,59,1,0,0,485,49,0,0,0,485,60,1,0,0,485,     283P    165
45,0,0,0,485,61,1,0;                                                 283P    166
508,2,0,485,62,0,0,0,485,3,0,0;                                      285P    167
508,6,0,485,63,0,0,0,485,64,0,0,0,485,65,0,0,0,485,66,0,0,0,485,     287P    168
67,0,0,0,485,68,0,0;                                                 287P    169
508,2,0,485,9,0,0,0,485,69,0,0;                                      289P    170
508,4,0,485,30,1,0,0,485,58,0,0,0,485,70,0,0,0,485,51,1,0;           291P    171
508,6,0,485,47,1,0,0,485,71,1,0,0,485,52,1,0,0,485,70,1,0,0,485,     293P    172
57,1,0,0,485,72,1,0;                                                 293P    173
508,2,0,485,73,0,0,0,485,7,0,0;                                      295P    174
508,4,0,485,71,0,0,0,485,46,0,0,0,485,60,0,0,0,485,53,0,0;           297P    175
508,4,0,485,72,0,0,0,485,56,0,0,0,485,61,0,0,0,485,48,0,0;           299P    176
508,4,0,485,10,0,0,0,485,69,1,0,0,485,12,1,0,0,485,74,1,0;           301P    177
508,2,0,485,75,1,0,0,485,5,1,0;                                      303P    178
508,2,0,485,74,0,0,0,485,11,0,0;                                     305P    179
508,4,0,485,6,0,0,0,485,75,0,0,0,485,8,1,0,0,485,73,1,0;             307P    180
508,7,0,485,76,1,0,0,485,77,0,0,0,485,78,1,0,0,485,19,1,0,0,485,     309P    181
41,1,0,0,485,35,0,0,0,485,27,0,0;                                    309P    182
508,4,0,485,79,1,0,0,485,80,0,0,0,485,76,0,0,0,485,34,0,0;           311P    183
508,7,0,485,38,0,0,0,485,43,1,0,0,485,21,0,0,0,485,81,1,0,0,485,     313P    184
82,0,0,0,485,79,0,0,0,485,33,0,0;                                    313P    185
508,4,0,485,82,1,0,0,485,83,1,0,0,485,77,1,0,0,485,80,1,0;           315P    186
508,2,0,485,18,0,0,0,485,15,0,0;                                     317P    187
508,6,0,485,84,1,0,0,485,85,1,0,0,485,86,1,0,0,485,87,1,0,0,485,     319P    188
88,1,0,0,485,89,1,0;                                                 319P    189
508,2,0,485,17,1,0,0,485,13,1,0;                                     321P    190
508,4,0,485,63,1,0,0,485,90,0,0,0,485,84,0,0,0,485,91,1,0;           323P    191
508,4,0,485,64,1,0,0,485,91,0,0,0,485,89,0,0,0,485,92,1,0;           325P    192
508,4,0,485,65,1,0,0,485,92,0,0,0,485,88,0,0,0,485,93,1,0;           327P    193
508,4,0,485,66,1,0,0,485,93,0,0,0,485,87,0,0,0,485,94,1,0;           329P    194
508,4,0,485,67,1,0,0,485,94,0,0,0,485,86,0,0,0,485,95,1,0;           331P    195
508,4,0,485,68,1,0,0,485,95,0,0,0,485,85,0,0,0,485,90,1,0;           333P    196
508,4,0,485,2,0,0,0,485,96,0,0,0,485,4,1,0,0,485,62,1,0;             335P    197
508,2,0,485,96,1,0,0,485,1,1,0;                                      337P    198
508,4,0,485,81,0,0,0,485,20,0,0,0,485,78,0,0,0,485,83,0,0;           339P    199
508,4,0,485,50,0,0,0,485,59,0,0,0,485,54,0,0,0,485,24,0,0;           341P    200
508,5,0,487,1,1,0,0,487,2,1,0,0,487,3,0,0,0,487,4,0,0,0,487,5,0,     343P    201
0;                                                                   343P    202
508,4,0,487,6,1,0,0,487,7,1,0,0,487,1,0,0,0,487,8,0,0;               345P    203
508,4,0,487,9,1,0,0,487,10,1,0,0,487,11,0,0,0,487,12,0,0;            347P    204
508,11,0,487,3,1,0,0,487,13,1,0,0,487,14,1,0,0,487,15,1,0,0,487,     349P    205
16,0,0,0,487,17,0,0,0,487,18,1,0,0,487,19,0,0,0,487,20,0,0,0,        349P    206
487,21,1,0,0,487,22,0,0;                                             349P    207
508,11,0,487,14,0,0,0,487,23,1,0,0,487,4,1,0,0,487,22,1,0,0,487,     351P    208
24,1,0,0,487,25,0,0,0,487,26,0,0,0,487,27,1,0,0,487,28,0,0,0,        351P    209
487,29,0,0,0,487,30,1,0;                                             351P    210
508,3,0,487,20,1,0,0,487,31,1,0,0,487,32,0,0;                        353P    211
508,3,0,487,33,1,0,0,487,34,1,0,0,487,16,1,0;                        355P    212
508,3,0,487,35,1,0,0,487,36,1,0,0,487,25,1,0;                        357P    213
508,3,0,487,29,1,0,0,487,37,1,0,0,487,38,0,0;                        359P    214
508,4,0,487,10,0,0,0,487,39,1,0,0,487,12,1,0,0,487,40,0,0;           361P    215
508,2,0,487,6,0,0,0,487,41,0,0;                                      363P    216
508,2,0,487,11,1,0,0,487,40,1,0;                                     365P    217
508,4,0,487,7,0,0,0,487,41,1,0,0,487,8,1,0,0,487,42,0,0;             367P    218
508,5,0,487,2,0,0,0,487,42,1,0,0,487,5,1,0,0,487,23,0,0,0,487,       369P    219
13,0,0;                                                              369P    220
508,2,0,487,9,0,0,0,487,39,0,0;                                      371P    221
508,5,0,487,32,1,0,0,487,43,0,0,0,487,35,0,0,0,487,24,0,0,0,487,     373P    222
21,0,0;                                                              373P    223
508,5,0,487,38,1,0,0,487,44,0,0,0,487,33,0,0,0,487,15,0,0,0,487,     375P    224
30,0,0;                                                              375P    225
508,4,0,487,45,0,0,0,487,44,1,0,0,487,46,0,0,0,487,43,1,0;           377P    226
508,4,0,487,47,1,0,0,487,45,1,0,0,487,48,0,0,0,487,18,0,0;           379P    227
508,3,0,487,17,1,0,0,487,34,0,0,0,487,47,0,0;                        381P    228
508,3,0,487,19,1,0,0,487,48,1,0,0,487,31,0,0;                        383P    229
508,4,0,487,49,1,0,0,487,46,1,0,0,487,50,0,0,0,487,27,0,0;           385P    230
508,3,0,487,26,1,0,0,487,36,0,0,0,487,49,0,0;                        387P    231
508,3,0,487,28,1,0,0,487,50,1,0,0,487,37,0,0;                        389P    232
508,4,0,489,1,0,0,0,489,2,1,0,0,489,3,1,0,0,489,4,0,0;               391P    233
508,4,0,489,5,1,0,0,489,6,1,0,0,489,7,1,0,0,489,8,0,0;               393P    234
508,4,0,489,9,1,0,0,489,10,1,0,0,489,11,1,0,0,489,12,0,0;            395P    235
508,4,0,489,13,0,0,0,489,14,1,0,0,489,15,1,0,0,489,16,0,0;           397P    236
508,4,0,489,17,1,0,0,489,18,0,0,0,489,19,0,0,0,489,20,1,0;           399P    237
508,4,0,489,21,1,0,0,489,16,1,0,0,489,22,0,0,0,489,18,1,0;           401P    238
508,4,0,489,14,0,0,0,489,23,0,0,0,489,20,0,0,0,489,24,0,0;           403P    239
508,4,0,489,25,0,0,0,489,26,1,0,0,489,27,1,0,0,489,28,1,0;           405P    240
508,4,0,489,29,1,0,0,489,30,0,0,0,489,31,0,0,0,489,32,0,0;           407P    241
508,14,0,489,27,0,0,0,489,33,1,0,0,489,34,1,0,0,489,35,1,0,0,        409P    242
489,36,1,0,0,489,37,1,0,0,489,38,1,0,0,489,39,1,0,0,489,29,0,0,      409P    243
0,489,40,0,0,0,489,41,1,0,0,489,42,0,0,0,489,43,1,0,0,489,44,0,      409P    244
0;                                                                   409P    245
508,2,0,489,45,0,0,0,489,7,0,0;                                      411P    246
508,2,0,489,46,0,0,0,489,11,0,0;                                     413P    247
508,14,0,489,47,0,0,0,489,25,1,0,0,489,48,1,0,0,489,49,1,0,0,        415P    248
489,50,1,0,0,489,51,1,0,0,489,52,1,0,0,489,31,1,0,0,489,53,0,0,      415P    249
0,489,54,0,0,0,489,55,0,0,0,489,56,0,0,0,489,57,0,0,0,489,58,0,      415P    250
0;                                                                   415P    251
508,2,0,489,5,0,0,0,489,59,0,0;                                      417P    252
508,2,0,489,9,0,0,0,489,60,0,0;                                      419P    253
508,4,0,489,52,0,0,0,489,61,1,0,0,489,40,1,0,0,489,32,1,0;           421P    254
508,4,0,489,42,1,0,0,489,62,1,0,0,489,50,0,0,0,489,63,1,0;           423P    255
508,4,0,489,44,1,0,0,489,64,1,0,0,489,48,0,0,0,489,28,0,0;           425P    256
508,4,0,489,41,0,0,0,489,61,0,0,0,489,51,0,0,0,489,62,0,0;           427P    257
508,4,0,489,43,0,0,0,489,63,0,0,0,489,49,0,0,0,489,64,0,0;           429P    258
508,4,0,489,33,0,0,0,489,26,0,0,0,489,47,1,0,0,489,65,1,0;           431P    259
508,4,0,489,34,0,0,0,489,65,0,0,0,489,58,1,0,0,489,66,1,0;           433P    260
508,4,0,489,35,0,0,0,489,66,0,0,0,489,57,1,0,0,489,67,1,0;           435P    261
508,4,0,489,37,0,0,0,489,68,0,0,0,489,55,1,0,0,489,69,1,0;           437P    262
508,4,0,489,38,0,0,0,489,69,0,0,0,489,54,1,0,0,489,70,1,0;           439P    263
508,4,0,489,39,0,0,0,489,70,0,0,0,489,53,1,0,0,489,30,1,0;           441P    264
508,4,0,489,15,0,0,0,489,71,0,0,0,489,68,1,0,0,489,72,1,0;           443P    265
508,4,0,489,73,0,0,0,489,19,1,0,0,489,74,1,0,0,489,67,0,0;           445P    266
508,4,0,489,36,0,0,0,489,74,0,0,0,489,22,1,0,0,489,72,0,0;           447P    267
508,4,0,489,56,1,0,0,489,71,1,0,0,489,24,1,0,0,489,73,1,0;           449P    268
508,4,0,489,75,0,0,0,489,76,0,0,0,489,13,1,0,0,489,77,1,0;           451P    269
508,4,0,489,78,0,0,0,489,79,1,0,0,489,80,1,0,0,489,17,0,0;           453P    270
508,4,0,489,21,0,0,0,489,80,0,0,0,489,81,1,0,0,489,77,0,0;           455P    271
508,4,0,489,23,1,0,0,489,76,1,0,0,489,82,1,0,0,489,78,1,0;           457P    272
508,4,0,489,79,0,0,0,489,83,1,0,0,489,84,0,0,0,489,85,0,0;           459P    273
508,4,0,489,75,1,0,0,489,86,0,0,0,489,87,1,0,0,489,88,1,0;           461P    274
508,4,0,489,81,0,0,0,489,85,1,0,0,489,89,1,0,0,489,86,1,0;           463P    275
508,2,0,489,90,0,0,0,489,3,0,0;                                      465P    276
508,4,0,489,83,0,0,0,489,82,0,0,0,489,88,0,0,0,489,91,0,0;           467P    277
508,2,0,489,92,1,0,0,489,1,1,0;                                      469P    278
508,4,0,489,91,1,0,0,489,87,0,0,0,489,89,0,0,0,489,84,1,0;           471P    279
508,4,0,489,10,0,0,0,489,60,1,0,0,489,12,1,0,0,489,46,1,0;           473P    280
508,4,0,489,6,0,0,0,489,59,1,0,0,489,8,1,0,0,489,45,1,0;             475P    281
508,4,0,489,2,0,0,0,489,92,0,0,0,489,4,1,0,0,489,90,1,0;             477P    282
502,64,2.,2.44929359829471D-16,6.,-2.,0.,6.,2.,                      479P    283
2.44929359829471D-16,0.,-2.,0.,0.,2.6,4.163799117101D-16,4.4,        479P    284
9.4,0.,4.4,2.6,4.163799117101D-16,8.,9.4,0.,8.,8.25,0.,0.,3.75,      479P    285
2.75545529808154D-16,0.,3.75,2.75545529808155D-16,4.4,8.25,0.,       479P    286
4.4,-9.45,2.75545529808155D-16,5.,-4.95,0.,5.,-9.45,                 479P    287
2.75545529808155D-16,9.,-4.95,0.,9.,-12.5,-3.125,8.2,-12.5,          479P    288
-3.125,10.,-12.5,3.125,8.2,-12.5,3.125,10.,-12.5,6.,10.,-12.5,       479P    289
6.,0.800000000000002,-12.5,-6.,0.800000000000002,-12.5,-6.,10.,      479P    290
-1.9,-3.125,18.5,-4.,-3.125,18.5,-4.,-6.,18.5,1.7,-6.,18.5,1.7,      479P    291
6.,18.5,-4.,6.,18.5,-4.,3.125,18.5,-1.9,3.125,18.5,-4.,-3.125,       479P    292
10.,-4.,-6.,10.,-4.,3.125,10.,-4.,6.,10.,12.5,-3.,0.,12.5,3.,0.,     479P    293
12.5,3.,8.,12.5,-3.,8.,9.5,6.,0.,-11.7,6.,0.,1.7,6.,8.,9.5,6.,       479P    294
8.,-11.7,-6.,0.,9.5,-6.,0.,9.5,-6.,8.,1.7,-6.,8.,                    479P    295
-11.4146569650843,1.56125112837913D-14,0.,-9.30732848254213,         479P    296
3.65000000000001,0.,-9.30732848254213,-3.64999999999998,0.,          479P    297
-5.09267151745787,-3.64999999999998,0.,-2.98534303491574,            479P    298
1.38777878078145D-14,0.,-5.09267151745787,3.65000000000001,0.,       479P    299
-1.9,-3.125,9.,-11.7,-3.125,9.,-1.9,3.125,9.,-11.7,3.125,9.,         479P    300
-11.4146569650843,1.56125112837913D-14,5.,-9.30732848254213,         479P    301
3.65000000000001,5.,-5.09267151745787,3.65000000000001,5.,           479P    302
-2.98534303491574,1.38777878078145D-14,5.,-5.09267151745787,         479P    303
-3.64999999999998,5.,-9.30732848254213,-3.64999999999998,5.;         479P    304
502,30,-1.56745901618947,0.,2.2125,-1.56745901618947,                481P    305
2.70953104311352D-16,-2.2125,-1.89576139621787,                      481P    306
2.57953946426715D-16,-2.00020764119601,-1.89576139621787,            481P    307
2.00020764119601,0.,-1.89576139621787,0.,2.00020764119601,0.,0.,     481P    308
2.2125,0.,2.70953104311352D-16,-2.2125,6.,0.,1.5,6.,                 481P    309
1.83697019872103D-16,-1.5,0.,1.83697019872103D-16,-1.5,0.,0.,        481P    310
1.5,-1.89576139621787,-2.00020764119601,-2.44954788542077D-16,       481P    311
-2.09864891761343,-1.46822622261405,-1.7980585439485D-16,            481P    312
-2.08949650044434,-1.4608762712752,-0.326401198511555,               481P    313
-2.30032244156351,-0.346408150066741,-0.346408150066742,             481P    314
-2.08949650044434,-0.326401198511549,-1.4608762712752,               481P    315
-2.08949650044434,0.32640119851156,-1.4608762712752,                 481P    316
-2.30032244156351,0.346408150066743,-0.346408150066742,              481P    317
-2.08949650044434,1.4608762712752,-0.326401198511555,                481P    318
-2.09864891761343,1.46822622261405,0.,-2.08949650044434,             481P    319
1.4608762712752,0.326401198511555,-2.30032244156351,                 481P    320
0.346408150066741,0.346408150066742,-2.08949650044434,               481P    321
0.32640119851155,1.4608762712752,-2.08949650044434,                  481P    322
-0.32640119851156,1.4608762712752,-2.30032244156351,                 481P    323
-0.346408150066743,0.346408150066742,-2.08949650044434,              481P    324
-1.4608762712752,0.326401198511554,-0.487499999999999,               481P    325
0.174375000000001,-0.174374999999999,-0.487499999999999,             481P    326
-0.174375,-0.174375,-0.487499999999999,0.174375,0.174375,            481P    327
-0.487499999999999,-0.174375000000001,0.174375;                      481P    328
502,56,-2.25,6.5,9.00000000000004,2.25,6.5,9.00000000000004,         483P    329
-2.25,6.5,9.50000000000009,2.25,6.5,9.50000000000009,-3.5,6.5,       483P    330
0.,3.5,6.5,0.,3.5,6.5,-0.5,-3.5,6.5,-0.5,-3.5,-6.5,0.,3.5,-6.5,      483P    331
0.,3.5,-6.5,-0.5,-3.5,-6.5,-0.5,3.,12.,8.00000000000001,3.,12.5,     483P    332
8.,3.,12.,0.999999999999998,3.,12.5,0.999999999999996,-3.,12.,       483P    333
8.00000000000001,-3.,12.5,8.,-3.,12.5,0.999999999999996,-3.,12.,     483P    334
0.999999999999998,-3.25,12.5,0.,-5.75,12.5,0.,-3.25,12.5,-0.5,       483P    335
-5.75,12.5,-0.5,5.75,12.5,-0.5,3.25,12.5,-0.5,3.25,12.5,0.,5.75,     483P    336
12.5,0.,-3.25,10.75,-0.5,-3.,10.75,-0.5,-3.,11.,-0.5,3.,11.,         483P    337
-0.5,3.,10.75,-0.5,3.25,10.75,-0.5,5.75,-9.5,-0.5,2.75,-12.5,        483P    338
-0.5,-2.75,-12.5,-0.5,-5.75,-9.5,-0.5,-3.25,10.75,0.,-5.75,-9.5,     483P    339
0.,-2.75,-12.5,0.,2.75,-12.5,0.,5.75,-9.5,0.,3.25,10.75,0.,3.,       483P    340
10.75,0.,3.,11.,0.,-3.,11.,0.,-3.,10.75,0.,3.,11.,                   483P    341
9.00000000000001,3.,11.,9.50000000000001,-3.,11.,                    483P    342
9.00000000000001,-3.,11.,9.50000000000001,-3.,2.50000000000003,      483P    343
9.00000000000007,-3.,2.50000000000003,9.50000000000007,3.,           483P    344
2.50000000000003,9.50000000000007,3.,2.50000000000003,               483P    345
9.00000000000007;                                                    483P    346
504,96,1195,479,1,479,2,1197,479,1,479,3,1199,479,3,479,4,1201,      485P    347
479,2,479,4,1203,479,5,479,6,1205,479,5,479,7,1207,479,7,479,8,      485P    348
1209,479,6,479,8,1211,479,9,479,10,1213,479,10,479,11,1215,479,      485P    349
11,479,12,1217,479,9,479,12,1219,479,13,479,14,1221,479,13,479,      485P    350
15,1223,479,15,479,16,1225,479,14,479,16,1227,479,14,479,13,         485P    351
1229,479,16,479,15,1231,479,17,479,18,1233,479,17,479,19,1235,       485P    352
479,19,479,20,1237,479,21,479,20,1239,479,21,479,22,1241,479,22,     485P    353
479,23,1243,479,24,479,23,1245,479,18,479,24,1247,479,25,479,26,     485P    354
1249,479,27,479,26,1251,479,27,479,28,1253,479,29,479,28,1255,       485P    355
479,29,479,30,1257,479,31,479,30,1259,479,31,479,32,1261,479,32,     485P    356
479,25,1263,479,26,479,33,1265,479,34,479,33,1267,479,34,479,27,     485P    357
1269,479,35,479,31,1271,479,36,479,30,1273,479,35,479,36,1275,       485P    358
479,18,479,33,1277,479,24,479,34,1279,479,35,479,20,1281,479,36,     485P    359
479,21,1283,479,37,479,38,1285,479,38,479,39,1287,479,40,479,39,     485P    360
1289,479,40,479,37,1291,479,41,479,42,1293,479,42,479,22,1295,       485P    361
479,43,479,29,1297,479,44,479,43,1299,479,44,479,41,1301,479,23,     485P    362
479,45,1303,479,45,479,46,1305,479,46,479,47,1307,479,48,479,47,     485P    363
1309,479,48,479,28,1311,479,45,479,42,1313,479,41,479,38,1315,       485P    364
479,37,479,46,1317,479,4,479,3,1319,479,49,479,50,1321,479,51,       485P    365
479,49,1323,479,52,479,51,1325,479,53,479,52,1327,479,54,479,53,     485P    366
1329,479,50,479,54,1331,479,10,479,9,1333,479,43,479,48,1335,        485P    367
479,39,479,44,1337,479,47,479,40,1339,479,8,479,7,1341,479,12,       485P    368
479,11,1343,479,6,479,5,1345,479,25,479,55,1347,479,56,479,55,       485P    369
1349,479,56,479,17,1351,479,32,479,57,1353,479,55,479,57,1355,       485P    370
479,19,479,58,1357,479,57,479,58,1359,479,58,479,56,1361,479,59,     485P    371
479,60,1363,479,60,479,61,1365,479,61,479,62,1367,479,62,479,63,     485P    372
1369,479,63,479,64,1371,479,64,479,59,1373,479,60,479,50,1375,       485P    373
479,59,479,49,1377,479,64,479,51,1379,479,63,479,52,1381,479,62,     485P    374
479,53,1383,479,61,479,54,1385,479,2,479,1;                          485P    375
504,50,1387,481,1,481,2,1389,481,2,481,3,1391,481,4,481,3,1393,      487P    376
481,5,481,4,1395,481,1,481,5,1397,481,6,481,7,1399,481,7,481,2,      487P    377
1401,481,6,481,1,1403,481,8,481,9,1405,481,9,481,10,1407,481,11,     487P    378
481,10,1409,481,8,481,11,1411,481,3,481,12,1413,481,12,481,13,       487P    379
1415,481,13,481,14,1417,481,15,481,14,1419,481,16,481,15,1421,       487P    380
481,16,481,17,1423,481,18,481,17,1425,481,19,481,18,1427,481,19,     487P    381
481,20,1429,481,4,481,20,1431,481,12,481,5,1433,481,20,481,21,       487P    382
1435,481,22,481,21,1437,481,23,481,22,1439,481,23,481,24,1441,       487P    383
481,25,481,24,1443,481,26,481,25,1445,481,26,481,13,1447,481,18,     487P    384
481,27,1449,481,19,481,27,1451,481,14,481,28,1453,481,28,481,15,     487P    385
1455,481,21,481,29,1457,481,29,481,22,1459,481,25,481,30,1461,       487P    386
481,26,481,30,1463,481,9,481,8,1465,481,10,481,11,1467,481,7,        487P    387
481,6,1469,481,2,481,1,1471,481,29,481,27,1473,481,28,481,30,        487P    388
1475,481,28,481,27,1477,481,29,481,30,1479,481,16,481,28,1481,       487P    389
481,17,481,27,1483,481,23,481,29,1485,481,24,481,30;                 487P    390
504,92,1487,483,1,483,2,1489,483,1,483,3,1491,483,3,483,4,1493,      489P    391
483,2,483,4,1495,483,5,483,6,1497,483,6,483,7,1499,483,7,483,8,      489P    392
1501,483,5,483,8,1503,483,9,483,10,1505,483,10,483,11,1507,483,      489P    393
11,483,12,1509,483,9,483,12,1511,483,13,483,14,1513,483,13,483,      489P    394
15,1515,483,15,483,16,1517,483,14,483,16,1519,483,17,483,18,         489P    395
1521,483,19,483,18,1523,483,20,483,19,1525,483,20,483,17,1527,       489P    396
483,18,483,14,1529,483,19,483,16,1531,483,17,483,13,1533,483,15,     489P    397
483,20,1535,483,21,483,22,1537,483,21,483,23,1539,483,23,483,24,     489P    398
1541,483,24,483,22,1543,483,25,483,26,1545,483,27,483,26,1547,       489P    399
483,28,483,27,1549,483,25,483,28,1551,483,23,483,29,1553,483,29,     489P    400
483,30,1555,483,30,483,31,1557,483,31,483,32,1559,483,32,483,33,     489P    401
1561,483,33,483,34,1563,483,34,483,26,1565,483,35,483,25,1567,       489P    402
483,35,483,36,1569,483,37,483,36,1571,483,37,483,38,1573,483,24,     489P    403
483,38,1575,483,8,483,7,1577,483,12,483,11,1579,483,21,483,39,       489P    404
1581,483,22,483,40,1583,483,40,483,41,1585,483,41,483,42,1587,       489P    405
483,42,483,43,1589,483,43,483,28,1591,483,44,483,27,1593,483,45,     489P    406
483,44,1595,483,46,483,45,1597,483,47,483,46,1599,483,48,483,47,     489P    407
1601,483,39,483,48,1603,483,6,483,5,1605,483,10,483,9,1607,483,      489P    408
43,483,35,1609,483,36,483,42,1611,483,41,483,37,1613,483,38,483,     489P    409
40,1615,483,39,483,29,1617,483,48,483,30,1619,483,47,483,31,         489P    410
1621,483,46,483,32,1623,483,45,483,33,1625,483,44,483,34,1627,       489P    411
483,46,483,15,1629,483,32,483,16,1631,483,20,483,47,1633,483,19,     489P    412
483,31,1635,483,49,483,50,1637,483,13,483,49,1639,483,14,483,50,     489P    413
1641,483,51,483,17,1643,483,51,483,52,1645,483,52,483,18,1647,       489P    414
483,52,483,50,1649,483,49,483,51,1651,483,51,483,53,1653,483,54,     489P    415
483,53,1655,483,52,483,54,1657,483,55,483,50,1659,483,55,483,56,     489P    416
1661,483,56,483,49,1663,483,54,483,55,1665,483,4,483,3,1667,483,     489P    417
53,483,56,1669,483,2,483,1;                                          489P    418
128,1,1,1,1,0,0,1,0,0,-1.651,-1.651,1.651,1.651,-1.651,-1.651,       491P    419
1.651,1.651,1.,1.,1.,1.,1.65099999999997,60.351,14.25,               491P    420
-1.65100000000003,60.351,14.25,1.65099999999997,57.049,14.25,        491P    421
-1.65100000000003,57.049,14.25,-1.651,1.651,-1.651,1.651;            491P    422
128,1,1,1,1,0,0,1,0,0,-1.651,-1.651,1.651,1.651,-1.651,-1.651,       493P    423
1.651,1.651,1.,1.,1.,1.,1.65099999999997,14.851,14.25,               493P    424
-1.65100000000003,14.851,14.25,1.65099999999997,11.549,14.25,        493P    425
-1.65100000000003,11.549,14.25,-1.651,1.651,-1.651,1.651;            493P    426
128,1,1,1,1,0,0,1,0,0,-3.00100000000001,-3.00100000000001,           495P    427
3.00100000000001,3.00100000000001,-26.251,-26.251,26.251,26.251,     495P    428
1.,1.,1.,1.,3.00099999999999,62.201,19.2,-3.00100000000004,          495P    429
62.201,19.2,3.00099999999999,9.69899999999999,19.2,                  495P    430
-3.00100000000004,9.69899999999999,19.2,-3.00100000000001,           495P    431
3.00100000000001,-26.251,26.251;                                     495P    432
128,1,1,1,1,0,0,1,0,0,-3.00100000000001,-3.00100000000001,           497P    433
3.00100000000001,3.00100000000001,-26.251,-26.251,26.251,26.251,     497P    434
1.,1.,1.,1.,-3.00100000000004,62.201,9.99999999986129,               497P    435
3.00099999999999,62.201,9.99999999986129,-3.00100000000004,          497P    436
9.69899999999999,9.99999999986129,3.00099999999999,                  497P    437
9.69899999999999,9.99999999986129,-3.00100000000001,                 497P    438
3.00100000000001,-26.251,26.251;                                     497P    439
128,1,1,1,1,0,0,1,0,0,-4.60100000006934,-4.60100000006934,           499P    440
4.60100000006934,4.60100000006934,-3.00100000000001,                 499P    441
-3.00100000000001,3.00100000000001,3.00100000000001,1.,1.,1.,1.,     499P    442
-3.00100000000004,62.2,9.99899999986129,-3.00100000000004,62.2,      499P    443
19.201,3.00099999999999,62.2,9.99899999986129,3.00099999999999,      499P    444
62.2,19.201,-4.60100000006934,4.60100000006934,                      499P    445
-3.00100000000001,3.00100000000001;                                  499P    446
128,1,1,1,1,0,0,1,0,0,-4.60100000006934,-4.60100000006934,           501P    447
4.60100000006934,4.60100000006934,-26.251,-26.251,26.251,26.251,     501P    448
1.,1.,1.,1.,-3.00000000000004,62.201,19.201,-3.00000000000004,       501P    449
62.201,9.99899999986129,-3.00000000000004,9.69899999999999,          501P    450
19.201,-3.00000000000004,9.69899999999999,9.99899999986129,          501P    451
-4.60100000006934,4.60100000006934,-26.251,26.251;                   501P    452
128,1,1,1,1,0,0,1,0,0,-4.60100000006934,-4.60100000006934,           503P    453
4.60100000006934,4.60100000006934,-3.00100000000001,                 503P    454
-3.00100000000001,3.00100000000001,3.00100000000001,1.,1.,1.,1.,     503P    455
-3.00100000000004,9.69999999999999,19.201,-3.00100000000004,         503P    456
9.69999999999999,9.99899999986129,3.00099999999999,                  503P    457
9.69999999999999,19.201,3.00099999999999,9.69999999999999,           503P    458
9.99899999986129,-4.60100000006934,4.60100000006934,                 503P    459
-3.00100000000001,3.00100000000001;                                  503P    460
128,1,1,1,1,0,0,1,0,0,-4.60100000006934,-4.60100000006934,           505P    461
4.60100000006934,4.60100000006934,-26.251,-26.251,26.251,26.251,     505P    462
1.,1.,1.,1.,2.99999999999999,62.201,9.99899999986129,                505P    463
2.99999999999999,62.201,19.201,2.99999999999999,                     505P    464
9.69899999999999,9.99899999986129,2.99999999999999,                  505P    465
9.69899999999999,19.201,-4.60100000006934,4.60100000006934,          505P    466
-26.251,26.251;                                                      505P    467
128,1,4,1,2,0,0,0,0,0,0.,0.,3.,3.,-3.14159265358979,                 507P    468
-3.14159265358979,-3.14159265358979,-1.5707963267949,                507P    469
-1.5707963267949,0.,0.,0.,1.,1.,0.707106781186548,                   507P    470
0.707106781186548,1.,1.,0.707106781186548,0.707106781186548,1.,      507P    471
1.,2.,0.,6.,2.,0.,0.,2.,-2.,6.,2.,-2.,0.,1.73472347597681D-15,       507P    472
-2.,6.,1.73472347597681D-15,-2.,0.,-2.,-2.,6.,-2.,-2.,0.,-2.,0.,     507P    473
6.,-2.,0.,0.,0.,3.,-3.14159265358979,0.;                             507P    474
128,1,4,1,2,0,0,0,0,0,-1.05882352941176,-1.05882352941176,0.,0.,     509P    475
-3.14159265358979,-3.14159265358979,-3.14159265358979,               509P    476
-1.5707963267949,-1.5707963267949,0.,0.,0.,1.,1.,                    509P    477
0.707106781186548,0.707106781186548,1.,1.,0.707106781186548,         509P    478
0.707106781186548,1.,1.,2.6,0.,4.4,2.6,0.,8.,2.60000000000001,       509P    479
-3.4,4.4,2.60000000000001,-3.4,8.,6.,-3.4,4.4,6.,-3.4,8.,9.4,        509P    480
-3.4,4.4,9.4,-3.4,8.,9.4,0.,4.4,9.4,0.,8.,-1.05882352941176,0.,      509P    481
-3.14159265358979,0.;                                                509P    482
128,1,4,1,2,0,0,0,0,0,-3.55555555555555,-3.55555555555555,-1.6,      511P    483
-1.6,-3.14159265358979,-3.14159265358979,-3.14159265358979,          511P    484
-1.5707963267949,-1.5707963267949,0.,0.,0.,1.,1.,                    511P    485
0.707106781186548,0.707106781186548,1.,1.,0.707106781186548,         511P    486
0.707106781186548,1.,1.,3.75,0.,0.,3.75,0.,4.4,3.75,-2.25,0.,        511P    487
3.75,-2.25,4.4,6.,-2.25,0.,6.,-2.25,4.4,8.25,-2.25,0.,8.25,          511P    488
-2.25,4.4,8.25,0.,0.,8.25,0.,4.4,-3.55555555555555,-1.6,             511P    489
-3.14159265358979,0.;                                                511P    490
128,1,4,1,2,0,0,0,0,0,2.22266666666666,2.22266666666666,             513P    491
4.00044444444444,4.00044444444444,-3.14159265358979,                 513P    492
-3.14159265358979,-3.14159265358979,-1.5707963267949,                513P    493
-1.5707963267949,0.,0.,0.,1.,1.,0.707106781186548,                   513P    494
0.707106781186548,1.,1.,0.707106781186548,0.707106781186548,1.,      513P    495
1.,-9.45,0.,5.,-9.45,0.,9.,-9.45,-2.25,5.,-9.45,-2.25,9.,-7.2,       513P    496
-2.25,5.,-7.2,-2.25,9.,-4.95,-2.25,5.,-4.95,-2.25,9.,-4.95,0.,       513P    497
5.,-4.95,0.,9.,2.22266666666666,4.00044444444444,                    513P    498
-3.14159265358979,0.;                                                513P    499
128,1,4,1,2,0,0,0,0,0,2.22266666666666,2.22266666666666,             515P    500
4.00044444444444,4.00044444444444,0.,0.,0.,1.5707963267949,          515P    501
1.5707963267949,3.14159265358979,3.14159265358979,                   515P    502
3.14159265358979,1.,1.,0.707106781186548,0.707106781186548,1.,       515P    503
1.,0.707106781186548,0.707106781186548,1.,1.,-4.95,0.,5.,-4.95,      515P    504
0.,9.,-4.95,2.25,5.,-4.95,2.25,9.,-7.2,2.25,5.,-7.2,2.25,9.,         515P    505
-9.45,2.25,5.,-9.45,2.25,9.,-9.45,0.,5.,-9.45,0.,9.,                 515P    506
2.22266666666666,4.00044444444444,0.,3.14159265358979;               515P    507
128,1,1,1,1,0,0,1,0,0,8.499,8.499,17.701,17.701,                     517P    508
-0.00100000000000089,-0.00100000000000089,12.001,12.001,1.,1.,       517P    509
1.,1.,-12.5,-6.001,0.799,-12.5,-6.001,10.001,-12.5,6.001,0.799,      517P    510
-12.5,6.001,10.001,8.499,17.701,-0.00100000000000089,12.001;         517P    511
128,1,1,1,1,0,0,1,0,0,-1.701,-1.701,4.001,4.001,-6.001,-6.001,       519P    512
6.001,6.001,1.,1.,1.,1.,-4.001,-6.001,18.5,1.701,-6.001,18.5,        519P    513
-4.001,6.001,18.5,1.701,6.001,18.5,-1.701,4.001,-6.001,6.001;        519P    514
128,1,1,1,1,0,0,1,0,0,-12.001,-12.001,-9.124,-9.124,-0.001,          521P    515
-0.001,8.501,8.501,1.,1.,1.,1.,-4.,-3.124,9.999,-4.,-6.001,          521P    516
9.999,-4.,-3.124,18.501,-4.,-6.001,18.501,-12.001,-9.124,-0.001,     521P    517
8.501;                                                               521P    518
128,1,1,1,1,0,0,1,0,0,-2.876,-2.876,0.00099999999999989,             523P    519
0.00099999999999989,-0.001,-0.001,8.501,8.501,1.,1.,1.,1.,-4.,       523P    520
6.001,9.999,-4.,3.124,9.999,-4.,6.001,18.501,-4.,3.124,18.501,       523P    521
-2.876,0.00099999999999989,-0.001,8.501;                             523P    522
128,1,1,1,1,0,0,1,0,0,-12.501,-12.501,-3.999,-3.999,-6.001,          525P    523
-6.001,-3.124,-3.124,1.,1.,1.,1.,-12.501,-6.001,10.,-3.999,          525P    524
-6.001,10.,-12.501,-3.124,10.,-3.999,-3.124,10.,-12.501,-3.999,      525P    525
-6.001,-3.124;                                                       525P    526
128,1,1,1,1,0,0,1,0,0,-12.501,-12.501,-3.999,-3.999,3.124,3.124,     527P    527
6.001,6.001,1.,1.,1.,1.,-12.501,3.124,10.,-3.999,3.124,10.,          527P    528
-12.501,6.001,10.,-3.999,6.001,10.,-12.501,-3.999,3.124,6.001;       527P    529
128,1,1,1,1,0,0,1,0,0,-18.501,-18.501,-10.499,-10.499,2.999,         529P    530
2.999,9.001,9.001,1.,1.,1.,1.,12.5,-3.001,8.001,12.5,-3.001,         529P    531
-0.00100000000000477,12.5,3.001,8.001,12.5,3.001,                    529P    532
-0.00100000000000477,-18.501,-10.499,2.999,9.001;                    529P    533
128,1,1,1,1,0,0,1,0,0,-0.001,-0.001,18.501,18.501,-0.001,-0.001,     531P    534
22.001,22.001,1.,1.,1.,1.,-12.501,6.,-0.00100000000000477,           531P    535
-12.501,6.,18.501,9.501,6.,-0.00100000000000477,9.501,6.,18.501,     531P    536
-0.001,18.501,-0.001,22.001;                                         531P    537
128,1,1,1,1,0,0,1,0,0,-18.501,-18.501,0.00100000000000122,           533P    538
0.00100000000000122,-0.001,-0.001,22.001,22.001,1.,1.,1.,1.,         533P    539
-12.501,-6.,18.501,-12.501,-6.,-0.00100000000000477,9.501,-6.,       533P    540
18.501,9.501,-6.,-0.00100000000000477,-18.501,                       533P    541
0.00100000000000122,-0.001,22.001;                                   533P    542
128,1,1,1,1,0,0,1,0,0,-12.501,-12.501,11.701,11.701,-6.001,          535P    543
-6.001,6.001,6.001,1.,1.,1.,1.,12.501,-6.001,0.,-11.701,-6.001,      535P    544
0.,12.501,6.001,0.,-11.701,6.001,0.,-12.501,11.701,-6.001,6.001;     535P    545
128,1,1,1,1,0,0,1,0,0,-0.001,-0.001,12.001,12.001,-0.001,-0.001,     537P    546
10.501,10.501,1.,1.,1.,1.,1.7,-6.001,7.999,1.7,6.001,7.999,1.7,      537P    547
-6.001,18.501,1.7,6.001,18.501,-0.001,12.001,-0.001,10.501;          537P    548
128,1,1,1,1,0,0,1,0,0,1.699,1.699,12.501,12.501,-6.001,-6.001,       539P    549
6.001,6.001,1.,1.,1.,1.,1.699,-6.001,8.,12.501,-6.001,8.,1.699,      539P    550
6.00100000000001,8.,12.501,6.00100000000001,8.,1.699,12.501,         539P    551
-6.001,6.001;                                                        539P    552
128,1,2,1,2,0,0,0,0,0,3.5,3.5,6.16666666666667,6.16666666666667,     541P    553
1.5707963267949,1.5707963267949,1.5707963267949,                     541P    554
3.14159265358979,3.14159265358979,3.14159265358979,1.,1.,            541P    555
0.707106781186547,0.707106781186547,1.,1.,9.5,6.,                    541P    556
-3.5527136788005D-15,9.5,6.,8.,12.5,6.,-3.5527136788005D-15,         541P    557
12.5,6.,8.,12.5,3.,-3.5527136788005D-15,12.5,3.,8.,3.5,              541P    558
6.16666666666667,1.5707963267949,3.14159265358979;                   541P    559
128,1,2,1,2,0,0,0,0,0,3.5,3.5,6.16666666666667,6.16666666666667,     543P    560
-3.14159265358979,-3.14159265358979,-3.14159265358979,               543P    561
-1.5707963267949,-1.5707963267949,-1.5707963267949,1.,1.,            543P    562
0.707106781186547,0.707106781186547,1.,1.,12.5,-3.,                  543P    563
-3.5527136788005D-15,12.5,-3.,8.,12.5,-6.,-3.5527136788005D-15,      543P    564
12.5,-6.,8.,9.5,-6.,-3.5527136788005D-15,9.5,-6.,8.,3.5,             543P    565
6.16666666666667,-3.14159265358979,-1.5707963267949;                 543P    566
128,1,4,1,2,0,0,0,0,0,-3.55555555555555,-3.55555555555555,-1.6,      545P    567
-1.6,0.,0.,0.,1.5707963267949,1.5707963267949,3.14159265358979,      545P    568
3.14159265358979,3.14159265358979,1.,1.,0.707106781186548,           545P    569
0.707106781186548,1.,1.,0.707106781186548,0.707106781186548,1.,      545P    570
1.,8.25,0.,0.,8.25,0.,4.4,8.25,2.25,0.,8.25,2.25,4.4,6.,2.25,0.,     545P    571
6.,2.25,4.4,3.75,2.25,0.,3.75,2.25,4.4,3.75,0.,0.,3.75,0.,4.4,       545P    572
-3.55555555555555,-1.6,0.,3.14159265358979;                          545P    573
128,1,1,1,1,0,0,1,0,0,-1.151,-1.151,5.651,5.651,-3.401,-3.401,       547P    574
3.401,3.401,1.,1.,1.,1.,2.599,-3.401,4.4,9.401,-3.401,4.4,2.599,     547P    575
3.401,4.4,9.401,3.401,4.4,-1.151,5.651,-3.401,3.401;                 547P    576
128,1,4,1,2,0,0,0,0,0,-1.05882352941176,-1.05882352941176,0.,0.,     549P    577
0.,0.,0.,1.5707963267949,1.5707963267949,3.14159265358979,           549P    578
3.14159265358979,3.14159265358979,1.,1.,0.707106781186548,           549P    579
0.707106781186548,1.,1.,0.707106781186548,0.707106781186548,1.,      549P    580
1.,9.4,0.,4.4,9.4,0.,8.,9.4,3.4,4.4,9.4,3.4,8.,6.,3.4,4.4,6.,        549P    581
3.4,8.,2.60000000000001,3.4,4.4,2.60000000000001,3.4,8.,2.6,0.,      549P    582
4.4,2.6,0.,8.,-1.05882352941176,0.,0.,3.14159265358979;              549P    583
128,1,1,1,1,0,0,1,0,0,-10.302,-10.302,-1.77635683940025D-15,         551P    584
-1.77635683940025D-15,-0.001,-0.001,10.601,10.601,1.,1.,1.,1.,       551P    585
-12.501,-3.125,8.199,-12.501,-3.125,18.501,-1.899,-3.125,8.199,      551P    586
-1.899,-3.125,18.501,-10.302,-1.77635683940025D-15,-0.001,           551P    587
10.601;                                                              551P    588
128,1,1,1,1,0,0,1,0,0,-9.502,-9.502,-1.77635683940025D-15,           553P    589
-1.77635683940025D-15,-6.251,-6.251,0.001,0.001,1.,1.,1.,1.,         553P    590
-1.9,-3.126,8.999,-1.9,-3.126,18.501,-1.9,3.126,8.999,-1.9,          553P    591
3.126,18.501,-9.502,-1.77635683940025D-15,-6.251,0.001;              553P    592
128,1,1,1,1,0,0,1,0,0,1.22211268882566D-15,1.22211268882566D-15,     555P    593
10.302,10.302,-0.001,-0.001,10.601,10.601,1.,1.,1.,1.,-12.501,       555P    594
3.125,18.501,-12.501,3.125,8.199,-1.899,3.125,18.501,-1.899,         555P    595
3.125,8.199,1.22211268882566D-15,10.302,-0.001,10.601;               555P    596
128,1,1,1,1,0,0,1,0,0,-11.701,-11.701,-1.899,-1.899,-3.126,          557P    597
-3.126,3.126,3.126,1.,1.,1.,1.,-11.701,-3.126,9.,-1.899,-3.126,      557P    598
9.,-11.701,3.126,9.,-1.899,3.126,9.,-11.701,-1.899,-3.126,3.126;     557P    599
128,1,1,1,1,0,0,1,0,0,2.98434303491574,2.98434303491574,             559P    600
11.4156569650843,11.4156569650843,-3.65099999999998,                 559P    601
-3.65099999999998,3.65100000000001,3.65100000000001,1.,1.,1.,1.,     559P    602
-2.98434303491574,-3.65099999999998,5.,-11.4156569650843,            559P    603
-3.65099999999998,5.,-2.98434303491574,3.65100000000001,5.,          559P    604
-11.4156569650843,3.65100000000001,5.,2.98434303491574,              559P    605
11.4156569650843,-3.65099999999998,3.65100000000001;                 559P    606
128,1,1,1,1,0,0,1,0,0,-4.21565696508427,-4.21565696508427,           561P    607
0.00100000000000033,0.00100000000000033,-5.001,-5.001,0.001,         561P    608
0.001,1.,1.,1.,1.,-11.4151569650843,-0.000866025403768826,           561P    609
-0.00100000000000033,-9.30682848254213,3.6508660254038,              561P    610
-0.00100000000000033,-11.4151569650843,-0.000866025403768678,        561P    611
5.001,-9.30682848254213,3.6508660254038,5.001,-4.21565696508427,     561P    612
0.00100000000000033,-5.001,0.001;                                    561P    613
128,1,1,1,1,0,0,1,0,0,-4.21565696508427,-4.21565696508427,           563P    614
0.00100000000000033,0.00100000000000033,-5.001,-5.001,0.001,         563P    615
0.001,1.,1.,1.,1.,-9.30682848254213,-3.65086602540377,               563P    616
-0.00100000000000033,-11.4151569650843,0.00086602540380154,          563P    617
-0.00100000000000033,-9.30682848254213,-3.65086602540377,5.001,      563P    618
-11.4151569650843,0.00086602540380154,5.001,-4.21565696508427,       563P    619
0.00100000000000033,-5.001,0.001;                                    563P    620
128,1,1,1,1,0,0,1,0,0,-0.001,-0.001,5.001,5.001,                     565P    621
-4.21565696508426,-4.21565696508426,0.001,0.001,1.,1.,1.,1.,         565P    622
-9.30832848254213,-3.64999999999998,-0.00100000000000033,            565P    623
-9.30832848254213,-3.64999999999998,5.001,-5.09167151745787,         565P    624
-3.64999999999998,-0.00100000000000033,-5.09167151745787,            565P    625
-3.64999999999998,5.001,-0.001,5.001,-4.21565696508426,0.001;        565P    626
128,1,1,1,1,0,0,1,0,0,-4.21565696508427,-4.21565696508427,           567P    627
0.00100000000000033,0.00100000000000033,-5.001,-5.001,0.001,         567P    628
0.001,1.,1.,1.,1.,-2.98484303491573,0.000866025403798316,            567P    629
-0.00100000000000122,-5.09317151745787,-3.65086602540377,            567P    630
-0.00100000000000122,-2.98484303491573,0.000866025403798432,         567P    631
5.001,-5.09317151745787,-3.65086602540377,5.001,                     567P    632
-4.21565696508427,0.00100000000000033,-5.001,0.001;                  567P    633
128,1,1,1,1,0,0,1,0,0,-4.21565696508427,-4.21565696508427,           569P    634
0.00100000000000033,0.00100000000000033,-5.001,-5.001,0.001,         569P    635
0.001,1.,1.,1.,1.,-5.09317151745787,3.6508660254038,                 569P    636
-0.00100000000000033,-2.98484303491573,-0.000866025403771342,        569P    637
-0.00100000000000033,-5.09317151745787,3.6508660254038,5.001,        569P    638
-2.98484303491573,-0.000866025403771342,5.001,-4.21565696508427,     569P    639
0.00100000000000033,-5.001,0.001;                                    569P    640
128,1,1,1,1,0,0,1,0,0,-4.21565696508426,-4.21565696508426,           571P    641
0.00100000000000033,0.00100000000000033,-5.001,-5.001,0.001,         571P    642
0.001,1.,1.,1.,1.,-9.30832848254213,3.65000000000001,                571P    643
-0.00100000000000033,-5.09167151745787,3.65000000000001,             571P    644
-0.00100000000000033,-9.30832848254213,3.65000000000001,5.001,       571P    645
-5.09167151745787,3.65000000000001,5.001,-4.21565696508426,          571P    646
0.00100000000000033,-5.001,0.001;                                    571P    647
128,1,4,1,2,0,0,0,0,0,0.,0.,3.,3.,0.,0.,0.,1.5707963267949,          573P    648
1.5707963267949,3.14159265358979,3.14159265358979,                   573P    649
3.14159265358979,1.,1.,0.707106781186548,0.707106781186548,1.,       573P    650
1.,0.707106781186548,0.707106781186548,1.,1.,-2.,0.,6.,-2.,0.,       573P    651
0.,-2.,2.,6.,-2.,2.,0.,1.73472347597681D-15,2.,6.,                   573P    652
1.73472347597681D-15,2.,0.,2.,2.,6.,2.,2.,0.,2.,0.,6.,2.,0.,0.,      573P    653
0.,3.,0.,3.14159265358979;                                           573P    654
128,1,1,1,1,0,0,1,0,0,-2.001,-2.001,2.001,2.001,-2.001,-2.001,       575P    655
2.001,2.001,1.,1.,1.,1.,2.001,-2.001,6.,-2.001,-2.001,6.,2.001,      575P    656
2.001,6.,-2.001,2.001,6.,-2.001,2.001,-2.001,2.001;                  575P    657
128,1,1,1,1,0,0,1,0,0,-3.126,-3.126,3.126,3.126,-0.001,-0.001,       577P    658
1.13237084989847,1.13237084989847,1.,1.,1.,1.,-11.6992928932188,     577P    659
-3.126,9.00070710678119,-11.6992928932188,3.126,                     577P    660
9.00070710678119,-12.5007071067812,-3.126,8.19929289321881,          577P    661
-12.5007071067812,3.126,8.19929289321881,-3.126,3.126,-0.001,        577P    662
1.13237084989847;                                                    577P    663
128,1,1,1,1,0,0,1,0,0,-0.00100000000000089,-0.00100000000000089,     579P    664
12.001,12.001,-0.001,-0.001,1.13237084989848,1.13237084989848,       579P    665
1.,1.,1.,1.,-12.5007071067812,-6.001,0.800707106781189,              579P    666
-12.5007071067812,6.001,0.800707106781189,-11.6992928932188,         579P    667
-6.001,-0.000707106781186906,-11.6992928932188,6.001,                579P    668
-0.000707106781186906,-0.00100000000000089,12.001,-0.001,            579P    669
1.13237084989848;                                                    579P    670
128,2,4,2,2,0,0,0,0,0,0.,0.,0.,1.14801441666562,                     581P    671
1.14801441666562,1.14801441666562,0.,0.,0.,1.5707963267949,          581P    672
1.5707963267949,3.14159265358979,3.14159265358979,                   581P    673
3.14159265358979,1.,0.839731803411741,1.,0.707106781186548,          581P    674
0.593780052570451,0.707106781186548,1.,0.839731803411741,1.,         581P    675
0.707106781186548,0.593780052570451,0.707106781186548,1.,            581P    676
0.839731803411741,1.,-1.89576139621787,0.,2.00020764119601,          581P    677
-1.80024821851821,0.,2.2125,-1.56745901618947,0.,2.2125,             581P    678
-1.89576139621787,2.00020764119601,2.00020764119601,                 581P    679
-1.80024821851821,2.2125,2.2125,-1.56745901618947,2.2125,2.2125,     581P    680
-1.89576139621787,2.00020764119601,0.,-1.80024821851821,2.2125,      581P    681
0.,-1.56745901618947,2.2125,0.,-1.89576139621787,                    581P    682
2.00020764119601,-2.00020764119601,-1.80024821851821,2.2125,         581P    683
-2.2125,-1.56745901618947,2.2125,-2.2125,-1.89576139621787,0.,       581P    684
-2.00020764119601,-1.80024821851821,0.,-2.2125,                      581P    685
-1.56745901618947,0.,-2.2125,0.,1.14801441666562,0.,                 581P    686
3.14159265358979;                                                    581P    687
128,1,4,1,2,0,0,0,0,0,-9.66101694915253,-9.66101694915253,           583P    688
-8.95256089663751,-8.95256089663751,0.,0.,0.,1.5707963267949,        583P    689
1.5707963267949,3.14159265358979,3.14159265358979,                   583P    690
3.14159265358979,1.,1.,0.707106781186548,0.707106781186548,1.,       583P    691
1.,0.707106781186548,0.707106781186548,1.,1.,-1.56745901618948,      583P    692
0.,2.2125,0.,0.,2.2125,-1.56745901618948,2.2125,2.2125,0.,           583P    693
2.2125,2.2125,-1.56745901618948,2.2125,0.,0.,2.2125,0.,              583P    694
-1.56745901618948,2.2125,-2.2125,0.,2.2125,-2.2125,                  583P    695
-1.56745901618948,0.,-2.2125,0.,0.,-2.2125,-9.66101694915253,        583P    696
-8.95256089663751,0.,3.14159265358979;                               583P    697
128,1,4,1,2,0,0,0,0,0,-18.25,-18.25,-14.25,-14.25,0.,0.,0.,          585P    698
1.5707963267949,1.5707963267949,3.14159265358979,                    585P    699
3.14159265358979,3.14159265358979,1.,1.,0.707106781186548,           585P    700
0.707106781186548,1.,1.,0.707106781186548,0.707106781186548,1.,      585P    701
1.,0.,0.,1.5,6.,0.,1.5,0.,1.5,1.5,6.,1.5,1.5,0.,1.5,0.,6.,1.5,       585P    702
0.,0.,1.5,-1.5,6.,1.5,-1.5,0.,0.,-1.5,6.,0.,-1.5,-18.25,-14.25,      585P    703
0.,3.14159265358979;                                                 585P    704
128,2,2,2,2,0,0,0,0,0,-2.51235680555977D-17,                         587P    705
-2.51235680555977D-17,-2.51235680555977D-17,0.422781910129277,       587P    706
0.422781910129277,0.422781910129277,-1.99357823692417,               587P    707
-1.99357823692417,-1.99357823692417,-1.14801441666562,               587P    708
-1.14801441666562,-1.14801441666562,1.,0.977740010338753,1.,         587P    709
0.911951055634435,0.891651034564449,0.911951055634435,1.,            587P    710
0.977740010338753,1.,-1.50431679837971,-1.82409146987677,            587P    711
-2.00020764119601,-1.89576139621787,-2.00020764119601,               587P    712
-1.04616048371191,-1.89576139621787,-2.00020764119601,               587P    713
1.22477394271039D-16,-2.325,2.20436423846523D-16,                    587P    714
-2.00020764119601,-2.79568162389867,2.20436423846523D-16,            587P    715
-1.04616048371191,-2.79568162389867,2.20436423846523D-16,            587P    716
1.22477394271039D-16,-1.50431679837971,1.82409146987677,             587P    717
-2.00020764119601,-1.89576139621787,2.00020764119601,                587P    718
-1.04616048371191,-1.89576139621787,2.00020764119601,                587P    719
1.22477394271039D-16,-2.51235680555977D-17,0.422781910129277,        587P    720
-1.99357823692417,-1.14801441666562;                                 587P    721
128,2,2,2,2,0,0,0,0,0,-0.422781910129277,-0.422781910129277,         589P    722
-0.422781910129277,6.59811120382275D-17,6.59811120382275D-17,        589P    723
6.59811120382275D-17,-1.99357823692417,-1.99357823692417,            589P    724
-1.99357823692417,-1.14801441666562,-1.14801441666562,               589P    725
-1.14801441666562,1.,0.977740010338752,1.,0.911951055634435,         589P    726
0.891651034564448,0.911951055634435,1.,0.977740010338752,1.,         589P    727
-1.89576139621787,-2.00020764119601,-3.21657921186359D-16,           589P    728
-1.89576139621787,-2.00020764119601,1.04616048371191,                589P    729
-1.50431679837971,-1.82409146987677,2.00020764119601,                589P    730
-2.79568162389867,2.20436423846523D-16,-3.21657921186359D-16,        589P    731
-2.79568162389867,2.20436423846523D-16,1.04616048371191,-2.325,      589P    732
2.20436423846523D-16,2.00020764119601,-1.89576139621787,             589P    733
2.00020764119601,-3.21657921186359D-16,-1.89576139621787,            589P    734
2.00020764119601,1.04616048371191,-1.50431679837971,                 589P    735
1.82409146987677,2.00020764119601,-0.422781910129277,                589P    736
6.59811120382275D-17,-1.99357823692417,-1.14801441666562;            589P    737
128,1,1,1,1,0,0,1,0,0,-2.71977379766583,-2.71977379766583,           591P    738
-0.28981787298508,-0.28981787298508,0.231500000000001,               591P    739
0.231500000000001,1.94883502836693,1.94883502836693,1.,1.,1.,1.,     591P    740
-2.3010690870949,0.173625000000001,-0.346479005203904,               591P    741
-0.486753354468613,0.173625000000001,-0.174304144862838,             591P    742
-2.3010690870949,1.4616262712752,-0.346479005203904,                 591P    743
-0.486753354468613,1.4616262712752,-0.174304144862838,               591P    744
-2.71977379766583,-0.28981787298508,0.231500000000001,               591P    745
1.94883502836693;                                                    591P    746
128,1,1,1,1,0,0,1,0,0,-2.71977379766583,-2.71977379766583,           593P    747
-0.28981787298508,-0.28981787298508,-1.94883502836693,               593P    748
-1.94883502836693,-0.231499999999999,-0.231499999999999,1.,1.,       593P    749
1.,1.,-2.3010690870949,-1.4616262712752,-0.346479005203904,          593P    750
-0.486753354468613,-1.4616262712752,-0.174304144862838,              593P    751
-2.3010690870949,-0.173624999999999,-0.346479005203904,              593P    752
-0.486753354468613,-0.173624999999999,-0.174304144862838,            593P    753
-2.71977379766583,-0.28981787298508,-1.94883502836693,               593P    754
-0.231499999999999;                                                  593P    755
128,1,1,1,1,0,0,1,0,0,0.289817872985079,0.289817872985079,           595P    756
2.71977379766583,2.71977379766583,0.231499999999999,                 595P    757
0.231499999999999,1.94883502836693,1.94883502836693,1.,1.,1.,1.,     595P    758
-0.486753354468613,0.173624999999999,0.174304144862838,              595P    759
-2.3010690870949,0.173624999999999,0.346479005203904,                595P    760
-0.486753354468613,1.4616262712752,0.174304144862838,                595P    761
-2.3010690870949,1.4616262712752,0.346479005203904,                  595P    762
0.289817872985079,2.71977379766583,0.231499999999999,                595P    763
1.94883502836693;                                                    595P    764
128,1,1,1,1,0,0,1,0,0,0.28981787298508,0.28981787298508,             597P    765
2.71977379766583,2.71977379766583,-1.94883502836693,                 597P    766
-1.94883502836693,-0.231500000000001,-0.231500000000001,1.,1.,       597P    767
1.,1.,-0.486753354468614,-1.4616262712752,0.174304144862838,         597P    768
-2.3010690870949,-1.4616262712752,0.346479005203904,                 597P    769
-0.486753354468614,-0.173625000000001,0.174304144862838,             597P    770
-2.3010690870949,-0.173625000000001,0.346479005203904,               597P    771
0.28981787298508,2.71977379766583,-1.94883502836693,                 597P    772
-0.231500000000001;                                                  597P    773
128,1,4,1,2,0,0,0,0,0,-18.25,-18.25,-14.25,-14.25,                   599P    774
-3.14159265358979,-3.14159265358979,-3.14159265358979,               599P    775
-1.5707963267949,-1.5707963267949,0.,0.,0.,1.,1.,                    599P    776
0.707106781186548,0.707106781186548,1.,1.,0.707106781186548,         599P    777
0.707106781186548,1.,1.,0.,0.,-1.5,6.,0.,-1.5,0.,-1.5,-1.5,6.,       599P    778
-1.5,-1.5,0.,-1.5,0.,6.,-1.5,0.,0.,-1.5,1.5,6.,-1.5,1.5,0.,0.,       599P    779
1.5,6.,0.,1.5,-18.25,-14.25,-3.14159265358979,0.;                    599P    780
128,1,1,1,1,0,0,1,0,0,-2.951,-2.951,2.951,2.951,-4.951,-4.951,       601P    781
0.951000000000001,0.951000000000001,1.,1.,1.,1.,                     601P    782
8.88178419700125D-16,-2.21325,2.21325,8.88178419700125D-16,          601P    783
-2.21325,-2.21325,8.88178419700125D-16,2.21325,2.21325,              601P    784
8.88178419700125D-16,2.21325,-2.21325,-2.951,2.951,-4.951,           601P    785
0.951000000000001;                                                   601P    786
128,1,4,1,2,0,0,0,0,0,-9.66101694915253,-9.66101694915253,           603P    787
-8.95256089663751,-8.95256089663751,-3.14159265358979,               603P    788
-3.14159265358979,-3.14159265358979,-1.5707963267949,                603P    789
-1.5707963267949,0.,0.,0.,1.,1.,0.707106781186548,                   603P    790
0.707106781186548,1.,1.,0.707106781186548,0.707106781186548,1.,      603P    791
1.,-1.56745901618948,0.,-2.2125,0.,0.,-2.2125,-1.56745901618948,     603P    792
-2.2125,-2.2125,0.,-2.2125,-2.2125,-1.56745901618948,-2.2125,0.,     603P    793
0.,-2.2125,0.,-1.56745901618948,-2.2125,2.2125,0.,-2.2125,           603P    794
2.2125,-1.56745901618948,0.,2.2125,0.,0.,2.2125,                     603P    795
-9.66101694915253,-8.95256089663751,-3.14159265358979,0.;            603P    796
128,2,4,2,2,0,0,0,0,0,0.,0.,0.,1.14801441666562,                     605P    797
1.14801441666562,1.14801441666562,-3.14159265358979,                 605P    798
-3.14159265358979,-3.14159265358979,-1.5707963267949,                605P    799
-1.5707963267949,0.,0.,0.,1.,0.839731803411741,1.,                   605P    800
0.707106781186548,0.593780052570451,0.707106781186548,1.,            605P    801
0.839731803411741,1.,0.707106781186548,0.593780052570451,            605P    802
0.707106781186548,1.,0.839731803411741,1.,-1.89576139621787,0.,      605P    803
-2.00020764119601,-1.80024821851821,0.,-2.2125,                      605P    804
-1.56745901618947,0.,-2.2125,-1.89576139621787,                      605P    805
-2.00020764119601,-2.00020764119601,-1.80024821851821,-2.2125,       605P    806
-2.2125,-1.56745901618947,-2.2125,-2.2125,-1.89576139621787,         605P    807
-2.00020764119601,0.,-1.80024821851821,-2.2125,0.,                   605P    808
-1.56745901618947,-2.2125,0.,-1.89576139621787,                      605P    809
-2.00020764119601,2.00020764119601,-1.80024821851821,-2.2125,        605P    810
2.2125,-1.56745901618947,-2.2125,2.2125,-1.89576139621787,0.,        605P    811
2.00020764119601,-1.80024821851821,0.,2.2125,-1.56745901618947,      605P    812
0.,2.2125,0.,1.14801441666562,-3.14159265358979,0.;                  605P    813
128,1,1,1,1,0,0,1,0,0,-2.001,-2.001,2.001,2.001,-4.001,-4.001,       607P    814
0.00100000000000003,0.00100000000000003,1.,1.,1.,1.,6.,-1.50075,     607P    815
1.50075,6.,-1.50075,-1.50075,6.,1.50075,1.50075,6.,1.50075,          607P    816
-1.50075,-2.001,2.001,-4.001,0.00100000000000003;                    607P    817
128,1,1,1,1,0,0,1,0,0,-0.001,-0.001,2.75614930298782,                609P    818
2.75614930298782,-0.668701598015407,-0.668701598015407,              609P    819
0.203701598015407,0.203701598015407,1.,1.,1.,1.,                     609P    820
-2.09923369496682,1.46869583463152,-0.327151198511555,               609P    821
-0.486915222646602,0.173905387982528,-0.327151198511555,             609P    822
-2.09923369496682,1.46869583463152,0.327151198511555,                609P    823
-0.486915222646602,0.173905387982528,0.327151198511555,-0.001,       609P    824
2.75614930298782,-0.668701598015407,0.203701598015407;               609P    825
128,1,1,1,1,0,0,1,0,0,-2.75614930298782,-2.75614930298782,           611P    826
0.00099999999999989,0.00099999999999989,-0.203701598015408,          611P    827
-0.203701598015408,0.668701598015406,0.668701598015406,1.,1.,1.,     611P    828
1.,-0.486915222646602,-0.173905387982527,-0.327151198511556,         611P    829
-2.09923369496682,-1.46869583463152,-0.327151198511556,              611P    830
-0.486915222646602,-0.173905387982527,0.327151198511554,             611P    831
-2.09923369496682,-1.46869583463152,0.327151198511554,               611P    832
-2.75614930298782,0.00099999999999989,-0.203701598015408,            611P    833
0.668701598015406;                                                   611P    834
128,1,1,1,1,0,0,1,0,0,-0.00100000000000006,-0.00100000000000006,     613P    835
0.466,0.466,-0.466000000000001,-0.466000000000001,                   613P    836
0.00100000000000078,0.00100000000000078,1.,1.,1.,1.,                 613P    837
-0.487499999999999,-0.175125000000001,-0.175125,                     613P    838
-0.487499999999999,-0.175125000000001,0.175125,                      613P    839
-0.487499999999999,0.175125000000001,-0.175125,                      613P    840
-0.487499999999999,0.175125000000001,0.175125,                       613P    841
-0.00100000000000006,0.466,-0.466000000000001,                       613P    842
0.00100000000000078;                                                 613P    843
128,1,1,1,1,0,0,1,0,0,-2.77184095379613,-2.77184095379613,           615P    844
0.00100000000000033,0.00100000000000033,-0.203701598015407,          615P    845
-0.203701598015407,0.668701598015406,0.668701598015406,1.,1.,1.,     615P    846
1.,-0.486915222646602,0.327151198511555,-0.173905387982526,          615P    847
-2.10840981699693,0.32715119851156,-1.47606482242508,                615P    848
-0.486915222646602,-0.327151198511554,-0.173905387982528,            615P    849
-2.10840981699693,-0.327151198511549,-1.47606482242508,              615P    850
-2.77184095379613,0.00100000000000033,-0.203701598015407,            615P    851
0.668701598015406;                                                   615P    852
128,1,1,1,1,0,0,1,0,0,0.289817872985079,0.289817872985079,           617P    853
2.71977379766583,2.71977379766583,-1.94883502836693,                 617P    854
-1.94883502836693,-0.2315,-0.2315,1.,1.,1.,1.,                       617P    855
-0.486753354468612,-0.174304144862833,-1.4616262712752,              617P    856
-2.3010690870949,-0.346479005203899,-1.4616262712752,                617P    857
-0.486753354468612,-0.174304144862837,-0.173625,                     617P    858
-2.3010690870949,-0.346479005203903,-0.173625000000001,              617P    859
0.289817872985079,2.71977379766583,-1.94883502836693,-0.2315;        617P    860
128,1,1,1,1,0,0,1,0,0,-2.71977379766583,-2.71977379766583,           619P    861
-0.28981787298508,-0.28981787298508,-1.94883502836693,               619P    862
-1.94883502836693,-0.2315,-0.2315,1.,1.,1.,1.,-2.3010690870949,      619P    863
0.346479005203909,-1.4616262712752,-0.486753354468613,               619P    864
0.174304144862843,-1.4616262712752,-2.3010690870949,                 619P    865
0.346479005203904,-0.173624999999999,-0.486753354468613,             619P    866
0.174304144862839,-0.173625,-2.71977379766583,-0.28981787298508,     619P    867
-1.94883502836693,-0.2315;                                           619P    868
128,1,1,1,1,0,0,1,0,0,-0.00100000000000044,-0.00100000000000044,     621P    869
2.77184095379613,2.77184095379613,-0.668701598015406,                621P    870
-0.668701598015406,0.203701598015406,0.203701598015406,1.,1.,1.,     621P    871
1.,-2.10840981699693,0.32715119851155,1.47606482242508,              621P    872
-0.486915222646602,0.327151198511554,0.173905387982528,              621P    873
-2.10840981699693,-0.32715119851156,1.47606482242508,                621P    874
-0.486915222646602,-0.327151198511555,0.173905387982526,             621P    875
-0.00100000000000044,2.77184095379613,-0.668701598015406,            621P    876
0.203701598015406;                                                   621P    877
128,1,1,1,1,0,0,1,0,0,-2.71977379766583,-2.71977379766583,           623P    878
-0.289817872985079,-0.289817872985079,0.2315,0.2315,                 623P    879
1.94883502836693,1.94883502836693,1.,1.,1.,1.,-2.3010690870949,      623P    880
0.346479005203903,0.173625000000001,-0.486753354468612,              623P    881
0.174304144862837,0.173625,-2.3010690870949,0.346479005203899,       623P    882
1.4616262712752,-0.486753354468612,0.174304144862833,                623P    883
1.4616262712752,-2.71977379766583,-0.289817872985079,0.2315,         623P    884
1.94883502836693;                                                    623P    885
128,1,1,1,1,0,0,1,0,0,0.289817872985079,0.289817872985079,           625P    886
2.71977379766583,2.71977379766583,0.2315,0.2315,                     625P    887
1.94883502836693,1.94883502836693,1.,1.,1.,1.,                       625P    888
-0.486753354468613,-0.174304144862839,0.173625,-2.3010690870949,     625P    889
-0.346479005203904,0.173624999999999,-0.486753354468613,             625P    890
-0.174304144862843,1.4616262712752,-2.3010690870949,                 625P    891
-0.346479005203909,1.4616262712752,0.289817872985079,                625P    892
2.71977379766583,0.2315,1.94883502836693;                            625P    893
128,1,4,1,2,0,0,0,0,0,4.22266666666668,4.22266666666668,             627P    894
4.44488888888893,4.44488888888893,-3.14159265358979,                 627P    895
-3.14159265358979,-3.14159265358979,-1.5707963267949,                627P    896
-1.5707963267949,0.,0.,0.,1.,1.,0.707106781186548,                   627P    897
0.707106781186548,1.,1.,0.707106781186548,0.707106781186548,1.,      627P    898
1.,-2.25,6.5,9.00000000000004,-2.25,6.5,9.50000000000009,-2.25,      627P    899
4.25,9.00000000000004,-2.25,4.25,9.50000000000009,0.,4.25,           627P    900
9.00000000000004,0.,4.25,9.50000000000009,2.25,4.25,                 627P    901
9.00000000000004,2.25,4.25,9.50000000000009,2.25,6.5,                627P    902
9.00000000000004,2.25,6.5,9.50000000000009,4.22266666666668,         627P    903
4.44488888888893,-3.14159265358979,0.;                               627P    904
128,1,4,1,2,0,0,0,0,0,2.71457142857145,2.71457142857145,             629P    905
2.85742857142859,2.85742857142859,-3.14159265358979,                 629P    906
-3.14159265358979,-3.14159265358979,-1.5707963267949,                629P    907
-1.5707963267949,0.,0.,0.,1.,1.,0.707106781186548,                   629P    908
0.707106781186548,1.,1.,0.707106781186548,0.707106781186548,1.,      629P    909
1.,3.5,6.5,0.,3.5,6.5,-0.5,3.5,3.,0.,3.5,3.,-0.5,0.,3.,0.,0.,3.,     629P    910
-0.5,-3.5,3.,0.,-3.5,3.,-0.5,-3.5,6.5,0.,-3.5,6.5,-0.5,              629P    911
2.71457142857145,2.85742857142859,-3.14159265358979,0.;              629P    912
128,1,4,1,2,0,0,0,0,0,2.71457142857145,2.71457142857145,             631P    913
2.85742857142859,2.85742857142859,-3.14159265358979,                 631P    914
-3.14159265358979,-3.14159265358979,-1.5707963267949,                631P    915
-1.5707963267949,0.,0.,0.,1.,1.,0.707106781186548,                   631P    916
0.707106781186548,1.,1.,0.707106781186548,0.707106781186548,1.,      631P    917
1.,3.5,-6.5,0.,3.5,-6.5,-0.5,3.5,-10.,0.,3.5,-10.,-0.5,0.,-10.,      631P    918
0.,0.,-10.,-0.5,-3.5,-10.,0.,-3.5,-10.,-0.5,-3.5,-6.5,0.,-3.5,       631P    919
-6.5,-0.5,2.71457142857145,2.85742857142859,-3.14159265358979,       631P    920
0.;                                                                  631P    921
128,1,1,1,1,0,0,1,0,0,0.998999999999997,0.998999999999997,           633P    922
8.00100000000001,8.00100000000001,-0.500999999999996,                633P    923
-0.500999999999996,0.00100000000003375,0.00100000000003375,1.,       633P    924
1.,1.,1.,3.,11.999,8.001,3.,11.999,0.998999999999996,3.,12.501,      633P    925
8.001,3.,12.501,0.998999999999996,0.998999999999997,                 633P    926
8.00100000000001,-0.500999999999996,0.00100000000003375;             633P    927
128,1,1,1,1,0,0,1,0,0,1.49899999999999,1.49899999999999,8.501,       635P    928
8.501,-0.501000000000032,-0.501000000000032,0.001,0.001,1.,1.,       635P    929
1.,1.,-3.,11.999,0.998999999999997,-3.,11.999,8.001,-3.,12.501,      635P    930
0.998999999999997,-3.,12.501,8.001,1.49899999999999,8.501,           635P    931
-0.501000000000032,0.001;                                            635P    932
128,1,1,1,1,0,0,1,0,0,-8.00100000000005,-8.00100000000005,           637P    933
-0.999000000000041,-0.999000000000041,-3.001,-3.001,3.001,3.001,     637P    934
1.,1.,1.,1.,-3.001,12.5,0.998999999999996,-3.001,12.5,8.001,         637P    935
3.001,12.5,0.998999999999995,3.001,12.5,8.001,-8.00100000000005,     637P    936
-0.999000000000041,-3.001,3.001;                                     637P    937
128,1,1,1,1,0,0,1,0,0,-8.00100000000005,-8.00100000000005,           639P    938
-0.999000000000041,-0.999000000000041,-3.001,-3.001,3.001,3.001,     639P    939
1.,1.,1.,1.,-3.001,12.,8.001,-3.001,12.,0.998999999999998,3.001,     639P    940
12.,8.001,3.001,12.,0.998999999999997,-8.00100000000005,             639P    941
-0.999000000000041,-3.001,3.001;                                     639P    942
128,1,1,1,1,0,0,1,0,0,-0.001,-0.001,0.501,0.501,-0.001,-0.001,       641P    943
2.501,2.501,1.,1.,1.,1.,-5.751,12.5,-0.501,-5.751,12.5,0.001,        641P    944
-3.249,12.5,-0.501,-3.249,12.5,0.001,-0.001,0.501,-0.001,2.501;      641P    945
128,1,1,1,1,0,0,1,0,0,-0.001,-0.001,0.501,0.501,8.999,8.999,         643P    946
11.501,11.501,1.,1.,1.,1.,3.249,12.5,-0.501,3.249,12.5,0.001,        643P    947
5.751,12.5,-0.501,5.751,12.5,0.001,-0.001,0.501,8.999,11.501;        643P    948
128,1,1,1,1,0,0,1,0,0,-5.751,-5.751,5.751,5.751,-12.501,-12.501,     645P    949
12.501,12.501,1.,1.,1.,1.,5.751,-12.501,-0.5,-5.751,-12.501,         645P    950
-0.5,5.751,12.501,-0.5,-5.751,12.501,-0.5,-5.751,5.751,-12.501,      645P    951
12.501;                                                              645P    952
128,1,1,1,1,0,0,1,0,0,-5.751,-5.751,5.751,5.751,-12.501,-12.501,     647P    953
12.501,12.501,1.,1.,1.,1.,-5.751,-12.501,0.,5.751,-12.501,0.,        647P    954
-5.751,12.501,0.,5.751,12.501,0.,-5.751,5.751,-12.501,12.501;        647P    955
128,1,1,1,1,0,0,1,0,0,-0.501,-0.501,0.001,0.001,2.999,2.999,         649P    956
25.001,25.001,1.,1.,1.,1.,5.75,-9.501,0.001,5.75,-9.501,-0.501,      649P    957
5.75,12.501,0.001,5.75,12.501,-0.501,-0.501,0.001,2.999,25.001;      649P    958
128,1,1,1,1,0,0,1,0,0,-0.501,-0.501,0.001,0.001,2.999,2.999,         651P    959
8.501,8.501,1.,1.,1.,1.,-2.751,-12.5,0.001,-2.751,-12.5,-0.501,      651P    960
2.751,-12.5,0.001,2.751,-12.5,-0.501,-0.501,0.001,2.999,8.501;       651P    961
128,1,1,1,1,0,0,1,0,0,-0.001,-0.001,0.501,0.501,2.999,2.999,         653P    962
25.001,25.001,1.,1.,1.,1.,-5.75,-9.501,-0.501,-5.75,-9.501,          653P    963
0.001,-5.75,12.501,-0.501,-5.75,12.501,0.001,-0.001,0.501,2.999,     653P    964
25.001;                                                              653P    965
128,1,2,1,2,0,0,0,0,0,0.,0.,0.166666666666667,0.166666666666667,     655P    966
-1.5707963267949,-1.5707963267949,-1.5707963267949,0.,0.,0.,1.,      655P    967
1.,0.707106781186548,0.707106781186548,1.,1.,2.75,-12.5,             655P    968
-5.55111512312578D-17,2.75,-12.5,-0.5,5.75,-12.5,                    655P    969
-5.55111512312578D-17,5.75,-12.5,-0.5,5.75,-9.5,                     655P    970
-5.55111512312578D-17,5.75,-9.5,-0.5,0.,0.166666666666667,           655P    971
-1.5707963267949,0.;                                                 655P    972
128,1,2,1,2,0,0,0,0,0,0.,0.,0.166666666666667,0.166666666666667,     657P    973
-3.14159265358979,-3.14159265358979,-3.14159265358979,               657P    974
-1.5707963267949,-1.5707963267949,-1.5707963267949,1.,1.,            657P    975
0.707106781186548,0.707106781186548,1.,1.,-5.75,-9.5,                657P    976
-5.55111512312578D-17,-5.75,-9.5,-0.5,-5.75,-12.5,                   657P    977
-5.55111512312578D-17,-5.75,-12.5,-0.5,-2.75,-12.5,                  657P    978
-5.55111512312578D-17,-2.75,-12.5,-0.5,0.,0.166666666666667,         657P    979
-3.14159265358979,-1.5707963267949;                                  657P    980
128,1,1,1,1,0,0,1,0,0,-0.001,-0.001,0.501,0.501,-1.751,-1.751,       659P    981
0.00100000000000355,0.00100000000000355,1.,1.,1.,1.,-3.25,           659P    982
10.749,0.001,-3.25,10.749,-0.501,-3.25,12.501,0.001,-3.25,           659P    983
12.501,-0.501,-0.001,0.501,-1.751,0.00100000000000355;               659P    984
128,1,1,1,1,0,0,1,0,0,-0.501,-0.501,0.001,0.001,-0.001,-0.001,       661P    985
0.251,0.251,1.,1.,1.,1.,-3.251,10.75,-0.501,-3.251,10.75,0.001,      661P    986
-2.999,10.75,-0.501,-2.999,10.75,0.001,-0.501,0.001,-0.001,          661P    987
0.251;                                                               661P    988
128,1,1,1,1,0,0,1,0,0,-0.501,-0.501,0.001,0.001,                     663P    989
-0.00100000000000035,-0.00100000000000035,0.251000000000002,         663P    990
0.251000000000002,1.,1.,1.,1.,-3.,10.749,-0.501,-3.,10.749,          663P    991
0.001,-3.,11.001,-0.501,-3.,11.001,0.001,-0.501,0.001,               663P    992
-0.00100000000000035,0.251000000000002;                              663P    993
128,1,1,1,1,0,0,1,0,0,-0.001,-0.001,0.501,0.501,                     665P    994
-0.251000000000002,-0.251000000000002,0.00100000000000533,           665P    995
0.00100000000000533,1.,1.,1.,1.,3.,10.749,0.001,3.,10.749,           665P    996
-0.501,3.,11.001,0.001,3.,11.001,-0.501,-0.001,0.501,                665P    997
-0.251000000000002,0.00100000000000533;                              665P    998
128,1,1,1,1,0,0,1,0,0,-0.501,-0.501,0.001,0.001,-0.001,-0.001,       667P    999
0.251,0.251,1.,1.,1.,1.,2.999,10.75,-0.501,2.999,10.75,0.001,        667P   1000
3.251,10.75,-0.501,3.251,10.75,0.001,-0.501,0.001,-0.001,0.251;      667P   1001
128,1,1,1,1,0,0,1,0,0,-0.501,-0.501,0.001,0.001,                     669P   1002
-0.00100000000000035,-0.00100000000000035,1.751,1.751,1.,1.,1.,      669P   1003
1.,3.25,10.749,-0.501,3.25,10.749,0.001,3.25,12.501,-0.501,3.25,     669P   1004
12.501,0.001,-0.501,0.001,-0.00100000000000035,1.751;                669P   1005
128,1,1,1,1,0,0,1,0,0,-0.00099999999999678,-0.00099999999999678,     671P   1006
1.501,1.501,-0.001,-0.001,1.501,1.501,1.,1.,1.,1.,3.,10.999,         671P   1007
1.001,3.,10.999,-0.501,3.,12.501,1.001,3.,12.501,-0.501,             671P   1008
-0.00099999999999678,1.501,-0.001,1.501;                             671P   1009
128,1,1,1,1,0,0,1,0,0,-0.00099999999999678,-0.00099999999999678,     673P   1010
1.501,1.501,-0.001,-0.001,1.501,1.501,1.,1.,1.,1.,-3.,10.999,        673P   1011
-0.501,-3.,10.999,1.001,-3.,12.501,-0.501,-3.,12.501,1.001,          673P   1012
-0.00099999999999678,1.501,-0.001,1.501;                             673P   1013
128,1,2,1,2,0,0,0,0,0,-4.,-4.,0.,0.,-6.47630097698018D-17,           675P   1014
-6.47630097698018D-17,-6.47630097698018D-17,1.57079632679489,        675P   1015
1.57079632679489,1.57079632679489,1.,1.,0.707106781186549,           675P   1016
0.707106781186549,1.,1.,-3.,12.5,0.999999999999996,3.,12.5,          675P   1017
0.999999999999996,-3.,12.5,-0.500000000000003,3.,12.5,               675P   1018
-0.500000000000003,-3.,11.,-0.500000000000001,3.,11.,                675P   1019
-0.500000000000001,-4.,0.,-6.47630097698018D-17,                     675P   1020
1.57079632679489;                                                    675P   1021
128,1,2,1,2,0,0,0,0,0,-6.,-6.,0.,0.,-2.49800180540657D-16,           677P   1022
-2.49800180540657D-16,-2.49800180540657D-16,1.57079632679489,        677P   1023
1.57079632679489,1.57079632679489,1.,1.,0.707106781186549,           677P   1024
0.707106781186549,1.,1.,3.,12.,0.999999999999998,-3.,12.,            677P   1025
0.999999999999998,3.,12.,-7.77156117237603D-16,-3.,12.,              677P   1026
-7.77156117237603D-16,3.,11.,8.88178419700125D-16,-3.,11.,           677P   1027
8.88178419700125D-16,-6.,0.,-2.49800180540657D-16,                   677P   1028
1.57079632679489;                                                    677P   1029
128,1,1,1,1,0,0,1,0,0,-1.501,-1.501,0.00100000000000566,             679P   1030
0.00100000000000566,-0.001,-0.001,1.50100000000001,                  679P   1031
1.50100000000001,1.,1.,1.,1.,3.,10.999,9.50100000000001,3.,          679P   1032
10.999,7.999,3.,12.501,9.50100000000001,3.,12.501,7.999,-1.501,      679P   1033
0.00100000000000566,-0.001,1.50100000000001;                         679P   1034
128,1,1,1,1,0,0,1,0,0,-1.501,-1.501,0.00100000000000566,             681P   1035
0.00100000000000566,-0.001,-0.001,1.50100000000001,                  681P   1036
1.50100000000001,1.,1.,1.,1.,-3.,10.999,7.999,-3.,10.999,            681P   1037
9.50100000000001,-3.,12.501,7.999,-3.,12.501,9.50100000000001,       681P   1038
-1.501,0.00100000000000566,-0.001,1.50100000000001;                  681P   1039
128,1,2,1,2,0,0,0,0,0,-4.,-4.,0.,0.,-6.93889390390723D-15,           683P   1040
-6.93889390390723D-15,-6.93889390390723D-15,1.57079632679489,        683P   1041
1.57079632679489,1.57079632679489,1.,1.,0.707106781186546,           683P   1042
0.707106781186546,1.,1.,-3.,11.,9.50000000000001,3.,11.,             683P   1043
9.50000000000001,-3.,12.5,9.5,3.,12.5,9.5,-3.,12.5,8.,3.,12.5,       683P   1044
8.,-4.,0.,-6.93889390390723D-15,1.57079632679489;                    683P   1045
128,1,2,1,2,0,0,0,0,0,-6.00000000000001,-6.00000000000001,0.,0.,     685P   1046
-6.93889390390724D-15,-6.93889390390724D-15,                         685P   1047
-6.93889390390724D-15,1.57079632679489,1.57079632679489,             685P   1048
1.57079632679489,1.,1.,0.707106781186546,0.707106781186546,1.,       685P   1049
1.,3.,11.,9.00000000000001,-3.,11.,9.00000000000001,3.,12.,9.,       685P   1050
-3.,12.,9.,3.,12.,8.,-3.,12.,8.,-6.00000000000001,0.,                685P   1051
-6.93889390390724D-15,1.57079632679489;                              685P   1052
128,1,1,1,1,0,0,1,0,0,-0.00100000000000355,-0.00100000000000355,     687P   1053
8.501,8.501,-0.50100000000006,-0.50100000000006,0.001,0.001,1.,      687P   1054
1.,1.,1.,-3.,11.001,8.99900000000001,-3.,2.49900000000003,           687P   1055
8.99900000000001,-3.,11.001,9.50100000000007,-3.,                    687P   1056
2.49900000000003,9.50100000000007,-0.00100000000000355,8.501,        687P   1057
-0.50100000000006,0.001;                                             687P   1058
128,1,1,1,1,0,0,1,0,0,-0.500999999999995,-0.500999999999995,         689P   1059
0.00100000000006573,0.00100000000006573,-9.50100000000001,           689P   1060
-9.50100000000001,-0.998999999999991,-0.998999999999991,1.,1.,       689P   1061
1.,1.,3.,2.49900000000003,9.50100000000007,3.,2.49900000000003,      689P   1062
8.99900000000001,3.,11.001,9.50100000000007,3.,11.001,               689P   1063
8.99900000000001,-0.500999999999995,0.00100000000006573,             689P   1064
-9.50100000000001,-0.998999999999991;                                689P   1065
128,1,1,1,1,0,0,1,0,0,2.49899999999997,2.49899999999997,11.001,      691P   1066
11.001,-3.001,-3.001,3.001,3.001,1.,1.,1.,1.,-3.001,11.001,          691P   1067
9.50000000000001,-3.001,2.49900000000003,9.50000000000007,3.001,     691P   1068
11.001,9.50000000000001,3.001,2.49900000000003,9.50000000000007,     691P   1069
2.49899999999997,11.001,-3.001,3.001;                                691P   1070
128,1,1,1,1,0,0,1,0,0,2.49899999999997,2.49899999999997,11.001,      693P   1071
11.001,-3.001,-3.001,3.001,3.001,1.,1.,1.,1.,-3.001,                 693P   1072
2.49900000000003,9.00000000000007,-3.001,11.001,                     693P   1073
9.00000000000001,3.001,2.49900000000003,9.00000000000007,3.001,      693P   1074
11.001,9.00000000000001,2.49899999999997,11.001,-3.001,3.001;        693P   1075
128,1,1,1,1,0,0,1,0,0,-0.501,-0.501,0.001,0.001,-6.001,-6.001,       695P   1076
0.001,0.001,1.,1.,1.,1.,-3.001,2.50000000000003,                     695P   1077
9.50100000000007,-3.001,2.50000000000003,8.99900000000007,3.001,     695P   1078
2.50000000000003,9.50100000000007,3.001,2.50000000000003,            695P   1079
8.99900000000007,-0.501,0.001,-6.001,0.001;                          695P   1080
128,1,4,1,2,0,0,0,0,0,2.71457142857145,2.71457142857145,             697P   1081
2.85742857142859,2.85742857142859,0.,0.,0.,1.5707963267949,          697P   1082
1.5707963267949,3.14159265358979,3.14159265358979,                   697P   1083
3.14159265358979,1.,1.,0.707106781186548,0.707106781186548,1.,       697P   1084
1.,0.707106781186548,0.707106781186548,1.,1.,-3.5,-6.5,0.,-3.5,      697P   1085
-6.5,-0.5,-3.5,-3.,0.,-3.5,-3.,-0.5,0.,-3.,0.,0.,-3.,-0.5,3.5,       697P   1086
-3.,0.,3.5,-3.,-0.5,3.5,-6.5,0.,3.5,-6.5,-0.5,2.71457142857145,      697P   1087
2.85742857142859,0.,3.14159265358979;                                697P   1088
128,1,4,1,2,0,0,0,0,0,2.71457142857145,2.71457142857145,             699P   1089
2.85742857142859,2.85742857142859,0.,0.,0.,1.5707963267949,          699P   1090
1.5707963267949,3.14159265358979,3.14159265358979,                   699P   1091
3.14159265358979,1.,1.,0.707106781186548,0.707106781186548,1.,       699P   1092
1.,0.707106781186548,0.707106781186548,1.,1.,-3.5,6.5,0.,-3.5,       699P   1093
6.5,-0.5,-3.5,10.,0.,-3.5,10.,-0.5,0.,10.,0.,0.,10.,-0.5,3.5,        699P   1094
10.,0.,3.5,10.,-0.5,3.5,6.5,0.,3.5,6.5,-0.5,2.71457142857145,        699P   1095
2.85742857142859,0.,3.14159265358979;                                699P   1096
128,1,4,1,2,0,0,0,0,0,4.22266666666668,4.22266666666668,             701P   1097
4.44488888888893,4.44488888888893,0.,0.,0.,1.5707963267949,          701P   1098
1.5707963267949,3.14159265358979,3.14159265358979,                   701P   1099
3.14159265358979,1.,1.,0.707106781186548,0.707106781186548,1.,       701P   1100
1.,0.707106781186548,0.707106781186548,1.,1.,2.25,6.5,               701P   1101
9.00000000000002,2.25,6.5,9.50000000000009,2.25,8.75,                701P   1102
9.00000000000002,2.25,8.75,9.50000000000009,0.,8.75,                 701P   1103
9.00000000000002,0.,8.75,9.50000000000009,-2.25,8.75,                701P   1104
9.00000000000002,-2.25,8.75,9.50000000000009,-2.25,6.5,              701P   1105
9.00000000000002,-2.25,6.5,9.50000000000009,4.22266666666668,        701P   1106
4.44488888888893,0.,3.14159265358979;                                701P   1107
128,1,1,1,1,0,0,1,0,0,-2.71977379766583,-2.71977379766583,           703P   1108
-0.28981787298508,-0.28981787298508,0.231500000000001,               703P   1109
0.231500000000001,1.94883502836693,1.94883502836693,1.,1.,1.,1.,     703P   1110
0.114515193803256,0.503881588851016,3.06809211612653,                703P   1111
0.16932164992795,0.2809533014682,0.649004472624817,                  703P   1112
1.78219139800334,0.913876317598642,3.06809211612653,                 703P   1113
1.83699785412804,0.690948030215826,0.649004472624817,                703P   1114
-2.71977379766583,-0.28981787298508,0.231500000000001,               703P   1115
1.94883502836693;                                                    703P   1116
128,1,1,1,1,0,0,1,0,0,-2.71977379766583,-2.71977379766583,           705P   1117
-0.28981787298508,-0.28981787298508,-1.94883502836693,               705P   1118
-1.94883502836693,-0.231499999999999,-0.231499999999999,1.,1.,       705P   1119
1.,1.,-2.00277280412988,-0.0166492649243886,3.06809211612653,        705P   1120
-1.94796634800518,-0.239577552307204,0.649004472624818,              705P   1121
-0.335096599929786,0.393345463823238,3.06809211612653,               705P   1122
-0.280290143805092,0.170417176440422,0.649004472624818,              705P   1123
-2.71977379766583,-0.28981787298508,-1.94883502836693,               705P   1124
-0.231499999999999;                                                  705P   1125
128,1,1,1,1,0,0,1,0,0,0.28981787298508,0.28981787298508,             707P   1126
2.71977379766583,2.71977379766583,0.231499999999999,                 707P   1127
0.231499999999999,1.94883502836693,1.94883502836693,1.,1.,1.,1.,     707P   1128
0.28029014380509,-0.170417176440422,0.649004472624818,               707P   1129
0.335096599929786,-0.393345463823238,3.06809211612653,               707P   1130
1.94796634800518,0.239577552307204,0.649004472624817,                707P   1131
2.00277280412988,0.0166492649243884,3.06809211612653,                707P   1132
0.28981787298508,2.71977379766583,0.231499999999999,                 707P   1133
1.94883502836693;                                                    707P   1134
128,1,1,1,1,0,0,1,0,0,0.28981787298508,0.28981787298508,             709P   1135
2.71977379766583,2.71977379766583,-1.94883502836693,                 709P   1136
-1.94883502836693,-0.231500000000001,-0.231500000000001,1.,1.,       709P   1137
1.,1.,-1.83699785412804,-0.690948030215827,0.649004472624818,        709P   1138
-1.78219139800334,-0.913876317598642,3.06809211612653,               709P   1139
-0.169321649927952,-0.280953301468201,0.649004472624817,             709P   1140
-0.114515193803256,-0.503881588851016,3.06809211612653,              709P   1141
0.28981787298508,2.71977379766583,-1.94883502836693,                 709P   1142
-0.231500000000001;                                                  709P   1143
128,1,1,1,1,0,0,1,0,0,-2.951,-2.951,2.951,2.951,-4.951,-4.951,       711P   1144
0.951,0.951,1.,1.,1.,1.,-2.16114967246055,-3.57018684290104,         711P   1145
-1.77635683940025D-15,-3.57018684290104,2.16114967246054,            711P   1146
-1.77635683940025D-15,3.57018684290104,-2.16114967246055,            711P   1147
-3.5527136788005D-15,2.16114967246054,3.57018684290104,              711P   1148
-3.5527136788005D-15,-2.951,2.951,-4.951,0.951;                      711P   1149
128,1,1,1,1,0,0,1,0,0,-2.001,-2.001,2.001,2.001,-4.001,-4.001,       713P   1150
0.00100000000000003,0.00100000000000003,1.,1.,1.,1.,                 713P   1151
-1.46542205848647,-2.42085526013046,-8.,-2.42085526013046,           713P   1152
1.46542205848646,-8.,2.42085526013045,-1.46542205848646,-8.,         713P   1153
1.46542205848646,2.42085526013046,-8.,-2.001,2.001,-4.001,           713P   1154
0.00100000000000003;                                                 713P   1155
128,1,1,1,1,0,0,1,0,0,-0.001,-0.001,2.75614930298782,                715P   1156
2.75614930298782,-0.668701598015406,-0.668701598015406,              715P   1157
0.203701598015407,0.203701598015407,1.,1.,1.,1.,1.7974973156955,     715P   1158
0.891101464620019,2.79897825995576,0.121030633978412,                715P   1159
0.478945615244739,0.649220296862136,2.00577392206936,                715P   1160
0.0439248645641826,2.79897825995576,0.329307240352269,               715P   1161
-0.368230984811098,0.649220296862136,-0.001,2.75614930298782,        715P   1162
-0.668701598015406,0.203701598015407;                                715P   1163
128,1,1,1,1,0,0,1,0,0,-2.75614930298782,-2.75614930298782,           717P   1164
0.00099999999999989,0.00099999999999989,-0.203701598015408,          717P   1165
-0.203701598015408,0.668701598015406,0.668701598015406,1.,1.,1.,     717P   1166
1.,-0.32930724035227,0.368230984811098,0.649220296862136,            717P   1167
-2.00577392206936,-0.0439248645641819,2.79897825995576,              717P   1168
-0.121030633978414,-0.478945615244739,0.649220296862136,             717P   1169
-1.7974973156955,-0.891101464620019,2.79897825995576,                717P   1170
-2.75614930298782,0.00099999999999989,-0.203701598015408,            717P   1171
0.668701598015406;                                                   717P   1172
128,1,1,1,1,0,0,1,0,0,-0.00100000000000006,-0.00100000000000006,     719P   1173
0.466,0.466,-0.466000000000001,-0.466000000000001,                   719P   1174
0.00100000000000083,0.00100000000000083,1.,1.,1.,1.,                 719P   1175
-0.282493604817824,0.171002524066261,0.649999999999998,              719P   1176
-0.171002524066263,-0.282493604817823,0.649999999999998,             719P   1177
0.171002524066261,0.282493604817822,0.649999999999998,               719P   1178
0.282493604817822,-0.171002524066262,0.649999999999998,              719P   1179
-0.00100000000000006,0.466,-0.466000000000001,                       719P   1180
0.00100000000000083;                                                 719P   1181
128,1,1,1,1,0,0,1,0,0,-2.77184095379613,-2.77184095379613,           721P   1182
0.00100000000000033,0.00100000000000033,-0.203701598015407,          721P   1183
-0.203701598015407,0.668701598015406,0.668701598015406,1.,1.,1.,     721P   1184
1.,0.368230984811098,0.329307240352268,0.649220296862136,            721P   1185
-0.0462705502548237,2.01531512817407,2.81121308932923,               721P   1186
-0.478945615244739,0.121030633978414,0.649220296862136,              721P   1187
-0.893447150310661,1.80703852180022,2.81121308932923,                721P   1188
-2.77184095379613,0.00100000000000033,-0.203701598015407,            721P   1189
0.668701598015406;                                                   721P   1190
128,1,1,1,1,0,0,1,0,0,0.28981787298508,0.28981787298508,             723P   1191
2.71977379766583,2.71977379766583,-1.94883502836693,                 723P   1192
-1.94883502836693,-0.2315,-0.2315,1.,1.,1.,1.,                       723P   1193
-0.690948030215821,1.83699785412804,0.649004472624817,               723P   1194
-0.913876317598635,1.78219139800335,3.06809211612653,                723P   1195
-0.2809533014682,0.16932164992795,0.649004472624817,                 723P   1196
-0.503881588851015,0.114515193803256,3.06809211612653,               723P   1197
0.28981787298508,2.71977379766583,-1.94883502836693,-0.2315;         723P   1198
128,1,1,1,1,0,0,1,0,0,-2.71977379766583,-2.71977379766583,           725P   1199
-0.28981787298508,-0.28981787298508,-1.94883502836693,               725P   1200
-1.94883502836693,-0.2315,-0.2315,1.,1.,1.,1.,                       725P   1201
-0.016649264924382,2.00277280412988,3.06809211612653,                725P   1202
-0.239577552307198,1.94796634800518,0.649004472624817,               725P   1203
0.393345463823238,0.335096599929786,3.06809211612653,                725P   1204
0.170417176440422,0.280290143805091,0.649004472624817,               725P   1205
-2.71977379766583,-0.28981787298508,-1.94883502836693,-0.2315;       725P   1206
128,1,1,1,1,0,0,1,0,0,-0.00100000000000055,-0.00100000000000055,     727P   1207
2.77184095379613,2.77184095379613,-0.668701598015406,                727P   1208
-0.668701598015406,0.203701598015406,0.203701598015406,1.,1.,1.,     727P   1209
1.,0.893447150310661,-1.80703852180022,2.81121308932923,             727P   1210
0.478945615244738,-0.121030633978415,0.649220296862136,              727P   1211
0.0462705502548236,-2.01531512817407,2.81121308932923,               727P   1212
-0.3682309848111,-0.329307240352268,0.649220296862136,               727P   1213
-0.00100000000000055,2.77184095379613,-0.668701598015406,            727P   1214
0.203701598015406;                                                   727P   1215
128,1,1,1,1,0,0,1,0,0,-2.71977379766583,-2.71977379766583,           729P   1216
-0.28981787298508,-0.28981787298508,0.2315,0.2315,                   729P   1217
1.94883502836693,1.94883502836693,1.,1.,1.,1.,0.503881588851015,     729P   1218
-0.114515193803256,3.06809211612653,0.280953301468199,               729P   1219
-0.169321649927951,0.649004472624817,0.913876317598636,              729P   1220
-1.78219139800335,3.06809211612653,0.690948030215819,                729P   1221
-1.83699785412804,0.649004472624817,-2.71977379766583,               729P   1222
-0.28981787298508,0.2315,1.94883502836693;                           729P   1223
128,1,1,1,1,0,0,1,0,0,0.28981787298508,0.28981787298508,             731P   1224
2.71977379766583,2.71977379766583,0.2315,0.2315,                     731P   1225
1.94883502836693,1.94883502836693,1.,1.,1.,1.,                       731P   1226
-0.170417176440424,-0.280290143805092,0.649004472624818,             731P   1227
-0.393345463823238,-0.335096599929786,3.06809211612653,              731P   1228
0.239577552307196,-1.94796634800518,0.649004472624818,               731P   1229
0.0166492649243815,-2.00277280412988,3.06809211612653,               731P   1230
0.28981787298508,2.71977379766583,0.2315,1.94883502836693;           731P   1231
143,0,1871,1,823,0,1,2043;                                           733P   1232
143,0,491,1,825,0,1,2045;                                            735P   1233
143,0,1873,1,827,0,1,2047;                                           737P   1234
143,0,1875,1,829,0,1,2049;                                           739P   1235
143,0,1877,1,831,0,1,2051;                                           741P   1236
143,0,1879,1,833,0,1,2053;                                           743P   1237
143,0,1881,1,835,0,1,2055;                                           745P   1238
143,0,1883,1,837,0,1,2057;                                           747P   1239
143,0,1885,1,839,0,1,2059;                                           749P   1240
143,0,1887,1,841,0,1,2061;                                           751P   1241
143,0,1889,1,843,0,1,2063;                                           753P   1242
143,0,1891,1,845,0,1,2065;                                           755P   1243
143,0,1893,1,847,0,1,2067;                                           757P   1244
143,0,1895,1,849,0,1,2069;                                           759P   1245
143,0,1897,1,851,0,1,2071;                                           761P   1246
143,0,493,1,853,0,1,2073;                                            763P   1247
143,0,495,9,855,857,859,861,863,865,867,869,871,0,1,2075;            765P   1248
143,0,497,1,873,0,1,2077;                                            767P   1249
143,0,499,1,875,0,1,2079;                                            769P   1250
143,0,501,7,877,879,881,883,885,887,889,0,1,2081;                    771P   1251
143,0,503,1,891,0,1,2083;                                            773P   1252
143,0,505,7,893,895,897,899,901,903,905,0,1,2085;                    775P   1253
143,0,1899,1,907,0,1,2115;                                           777P   1254
143,0,1901,1,909,0,1,2117;                                           779P   1255
143,0,1903,1,911,0,1,2119;                                           781P   1256
143,0,1905,1,913,0,1,2121;                                           783P   1257
143,0,1907,1,915,0,1,2123;                                           785P   1258
143,0,703,1,917,0,1,2125;                                            787P   1259
143,0,705,1,919,0,1,2127;                                            789P   1260
143,0,707,1,921,0,1,2129;                                            791P   1261
143,0,709,1,923,0,1,2131;                                            793P   1262
143,0,1909,1,925,0,1,2133;                                           795P   1263
143,0,711,2,927,929,0,1,2135;                                        797P   1264
143,0,1911,1,931,0,1,2137;                                           799P   1265
143,0,1913,1,933,0,1,2139;                                           801P   1266
143,0,713,1,935,0,1,2141;                                            803P   1267
143,0,715,1,937,0,1,2143;                                            805P   1268
143,0,717,1,939,0,1,2145;                                            807P   1269
143,0,719,1,941,0,1,2147;                                            809P   1270
143,0,721,1,943,0,1,2149;                                            811P   1271
143,0,723,1,945,0,1,2151;                                            813P   1272
143,0,725,1,947,0,1,2153;                                            815P   1273
143,0,727,1,949,0,1,2155;                                            817P   1274
143,0,729,1,951,0,1,2157;                                            819P   1275
143,0,731,1,953,0,1,2159;                                            821P   1276
141,0,1,1871,5,955,2,0,957,1,0,959,1,0,961,1,0,957,2,0;              823P   1277
141,0,1,491,1,963,2,0;                                               825P   1278
141,0,1,1873,5,965,2,0,967,1,0,969,1,0,971,1,0,967,2,0;              827P   1279
141,0,1,1875,9,973,2,0,975,1,0,977,2,0,979,1,0,981,2,0,979,2,0,      829P   1280
983,2,0,985,2,0,975,2,0;                                             829P   1281
141,0,1,1877,5,987,2,0,989,1,0,991,1,0,993,1,0,989,2,0;              831P   1282
141,0,1,1879,9,995,2,0,997,1,0,999,2,0,1001,1,0,1003,2,0,1001,2,     833P   1283
0,1005,2,0,1007,2,0,997,2,0;                                         833P   1284
141,0,1,1881,5,1009,2,0,1011,1,0,1013,1,0,1015,1,0,1011,2,0;         835P   1285
141,0,1,1883,9,1017,2,0,1019,1,0,1021,2,0,1023,1,0,1025,2,0,         837P   1286
1023,2,0,1027,2,0,1029,2,0,1019,2,0;                                 837P   1287
141,0,1,1885,5,1031,2,0,1033,1,0,1035,1,0,1037,1,0,1033,2,0;         839P   1288
141,0,1,1887,9,1039,2,0,1041,1,0,1043,2,0,1045,1,0,1047,2,0,         841P   1289
1045,2,0,1049,2,0,1051,2,0,1041,2,0;                                 841P   1290
141,0,1,1889,5,1053,2,0,1055,1,0,1057,1,0,1059,1,0,1055,2,0;         843P   1291
141,0,1,1891,9,1061,2,0,1063,1,0,1065,2,0,1067,1,0,1069,2,0,         845P   1292
1067,2,0,1071,2,0,1073,2,0,1063,2,0;                                 845P   1293
141,0,1,1893,5,1075,2,0,1077,1,0,1079,1,0,1081,1,0,1077,2,0;         847P   1294
141,0,1,1895,9,1083,2,0,1085,1,0,1087,2,0,1089,1,0,1091,2,0,         849P   1295
1089,2,0,1093,2,0,1095,2,0,1085,2,0;                                 849P   1296
141,0,1,1897,5,1097,2,0,1099,1,0,1101,1,0,1103,1,0,1099,2,0;         851P   1297
141,0,1,493,1,1105,2,0;                                              853P   1298
141,0,1,495,4,1107,2,0,1109,2,0,1111,2,0,1113,2,0;                   855P   1299
141,0,1,495,1,1115,1,0;                                              857P   1300
141,0,1,495,1,1117,1,0;                                              859P   1301
141,0,1,495,1,1119,1,0;                                              861P   1302
141,0,1,495,1,1121,1,0;                                              863P   1303
141,0,1,495,1,1123,1,0;                                              865P   1304
141,0,1,495,1,1125,1,0;                                              867P   1305
141,0,1,495,1,1127,1,0;                                              869P   1306
141,0,1,495,1,1129,1,0;                                              871P   1307
141,0,1,497,4,1131,2,0,1133,2,0,1135,2,0,1137,2,0;                   873P   1308
141,0,1,499,4,1139,2,0,1141,1,0,1143,1,0,1145,1,0;                   875P   1309
141,0,1,501,4,1147,2,0,1149,1,0,1151,1,0,1153,1,0;                   877P   1310
141,0,1,501,1,1155,1,0;                                              879P   1311
141,0,1,501,1,1157,1,0;                                              881P   1312
141,0,1,501,1,1159,1,0;                                              883P   1313
141,0,1,501,1,1161,1,0;                                              885P   1314
141,0,1,501,1,1163,1,0;                                              887P   1315
141,0,1,501,1,1165,1,0;                                              889P   1316
141,0,1,503,4,1167,2,0,1169,1,0,1171,1,0,1173,1,0;                   891P   1317
141,0,1,505,4,1175,2,0,1177,1,0,1179,1,0,1181,1,0;                   893P   1318
141,0,1,505,1,1183,1,0;                                              895P   1319
141,0,1,505,1,1185,1,0;                                              897P   1320
141,0,1,505,1,1187,1,0;                                              899P   1321
141,0,1,505,1,1189,1,0;                                              901P   1322
141,0,1,505,1,1191,1,0;                                              903P   1323
141,0,1,505,1,1193,1,0;                                              905P   1324
141,0,1,1899,5,1671,1,0,1673,1,0,1675,2,0,1677,2,0,1679,2,0;         907P   1325
141,0,1,1901,4,1681,1,0,1683,1,0,1685,2,0,1687,2,0;                  909P   1326
141,0,1,1903,4,1689,1,0,1691,1,0,1693,2,0,1695,2,0;                  911P   1327
141,0,1,1905,11,1697,1,0,1699,1,0,1701,1,0,1703,1,0,1705,2,0,        913P   1328
1707,2,0,1709,1,0,1711,2,0,1713,2,0,1715,1,0,1717,2,0;               913P   1329
141,0,1,1907,11,1719,2,0,1721,1,0,1723,1,0,1725,1,0,1727,1,0,        915P   1330
1729,2,0,1731,2,0,1733,1,0,1735,2,0,1737,2,0,1739,1,0;               915P   1331
141,0,1,703,3,1741,1,0,1743,1,0,1745,2,0;                            917P   1332
141,0,1,705,3,1747,1,0,1749,1,0,1751,1,0;                            919P   1333
141,0,1,707,3,1753,1,0,1755,1,0,1757,1,0;                            921P   1334
141,0,1,709,3,1759,1,0,1761,1,0,1763,2,0;                            923P   1335
141,0,1,1909,4,1765,2,0,1767,1,0,1769,1,0,1771,2,0;                  925P   1336
141,0,1,711,2,1773,2,0,1775,2,0;                                     927P   1337
141,0,1,711,2,1777,1,0,1779,1,0;                                     929P   1338
141,0,1,1911,4,1781,2,0,1783,1,0,1785,1,0,1787,2,0;                  931P   1339
141,0,1,1913,5,1789,2,0,1791,1,0,1793,1,0,1795,2,0,1797,2,0;         933P   1340
141,0,1,713,2,1799,2,0,1801,2,0;                                     935P   1341
141,0,1,715,5,1803,1,0,1805,2,0,1807,2,0,1809,2,0,1811,2,0;          937P   1342
141,0,1,717,5,1813,1,0,1815,2,0,1817,2,0,1819,2,0,1821,2,0;          939P   1343
141,0,1,719,4,1823,2,0,1825,1,0,1827,2,0,1829,1,0;                   941P   1344
141,0,1,721,4,1831,1,0,1833,1,0,1835,2,0,1837,2,0;                   943P   1345
141,0,1,723,3,1839,1,0,1841,2,0,1843,2,0;                            945P   1346
141,0,1,725,3,1845,1,0,1847,1,0,1849,2,0;                            947P   1347
141,0,1,727,4,1851,1,0,1853,1,0,1855,2,0,1857,2,0;                   949P   1348
141,0,1,729,3,1859,1,0,1861,2,0,1863,2,0;                            951P   1349
141,0,1,731,3,1865,1,0,1867,1,0,1869,2,0;                            953P   1350
126,8,2,0,1,0,0,-3.14159265358979,-3.14159265358979,                 955P   1351
-3.14159265358979,-1.5707963267949,-1.5707963267949,0.,0.,           955P   1352
1.5707963267949,1.5707963267949,3.14159265358979,                    955P   1353
3.14159265358979,3.14159265358979,1.,0.707106781186548,1.,           955P   1354
0.707106781186549,1.,0.707106781186549,1.,0.707106781186548,1.,      955P   1355
-1.65000000000003,58.7,19.2,-1.65000000000003,60.35,19.2,            955P   1356
-3.05411221187247D-14,60.35,19.2,1.64999999999997,60.35,19.2,        955P   1357
1.64999999999997,58.7,19.2,1.64999999999997,57.05,19.2,              955P   1358
-3.05411221187247D-14,57.05,19.2,-1.65000000000003,57.05,19.2,       955P   1359
-1.65000000000003,58.7,19.2,-3.14159265358979,3.14159265358979,      955P   1360
0.,0.,0.;                                                            955P   1361
126,1,1,0,0,1,0,2.55980142006478,2.55980142006478,                   957P   1362
5.55980142006478,5.55980142006478,1.,1.,-1.65000000000003,58.7,      957P   1363
19.2,-1.65000000000003,58.7,14.25,2.55980142006478,                  957P   1364
5.55980142006478,0.,0.,0.;                                           957P   1365
126,4,2,0,0,0,0,3.1415926535898,3.1415926535898,3.1415926535898,     959P   1366
4.71238898038469,4.71238898038469,6.28318530717959,                  959P   1367
6.28318530717959,6.28318530717959,1.,0.707106781186546,1.,           959P   1368
0.707106781186549,1.,-1.65000000000003,58.7,14.25,                   959P   1369
-1.65000000000003,60.35,14.25,-2.94797611699381D-14,60.35,14.25,     959P   1370
1.64999999999997,60.35,14.25,1.64999999999997,58.7,14.25,            959P   1371
3.1415926535898,6.28318530717959,0.,0.,0.;                           959P   1372
126,4,2,0,0,0,0,0.,0.,0.,1.5707963267949,1.5707963267949,            961P   1373
3.1415926535898,3.1415926535898,3.1415926535898,1.,                  961P   1374
0.707106781186548,1.,0.707106781186544,1.,1.64999999999997,58.7,     961P   1375
14.25,1.64999999999997,57.05,14.25,-3.23729901093562D-14,57.05,      961P   1376
14.25,-1.65000000000003,57.05,14.25,-1.65000000000003,58.7,          961P   1377
14.25,0.,3.1415926535898,0.,0.,0.;                                   961P   1378
126,8,2,0,1,0,0,0.,0.,0.,1.5707963267949,1.5707963267949,            963P   1379
3.14159265358979,3.14159265358979,4.71238898038469,                  963P   1380
4.71238898038469,6.28318530717959,6.28318530717959,                  963P   1381
6.28318530717959,1.,0.707106781186549,1.,0.707106781186548,1.,       963P   1382
0.707106781186548,1.,0.707106781186548,1.,1.64999999999997,58.7,     963P   1383
14.25,1.64999999999997,57.05,14.25,-3.05411221187247D-14,57.05,      963P   1384
14.25,-1.65000000000003,57.05,14.25,-1.65000000000003,58.7,          963P   1385
14.25,-1.65000000000003,60.35,14.25,-3.09452555624433D-14,60.35,     963P   1386
14.25,1.64999999999997,60.35,14.25,1.64999999999997,58.7,14.25,      963P   1387
0.,6.28318530717959,0.,0.,0.;                                        963P   1388
126,8,2,0,1,0,0,-3.14159265358979,-3.14159265358979,                 965P   1389
-3.14159265358979,-1.5707963267949,-1.5707963267949,0.,0.,           965P   1390
1.5707963267949,1.5707963267949,3.14159265358979,                    965P   1391
3.14159265358979,3.14159265358979,1.,0.707106781186548,1.,           965P   1392
0.707106781186549,1.,0.707106781186549,1.,0.707106781186548,1.,      965P   1393
-1.65000000000003,52.2,19.2,-1.65000000000003,53.85,19.2,            965P   1394
-3.05411221187247D-14,53.85,19.2,1.64999999999997,53.85,19.2,        965P   1395
1.64999999999997,52.2,19.2,1.64999999999997,50.55,19.2,              965P   1396
-3.05411221187247D-14,50.55,19.2,-1.65000000000003,50.55,19.2,       965P   1397
-1.65000000000003,52.2,19.2,-3.14159265358979,3.14159265358979,      965P   1398
0.,0.,0.;                                                            965P   1399
126,1,1,0,0,1,0,2.55980142006478,2.55980142006478,                   967P   1400
3.95374081400423,3.95374081400423,1.,1.,-1.65000000000003,52.2,      967P   1401
19.2,-1.65000000000003,52.2,16.8999999999999,2.55980142006478,       967P   1402
3.95374081400423,0.,0.,0.;                                           967P   1403
126,43,3,0,0,1,0,2.57255745034706,2.57255745034706,                  969P   1404
2.57255745034706,2.57255745034706,2.89287554482563,                  969P   1405
2.89287554482563,3.21319363930421,3.21319363930421,                  969P   1406
3.53351173378278,3.53351173378278,3.85382982826136,                  969P   1407
3.85382982826136,4.49947236447773,4.49947236447773,                  969P   1408
4.82229363258592,4.82229363258592,5.1451149006941,                   969P   1409
5.1451149006941,5.46793616880229,5.46793616880229,                   969P   1410
5.79075743691047,5.79075743691047,6.43639997312684,                  969P   1411
6.43639997312684,6.75671806760542,6.75671806760542,                  969P   1412
7.07703616208399,7.07703616208399,7.39735425656257,                  969P   1413
7.39735425656257,7.71767235104114,7.71767235104114,                  969P   1414
8.03799044551972,8.03799044551972,8.3583085399983,                   969P   1415
8.3583085399983,8.67862663447688,8.67862663447688,                   969P   1416
8.99894472895546,8.99894472895546,9.64458726517183,                  969P   1417
9.64458726517183,9.96740853328002,9.96740853328002,                  969P   1418
10.2902298013882,10.2902298013882,10.2902298013882,                  969P   1419
10.2902298013882,1.,1.,1.,1.,1.,1.,1.,1.,1.,1.,1.,1.,1.,1.,1.,       969P   1420
1.,1.,1.,1.,1.,1.,1.,1.,1.,1.,1.,1.,1.,1.,1.,1.,1.,1.,1.,1.,1.,      969P   1421
1.,1.,1.,1.,1.,1.,1.,1.,-1.65000000000003,52.2,16.8999999999999,     969P   1422
-1.65000000000003,52.3067726981595,16.8999999999999,                 969P   1423
-1.63946868403799,52.4162593408343,16.8934005589711,                 969P   1424
-1.59619231508465,52.6321987524585,16.8667802460242,                 969P   1425
-1.56346425060788,52.7386568365573,16.8467748768661,                 969P   1426
-1.4782406693325,52.9411990850257,16.7963728771836,                  969P   1427
-1.42567589484583,53.0374925830936,16.7659565115724,                 969P   1428
-1.30558941921127,53.2145845708686,16.699907986757,                  969P   1429
-1.23805952706481,53.2953928508508,16.66431697717,                   969P   1430
-1.02294462267717,53.5105077552385,16.5588337808052,                 969P   1431
-0.84164270066086,53.6359795994212,16.4796198519649,                 969P   1432
-0.53904922176952,53.7632978815836,16.3903938334153,                 969P   1433
-0.433038585954831,53.7959575729385,16.3656957994241,                969P   1434
-0.217326742499441,53.8393206128663,16.3322769327948,                969P   1435
-0.107607089369426,53.85,16.3236441353326,0.107607089369365,         969P   1436
53.85,16.3236441353326,0.217326742499379,53.8393206128663,           969P   1437
16.3322769327948,0.433038585954769,53.7959575729385,                 969P   1438
16.3656957994241,0.539049221769459,53.7632978815836,                 969P   1439
16.3903938334153,0.841642700660799,53.6359795994212,                 969P   1440
16.4796198519649,1.02294462267711,53.5105077552385,                  969P   1441
16.5588337808052,1.23805952706475,53.2953928508508,                  969P   1442
16.66431697717,1.30558941921121,53.2145845708686,                    969P   1443
16.699907986757,1.42567589484577,53.0374925830936,                   969P   1444
16.7659565115724,1.47824066933244,52.9411990850257,                  969P   1445
16.7963728771836,1.56346425060782,52.7386568365573,                  969P   1446
16.8467748768661,1.59619231508459,52.6321987524585,                  969P   1447
16.8667802460242,1.63946868403793,52.4162593408343,                  969P   1448
16.8934005589711,1.64999999999997,52.3067726981595,                  969P   1449
16.8999999999999,1.64999999999997,52.0932273018405,                  969P   1450
16.8999999999999,1.63946868403793,51.9837406591656,                  969P   1451
16.8934005589711,1.59619231508459,51.7678012475415,                  969P   1452
16.8667802460242,1.56346425060782,51.6613431634427,                  969P   1453
16.8467748768661,1.47824066933244,51.4588009149743,                  969P   1454
16.7963728771836,1.42567589484577,51.3625074169064,                  969P   1455
16.7659565115724,1.30558941921121,51.1854154291314,                  969P   1456
16.699907986757,1.23805952706475,51.1046071491492,                   969P   1457
16.66431697717,1.02294462267711,50.8894922447615,                    969P   1458
16.5588337808052,0.841642700660793,50.7640204005788,                 969P   1459
16.4796198519649,0.539049221769452,50.6367021184163,                 969P   1460
16.3903938334154,0.433038585954763,50.6040424270615,                 969P   1461
16.3656957994241,0.217326742499376,50.5606793871337,                 969P   1462
16.3322769327948,0.107607089369364,50.55,16.3236441353326,           969P   1463
-3.06421554796543D-14,50.55,16.3236441353326,2.57255745034706,       969P   1464
10.2902298013882,0.,0.,0.;                                           969P   1465
126,15,3,0,0,1,0,0.,0.,0.,0.,0.322821268108185,                      971P   1466
0.322821268108185,0.64564253621637,0.64564253621637,                 971P   1467
1.29128507243274,1.29128507243274,1.61160316691132,                  971P   1468
1.61160316691132,1.9319212613899,1.9319212613899,                    971P   1469
2.25223935586848,2.25223935586848,2.57255745034706,                  971P   1470
2.57255745034706,2.57255745034706,2.57255745034706,1.,1.,1.,1.,      971P   1471
1.,1.,1.,1.,1.,1.,1.,1.,1.,1.,1.,1.,-3.06421554796543D-14,50.55,     971P   1472
16.3236441353326,-0.107607089369426,50.55,16.3236441353326,          971P   1473
-0.217326742499437,50.5606793871337,16.3322769327948,                971P   1474
-0.433038585954825,50.6040424270615,16.3656957994241,                971P   1475
-0.539049221769515,50.6367021184163,16.3903938334154,                971P   1476
-0.841642700660855,50.7640204005788,16.4796198519649,                971P   1477
-1.02294462267717,50.8894922447615,16.5588337808052,                 971P   1478
-1.23805952706481,51.1046071491492,16.66431697717,                   971P   1479
-1.30558941921127,51.1854154291314,16.699907986757,                  971P   1480
-1.42567589484583,51.3625074169064,16.7659565115724,                 971P   1481
-1.4782406693325,51.4588009149743,16.7963728771836,                  971P   1482
-1.56346425060788,51.6613431634427,16.8467748768661,                 971P   1483
-1.59619231508466,51.7678012475415,16.8667802460242,                 971P   1484
-1.63946868403799,51.9837406591656,16.8934005589711,                 971P   1485
-1.65000000000003,52.0932273018405,16.8999999999999,                 971P   1486
-1.65000000000003,52.2,16.8999999999999,0.,2.57255745034706,0.,      971P   1487
0.,0.;                                                               971P   1488
126,8,2,0,1,0,0,-3.14159265358979,-3.14159265358979,                 973P   1489
-3.14159265358979,-1.5707963267949,-1.5707963267949,                 973P   1490
-4.44089209850063D-16,-4.44089209850063D-16,1.5707963267949,         973P   1491
1.5707963267949,3.14159265358979,3.14159265358979,                   973P   1492
3.14159265358979,1.,0.707106781186548,1.,0.707106781186548,1.,       973P   1493
0.707106781186548,1.,0.707106781186548,1.,2.99999999999999,52.2,     973P   1494
16.8999999999999,2.99999999999999,54.8499999999999,                  973P   1495
16.8999999999999,2.99999999999999,54.8499999999999,14.25,            973P   1496
2.99999999999999,54.8499999999999,11.6000000000001,                  973P   1497
2.99999999999999,52.2,11.6000000000001,2.99999999999999,             973P   1498
49.5500000000001,11.6000000000001,2.99999999999999,                  973P   1499
49.5500000000001,14.25,2.99999999999999,49.5500000000001,            973P   1500
16.8999999999999,2.99999999999999,52.2,16.8999999999999,             973P   1501
-3.14159265358979,3.14159265358979,0.,0.,0.;                         973P   1502
126,1,1,0,0,1,0,-0.229797878103978,-0.229797878103978,               975P   1503
0.279636084160197,0.279636084160197,1.,1.,2.99999999999999,52.2,     975P   1504
16.8999999999999,1.64999999999997,52.2,16.8999999999999,             975P   1505
-0.229797878103978,0.279636084160197,0.,0.,0.;                       975P   1506
126,29,3,0,0,1,0,2.57255745034706,2.57255745034706,                  977P   1507
2.57255745034706,2.57255745034706,2.89287554482563,                  977P   1508
2.89287554482563,3.21319363930421,3.21319363930421,                  977P   1509
3.53351173378278,3.53351173378278,3.85382982826136,                  977P   1510
3.85382982826136,4.49947236447773,4.49947236447773,                  977P   1511
4.82229363258592,4.82229363258592,5.1451149006941,                   977P   1512
5.1451149006941,5.46793616880229,5.46793616880229,                   977P   1513
5.79075743691047,5.79075743691047,6.43639997312684,                  977P   1514
6.43639997312684,6.75671806760542,6.75671806760542,                  977P   1515
7.07703616208399,7.07703616208399,7.39735425656257,                  977P   1516
7.39735425656257,7.71767235104114,7.71767235104114,                  977P   1517
7.71767235104114,7.71767235104114,1.,1.,1.,1.,1.,1.,1.,1.,1.,1.,     977P   1518
1.,1.,1.,1.,1.,1.,1.,1.,1.,1.,1.,1.,1.,1.,1.,1.,1.,1.,1.,1.,         977P   1519
-1.65000000000003,52.2,16.8999999999999,-1.65000000000003,           977P   1520
52.3067726981595,16.8999999999999,-1.63946868403799,                 977P   1521
52.4162593408343,16.8934005589711,-1.59619231508465,                 977P   1522
52.6321987524585,16.8667802460242,-1.56346425060788,                 977P   1523
52.7386568365573,16.8467748768661,-1.4782406693325,                  977P   1524
52.9411990850257,16.7963728771836,-1.42567589484583,                 977P   1525
53.0374925830936,16.7659565115724,-1.30558941921127,                 977P   1526
53.2145845708686,16.699907986757,-1.23805952706481,                  977P   1527
53.2953928508508,16.66431697717,-1.02294462267717,                   977P   1528
53.5105077552385,16.5588337808052,-0.84164270066086,                 977P   1529
53.6359795994212,16.4796198519649,-0.53904922176952,                 977P   1530
53.7632978815836,16.3903938334153,-0.433038585954831,                977P   1531
53.7959575729385,16.3656957994241,-0.217326742499441,                977P   1532
53.8393206128663,16.3322769327948,-0.107607089369426,53.85,          977P   1533
16.3236441353326,0.107607089369365,53.85,16.3236441353326,           977P   1534
0.217326742499379,53.8393206128663,16.3322769327948,                 977P   1535
0.433038585954769,53.7959575729385,16.3656957994241,                 977P   1536
0.539049221769459,53.7632978815836,16.3903938334153,                 977P   1537
0.841642700660799,53.6359795994212,16.4796198519649,                 977P   1538
1.02294462267711,53.5105077552385,16.5588337808052,                  977P   1539
1.23805952706475,53.2953928508508,16.66431697717,                    977P   1540
1.30558941921121,53.2145845708686,16.699907986757,                   977P   1541
1.42567589484577,53.0374925830936,16.7659565115724,                  977P   1542
1.47824066933244,52.9411990850257,16.7963728771836,                  977P   1543
1.56346425060782,52.7386568365573,16.8467748768661,                  977P   1544
1.59619231508459,52.6321987524585,16.8667802460242,                  977P   1545
1.63946868403793,52.4162593408343,16.8934005589711,                  977P   1546
1.64999999999997,52.3067726981595,16.8999999999999,                  977P   1547
1.64999999999997,52.2,16.8999999999999,2.57255745034706,             977P   1548
7.71767235104114,0.,0.,0.;                                           977P   1549
126,1,1,0,0,1,0,1.52491910302816,1.52491910302816,                   979P   1550
2.03435306529234,2.03435306529234,1.,1.,-1.65000000000003,52.2,      979P   1551
16.8999999999999,-3.00000000000004,52.2,16.8999999999999,            979P   1552
1.52491910302816,2.03435306529234,0.,0.,0.;                          979P   1553
126,8,2,0,1,0,0,-3.14159265358979,-3.14159265358979,                 981P   1554
-3.14159265358979,-1.5707963267949,-1.5707963267949,                 981P   1555
4.44089209850063D-16,4.44089209850063D-16,1.5707963267949,           981P   1556
1.5707963267949,3.14159265358979,3.14159265358979,                   981P   1557
3.14159265358979,1.,0.707106781186548,1.,0.707106781186548,1.,       981P   1558
0.707106781186548,1.,0.707106781186548,1.,-3.00000000000004,         981P   1559
52.2,16.8999999999999,-3.00000000000004,49.5500000000001,            981P   1560
16.8999999999999,-3.00000000000004,49.5500000000001,14.25,           981P   1561
-3.00000000000004,49.5500000000001,11.6000000000001,                 981P   1562
-3.00000000000004,52.2,11.6000000000001,-3.00000000000004,           981P   1563
54.8499999999999,11.6000000000001,-3.00000000000004,                 981P   1564
54.8499999999999,14.25,-3.00000000000004,54.8499999999999,           981P   1565
16.8999999999999,-3.00000000000004,52.2,16.8999999999999,            981P   1566
-3.14159265358979,3.14159265358979,0.,0.,0.;                         981P   1567
126,15,3,0,0,1,0,0.,0.,0.,0.,0.322821268108185,                      983P   1568
0.322821268108185,0.64564253621637,0.64564253621637,                 983P   1569
1.29128507243274,1.29128507243274,1.61160316691132,                  983P   1570
1.61160316691132,1.9319212613899,1.9319212613899,                    983P   1571
2.25223935586848,2.25223935586848,2.57255745034706,                  983P   1572
2.57255745034706,2.57255745034706,2.57255745034706,1.,1.,1.,1.,      983P   1573
1.,1.,1.,1.,1.,1.,1.,1.,1.,1.,1.,1.,-3.06421554796543D-14,50.55,     983P   1574
16.3236441353326,-0.107607089369426,50.55,16.3236441353326,          983P   1575
-0.217326742499437,50.5606793871337,16.3322769327948,                983P   1576
-0.433038585954825,50.6040424270615,16.3656957994241,                983P   1577
-0.539049221769515,50.6367021184163,16.3903938334154,                983P   1578
-0.841642700660855,50.7640204005788,16.4796198519649,                983P   1579
-1.02294462267717,50.8894922447615,16.5588337808052,                 983P   1580
-1.23805952706481,51.1046071491492,16.66431697717,                   983P   1581
-1.30558941921127,51.1854154291314,16.699907986757,                  983P   1582
-1.42567589484583,51.3625074169064,16.7659565115724,                 983P   1583
-1.4782406693325,51.4588009149743,16.7963728771836,                  983P   1584
-1.56346425060788,51.6613431634427,16.8467748768661,                 983P   1585
-1.59619231508466,51.7678012475415,16.8667802460242,                 983P   1586
-1.63946868403799,51.9837406591656,16.8934005589711,                 983P   1587
-1.65000000000003,52.0932273018405,16.8999999999999,                 983P   1588
-1.65000000000003,52.2,16.8999999999999,0.,2.57255745034706,0.,      983P   1589
0.,0.;                                                               983P   1590
126,15,3,0,0,1,0,7.71767235104114,7.71767235104114,                  985P   1591
7.71767235104114,7.71767235104114,8.03799044551972,                  985P   1592
8.03799044551972,8.3583085399983,8.3583085399983,                    985P   1593
8.67862663447688,8.67862663447688,8.99894472895546,                  985P   1594
8.99894472895546,9.64458726517183,9.64458726517183,                  985P   1595
9.96740853328002,9.96740853328002,10.2902298013882,                  985P   1596
10.2902298013882,10.2902298013882,10.2902298013882,1.,1.,1.,1.,      985P   1597
1.,1.,1.,1.,1.,1.,1.,1.,1.,1.,1.,1.,1.64999999999997,52.2,           985P   1598
16.8999999999999,1.64999999999997,52.0932273018405,                  985P   1599
16.8999999999999,1.63946868403793,51.9837406591656,                  985P   1600
16.8934005589711,1.59619231508459,51.7678012475415,                  985P   1601
16.8667802460242,1.56346425060782,51.6613431634427,                  985P   1602
16.8467748768661,1.47824066933244,51.4588009149743,                  985P   1603
16.7963728771836,1.42567589484577,51.3625074169064,                  985P   1604
16.7659565115724,1.30558941921121,51.1854154291314,                  985P   1605
16.699907986757,1.23805952706475,51.1046071491492,                   985P   1606
16.66431697717,1.02294462267711,50.8894922447615,                    985P   1607
16.5588337808052,0.841642700660793,50.7640204005788,                 985P   1608
16.4796198519649,0.539049221769452,50.6367021184163,                 985P   1609
16.3903938334154,0.433038585954763,50.6040424270615,                 985P   1610
16.3656957994241,0.217326742499376,50.5606793871337,                 985P   1611
16.3322769327948,0.107607089369364,50.55,16.3236441353326,           985P   1612
-3.06421554796543D-14,50.55,16.3236441353326,7.71767235104114,       985P   1613
10.2902298013882,0.,0.,0.;                                           985P   1614
126,8,2,0,1,0,0,-3.14159265358979,-3.14159265358979,                 987P   1615
-3.14159265358979,-1.5707963267949,-1.5707963267949,0.,0.,           987P   1616
1.5707963267949,1.5707963267949,3.14159265358979,                    987P   1617
3.14159265358979,3.14159265358979,1.,0.707106781186548,1.,           987P   1618
0.707106781186549,1.,0.707106781186549,1.,0.707106781186548,1.,      987P   1619
-1.65000000000003,19.7,19.2,-1.65000000000003,21.35,19.2,            987P   1620
-3.05411221187247D-14,21.35,19.2,1.64999999999997,21.35,19.2,        987P   1621
1.64999999999997,19.7,19.2,1.64999999999997,18.05,19.2,              987P   1622
-3.05411221187247D-14,18.05,19.2,-1.65000000000003,18.05,19.2,       987P   1623
-1.65000000000003,19.7,19.2,-3.14159265358979,3.14159265358979,      987P   1624
0.,0.,0.;                                                            987P   1625
126,1,1,0,0,1,0,2.55980142006478,2.55980142006478,                   989P   1626
3.95374081400423,3.95374081400423,1.,1.,-1.65000000000003,19.7,      989P   1627
19.2,-1.65000000000003,19.7,16.8999999999999,2.55980142006478,       989P   1628
3.95374081400423,0.,0.,0.;                                           989P   1629
126,43,3,0,0,1,0,2.57255745034705,2.57255745034705,                  991P   1630
2.57255745034705,2.57255745034705,2.89287554482563,                  991P   1631
2.89287554482563,3.2131936393042,3.2131936393042,                    991P   1632
3.53351173378278,3.53351173378278,3.85382982826136,                  991P   1633
3.85382982826136,4.49947236447773,4.49947236447773,                  991P   1634
4.82229363258592,4.82229363258592,5.1451149006941,                   991P   1635
5.1451149006941,5.46793616880229,5.46793616880229,                   991P   1636
5.79075743691047,5.79075743691047,6.43639997312684,                  991P   1637
6.43639997312684,6.75671806760542,6.75671806760542,                  991P   1638
7.077036162084,7.077036162084,7.39735425656258,7.39735425656258,     991P   1639
7.71767235104115,7.71767235104115,8.03799044551973,                  991P   1640
8.03799044551973,8.35830853999831,8.35830853999831,                  991P   1641
8.67862663447688,8.67862663447688,8.99894472895546,                  991P   1642
8.99894472895546,9.64458726517183,9.64458726517183,                  991P   1643
9.96740853328002,9.96740853328002,10.2902298013882,                  991P   1644
10.2902298013882,10.2902298013882,10.2902298013882,1.,1.,1.,1.,      991P   1645
1.,1.,1.,1.,1.,1.,1.,1.,1.,1.,1.,1.,1.,1.,1.,1.,1.,1.,1.,1.,1.,      991P   1646
1.,1.,1.,1.,1.,1.,1.,1.,1.,1.,1.,1.,1.,1.,1.,1.,1.,1.,1.,            991P   1647
-1.65000000000003,19.7,16.8999999999999,-1.65000000000003,           991P   1648
19.8067726981595,16.8999999999999,-1.63946868403799,                 991P   1649
19.9162593408343,16.8934005589711,-1.59619231508465,                 991P   1650
20.1321987524585,16.8667802460242,-1.56346425060788,                 991P   1651
20.2386568365573,16.8467748768661,-1.4782406693325,                  991P   1652
20.4411990850256,16.7963728771836,-1.42567589484583,                 991P   1653
20.5374925830936,16.7659565115724,-1.30558941921127,                 991P   1654
20.7145845708686,16.699907986757,-1.23805952706481,                  991P   1655
20.7953928508508,16.66431697717,-1.02294462267717,                   991P   1656
21.0105077552385,16.5588337808052,-0.841642700660857,                991P   1657
21.1359795994212,16.4796198519649,-0.539049221769518,                991P   1658
21.2632978815836,16.3903938334153,-0.433038585954829,                991P   1659
21.2959575729385,16.3656957994241,-0.217326742499439,                991P   1660
21.3393206128663,16.3322769327948,-0.107607089369426,21.35,          991P   1661
16.3236441353326,0.107607089369365,21.35,16.3236441353326,           991P   1662
0.217326742499377,21.3393206128663,16.3322769327948,                 991P   1663
0.433038585954766,21.2959575729385,16.3656957994241,                 991P   1664
0.539049221769455,21.2632978815836,16.3903938334153,                 991P   1665
0.841642700660795,21.1359795994212,16.4796198519649,                 991P   1666
1.0229446226771,21.0105077552385,16.5588337808052,                   991P   1667
1.23805952706475,20.7953928508508,16.66431697717,                    991P   1668
1.30558941921121,20.7145845708686,16.699907986757,                   991P   1669
1.42567589484577,20.5374925830936,16.7659565115724,                  991P   1670
1.47824066933244,20.4411990850256,16.7963728771836,                  991P   1671
1.56346425060782,20.2386568365573,16.8467748768661,                  991P   1672
1.59619231508459,20.1321987524585,16.8667802460242,                  991P   1673
1.63946868403793,19.9162593408343,16.8934005589711,                  991P   1674
1.64999999999997,19.8067726981595,16.8999999999999,                  991P   1675
1.64999999999997,19.5932273018405,16.8999999999999,                  991P   1676
1.63946868403793,19.4837406591656,16.8934005589711,                  991P   1677
1.59619231508459,19.2678012475415,16.8667802460242,                  991P   1678
1.56346425060782,19.1613431634427,16.8467748768661,                  991P   1679
1.47824066933244,18.9588009149743,16.7963728771836,                  991P   1680
1.42567589484577,18.8625074169064,16.7659565115724,                  991P   1681
1.30558941921121,18.6854154291314,16.699907986757,                   991P   1682
1.23805952706475,18.6046071491492,16.66431697717,                    991P   1683
1.02294462267711,18.3894922447615,16.5588337808052,                  991P   1684
0.841642700660796,18.2640204005788,16.4796198519649,                 991P   1685
0.539049221769456,18.1367021184163,16.3903938334154,                 991P   1686
0.433038585954766,18.1040424270615,16.3656957994241,                 991P   1687
0.217326742499377,18.0606793871337,16.3322769327948,                 991P   1688
0.107607089369364,18.05,16.3236441353326,-3.06976666308856D-14,      991P   1689
18.05,16.3236441353326,2.57255745034705,10.2902298013882,0.,0.,      991P   1690
0.;                                                                  991P   1691
126,15,3,0,0,1,0,0.,0.,0.,0.,0.322821268108185,                      993P   1692
0.322821268108185,0.645642536216371,0.645642536216371,               993P   1693
1.29128507243274,1.29128507243274,1.61160316691132,                  993P   1694
1.61160316691132,1.9319212613899,1.9319212613899,                    993P   1695
2.25223935586847,2.25223935586847,2.57255745034705,                  993P   1696
2.57255745034705,2.57255745034705,2.57255745034705,1.,1.,1.,1.,      993P   1697
1.,1.,1.,1.,1.,1.,1.,1.,1.,1.,1.,1.,-3.07531777821168D-14,18.05,     993P   1698
16.3236441353326,-0.107607089369426,18.05,16.3236441353326,          993P   1699
-0.217326742499439,18.0606793871337,16.3322769327948,                993P   1700
-0.433038585954829,18.1040424270615,16.3656957994241,                993P   1701
-0.539049221769518,18.1367021184163,16.3903938334154,                993P   1702
-0.841642700660858,18.2640204005788,16.4796198519649,                993P   1703
-1.02294462267717,18.3894922447615,16.5588337808052,                 993P   1704
-1.23805952706481,18.6046071491492,16.66431697717,                   993P   1705
-1.30558941921127,18.6854154291314,16.699907986757,                  993P   1706
-1.42567589484583,18.8625074169064,16.7659565115724,                 993P   1707
-1.4782406693325,18.9588009149743,16.7963728771836,                  993P   1708
-1.56346425060788,19.1613431634427,16.8467748768661,                 993P   1709
-1.59619231508465,19.2678012475415,16.8667802460242,                 993P   1710
-1.63946868403799,19.4837406591656,16.8934005589711,                 993P   1711
-1.65000000000003,19.5932273018405,16.8999999999999,                 993P   1712
-1.65000000000003,19.7,16.8999999999999,0.,2.57255745034705,0.,      993P   1713
0.,0.;                                                               993P   1714
126,8,2,0,1,0,0,-3.14159265358979,-3.14159265358979,                 995P   1715
-3.14159265358979,-1.5707963267949,-1.5707963267949,                 995P   1716
-4.44089209850063D-16,-4.44089209850063D-16,1.5707963267949,         995P   1717
1.5707963267949,3.14159265358979,3.14159265358979,                   995P   1718
3.14159265358979,1.,0.707106781186548,1.,0.707106781186548,1.,       995P   1719
0.707106781186548,1.,0.707106781186548,1.,2.99999999999999,19.7,     995P   1720
16.8999999999999,2.99999999999999,22.3499999999999,                  995P   1721
16.8999999999999,2.99999999999999,22.3499999999999,14.25,            995P   1722
2.99999999999999,22.3499999999999,11.6000000000001,                  995P   1723
2.99999999999999,19.7,11.6000000000001,2.99999999999999,             995P   1724
17.0500000000001,11.6000000000001,2.99999999999999,                  995P   1725
17.0500000000001,14.25,2.99999999999999,17.0500000000001,            995P   1726
16.8999999999999,2.99999999999999,19.7,16.8999999999999,             995P   1727
-3.14159265358979,3.14159265358979,0.,0.,0.;                         995P   1728
126,1,1,0,0,1,0,-0.229797878103978,-0.229797878103978,               997P   1729
0.279636084160197,0.279636084160197,1.,1.,2.99999999999999,19.7,     997P   1730
16.8999999999999,1.64999999999997,19.7,16.8999999999999,             997P   1731
-0.229797878103978,0.279636084160197,0.,0.,0.;                       997P   1732
126,29,3,0,0,1,0,2.57255745034705,2.57255745034705,                  999P   1733
2.57255745034705,2.57255745034705,2.89287554482563,                  999P   1734
2.89287554482563,3.2131936393042,3.2131936393042,                    999P   1735
3.53351173378278,3.53351173378278,3.85382982826136,                  999P   1736
3.85382982826136,4.49947236447773,4.49947236447773,                  999P   1737
4.82229363258592,4.82229363258592,5.1451149006941,                   999P   1738
5.1451149006941,5.46793616880229,5.46793616880229,                   999P   1739
5.79075743691047,5.79075743691047,6.43639997312684,                  999P   1740
6.43639997312684,6.75671806760542,6.75671806760542,                  999P   1741
7.077036162084,7.077036162084,7.39735425656258,7.39735425656258,     999P   1742
7.71767235104115,7.71767235104115,7.71767235104115,                  999P   1743
7.71767235104115,1.,1.,1.,1.,1.,1.,1.,1.,1.,1.,1.,1.,1.,1.,1.,       999P   1744
1.,1.,1.,1.,1.,1.,1.,1.,1.,1.,1.,1.,1.,1.,1.,-1.65000000000003,      999P   1745
19.7,16.8999999999999,-1.65000000000003,19.8067726981595,            999P   1746
16.8999999999999,-1.63946868403799,19.9162593408343,                 999P   1747
16.8934005589711,-1.59619231508465,20.1321987524585,                 999P   1748
16.8667802460242,-1.56346425060788,20.2386568365573,                 999P   1749
16.8467748768661,-1.4782406693325,20.4411990850256,                  999P   1750
16.7963728771836,-1.42567589484583,20.5374925830936,                 999P   1751
16.7659565115724,-1.30558941921127,20.7145845708686,                 999P   1752
16.699907986757,-1.23805952706481,20.7953928508508,                  999P   1753
16.66431697717,-1.02294462267717,21.0105077552385,                   999P   1754
16.5588337808052,-0.841642700660857,21.1359795994212,                999P   1755
16.4796198519649,-0.539049221769518,21.2632978815836,                999P   1756
16.3903938334153,-0.433038585954829,21.2959575729385,                999P   1757
16.3656957994241,-0.217326742499439,21.3393206128663,                999P   1758
16.3322769327948,-0.107607089369426,21.35,16.3236441353326,          999P   1759
0.107607089369365,21.35,16.3236441353326,0.217326742499377,          999P   1760
21.3393206128663,16.3322769327948,0.433038585954766,                 999P   1761
21.2959575729385,16.3656957994241,0.539049221769455,                 999P   1762
21.2632978815836,16.3903938334153,0.841642700660795,                 999P   1763
21.1359795994212,16.4796198519649,1.0229446226771,                   999P   1764
21.0105077552385,16.5588337808052,1.23805952706475,                  999P   1765
20.7953928508508,16.66431697717,1.30558941921121,                    999P   1766
20.7145845708686,16.699907986757,1.42567589484577,                   999P   1767
20.5374925830936,16.7659565115724,1.47824066933244,                  999P   1768
20.4411990850256,16.7963728771836,1.56346425060782,                  999P   1769
20.2386568365573,16.8467748768661,1.59619231508459,                  999P   1770
20.1321987524585,16.8667802460242,1.63946868403793,                  999P   1771
19.9162593408343,16.8934005589711,1.64999999999997,                  999P   1772
19.8067726981595,16.8999999999999,1.64999999999997,19.7,             999P   1773
16.8999999999999,2.57255745034705,7.71767235104115,0.,0.,0.;         999P   1774
126,1,1,0,0,1,0,1.52491910302816,1.52491910302816,                  1001P   1775
2.03435306529234,2.03435306529234,1.,1.,-1.65000000000003,19.7,     1001P   1776
16.8999999999999,-3.00000000000004,19.7,16.8999999999999,           1001P   1777
1.52491910302816,2.03435306529234,0.,0.,0.;                         1001P   1778
126,8,2,0,1,0,0,-3.14159265358979,-3.14159265358979,                1003P   1779
-3.14159265358979,-1.5707963267949,-1.5707963267949,                1003P   1780
4.44089209850063D-16,4.44089209850063D-16,1.5707963267949,          1003P   1781
1.5707963267949,3.14159265358979,3.14159265358979,                  1003P   1782
3.14159265358979,1.,0.707106781186548,1.,0.707106781186548,1.,      1003P   1783
0.707106781186548,1.,0.707106781186548,1.,-3.00000000000004,        1003P   1784
19.7,16.8999999999999,-3.00000000000004,17.0500000000001,           1003P   1785
16.8999999999999,-3.00000000000004,17.0500000000001,14.25,          1003P   1786
-3.00000000000004,17.0500000000001,11.6000000000001,                1003P   1787
-3.00000000000004,19.7,11.6000000000001,-3.00000000000004,          1003P   1788
22.3499999999999,11.6000000000001,-3.00000000000004,                1003P   1789
22.3499999999999,14.25,-3.00000000000004,22.3499999999999,          1003P   1790
16.8999999999999,-3.00000000000004,19.7,16.8999999999999,           1003P   1791
-3.14159265358979,3.14159265358979,0.,0.,0.;                        1003P   1792
126,15,3,0,0,1,0,0.,0.,0.,0.,0.322821268108185,                     1005P   1793
0.322821268108185,0.645642536216371,0.645642536216371,              1005P   1794
1.29128507243274,1.29128507243274,1.61160316691132,                 1005P   1795
1.61160316691132,1.9319212613899,1.9319212613899,                   1005P   1796
2.25223935586847,2.25223935586847,2.57255745034705,                 1005P   1797
2.57255745034705,2.57255745034705,2.57255745034705,1.,1.,1.,1.,     1005P   1798
1.,1.,1.,1.,1.,1.,1.,1.,1.,1.,1.,1.,-3.07531777821168D-14,18.05,    1005P   1799
16.3236441353326,-0.107607089369426,18.05,16.3236441353326,         1005P   1800
-0.217326742499439,18.0606793871337,16.3322769327948,               1005P   1801
-0.433038585954829,18.1040424270615,16.3656957994241,               1005P   1802
-0.539049221769518,18.1367021184163,16.3903938334154,               1005P   1803
-0.841642700660858,18.2640204005788,16.4796198519649,               1005P   1804
-1.02294462267717,18.3894922447615,16.5588337808052,                1005P   1805
-1.23805952706481,18.6046071491492,16.66431697717,                  1005P   1806
-1.30558941921127,18.6854154291314,16.699907986757,                 1005P   1807
-1.42567589484583,18.8625074169064,16.7659565115724,                1005P   1808
-1.4782406693325,18.9588009149743,16.7963728771836,                 1005P   1809
-1.56346425060788,19.1613431634427,16.8467748768661,                1005P   1810
-1.59619231508465,19.2678012475415,16.8667802460242,                1005P   1811
-1.63946868403799,19.4837406591656,16.8934005589711,                1005P   1812
-1.65000000000003,19.5932273018405,16.8999999999999,                1005P   1813
-1.65000000000003,19.7,16.8999999999999,0.,2.57255745034705,0.,     1005P   1814
0.,0.;                                                              1005P   1815
126,15,3,0,0,1,0,7.71767235104115,7.71767235104115,                 1007P   1816
7.71767235104115,7.71767235104115,8.03799044551973,                 1007P   1817
8.03799044551973,8.35830853999831,8.35830853999831,                 1007P   1818
8.67862663447688,8.67862663447688,8.99894472895546,                 1007P   1819
8.99894472895546,9.64458726517183,9.64458726517183,                 1007P   1820
9.96740853328002,9.96740853328002,10.2902298013882,                 1007P   1821
10.2902298013882,10.2902298013882,10.2902298013882,1.,1.,1.,1.,     1007P   1822
1.,1.,1.,1.,1.,1.,1.,1.,1.,1.,1.,1.,1.64999999999997,19.7,          1007P   1823
16.8999999999999,1.64999999999997,19.5932273018405,                 1007P   1824
16.8999999999999,1.63946868403793,19.4837406591656,                 1007P   1825
16.8934005589711,1.59619231508459,19.2678012475415,                 1007P   1826
16.8667802460242,1.56346425060782,19.1613431634427,                 1007P   1827
16.8467748768661,1.47824066933244,18.9588009149743,                 1007P   1828
16.7963728771836,1.42567589484577,18.8625074169064,                 1007P   1829
16.7659565115724,1.30558941921121,18.6854154291314,                 1007P   1830
16.699907986757,1.23805952706475,18.6046071491492,                  1007P   1831
16.66431697717,1.02294462267711,18.3894922447615,                   1007P   1832
16.5588337808052,0.841642700660796,18.2640204005788,                1007P   1833
16.4796198519649,0.539049221769456,18.1367021184163,                1007P   1834
16.3903938334154,0.433038585954766,18.1040424270615,                1007P   1835
16.3656957994241,0.217326742499377,18.0606793871337,                1007P   1836
16.3322769327948,0.107607089369364,18.05,16.3236441353326,          1007P   1837
-3.06976666308856D-14,18.05,16.3236441353326,7.71767235104115,      1007P   1838
10.2902298013882,0.,0.,0.;                                          1007P   1839
126,8,2,0,1,0,0,-3.14159265358979,-3.14159265358979,                1009P   1840
-3.14159265358979,-1.5707963267949,-1.5707963267949,0.,0.,          1009P   1841
1.5707963267949,1.5707963267949,3.14159265358979,                   1009P   1842
3.14159265358979,3.14159265358979,1.,0.707106781186548,1.,          1009P   1843
0.707106781186549,1.,0.707106781186549,1.,0.707106781186548,1.,     1009P   1844
-1.65000000000003,26.2,19.2,-1.65000000000003,27.85,19.2,           1009P   1845
-3.05411221187247D-14,27.85,19.2,1.64999999999997,27.85,19.2,       1009P   1846
1.64999999999997,26.2,19.2,1.64999999999997,24.55,19.2,             1009P   1847
-3.05411221187247D-14,24.55,19.2,-1.65000000000003,24.55,19.2,      1009P   1848
-1.65000000000003,26.2,19.2,-3.14159265358979,3.14159265358979,     1009P   1849
0.,0.,0.;                                                           1009P   1850
126,1,1,0,0,1,0,2.55980142006478,2.55980142006478,                  1011P   1851
3.95374081400423,3.95374081400423,1.,1.,-1.65000000000003,26.2,     1011P   1852
19.2,-1.65000000000003,26.2,16.8999999999999,2.55980142006478,      1011P   1853
3.95374081400423,0.,0.,0.;                                          1011P   1854
126,43,3,0,0,1,0,2.57255745034705,2.57255745034705,                 1013P   1855
2.57255745034705,2.57255745034705,2.89287554482563,                 1013P   1856
2.89287554482563,3.2131936393042,3.2131936393042,                   1013P   1857
3.53351173378278,3.53351173378278,3.85382982826136,                 1013P   1858
3.85382982826136,4.49947236447773,4.49947236447773,                 1013P   1859
4.82229363258592,4.82229363258592,5.1451149006941,                  1013P   1860
5.1451149006941,5.46793616880229,5.46793616880229,                  1013P   1861
5.79075743691047,5.79075743691047,6.43639997312684,                 1013P   1862
6.43639997312684,6.75671806760542,6.75671806760542,                 1013P   1863
7.077036162084,7.077036162084,7.39735425656257,7.39735425656257,    1013P   1864
7.71767235104115,7.71767235104115,8.03799044551973,                 1013P   1865
8.03799044551973,8.3583085399983,8.3583085399983,                   1013P   1866
8.67862663447688,8.67862663447688,8.99894472895546,                 1013P   1867
8.99894472895546,9.64458726517183,9.64458726517183,                 1013P   1868
9.96740853328002,9.96740853328002,10.2902298013882,                 1013P   1869
10.2902298013882,10.2902298013882,10.2902298013882,1.,1.,1.,1.,     1013P   1870
1.,1.,1.,1.,1.,1.,1.,1.,1.,1.,1.,1.,1.,1.,1.,1.,1.,1.,1.,1.,1.,     1013P   1871
1.,1.,1.,1.,1.,1.,1.,1.,1.,1.,1.,1.,1.,1.,1.,1.,1.,1.,1.,           1013P   1872
-1.65000000000003,26.2,16.8999999999999,-1.65000000000003,          1013P   1873
26.3067726981595,16.8999999999999,-1.63946868403799,                1013P   1874
26.4162593408343,16.8934005589711,-1.59619231508465,                1013P   1875
26.6321987524585,16.8667802460242,-1.56346425060788,                1013P   1876
26.7386568365573,16.8467748768661,-1.4782406693325,                 1013P   1877
26.9411990850256,16.7963728771836,-1.42567589484583,                1013P   1878
27.0374925830936,16.7659565115724,-1.30558941921127,                1013P   1879
27.2145845708686,16.699907986757,-1.23805952706481,                 1013P   1880
27.2953928508508,16.66431697717,-1.02294462267717,                  1013P   1881
27.5105077552385,16.5588337808052,-0.841642700660857,               1013P   1882
27.6359795994212,16.4796198519649,-0.539049221769517,               1013P   1883
27.7632978815837,16.3903938334153,-0.433038585954828,               1013P   1884
27.7959575729385,16.3656957994241,-0.217326742499439,               1013P   1885
27.8393206128663,16.3322769327948,-0.107607089369426,27.85,         1013P   1886
16.3236441353326,0.107607089369365,27.85,16.3236441353326,          1013P   1887
0.217326742499377,27.8393206128663,16.3322769327948,                1013P   1888
0.433038585954766,27.7959575729385,16.3656957994241,                1013P   1889
0.539049221769456,27.7632978815837,16.3903938334153,                1013P   1890
0.841642700660796,27.6359795994212,16.4796198519649,                1013P   1891
1.02294462267711,27.5105077552385,16.5588337808052,                 1013P   1892
1.23805952706475,27.2953928508508,16.66431697717,                   1013P   1893
1.30558941921121,27.2145845708686,16.699907986757,                  1013P   1894
1.42567589484577,27.0374925830936,16.7659565115724,                 1013P   1895
1.47824066933244,26.9411990850257,16.7963728771836,                 1013P   1896
1.56346425060782,26.7386568365573,16.8467748768661,                 1013P   1897
1.59619231508459,26.6321987524585,16.8667802460242,                 1013P   1898
1.63946868403793,26.4162593408343,16.8934005589711,                 1013P   1899
1.64999999999997,26.3067726981595,16.8999999999999,                 1013P   1900
1.64999999999997,26.0932273018405,16.8999999999999,                 1013P   1901
1.63946868403793,25.9837406591656,16.8934005589711,                 1013P   1902
1.59619231508459,25.7678012475415,16.8667802460242,                 1013P   1903
1.56346425060782,25.6613431634427,16.8467748768661,                 1013P   1904
1.47824066933244,25.4588009149743,16.7963728771836,                 1013P   1905
1.42567589484577,25.3625074169064,16.7659565115724,                 1013P   1906
1.30558941921121,25.1854154291314,16.699907986757,                  1013P   1907
1.23805952706475,25.1046071491492,16.66431697717,                   1013P   1908
1.02294462267711,24.8894922447615,16.5588337808052,                 1013P   1909
0.841642700660796,24.7640204005788,16.4796198519649,                1013P   1910
0.539049221769456,24.6367021184163,16.3903938334154,                1013P   1911
0.433038585954767,24.6040424270615,16.3656957994241,                1013P   1912
0.217326742499378,24.5606793871337,16.3322769327948,                1013P   1913
0.107607089369365,24.55,16.3236441353326,-3.06143999040387D-14,     1013P   1914
24.55,16.3236441353326,2.57255745034705,10.2902298013882,0.,0.,     1013P   1915
0.;                                                                 1013P   1916
126,15,3,0,0,1,0,0.,0.,0.,0.,0.322821268108185,                     1015P   1917
0.322821268108185,0.64564253621637,0.64564253621637,                1015P   1918
1.29128507243274,1.29128507243274,1.61160316691132,                 1015P   1919
1.61160316691132,1.9319212613899,1.9319212613899,                   1015P   1920
2.25223935586847,2.25223935586847,2.57255745034705,                 1015P   1921
2.57255745034705,2.57255745034705,2.57255745034705,1.,1.,1.,1.,     1015P   1922
1.,1.,1.,1.,1.,1.,1.,1.,1.,1.,1.,1.,-3.06976666308856D-14,24.55,    1015P   1923
16.3236441353326,-0.107607089369426,24.55,16.3236441353326,         1015P   1924
-0.217326742499439,24.5606793871337,16.3322769327948,               1015P   1925
-0.433038585954828,24.6040424270615,16.3656957994241,               1015P   1926
-0.539049221769517,24.6367021184163,16.3903938334154,               1015P   1927
-0.841642700660857,24.7640204005788,16.4796198519649,               1015P   1928
-1.02294462267717,24.8894922447615,16.5588337808052,                1015P   1929
-1.23805952706481,25.1046071491492,16.66431697717,                  1015P   1930
-1.30558941921127,25.1854154291314,16.699907986757,                 1015P   1931
-1.42567589484583,25.3625074169064,16.7659565115724,                1015P   1932
-1.4782406693325,25.4588009149743,16.7963728771836,                 1015P   1933
-1.56346425060788,25.6613431634427,16.8467748768661,                1015P   1934
-1.59619231508465,25.7678012475415,16.8667802460242,                1015P   1935
-1.63946868403799,25.9837406591656,16.8934005589711,                1015P   1936
-1.65000000000003,26.0932273018405,16.8999999999999,                1015P   1937
-1.65000000000003,26.2,16.8999999999999,0.,2.57255745034705,0.,     1015P   1938
0.,0.;                                                              1015P   1939
126,8,2,0,1,0,0,-3.14159265358979,-3.14159265358979,                1017P   1940
-3.14159265358979,-1.5707963267949,-1.5707963267949,0.,0.,          1017P   1941
1.5707963267949,1.5707963267949,3.14159265358979,                   1017P   1942
3.14159265358979,3.14159265358979,1.,0.707106781186548,1.,          1017P   1943
0.707106781186548,1.,0.707106781186547,1.,0.707106781186547,1.,     1017P   1944
2.99999999999999,26.2,16.8999999999999,2.99999999999999,            1017P   1945
28.8499999999999,16.8999999999999,2.99999999999999,                 1017P   1946
28.8499999999999,14.25,2.99999999999999,28.8499999999999,           1017P   1947
11.6000000000001,2.99999999999999,26.2,11.6000000000001,            1017P   1948
2.99999999999999,23.5500000000001,11.6000000000001,                 1017P   1949
2.99999999999999,23.5500000000001,14.25,2.99999999999999,           1017P   1950
23.5500000000001,16.8999999999999,2.99999999999999,26.2,            1017P   1951
16.8999999999999,-3.14159265358979,3.14159265358979,0.,0.,0.;       1017P   1952
126,1,1,0,0,1,0,-0.229797878103978,-0.229797878103978,              1019P   1953
0.279636084160197,0.279636084160197,1.,1.,2.99999999999999,26.2,    1019P   1954
16.8999999999999,1.64999999999997,26.2,16.8999999999999,            1019P   1955
-0.229797878103978,0.279636084160197,0.,0.,0.;                      1019P   1956
126,29,3,0,0,1,0,2.57255745034705,2.57255745034705,                 1021P   1957
2.57255745034705,2.57255745034705,2.89287554482563,                 1021P   1958
2.89287554482563,3.2131936393042,3.2131936393042,                   1021P   1959
3.53351173378278,3.53351173378278,3.85382982826136,                 1021P   1960
3.85382982826136,4.49947236447773,4.49947236447773,                 1021P   1961
4.82229363258592,4.82229363258592,5.1451149006941,                  1021P   1962
5.1451149006941,5.46793616880229,5.46793616880229,                  1021P   1963
5.79075743691047,5.79075743691047,6.43639997312684,                 1021P   1964
6.43639997312684,6.75671806760542,6.75671806760542,                 1021P   1965
7.077036162084,7.077036162084,7.39735425656257,7.39735425656257,    1021P   1966
7.71767235104115,7.71767235104115,7.71767235104115,                 1021P   1967
7.71767235104115,1.,1.,1.,1.,1.,1.,1.,1.,1.,1.,1.,1.,1.,1.,1.,      1021P   1968
1.,1.,1.,1.,1.,1.,1.,1.,1.,1.,1.,1.,1.,1.,1.,-1.65000000000003,     1021P   1969
26.2,16.8999999999999,-1.65000000000003,26.3067726981595,           1021P   1970
16.8999999999999,-1.63946868403799,26.4162593408343,                1021P   1971
16.8934005589711,-1.59619231508465,26.6321987524585,                1021P   1972
16.8667802460242,-1.56346425060788,26.7386568365573,                1021P   1973
16.8467748768661,-1.4782406693325,26.9411990850256,                 1021P   1974
16.7963728771836,-1.42567589484583,27.0374925830936,                1021P   1975
16.7659565115724,-1.30558941921127,27.2145845708686,                1021P   1976
16.699907986757,-1.23805952706481,27.2953928508508,                 1021P   1977
16.66431697717,-1.02294462267717,27.5105077552385,                  1021P   1978
16.5588337808052,-0.841642700660857,27.6359795994212,               1021P   1979
16.4796198519649,-0.539049221769517,27.7632978815837,               1021P   1980
16.3903938334153,-0.433038585954828,27.7959575729385,               1021P   1981
16.3656957994241,-0.217326742499439,27.8393206128663,               1021P   1982
16.3322769327948,-0.107607089369426,27.85,16.3236441353326,         1021P   1983
0.107607089369365,27.85,16.3236441353326,0.217326742499377,         1021P   1984
27.8393206128663,16.3322769327948,0.433038585954766,                1021P   1985
27.7959575729385,16.3656957994241,0.539049221769456,                1021P   1986
27.7632978815837,16.3903938334153,0.841642700660796,                1021P   1987
27.6359795994212,16.4796198519649,1.02294462267711,                 1021P   1988
27.5105077552385,16.5588337808052,1.23805952706475,                 1021P   1989
27.2953928508508,16.66431697717,1.30558941921121,                   1021P   1990
27.2145845708686,16.699907986757,1.42567589484577,                  1021P   1991
27.0374925830936,16.7659565115724,1.47824066933244,                 1021P   1992
26.9411990850257,16.7963728771836,1.56346425060782,                 1021P   1993
26.7386568365573,16.8467748768661,1.59619231508459,                 1021P   1994
26.6321987524585,16.8667802460242,1.63946868403793,                 1021P   1995
26.4162593408343,16.8934005589711,1.64999999999997,                 1021P   1996
26.3067726981595,16.8999999999999,1.64999999999997,26.2,            1021P   1997
16.8999999999999,2.57255745034705,7.71767235104115,0.,0.,0.;        1021P   1998
126,1,1,0,0,1,0,1.52491910302816,1.52491910302816,                  1023P   1999
2.03435306529234,2.03435306529234,1.,1.,-1.65000000000003,26.2,     1023P   2000
16.8999999999999,-3.00000000000004,26.2,16.8999999999999,           1023P   2001
1.52491910302816,2.03435306529234,0.,0.,0.;                         1023P   2002
126,8,2,0,1,0,0,-3.14159265358979,-3.14159265358979,                1025P   2003
-3.14159265358979,-1.5707963267949,-1.5707963267949,0.,0.,          1025P   2004
1.5707963267949,1.5707963267949,3.14159265358979,                   1025P   2005
3.14159265358979,3.14159265358979,1.,0.707106781186547,1.,          1025P   2006
0.707106781186547,1.,0.707106781186548,1.,0.707106781186548,1.,     1025P   2007
-3.00000000000004,26.2,16.8999999999999,-3.00000000000004,          1025P   2008
23.5500000000001,16.8999999999999,-3.00000000000004,                1025P   2009
23.5500000000001,14.25,-3.00000000000004,23.5500000000001,          1025P   2010
11.6000000000001,-3.00000000000004,26.2,11.6000000000001,           1025P   2011
-3.00000000000004,28.8499999999999,11.6000000000001,                1025P   2012
-3.00000000000004,28.8499999999999,14.25,-3.00000000000004,         1025P   2013
28.8499999999999,16.8999999999999,-3.00000000000004,26.2,           1025P   2014
16.8999999999999,-3.14159265358979,3.14159265358979,0.,0.,0.;       1025P   2015
126,15,3,0,0,1,0,0.,0.,0.,0.,0.322821268108185,                     1027P   2016
0.322821268108185,0.64564253621637,0.64564253621637,                1027P   2017
1.29128507243274,1.29128507243274,1.61160316691132,                 1027P   2018
1.61160316691132,1.9319212613899,1.9319212613899,                   1027P   2019
2.25223935586847,2.25223935586847,2.57255745034705,                 1027P   2020
2.57255745034705,2.57255745034705,2.57255745034705,1.,1.,1.,1.,     1027P   2021
1.,1.,1.,1.,1.,1.,1.,1.,1.,1.,1.,1.,-3.06976666308856D-14,24.55,    1027P   2022
16.3236441353326,-0.107607089369426,24.55,16.3236441353326,         1027P   2023
-0.217326742499439,24.5606793871337,16.3322769327948,               1027P   2024
-0.433038585954828,24.6040424270615,16.3656957994241,               1027P   2025
-0.539049221769517,24.6367021184163,16.3903938334154,               1027P   2026
-0.841642700660857,24.7640204005788,16.4796198519649,               1027P   2027
-1.02294462267717,24.8894922447615,16.5588337808052,                1027P   2028
-1.23805952706481,25.1046071491492,16.66431697717,                  1027P   2029
-1.30558941921127,25.1854154291314,16.699907986757,                 1027P   2030
-1.42567589484583,25.3625074169064,16.7659565115724,                1027P   2031
-1.4782406693325,25.4588009149743,16.7963728771836,                 1027P   2032
-1.56346425060788,25.6613431634427,16.8467748768661,                1027P   2033
-1.59619231508465,25.7678012475415,16.8667802460242,                1027P   2034
-1.63946868403799,25.9837406591656,16.8934005589711,                1027P   2035
-1.65000000000003,26.0932273018405,16.8999999999999,                1027P   2036
-1.65000000000003,26.2,16.8999999999999,0.,2.57255745034705,0.,     1027P   2037
0.,0.;                                                              1027P   2038
126,15,3,0,0,1,0,7.71767235104115,7.71767235104115,                 1029P   2039
7.71767235104115,7.71767235104115,8.03799044551973,                 1029P   2040
8.03799044551973,8.3583085399983,8.3583085399983,                   1029P   2041
8.67862663447688,8.67862663447688,8.99894472895546,                 1029P   2042
8.99894472895546,9.64458726517183,9.64458726517183,                 1029P   2043
9.96740853328002,9.96740853328002,10.2902298013882,                 1029P   2044
10.2902298013882,10.2902298013882,10.2902298013882,1.,1.,1.,1.,     1029P   2045
1.,1.,1.,1.,1.,1.,1.,1.,1.,1.,1.,1.,1.64999999999997,26.2,          1029P   2046
16.8999999999999,1.64999999999997,26.0932273018405,                 1029P   2047
16.8999999999999,1.63946868403793,25.9837406591656,                 1029P   2048
16.8934005589711,1.59619231508459,25.7678012475415,                 1029P   2049
16.8667802460242,1.56346425060782,25.6613431634427,                 1029P   2050
16.8467748768661,1.47824066933244,25.4588009149743,                 1029P   2051
16.7963728771836,1.42567589484577,25.3625074169064,                 1029P   2052
16.7659565115724,1.30558941921121,25.1854154291314,                 1029P   2053
16.699907986757,1.23805952706475,25.1046071491492,                  1029P   2054
16.66431697717,1.02294462267711,24.8894922447615,                   1029P   2055
16.5588337808052,0.841642700660796,24.7640204005788,                1029P   2056
16.4796198519649,0.539049221769456,24.6367021184163,                1029P   2057
16.3903938334154,0.433038585954767,24.6040424270615,                1029P   2058
16.3656957994241,0.217326742499378,24.5606793871337,                1029P   2059
16.3322769327948,0.107607089369365,24.55,16.3236441353326,          1029P   2060
-3.06143999040387D-14,24.55,16.3236441353326,7.71767235104115,      1029P   2061
10.2902298013882,0.,0.,0.;                                          1029P   2062
126,8,2,0,1,0,0,-3.14159265358979,-3.14159265358979,                1031P   2063
-3.14159265358979,-1.5707963267949,-1.5707963267949,0.,0.,          1031P   2064
1.5707963267949,1.5707963267949,3.14159265358979,                   1031P   2065
3.14159265358979,3.14159265358979,1.,0.707106781186548,1.,          1031P   2066
0.707106781186548,1.,0.707106781186549,1.,0.707106781186549,1.,     1031P   2067
-1.65000000000003,32.7,19.2,-1.65000000000003,34.35,19.2,           1031P   2068
-3.05411221187247D-14,34.35,19.2,1.64999999999997,34.35,19.2,       1031P   2069
1.64999999999997,32.7,19.2,1.64999999999997,31.05,19.2,             1031P   2070
-3.05411221187247D-14,31.05,19.2,-1.65000000000003,31.05,19.2,      1031P   2071
-1.65000000000003,32.7,19.2,-3.14159265358979,3.14159265358979,     1031P   2072
0.,0.,0.;                                                           1031P   2073
126,1,1,0,0,1,0,2.55980142006478,2.55980142006478,                  1033P   2074
3.95374081400423,3.95374081400423,1.,1.,-1.65000000000003,32.7,     1033P   2075
19.2,-1.65000000000003,32.7,16.8999999999999,2.55980142006478,      1033P   2076
3.95374081400423,0.,0.,0.;                                          1033P   2077
126,43,3,0,0,1,0,2.57255745034705,2.57255745034705,                 1035P   2078
2.57255745034705,2.57255745034705,2.89287554482563,                 1035P   2079
2.89287554482563,3.2131936393042,3.2131936393042,                   1035P   2080
3.53351173378278,3.53351173378278,3.85382982826136,                 1035P   2081
3.85382982826136,4.49947236447773,4.49947236447773,                 1035P   2082
4.82229363258592,4.82229363258592,5.1451149006941,                  1035P   2083
5.1451149006941,5.46793616880229,5.46793616880229,                  1035P   2084
5.79075743691047,5.79075743691047,6.43639997312684,                 1035P   2085
6.43639997312684,6.75671806760542,6.75671806760542,                 1035P   2086
7.077036162084,7.077036162084,7.39735425656258,7.39735425656258,    1035P   2087
7.71767235104115,7.71767235104115,8.03799044551973,                 1035P   2088
8.03799044551973,8.35830853999831,8.35830853999831,                 1035P   2089
8.67862663447688,8.67862663447688,8.99894472895546,                 1035P   2090
8.99894472895546,9.64458726517183,9.64458726517183,                 1035P   2091
9.96740853328002,9.96740853328002,10.2902298013882,                 1035P   2092
10.2902298013882,10.2902298013882,10.2902298013882,1.,1.,1.,1.,     1035P   2093
1.,1.,1.,1.,1.,1.,1.,1.,1.,1.,1.,1.,1.,1.,1.,1.,1.,1.,1.,1.,1.,     1035P   2094
1.,1.,1.,1.,1.,1.,1.,1.,1.,1.,1.,1.,1.,1.,1.,1.,1.,1.,1.,           1035P   2095
-1.65000000000003,32.7,16.8999999999999,-1.65000000000003,          1035P   2096
32.8067726981595,16.8999999999999,-1.63946868403799,                1035P   2097
32.9162593408343,16.8934005589711,-1.59619231508465,                1035P   2098
33.1321987524585,16.8667802460242,-1.56346425060788,                1035P   2099
33.2386568365573,16.8467748768661,-1.4782406693325,                 1035P   2100
33.4411990850257,16.7963728771836,-1.42567589484583,                1035P   2101
33.5374925830936,16.7659565115724,-1.30558941921127,                1035P   2102
33.7145845708686,16.699907986757,-1.23805952706481,                 1035P   2103
33.7953928508508,16.66431697717,-1.02294462267717,                  1035P   2104
34.0105077552385,16.5588337808052,-0.841642700660857,               1035P   2105
34.1359795994212,16.4796198519649,-0.539049221769517,               1035P   2106
34.2632978815837,16.3903938334153,-0.433038585954828,               1035P   2107
34.2959575729385,16.3656957994241,-0.217326742499439,               1035P   2108
34.3393206128663,16.3322769327948,-0.107607089369426,34.35,         1035P   2109
16.3236441353326,0.107607089369365,34.35,16.3236441353326,          1035P   2110
0.217326742499378,34.3393206128663,16.3322769327948,                1035P   2111
0.433038585954766,34.2959575729385,16.3656957994241,                1035P   2112
0.539049221769456,34.2632978815837,16.3903938334153,                1035P   2113
0.841642700660795,34.1359795994212,16.4796198519649,                1035P   2114
1.0229446226771,34.0105077552385,16.5588337808052,                  1035P   2115
1.23805952706475,33.7953928508508,16.66431697717,                   1035P   2116
1.30558941921121,33.7145845708686,16.699907986757,                  1035P   2117
1.42567589484577,33.5374925830936,16.7659565115724,                 1035P   2118
1.47824066933244,33.4411990850257,16.7963728771836,                 1035P   2119
1.56346425060782,33.2386568365573,16.8467748768661,                 1035P   2120
1.59619231508459,33.1321987524585,16.8667802460242,                 1035P   2121
1.63946868403793,32.9162593408343,16.8934005589711,                 1035P   2122
1.64999999999997,32.8067726981595,16.8999999999999,                 1035P   2123
1.64999999999997,32.5932273018405,16.8999999999999,                 1035P   2124
1.63946868403793,32.4837406591656,16.8934005589711,                 1035P   2125
1.59619231508459,32.2678012475415,16.8667802460242,                 1035P   2126
1.56346425060782,32.1613431634427,16.8467748768661,                 1035P   2127
1.47824066933244,31.9588009149743,16.7963728771836,                 1035P   2128
1.42567589484577,31.8625074169064,16.7659565115724,                 1035P   2129
1.30558941921121,31.6854154291314,16.699907986757,                  1035P   2130
1.23805952706475,31.6046071491492,16.66431697717,                   1035P   2131
1.02294462267711,31.3894922447615,16.5588337808052,                 1035P   2132
0.841642700660796,31.2640204005788,16.4796198519649,                1035P   2133
0.539049221769457,31.1367021184163,16.3903938334154,                1035P   2134
0.433038585954767,31.1040424270615,16.3656957994241,                1035P   2135
0.217326742499377,31.0606793871337,16.3322769327948,                1035P   2136
0.107607089369365,31.05,16.3236441353326,-3.06143999040387D-14,     1035P   2137
31.05,16.3236441353326,2.57255745034705,10.2902298013882,0.,0.,     1035P   2138
0.;                                                                 1035P   2139
126,15,3,0,0,1,0,0.,0.,0.,0.,0.322821268108185,                     1037P   2140
0.322821268108185,0.645642536216371,0.645642536216371,              1037P   2141
1.29128507243274,1.29128507243274,1.61160316691132,                 1037P   2142
1.61160316691132,1.9319212613899,1.9319212613899,                   1037P   2143
2.25223935586847,2.25223935586847,2.57255745034705,                 1037P   2144
2.57255745034705,2.57255745034705,2.57255745034705,1.,1.,1.,1.,     1037P   2145
1.,1.,1.,1.,1.,1.,1.,1.,1.,1.,1.,1.,-3.06976666308856D-14,31.05,    1037P   2146
16.3236441353326,-0.107607089369426,31.05,16.3236441353326,         1037P   2147
-0.217326742499439,31.0606793871337,16.3322769327948,               1037P   2148
-0.433038585954828,31.1040424270615,16.3656957994241,               1037P   2149
-0.539049221769517,31.1367021184163,16.3903938334154,               1037P   2150
-0.841642700660857,31.2640204005788,16.4796198519649,               1037P   2151
-1.02294462267717,31.3894922447615,16.5588337808052,                1037P   2152
-1.23805952706481,31.6046071491492,16.66431697717,                  1037P   2153
-1.30558941921127,31.6854154291314,16.699907986757,                 1037P   2154
-1.42567589484583,31.8625074169064,16.7659565115724,                1037P   2155
-1.4782406693325,31.9588009149743,16.7963728771836,                 1037P   2156
-1.56346425060788,32.1613431634427,16.8467748768661,                1037P   2157
-1.59619231508465,32.2678012475415,16.8667802460242,                1037P   2158
-1.63946868403799,32.4837406591656,16.8934005589711,                1037P   2159
-1.65000000000003,32.5932273018405,16.8999999999999,                1037P   2160
-1.65000000000003,32.7,16.8999999999999,0.,2.57255745034705,0.,     1037P   2161
0.,0.;                                                              1037P   2162
126,8,2,0,1,0,0,-3.14159265358979,-3.14159265358979,                1039P   2163
-3.14159265358979,-1.5707963267949,-1.5707963267949,0.,0.,          1039P   2164
1.5707963267949,1.5707963267949,3.14159265358979,                   1039P   2165
3.14159265358979,3.14159265358979,1.,0.707106781186547,1.,          1039P   2166
0.707106781186548,1.,0.707106781186548,1.,0.707106781186548,1.,     1039P   2167
2.99999999999999,32.7,16.8999999999999,2.99999999999999,            1039P   2168
35.3499999999999,16.8999999999999,2.99999999999999,                 1039P   2169
35.3499999999999,14.25,2.99999999999999,35.3499999999999,           1039P   2170
11.6000000000001,2.99999999999999,32.7,11.6000000000001,            1039P   2171
2.99999999999999,30.0500000000001,11.6000000000001,                 1039P   2172
2.99999999999999,30.0500000000001,14.25,2.99999999999999,           1039P   2173
30.0500000000001,16.8999999999999,2.99999999999999,32.7,            1039P   2174
16.8999999999999,-3.14159265358979,3.14159265358979,0.,0.,0.;       1039P   2175
126,1,1,0,0,1,0,-0.229797878103978,-0.229797878103978,              1041P   2176
0.279636084160197,0.279636084160197,1.,1.,2.99999999999999,32.7,    1041P   2177
16.8999999999999,1.64999999999997,32.7,16.8999999999999,            1041P   2178
-0.229797878103978,0.279636084160197,0.,0.,0.;                      1041P   2179
126,29,3,0,0,1,0,2.57255745034705,2.57255745034705,                 1043P   2180
2.57255745034705,2.57255745034705,2.89287554482563,                 1043P   2181
2.89287554482563,3.2131936393042,3.2131936393042,                   1043P   2182
3.53351173378278,3.53351173378278,3.85382982826136,                 1043P   2183
3.85382982826136,4.49947236447773,4.49947236447773,                 1043P   2184
4.82229363258592,4.82229363258592,5.1451149006941,                  1043P   2185
5.1451149006941,5.46793616880229,5.46793616880229,                  1043P   2186
5.79075743691047,5.79075743691047,6.43639997312684,                 1043P   2187
6.43639997312684,6.75671806760542,6.75671806760542,                 1043P   2188
7.077036162084,7.077036162084,7.39735425656258,7.39735425656258,    1043P   2189
7.71767235104115,7.71767235104115,7.71767235104115,                 1043P   2190
7.71767235104115,1.,1.,1.,1.,1.,1.,1.,1.,1.,1.,1.,1.,1.,1.,1.,      1043P   2191
1.,1.,1.,1.,1.,1.,1.,1.,1.,1.,1.,1.,1.,1.,1.,-1.65000000000003,     1043P   2192
32.7,16.8999999999999,-1.65000000000003,32.8067726981595,           1043P   2193
16.8999999999999,-1.63946868403799,32.9162593408343,                1043P   2194
16.8934005589711,-1.59619231508465,33.1321987524585,                1043P   2195
16.8667802460242,-1.56346425060788,33.2386568365573,                1043P   2196
16.8467748768661,-1.4782406693325,33.4411990850257,                 1043P   2197
16.7963728771836,-1.42567589484583,33.5374925830936,                1043P   2198
16.7659565115724,-1.30558941921127,33.7145845708686,                1043P   2199
16.699907986757,-1.23805952706481,33.7953928508508,                 1043P   2200
16.66431697717,-1.02294462267717,34.0105077552385,                  1043P   2201
16.5588337808052,-0.841642700660857,34.1359795994212,               1043P   2202
16.4796198519649,-0.539049221769517,34.2632978815837,               1043P   2203
16.3903938334153,-0.433038585954828,34.2959575729385,               1043P   2204
16.3656957994241,-0.217326742499439,34.3393206128663,               1043P   2205
16.3322769327948,-0.107607089369426,34.35,16.3236441353326,         1043P   2206
0.107607089369365,34.35,16.3236441353326,0.217326742499378,         1043P   2207
34.3393206128663,16.3322769327948,0.433038585954766,                1043P   2208
34.2959575729385,16.3656957994241,0.539049221769456,                1043P   2209
34.2632978815837,16.3903938334153,0.841642700660795,                1043P   2210
34.1359795994212,16.4796198519649,1.0229446226771,                  1043P   2211
34.0105077552385,16.5588337808052,1.23805952706475,                 1043P   2212
33.7953928508508,16.66431697717,1.30558941921121,                   1043P   2213
33.7145845708686,16.699907986757,1.42567589484577,                  1043P   2214
33.5374925830936,16.7659565115724,1.47824066933244,                 1043P   2215
33.4411990850257,16.7963728771836,1.56346425060782,                 1043P   2216
33.2386568365573,16.8467748768661,1.59619231508459,                 1043P   2217
33.1321987524585,16.8667802460242,1.63946868403793,                 1043P   2218
32.9162593408343,16.8934005589711,1.64999999999997,                 1043P   2219
32.8067726981595,16.8999999999999,1.64999999999997,32.7,            1043P   2220
16.8999999999999,2.57255745034705,7.71767235104115,0.,0.,0.;        1043P   2221
126,1,1,0,0,1,0,1.52491910302816,1.52491910302816,                  1045P   2222
2.03435306529234,2.03435306529234,1.,1.,-1.65000000000003,32.7,     1045P   2223
16.8999999999999,-3.00000000000004,32.7,16.8999999999999,           1045P   2224
1.52491910302816,2.03435306529234,0.,0.,0.;                         1045P   2225
126,8,2,0,1,0,0,-3.14159265358979,-3.14159265358979,                1047P   2226
-3.14159265358979,-1.5707963267949,-1.5707963267949,0.,0.,          1047P   2227
1.5707963267949,1.5707963267949,3.14159265358979,                   1047P   2228
3.14159265358979,3.14159265358979,1.,0.707106781186548,1.,          1047P   2229
0.707106781186548,1.,0.707106781186548,1.,0.707106781186547,1.,     1047P   2230
-3.00000000000004,32.7,16.8999999999999,-3.00000000000004,          1047P   2231
30.0500000000001,16.8999999999999,-3.00000000000004,                1047P   2232
30.0500000000001,14.25,-3.00000000000004,30.0500000000001,          1047P   2233
11.6000000000001,-3.00000000000004,32.7,11.6000000000001,           1047P   2234
-3.00000000000004,35.3499999999999,11.6000000000001,                1047P   2235
-3.00000000000004,35.3499999999999,14.25,-3.00000000000004,         1047P   2236
35.3499999999999,16.8999999999999,-3.00000000000004,32.7,           1047P   2237
16.8999999999999,-3.14159265358979,3.14159265358979,0.,0.,0.;       1047P   2238
126,15,3,0,0,1,0,0.,0.,0.,0.,0.322821268108185,                     1049P   2239
0.322821268108185,0.645642536216371,0.645642536216371,              1049P   2240
1.29128507243274,1.29128507243274,1.61160316691132,                 1049P   2241
1.61160316691132,1.9319212613899,1.9319212613899,                   1049P   2242
2.25223935586847,2.25223935586847,2.57255745034705,                 1049P   2243
2.57255745034705,2.57255745034705,2.57255745034705,1.,1.,1.,1.,     1049P   2244
1.,1.,1.,1.,1.,1.,1.,1.,1.,1.,1.,1.,-3.06976666308856D-14,31.05,    1049P   2245
16.3236441353326,-0.107607089369426,31.05,16.3236441353326,         1049P   2246
-0.217326742499439,31.0606793871337,16.3322769327948,               1049P   2247
-0.433038585954828,31.1040424270615,16.3656957994241,               1049P   2248
-0.539049221769517,31.1367021184163,16.3903938334154,               1049P   2249
-0.841642700660857,31.2640204005788,16.4796198519649,               1049P   2250
-1.02294462267717,31.3894922447615,16.5588337808052,                1049P   2251
-1.23805952706481,31.6046071491492,16.66431697717,                  1049P   2252
-1.30558941921127,31.6854154291314,16.699907986757,                 1049P   2253
-1.42567589484583,31.8625074169064,16.7659565115724,                1049P   2254
-1.4782406693325,31.9588009149743,16.7963728771836,                 1049P   2255
-1.56346425060788,32.1613431634427,16.8467748768661,                1049P   2256
-1.59619231508465,32.2678012475415,16.8667802460242,                1049P   2257
-1.63946868403799,32.4837406591656,16.8934005589711,                1049P   2258
-1.65000000000003,32.5932273018405,16.8999999999999,                1049P   2259
-1.65000000000003,32.7,16.8999999999999,0.,2.57255745034705,0.,     1049P   2260
0.,0.;                                                              1049P   2261
126,15,3,0,0,1,0,7.71767235104115,7.71767235104115,                 1051P   2262
7.71767235104115,7.71767235104115,8.03799044551973,                 1051P   2263
8.03799044551973,8.35830853999831,8.35830853999831,                 1051P   2264
8.67862663447688,8.67862663447688,8.99894472895546,                 1051P   2265
8.99894472895546,9.64458726517183,9.64458726517183,                 1051P   2266
9.96740853328002,9.96740853328002,10.2902298013882,                 1051P   2267
10.2902298013882,10.2902298013882,10.2902298013882,1.,1.,1.,1.,     1051P   2268
1.,1.,1.,1.,1.,1.,1.,1.,1.,1.,1.,1.,1.64999999999997,32.7,          1051P   2269
16.8999999999999,1.64999999999997,32.5932273018405,                 1051P   2270
16.8999999999999,1.63946868403793,32.4837406591656,                 1051P   2271
16.8934005589711,1.59619231508459,32.2678012475415,                 1051P   2272
16.8667802460242,1.56346425060782,32.1613431634427,                 1051P   2273
16.8467748768661,1.47824066933244,31.9588009149743,                 1051P   2274
16.7963728771836,1.42567589484577,31.8625074169064,                 1051P   2275
16.7659565115724,1.30558941921121,31.6854154291314,                 1051P   2276
16.699907986757,1.23805952706475,31.6046071491492,                  1051P   2277
16.66431697717,1.02294462267711,31.3894922447615,                   1051P   2278
16.5588337808052,0.841642700660796,31.2640204005788,                1051P   2279
16.4796198519649,0.539049221769457,31.1367021184163,                1051P   2280
16.3903938334154,0.433038585954767,31.1040424270615,                1051P   2281
16.3656957994241,0.217326742499377,31.0606793871337,                1051P   2282
16.3322769327948,0.107607089369365,31.05,16.3236441353326,          1051P   2283
-3.06143999040387D-14,31.05,16.3236441353326,7.71767235104115,      1051P   2284
10.2902298013882,0.,0.,0.;                                          1051P   2285
126,8,2,0,1,0,0,-3.14159265358979,-3.14159265358979,                1053P   2286
-3.14159265358979,-1.5707963267949,-1.5707963267949,0.,0.,          1053P   2287
1.5707963267949,1.5707963267949,3.14159265358979,                   1053P   2288
3.14159265358979,3.14159265358979,1.,0.707106781186549,1.,          1053P   2289
0.707106781186549,1.,0.707106781186548,1.,0.707106781186548,1.,     1053P   2290
-1.65000000000003,39.2,19.2,-1.65000000000003,40.85,19.2,           1053P   2291
-3.05411221187247D-14,40.85,19.2,1.64999999999997,40.85,19.2,       1053P   2292
1.64999999999997,39.2,19.2,1.64999999999997,37.55,19.2,             1053P   2293
-3.05411221187247D-14,37.55,19.2,-1.65000000000003,37.55,19.2,      1053P   2294
-1.65000000000003,39.2,19.2,-3.14159265358979,3.14159265358979,     1053P   2295
0.,0.,0.;                                                           1053P   2296
126,1,1,0,0,1,0,2.55980142006478,2.55980142006478,                  1055P   2297
3.95374081400423,3.95374081400423,1.,1.,-1.65000000000003,39.2,     1055P   2298
19.2,-1.65000000000003,39.2,16.8999999999999,2.55980142006478,      1055P   2299
3.95374081400423,0.,0.,0.;                                          1055P   2300
126,43,3,0,0,1,0,2.57255745034705,2.57255745034705,                 1057P   2301
2.57255745034705,2.57255745034705,2.89287554482563,                 1057P   2302
2.89287554482563,3.2131936393042,3.2131936393042,                   1057P   2303
3.53351173378278,3.53351173378278,3.85382982826136,                 1057P   2304
3.85382982826136,4.49947236447773,4.49947236447773,                 1057P   2305
4.82229363258591,4.82229363258591,5.1451149006941,                  1057P   2306
5.1451149006941,5.46793616880229,5.46793616880229,                  1057P   2307
5.79075743691047,5.79075743691047,6.43639997312684,                 1057P   2308
6.43639997312684,6.75671806760542,6.75671806760542,                 1057P   2309
7.077036162084,7.077036162084,7.39735425656258,7.39735425656258,    1057P   2310
7.71767235104115,7.71767235104115,8.03799044551973,                 1057P   2311
8.03799044551973,8.35830853999831,8.35830853999831,                 1057P   2312
8.67862663447688,8.67862663447688,8.99894472895546,                 1057P   2313
8.99894472895546,9.64458726517183,9.64458726517183,                 1057P   2314
9.96740853328002,9.96740853328002,10.2902298013882,                 1057P   2315
10.2902298013882,10.2902298013882,10.2902298013882,1.,1.,1.,1.,     1057P   2316
1.,1.,1.,1.,1.,1.,1.,1.,1.,1.,1.,1.,1.,1.,1.,1.,1.,1.,1.,1.,1.,     1057P   2317
1.,1.,1.,1.,1.,1.,1.,1.,1.,1.,1.,1.,1.,1.,1.,1.,1.,1.,1.,           1057P   2318
-1.65000000000003,39.2,16.8999999999999,-1.65000000000003,          1057P   2319
39.3067726981595,16.8999999999999,-1.63946868403799,                1057P   2320
39.4162593408343,16.8934005589711,-1.59619231508465,                1057P   2321
39.6321987524585,16.8667802460242,-1.56346425060788,                1057P   2322
39.7386568365573,16.8467748768661,-1.4782406693325,                 1057P   2323
39.9411990850257,16.7963728771836,-1.42567589484583,                1057P   2324
40.0374925830936,16.7659565115724,-1.30558941921127,                1057P   2325
40.2145845708686,16.699907986757,-1.23805952706481,                 1057P   2326
40.2953928508508,16.66431697717,-1.02294462267717,                  1057P   2327
40.5105077552385,16.5588337808052,-0.841642700660857,               1057P   2328
40.6359795994212,16.4796198519649,-0.539049221769518,               1057P   2329
40.7632978815837,16.3903938334153,-0.433038585954829,               1057P   2330
40.7959575729385,16.3656957994241,-0.217326742499439,               1057P   2331
40.8393206128663,16.3322769327948,-0.107607089369426,40.85,         1057P   2332
16.3236441353326,0.107607089369365,40.85,16.3236441353326,          1057P   2333
0.217326742499378,40.8393206128663,16.3322769327948,                1057P   2334
0.433038585954767,40.7959575729385,16.3656957994241,                1057P   2335
0.539049221769456,40.7632978815837,16.3903938334153,                1057P   2336
0.841642700660796,40.6359795994212,16.4796198519649,                1057P   2337
1.0229446226771,40.5105077552385,16.5588337808052,                  1057P   2338
1.23805952706475,40.2953928508508,16.66431697717,                   1057P   2339
1.30558941921121,40.2145845708686,16.699907986757,                  1057P   2340
1.42567589484577,40.0374925830936,16.7659565115724,                 1057P   2341
1.47824066933243,39.9411990850257,16.7963728771836,                 1057P   2342
1.56346425060782,39.7386568365573,16.8467748768661,                 1057P   2343
1.59619231508459,39.6321987524585,16.8667802460242,                 1057P   2344
1.63946868403793,39.4162593408343,16.8934005589711,                 1057P   2345
1.64999999999997,39.3067726981595,16.8999999999999,                 1057P   2346
1.64999999999997,39.0932273018405,16.8999999999999,                 1057P   2347
1.63946868403793,38.9837406591656,16.8934005589711,                 1057P   2348
1.59619231508459,38.7678012475415,16.8667802460242,                 1057P   2349
1.56346425060782,38.6613431634427,16.8467748768661,                 1057P   2350
1.47824066933244,38.4588009149743,16.7963728771836,                 1057P   2351
1.42567589484577,38.3625074169064,16.7659565115724,                 1057P   2352
1.3055894192112,38.1854154291314,16.699907986757,                   1057P   2353
1.23805952706475,38.1046071491492,16.66431697717,                   1057P   2354
1.02294462267711,37.8894922447615,16.5588337808052,                 1057P   2355
0.841642700660795,37.7640204005788,16.4796198519649,                1057P   2356
0.539049221769456,37.6367021184163,16.3903938334154,                1057P   2357
0.433038585954767,37.6040424270615,16.3656957994241,                1057P   2358
0.217326742499378,37.5606793871337,16.3322769327948,                1057P   2359
0.107607089369365,37.55,16.3236441353326,-3.06699110552699D-14,     1057P   2360
37.55,16.3236441353326,2.57255745034705,10.2902298013882,0.,0.,     1057P   2361
0.;                                                                 1057P   2362
126,15,3,0,0,1,0,0.,0.,0.,0.,0.322821268108185,                     1059P   2363
0.322821268108185,0.64564253621637,0.64564253621637,                1059P   2364
1.29128507243274,1.29128507243274,1.61160316691132,                 1059P   2365
1.61160316691132,1.93192126138989,1.93192126138989,                 1059P   2366
2.25223935586847,2.25223935586847,2.57255745034705,                 1059P   2367
2.57255745034705,2.57255745034705,2.57255745034705,1.,1.,1.,1.,     1059P   2368
1.,1.,1.,1.,1.,1.,1.,1.,1.,1.,1.,1.,-3.06699110552699D-14,37.55,    1059P   2369
16.3236441353326,-0.107607089369426,37.55,16.3236441353326,         1059P   2370
-0.217326742499439,37.5606793871337,16.3322769327948,               1059P   2371
-0.433038585954828,37.6040424270615,16.3656957994241,               1059P   2372
-0.539049221769517,37.6367021184163,16.3903938334154,               1059P   2373
-0.841642700660857,37.7640204005788,16.4796198519649,               1059P   2374
-1.02294462267717,37.8894922447615,16.5588337808052,                1059P   2375
-1.23805952706481,38.1046071491492,16.66431697717,                  1059P   2376
-1.30558941921127,38.1854154291314,16.699907986757,                 1059P   2377
-1.42567589484583,38.3625074169064,16.7659565115724,                1059P   2378
-1.4782406693325,38.4588009149743,16.7963728771836,                 1059P   2379
-1.56346425060788,38.6613431634427,16.8467748768661,                1059P   2380
-1.59619231508465,38.7678012475415,16.8667802460242,                1059P   2381
-1.63946868403799,38.9837406591656,16.8934005589711,                1059P   2382
-1.65000000000003,39.0932273018405,16.8999999999999,                1059P   2383
-1.65000000000003,39.2,16.8999999999999,0.,2.57255745034705,0.,     1059P   2384
0.,0.;                                                              1059P   2385
126,8,2,0,1,0,0,-3.14159265358979,-3.14159265358979,                1061P   2386
-3.14159265358979,-1.5707963267949,-1.5707963267949,0.,0.,          1061P   2387
1.5707963267949,1.5707963267949,3.14159265358979,                   1061P   2388
3.14159265358979,3.14159265358979,1.,0.707106781186547,1.,          1061P   2389
0.707106781186548,1.,0.707106781186548,1.,0.707106781186548,1.,     1061P   2390
2.99999999999999,39.2,16.8999999999999,2.99999999999999,            1061P   2391
41.8499999999999,16.8999999999999,2.99999999999999,                 1061P   2392
41.8499999999999,14.25,2.99999999999999,41.8499999999999,           1061P   2393
11.6000000000001,2.99999999999999,39.2,11.6000000000001,            1061P   2394
2.99999999999999,36.5500000000001,11.6000000000001,                 1061P   2395
2.99999999999999,36.5500000000001,14.25,2.99999999999999,           1061P   2396
36.5500000000001,16.8999999999999,2.99999999999999,39.2,            1061P   2397
16.8999999999999,-3.14159265358979,3.14159265358979,0.,0.,0.;       1061P   2398
126,1,1,0,0,1,0,-0.229797878103978,-0.229797878103978,              1063P   2399
0.279636084160197,0.279636084160197,1.,1.,2.99999999999999,39.2,    1063P   2400
16.8999999999999,1.64999999999997,39.2,16.8999999999999,            1063P   2401
-0.229797878103978,0.279636084160197,0.,0.,0.;                      1063P   2402
126,29,3,0,0,1,0,2.57255745034705,2.57255745034705,                 1065P   2403
2.57255745034705,2.57255745034705,2.89287554482563,                 1065P   2404
2.89287554482563,3.2131936393042,3.2131936393042,                   1065P   2405
3.53351173378278,3.53351173378278,3.85382982826136,                 1065P   2406
3.85382982826136,4.49947236447773,4.49947236447773,                 1065P   2407
4.82229363258591,4.82229363258591,5.1451149006941,                  1065P   2408
5.1451149006941,5.46793616880229,5.46793616880229,                  1065P   2409
5.79075743691047,5.79075743691047,6.43639997312684,                 1065P   2410
6.43639997312684,6.75671806760542,6.75671806760542,                 1065P   2411
7.077036162084,7.077036162084,7.39735425656258,7.39735425656258,    1065P   2412
7.71767235104115,7.71767235104115,7.71767235104115,                 1065P   2413
7.71767235104115,1.,1.,1.,1.,1.,1.,1.,1.,1.,1.,1.,1.,1.,1.,1.,      1065P   2414
1.,1.,1.,1.,1.,1.,1.,1.,1.,1.,1.,1.,1.,1.,1.,-1.65000000000003,     1065P   2415
39.2,16.8999999999999,-1.65000000000003,39.3067726981595,           1065P   2416
16.8999999999999,-1.63946868403799,39.4162593408343,                1065P   2417
16.8934005589711,-1.59619231508465,39.6321987524585,                1065P   2418
16.8667802460242,-1.56346425060788,39.7386568365573,                1065P   2419
16.8467748768661,-1.4782406693325,39.9411990850257,                 1065P   2420
16.7963728771836,-1.42567589484583,40.0374925830936,                1065P   2421
16.7659565115724,-1.30558941921127,40.2145845708686,                1065P   2422
16.699907986757,-1.23805952706481,40.2953928508508,                 1065P   2423
16.66431697717,-1.02294462267717,40.5105077552385,                  1065P   2424
16.5588337808052,-0.841642700660857,40.6359795994212,               1065P   2425
16.4796198519649,-0.539049221769518,40.7632978815837,               1065P   2426
16.3903938334153,-0.433038585954829,40.7959575729385,               1065P   2427
16.3656957994241,-0.217326742499439,40.8393206128663,               1065P   2428
16.3322769327948,-0.107607089369426,40.85,16.3236441353326,         1065P   2429
0.107607089369365,40.85,16.3236441353326,0.217326742499378,         1065P   2430
40.8393206128663,16.3322769327948,0.433038585954767,                1065P   2431
40.7959575729385,16.3656957994241,0.539049221769456,                1065P   2432
40.7632978815837,16.3903938334153,0.841642700660796,                1065P   2433
40.6359795994212,16.4796198519649,1.0229446226771,                  1065P   2434
40.5105077552385,16.5588337808052,1.23805952706475,                 1065P   2435
40.2953928508508,16.66431697717,1.30558941921121,                   1065P   2436
40.2145845708686,16.699907986757,1.42567589484577,                  1065P   2437
40.0374925830936,16.7659565115724,1.47824066933243,                 1065P   2438
39.9411990850257,16.7963728771836,1.56346425060782,                 1065P   2439
39.7386568365573,16.8467748768661,1.59619231508459,                 1065P   2440
39.6321987524585,16.8667802460242,1.63946868403793,                 1065P   2441
39.4162593408343,16.8934005589711,1.64999999999997,                 1065P   2442
39.3067726981595,16.8999999999999,1.64999999999997,39.2,            1065P   2443
16.8999999999999,2.57255745034705,7.71767235104115,0.,0.,0.;        1065P   2444
126,1,1,0,0,1,0,1.52491910302816,1.52491910302816,                  1067P   2445
2.03435306529234,2.03435306529234,1.,1.,-1.65000000000003,39.2,     1067P   2446
16.8999999999999,-3.00000000000004,39.2,16.8999999999999,           1067P   2447
1.52491910302816,2.03435306529234,0.,0.,0.;                         1067P   2448
126,8,2,0,1,0,0,-3.14159265358979,-3.14159265358979,                1069P   2449
-3.14159265358979,-1.5707963267949,-1.5707963267949,0.,0.,          1069P   2450
1.5707963267949,1.5707963267949,3.14159265358979,                   1069P   2451
3.14159265358979,3.14159265358979,1.,0.707106781186548,1.,          1069P   2452
0.707106781186548,1.,0.707106781186549,1.,0.707106781186548,1.,     1069P   2453
-3.00000000000004,39.2,16.8999999999999,-3.00000000000004,          1069P   2454
36.5500000000001,16.8999999999999,-3.00000000000004,                1069P   2455
36.5500000000001,14.25,-3.00000000000004,36.5500000000001,          1069P   2456
11.6000000000001,-3.00000000000004,39.2,11.6000000000001,           1069P   2457
-3.00000000000004,41.8499999999999,11.6000000000001,                1069P   2458
-3.00000000000004,41.8499999999999,14.25,-3.00000000000004,         1069P   2459
41.8499999999999,16.8999999999999,-3.00000000000004,39.2,           1069P   2460
16.8999999999999,-3.14159265358979,3.14159265358979,0.,0.,0.;       1069P   2461
126,15,3,0,0,1,0,0.,0.,0.,0.,0.322821268108185,                     1071P   2462
0.322821268108185,0.64564253621637,0.64564253621637,                1071P   2463
1.29128507243274,1.29128507243274,1.61160316691132,                 1071P   2464
1.61160316691132,1.93192126138989,1.93192126138989,                 1071P   2465
2.25223935586847,2.25223935586847,2.57255745034705,                 1071P   2466
2.57255745034705,2.57255745034705,2.57255745034705,1.,1.,1.,1.,     1071P   2467
1.,1.,1.,1.,1.,1.,1.,1.,1.,1.,1.,1.,-3.06699110552699D-14,37.55,    1071P   2468
16.3236441353326,-0.107607089369426,37.55,16.3236441353326,         1071P   2469
-0.217326742499439,37.5606793871337,16.3322769327948,               1071P   2470
-0.433038585954828,37.6040424270615,16.3656957994241,               1071P   2471
-0.539049221769517,37.6367021184163,16.3903938334154,               1071P   2472
-0.841642700660857,37.7640204005788,16.4796198519649,               1071P   2473
-1.02294462267717,37.8894922447615,16.5588337808052,                1071P   2474
-1.23805952706481,38.1046071491492,16.66431697717,                  1071P   2475
-1.30558941921127,38.1854154291314,16.699907986757,                 1071P   2476
-1.42567589484583,38.3625074169064,16.7659565115724,                1071P   2477
-1.4782406693325,38.4588009149743,16.7963728771836,                 1071P   2478
-1.56346425060788,38.6613431634427,16.8467748768661,                1071P   2479
-1.59619231508465,38.7678012475415,16.8667802460242,                1071P   2480
-1.63946868403799,38.9837406591656,16.8934005589711,                1071P   2481
-1.65000000000003,39.0932273018405,16.8999999999999,                1071P   2482
-1.65000000000003,39.2,16.8999999999999,0.,2.57255745034705,0.,     1071P   2483
0.,0.;                                                              1071P   2484
126,15,3,0,0,1,0,7.71767235104115,7.71767235104115,                 1073P   2485
7.71767235104115,7.71767235104115,8.03799044551973,                 1073P   2486
8.03799044551973,8.35830853999831,8.35830853999831,                 1073P   2487
8.67862663447688,8.67862663447688,8.99894472895546,                 1073P   2488
8.99894472895546,9.64458726517183,9.64458726517183,                 1073P   2489
9.96740853328002,9.96740853328002,10.2902298013882,                 1073P   2490
10.2902298013882,10.2902298013882,10.2902298013882,1.,1.,1.,1.,     1073P   2491
1.,1.,1.,1.,1.,1.,1.,1.,1.,1.,1.,1.,1.64999999999997,39.2,          1073P   2492
16.8999999999999,1.64999999999997,39.0932273018405,                 1073P   2493
16.8999999999999,1.63946868403793,38.9837406591656,                 1073P   2494
16.8934005589711,1.59619231508459,38.7678012475415,                 1073P   2495
16.8667802460242,1.56346425060782,38.6613431634427,                 1073P   2496
16.8467748768661,1.47824066933244,38.4588009149743,                 1073P   2497
16.7963728771836,1.42567589484577,38.3625074169064,                 1073P   2498
16.7659565115724,1.3055894192112,38.1854154291314,                  1073P   2499
16.699907986757,1.23805952706475,38.1046071491492,                  1073P   2500
16.66431697717,1.02294462267711,37.8894922447615,                   1073P   2501
16.5588337808052,0.841642700660795,37.7640204005788,                1073P   2502
16.4796198519649,0.539049221769456,37.6367021184163,                1073P   2503
16.3903938334154,0.433038585954767,37.6040424270615,                1073P   2504
16.3656957994241,0.217326742499378,37.5606793871337,                1073P   2505
16.3322769327948,0.107607089369365,37.55,16.3236441353326,          1073P   2506
-3.06699110552699D-14,37.55,16.3236441353326,7.71767235104115,      1073P   2507
10.2902298013882,0.,0.,0.;                                          1073P   2508
126,8,2,0,1,0,0,-3.14159265358979,-3.14159265358979,                1075P   2509
-3.14159265358979,-1.5707963267949,-1.5707963267949,0.,0.,          1075P   2510
1.5707963267949,1.5707963267949,3.14159265358979,                   1075P   2511
3.14159265358979,3.14159265358979,1.,0.707106781186548,1.,          1075P   2512
0.707106781186549,1.,0.707106781186549,1.,0.707106781186548,1.,     1075P   2513
-1.65000000000003,45.7,19.2,-1.65000000000003,47.35,19.2,           1075P   2514
-3.05411221187247D-14,47.35,19.2,1.64999999999997,47.35,19.2,       1075P   2515
1.64999999999997,45.7,19.2,1.64999999999997,44.05,19.2,             1075P   2516
-3.05411221187247D-14,44.05,19.2,-1.65000000000003,44.05,19.2,      1075P   2517
-1.65000000000003,45.7,19.2,-3.14159265358979,3.14159265358979,     1075P   2518
0.,0.,0.;                                                           1075P   2519
126,1,1,0,0,1,0,2.55980142006478,2.55980142006478,                  1077P   2520
3.95374081400423,3.95374081400423,1.,1.,-1.65000000000003,45.7,     1077P   2521
19.2,-1.65000000000003,45.7,16.8999999999999,2.55980142006478,      1077P   2522
3.95374081400423,0.,0.,0.;                                          1077P   2523
126,43,3,0,0,1,0,2.57255745034706,2.57255745034706,                 1079P   2524
2.57255745034706,2.57255745034706,2.89287554482563,                 1079P   2525
2.89287554482563,3.21319363930421,3.21319363930421,                 1079P   2526
3.53351173378278,3.53351173378278,3.85382982826136,                 1079P   2527
3.85382982826136,4.49947236447773,4.49947236447773,                 1079P   2528
4.82229363258592,4.82229363258592,5.1451149006941,                  1079P   2529
5.1451149006941,5.46793616880229,5.46793616880229,                  1079P   2530
5.79075743691047,5.79075743691047,6.43639997312684,                 1079P   2531
6.43639997312684,6.75671806760542,6.75671806760542,                 1079P   2532
7.07703616208399,7.07703616208399,7.39735425656257,                 1079P   2533
7.39735425656257,7.71767235104114,7.71767235104114,                 1079P   2534
8.03799044551972,8.03799044551972,8.3583085399983,                  1079P   2535
8.3583085399983,8.67862663447688,8.67862663447688,                  1079P   2536
8.99894472895546,8.99894472895546,9.64458726517183,                 1079P   2537
9.64458726517183,9.96740853328002,9.96740853328002,                 1079P   2538
10.2902298013882,10.2902298013882,10.2902298013882,                 1079P   2539
10.2902298013882,1.,1.,1.,1.,1.,1.,1.,1.,1.,1.,1.,1.,1.,1.,1.,      1079P   2540
1.,1.,1.,1.,1.,1.,1.,1.,1.,1.,1.,1.,1.,1.,1.,1.,1.,1.,1.,1.,1.,     1079P   2541
1.,1.,1.,1.,1.,1.,1.,1.,-1.65000000000003,45.7,16.8999999999999,    1079P   2542
-1.65000000000003,45.8067726981595,16.8999999999999,                1079P   2543
-1.63946868403799,45.9162593408343,16.8934005589711,                1079P   2544
-1.59619231508465,46.1321987524585,16.8667802460242,                1079P   2545
-1.56346425060788,46.2386568365573,16.8467748768661,                1079P   2546
-1.4782406693325,46.4411990850257,16.7963728771836,                 1079P   2547
-1.42567589484583,46.5374925830936,16.7659565115724,                1079P   2548
-1.30558941921127,46.7145845708686,16.699907986757,                 1079P   2549
-1.23805952706481,46.7953928508508,16.66431697717,                  1079P   2550
-1.02294462267717,47.0105077552385,16.5588337808052,                1079P   2551
-0.84164270066086,47.1359795994212,16.4796198519649,                1079P   2552
-0.53904922176952,47.2632978815836,16.3903938334153,                1079P   2553
-0.433038585954831,47.2959575729385,16.3656957994241,               1079P   2554
-0.217326742499441,47.3393206128663,16.3322769327948,               1079P   2555
-0.107607089369426,47.35,16.3236441353326,0.107607089369365,        1079P   2556
47.35,16.3236441353326,0.217326742499379,47.3393206128663,          1079P   2557
16.3322769327948,0.433038585954769,47.2959575729385,                1079P   2558
16.3656957994241,0.539049221769459,47.2632978815836,                1079P   2559
16.3903938334153,0.841642700660799,47.1359795994212,                1079P   2560
16.4796198519649,1.02294462267711,47.0105077552385,                 1079P   2561
16.5588337808052,1.23805952706475,46.7953928508508,                 1079P   2562
16.66431697717,1.30558941921121,46.7145845708686,                   1079P   2563
16.699907986757,1.42567589484577,46.5374925830936,                  1079P   2564
16.7659565115724,1.47824066933244,46.4411990850257,                 1079P   2565
16.7963728771836,1.56346425060782,46.2386568365573,                 1079P   2566
16.8467748768661,1.59619231508459,46.1321987524585,                 1079P   2567
16.8667802460242,1.63946868403793,45.9162593408343,                 1079P   2568
16.8934005589711,1.64999999999997,45.8067726981595,                 1079P   2569
16.8999999999999,1.64999999999997,45.5932273018405,                 1079P   2570
16.8999999999999,1.63946868403793,45.4837406591656,                 1079P   2571
16.8934005589711,1.59619231508459,45.2678012475415,                 1079P   2572
16.8667802460242,1.56346425060782,45.1613431634427,                 1079P   2573
16.8467748768661,1.47824066933244,44.9588009149743,                 1079P   2574
16.7963728771836,1.42567589484577,44.8625074169064,                 1079P   2575
16.7659565115724,1.3055894192112,44.6854154291314,                  1079P   2576
16.699907986757,1.23805952706475,44.6046071491492,                  1079P   2577
16.66431697717,1.02294462267711,44.3894922447615,                   1079P   2578
16.5588337808052,0.841642700660793,44.2640204005788,                1079P   2579
16.4796198519649,0.539049221769452,44.1367021184163,                1079P   2580
16.3903938334154,0.433038585954763,44.1040424270615,                1079P   2581
16.3656957994241,0.217326742499376,44.0606793871337,                1079P   2582
16.3322769327948,0.107607089369364,44.05,16.3236441353326,          1079P   2583
-3.06976666308856D-14,44.05,16.3236441353326,2.57255745034706,      1079P   2584
10.2902298013882,0.,0.,0.;                                          1079P   2585
126,15,3,0,0,1,0,0.,0.,0.,0.,0.322821268108185,                     1081P   2586
0.322821268108185,0.64564253621637,0.64564253621637,                1081P   2587
1.29128507243274,1.29128507243274,1.61160316691132,                 1081P   2588
1.61160316691132,1.9319212613899,1.9319212613899,                   1081P   2589
2.25223935586848,2.25223935586848,2.57255745034706,                 1081P   2590
2.57255745034706,2.57255745034706,2.57255745034706,1.,1.,1.,1.,     1081P   2591
1.,1.,1.,1.,1.,1.,1.,1.,1.,1.,1.,1.,-3.05866443284231D-14,44.05,    1081P   2592
16.3236441353326,-0.107607089369426,44.05,16.3236441353326,         1081P   2593
-0.217326742499437,44.0606793871337,16.3322769327948,               1081P   2594
-0.433038585954825,44.1040424270615,16.3656957994241,               1081P   2595
-0.539049221769515,44.1367021184163,16.3903938334154,               1081P   2596
-0.841642700660855,44.2640204005788,16.4796198519649,               1081P   2597
-1.02294462267717,44.3894922447615,16.5588337808052,                1081P   2598
-1.23805952706481,44.6046071491492,16.66431697717,                  1081P   2599
-1.30558941921127,44.6854154291314,16.699907986757,                 1081P   2600
-1.42567589484583,44.8625074169064,16.7659565115724,                1081P   2601
-1.4782406693325,44.9588009149743,16.7963728771836,                 1081P   2602
-1.56346425060788,45.1613431634427,16.8467748768661,                1081P   2603
-1.59619231508466,45.2678012475415,16.8667802460242,                1081P   2604
-1.63946868403799,45.4837406591656,16.8934005589711,                1081P   2605
-1.65000000000003,45.5932273018405,16.8999999999999,                1081P   2606
-1.65000000000003,45.7,16.8999999999999,0.,2.57255745034706,0.,     1081P   2607
0.,0.;                                                              1081P   2608
126,8,2,0,1,0,0,-3.14159265358979,-3.14159265358979,                1083P   2609
-3.14159265358979,-1.5707963267949,-1.5707963267949,0.,0.,          1083P   2610
1.5707963267949,1.5707963267949,3.14159265358979,                   1083P   2611
3.14159265358979,3.14159265358979,1.,0.707106781186547,1.,          1083P   2612
0.707106781186547,1.,0.707106781186548,1.,0.707106781186549,1.,     1083P   2613
2.99999999999999,45.7,16.8999999999999,2.99999999999999,            1083P   2614
48.3499999999999,16.8999999999999,2.99999999999999,                 1083P   2615
48.3499999999999,14.25,2.99999999999999,48.3499999999999,           1083P   2616
11.6000000000001,2.99999999999999,45.7,11.6000000000001,            1083P   2617
2.99999999999999,43.0500000000001,11.6000000000001,                 1083P   2618
2.99999999999999,43.0500000000001,14.25,2.99999999999999,           1083P   2619
43.0500000000001,16.8999999999999,2.99999999999999,45.7,            1083P   2620
16.8999999999999,-3.14159265358979,3.14159265358979,0.,0.,0.;       1083P   2621
126,1,1,0,0,1,0,-0.229797878103978,-0.229797878103978,              1085P   2622
0.279636084160197,0.279636084160197,1.,1.,2.99999999999999,45.7,    1085P   2623
16.8999999999999,1.64999999999997,45.7,16.8999999999999,            1085P   2624
-0.229797878103978,0.279636084160197,0.,0.,0.;                      1085P   2625
126,29,3,0,0,1,0,2.57255745034706,2.57255745034706,                 1087P   2626
2.57255745034706,2.57255745034706,2.89287554482563,                 1087P   2627
2.89287554482563,3.21319363930421,3.21319363930421,                 1087P   2628
3.53351173378278,3.53351173378278,3.85382982826136,                 1087P   2629
3.85382982826136,4.49947236447773,4.49947236447773,                 1087P   2630
4.82229363258592,4.82229363258592,5.1451149006941,                  1087P   2631
5.1451149006941,5.46793616880229,5.46793616880229,                  1087P   2632
5.79075743691047,5.79075743691047,6.43639997312684,                 1087P   2633
6.43639997312684,6.75671806760542,6.75671806760542,                 1087P   2634
7.07703616208399,7.07703616208399,7.39735425656257,                 1087P   2635
7.39735425656257,7.71767235104114,7.71767235104114,                 1087P   2636
7.71767235104114,7.71767235104114,1.,1.,1.,1.,1.,1.,1.,1.,1.,1.,    1087P   2637
1.,1.,1.,1.,1.,1.,1.,1.,1.,1.,1.,1.,1.,1.,1.,1.,1.,1.,1.,1.,        1087P   2638
-1.65000000000003,45.7,16.8999999999999,-1.65000000000003,          1087P   2639
45.8067726981595,16.8999999999999,-1.63946868403799,                1087P   2640
45.9162593408343,16.8934005589711,-1.59619231508465,                1087P   2641
46.1321987524585,16.8667802460242,-1.56346425060788,                1087P   2642
46.2386568365573,16.8467748768661,-1.4782406693325,                 1087P   2643
46.4411990850257,16.7963728771836,-1.42567589484583,                1087P   2644
46.5374925830936,16.7659565115724,-1.30558941921127,                1087P   2645
46.7145845708686,16.699907986757,-1.23805952706481,                 1087P   2646
46.7953928508508,16.66431697717,-1.02294462267717,                  1087P   2647
47.0105077552385,16.5588337808052,-0.84164270066086,                1087P   2648
47.1359795994212,16.4796198519649,-0.53904922176952,                1087P   2649
47.2632978815836,16.3903938334153,-0.433038585954831,               1087P   2650
47.2959575729385,16.3656957994241,-0.217326742499441,               1087P   2651
47.3393206128663,16.3322769327948,-0.107607089369426,47.35,         1087P   2652
16.3236441353326,0.107607089369365,47.35,16.3236441353326,          1087P   2653
0.217326742499379,47.3393206128663,16.3322769327948,                1087P   2654
0.433038585954769,47.2959575729385,16.3656957994241,                1087P   2655
0.539049221769459,47.2632978815836,16.3903938334153,                1087P   2656
0.841642700660799,47.1359795994212,16.4796198519649,                1087P   2657
1.02294462267711,47.0105077552385,16.5588337808052,                 1087P   2658
1.23805952706475,46.7953928508508,16.66431697717,                   1087P   2659
1.30558941921121,46.7145845708686,16.699907986757,                  1087P   2660
1.42567589484577,46.5374925830936,16.7659565115724,                 1087P   2661
1.47824066933244,46.4411990850257,16.7963728771836,                 1087P   2662
1.56346425060782,46.2386568365573,16.8467748768661,                 1087P   2663
1.59619231508459,46.1321987524585,16.8667802460242,                 1087P   2664
1.63946868403793,45.9162593408343,16.8934005589711,                 1087P   2665
1.64999999999997,45.8067726981595,16.8999999999999,                 1087P   2666
1.64999999999997,45.7,16.8999999999999,2.57255745034706,            1087P   2667
7.71767235104114,0.,0.,0.;                                          1087P   2668
126,1,1,0,0,1,0,1.52491910302816,1.52491910302816,                  1089P   2669
2.03435306529234,2.03435306529234,1.,1.,-1.65000000000003,45.7,     1089P   2670
16.8999999999999,-3.00000000000004,45.7,16.8999999999999,           1089P   2671
1.52491910302816,2.03435306529234,0.,0.,0.;                         1089P   2672
126,8,2,0,1,0,0,-3.14159265358979,-3.14159265358979,                1091P   2673
-3.14159265358979,-1.5707963267949,-1.5707963267949,0.,0.,          1091P   2674
1.5707963267949,1.5707963267949,3.14159265358979,                   1091P   2675
3.14159265358979,3.14159265358979,1.,0.707106781186549,1.,          1091P   2676
0.707106781186548,1.,0.707106781186547,1.,0.707106781186547,1.,     1091P   2677
-3.00000000000004,45.7,16.8999999999999,-3.00000000000004,          1091P   2678
43.0500000000001,16.8999999999999,-3.00000000000004,                1091P   2679
43.0500000000001,14.25,-3.00000000000004,43.0500000000001,          1091P   2680
11.6000000000001,-3.00000000000004,45.7,11.6000000000001,           1091P   2681
-3.00000000000004,48.3499999999999,11.6000000000001,                1091P   2682
-3.00000000000004,48.3499999999999,14.25,-3.00000000000004,         1091P   2683
48.3499999999999,16.8999999999999,-3.00000000000004,45.7,           1091P   2684
16.8999999999999,-3.14159265358979,3.14159265358979,0.,0.,0.;       1091P   2685
126,15,3,0,0,1,0,0.,0.,0.,0.,0.322821268108185,                     1093P   2686
0.322821268108185,0.64564253621637,0.64564253621637,                1093P   2687
1.29128507243274,1.29128507243274,1.61160316691132,                 1093P   2688
1.61160316691132,1.9319212613899,1.9319212613899,                   1093P   2689
2.25223935586848,2.25223935586848,2.57255745034706,                 1093P   2690
2.57255745034706,2.57255745034706,2.57255745034706,1.,1.,1.,1.,     1093P   2691
1.,1.,1.,1.,1.,1.,1.,1.,1.,1.,1.,1.,-3.05866443284231D-14,44.05,    1093P   2692
16.3236441353326,-0.107607089369426,44.05,16.3236441353326,         1093P   2693
-0.217326742499437,44.0606793871337,16.3322769327948,               1093P   2694
-0.433038585954825,44.1040424270615,16.3656957994241,               1093P   2695
-0.539049221769515,44.1367021184163,16.3903938334154,               1093P   2696
-0.841642700660855,44.2640204005788,16.4796198519649,               1093P   2697
-1.02294462267717,44.3894922447615,16.5588337808052,                1093P   2698
-1.23805952706481,44.6046071491492,16.66431697717,                  1093P   2699
-1.30558941921127,44.6854154291314,16.699907986757,                 1093P   2700
-1.42567589484583,44.8625074169064,16.7659565115724,                1093P   2701
-1.4782406693325,44.9588009149743,16.7963728771836,                 1093P   2702
-1.56346425060788,45.1613431634427,16.8467748768661,                1093P   2703
-1.59619231508466,45.2678012475415,16.8667802460242,                1093P   2704
-1.63946868403799,45.4837406591656,16.8934005589711,                1093P   2705
-1.65000000000003,45.5932273018405,16.8999999999999,                1093P   2706
-1.65000000000003,45.7,16.8999999999999,0.,2.57255745034706,0.,     1093P   2707
0.,0.;                                                              1093P   2708
126,15,3,0,0,1,0,7.71767235104114,7.71767235104114,                 1095P   2709
7.71767235104114,7.71767235104114,8.03799044551972,                 1095P   2710
8.03799044551972,8.3583085399983,8.3583085399983,                   1095P   2711
8.67862663447688,8.67862663447688,8.99894472895546,                 1095P   2712
8.99894472895546,9.64458726517183,9.64458726517183,                 1095P   2713
9.96740853328002,9.96740853328002,10.2902298013882,                 1095P   2714
10.2902298013882,10.2902298013882,10.2902298013882,1.,1.,1.,1.,     1095P   2715
1.,1.,1.,1.,1.,1.,1.,1.,1.,1.,1.,1.,1.64999999999997,45.7,          1095P   2716
16.8999999999999,1.64999999999997,45.5932273018405,                 1095P   2717
16.8999999999999,1.63946868403793,45.4837406591656,                 1095P   2718
16.8934005589711,1.59619231508459,45.2678012475415,                 1095P   2719
16.8667802460242,1.56346425060782,45.1613431634427,                 1095P   2720
16.8467748768661,1.47824066933244,44.9588009149743,                 1095P   2721
16.7963728771836,1.42567589484577,44.8625074169064,                 1095P   2722
16.7659565115724,1.3055894192112,44.6854154291314,                  1095P   2723
16.699907986757,1.23805952706475,44.6046071491492,                  1095P   2724
16.66431697717,1.02294462267711,44.3894922447615,                   1095P   2725
16.5588337808052,0.841642700660793,44.2640204005788,                1095P   2726
16.4796198519649,0.539049221769452,44.1367021184163,                1095P   2727
16.3903938334154,0.433038585954763,44.1040424270615,                1095P   2728
16.3656957994241,0.217326742499376,44.0606793871337,                1095P   2729
16.3322769327948,0.107607089369364,44.05,16.3236441353326,          1095P   2730
-3.06976666308856D-14,44.05,16.3236441353326,7.71767235104114,      1095P   2731
10.2902298013882,0.,0.,0.;                                          1095P   2732
126,8,2,0,1,0,0,-3.14159265358979,-3.14159265358979,                1097P   2733
-3.14159265358979,-1.5707963267949,-1.5707963267949,0.,0.,          1097P   2734
1.5707963267949,1.5707963267949,3.14159265358979,                   1097P   2735
3.14159265358979,3.14159265358979,1.,0.707106781186548,1.,          1097P   2736
0.707106781186549,1.,0.707106781186549,1.,0.707106781186548,1.,     1097P   2737
-1.65000000000003,13.2,19.2,-1.65000000000003,14.85,19.2,           1097P   2738
-2.83206760694743D-14,14.85,19.2,1.64999999999997,14.85,19.2,       1097P   2739
1.64999999999997,13.2,19.2,1.64999999999997,11.55,19.2,             1097P   2740
-2.83206760694743D-14,11.55,19.2,-1.65000000000003,11.55,19.2,      1097P   2741
-1.65000000000003,13.2,19.2,-3.14159265358979,3.14159265358979,     1097P   2742
0.,0.,0.;                                                           1097P   2743
126,1,1,0,0,1,0,2.55980142006478,2.55980142006478,                  1099P   2744
5.55980142006478,5.55980142006478,1.,1.,-1.65000000000003,13.2,     1099P   2745
19.2,-1.65000000000003,13.2,14.25,2.55980142006478,                 1099P   2746
5.55980142006478,0.,0.,0.;                                          1099P   2747
126,4,2,0,0,0,0,3.1415926535898,3.1415926535898,3.1415926535898,    1101P   2748
4.71238898038469,4.71238898038469,6.28318530717959,                 1101P   2749
6.28318530717959,6.28318530717959,1.,0.707106781186546,1.,          1101P   2750
0.707106781186549,1.,-1.65000000000003,13.2,14.25,                  1101P   2751
-1.65000000000002,14.85,14.25,-2.72593151206878D-14,14.85,14.25,    1101P   2752
1.64999999999997,14.85,14.25,1.64999999999997,13.2,14.25,           1101P   2753
3.1415926535898,6.28318530717959,0.,0.,0.;                          1101P   2754
126,4,2,0,0,0,0,0.,0.,0.,1.5707963267949,1.5707963267949,           1103P   2755
3.1415926535898,3.1415926535898,3.1415926535898,1.,                 1103P   2756
0.707106781186548,1.,0.707106781186544,1.,1.64999999999997,13.2,    1103P   2757
14.25,1.64999999999997,11.55,14.25,-3.01525440601059D-14,11.55,     1103P   2758
14.25,-1.65000000000003,11.55,14.25,-1.65000000000003,13.2,         1103P   2759
14.25,0.,3.1415926535898,0.,0.,0.;                                  1103P   2760
126,8,2,0,1,0,0,0.,0.,0.,1.5707963267949,1.5707963267949,           1105P   2761
3.14159265358979,3.14159265358979,4.71238898038469,                 1105P   2762
4.71238898038469,6.28318530717959,6.28318530717959,                 1105P   2763
6.28318530717959,1.,0.707106781186549,1.,0.707106781186548,1.,      1105P   2764
0.707106781186548,1.,0.707106781186548,1.,1.64999999999997,13.2,    1105P   2765
14.25,1.64999999999997,11.55,14.25,-2.83206760694743D-14,11.55,     1105P   2766
14.25,-1.65000000000003,11.55,14.25,-1.65000000000003,13.2,         1105P   2767
14.25,-1.65000000000003,14.85,14.25,-2.8724809513193D-14,14.85,     1105P   2768
14.25,1.64999999999997,14.85,14.25,1.64999999999997,13.2,14.25,     1105P   2769
0.,6.28318530717959,0.,0.,0.;                                       1105P   2770
126,1,1,0,0,1,0,-26.25,-26.25,26.25,26.25,1.,1.,                    1107P   2771
2.99999999999999,62.2,19.2,2.99999999999999,9.69999999999999,       1107P   2772
19.2,-26.25,26.25,0.,0.,0.;                                         1107P   2773
126,1,1,0,0,1,0,-3.00000000000001,-3.00000000000001,                1109P   2774
3.00000000000001,3.00000000000001,1.,1.,-3.00000000000004,62.2,     1109P   2775
19.2,2.99999999999999,62.2,19.2,-3.00000000000001,                  1109P   2776
3.00000000000001,0.,0.,0.;                                          1109P   2777
126,1,1,0,0,1,0,-26.25,-26.25,26.25,26.25,1.,1.,                    1111P   2778
-3.00000000000004,9.69999999999999,19.2,-3.00000000000004,62.2,     1111P   2779
19.2,-26.25,26.25,0.,0.,0.;                                         1111P   2780
126,1,1,0,0,1,0,-3.00000000000001,-3.00000000000001,                1113P   2781
3.00000000000001,3.00000000000001,1.,1.,2.99999999999999,           1113P   2782
9.69999999999999,19.2,-3.00000000000004,9.69999999999999,19.2,      1113P   2783
-3.00000000000001,3.00000000000001,0.,0.,0.;                        1113P   2784
126,8,2,0,1,0,0,-3.14159265358979,-3.14159265358979,                1115P   2785
-3.14159265358979,-1.5707963267949,-1.5707963267949,0.,0.,          1115P   2786
1.5707963267949,1.5707963267949,3.14159265358979,                   1115P   2787
3.14159265358979,3.14159265358979,1.,0.707106781186548,1.,          1115P   2788
0.707106781186549,1.,0.707106781186549,1.,0.707106781186548,1.,     1115P   2789
-1.65000000000003,58.7,19.2,-1.65000000000003,60.35,19.2,           1115P   2790
-3.05411221187247D-14,60.35,19.2,1.64999999999997,60.35,19.2,       1115P   2791
1.64999999999997,58.7,19.2,1.64999999999997,57.05,19.2,             1115P   2792
-3.05411221187247D-14,57.05,19.2,-1.65000000000003,57.05,19.2,      1115P   2793
-1.65000000000003,58.7,19.2,-3.14159265358979,3.14159265358979,     1115P   2794
0.,0.,0.;                                                           1115P   2795
126,8,2,0,1,0,0,-3.14159265358979,-3.14159265358979,                1117P   2796
-3.14159265358979,-1.5707963267949,-1.5707963267949,0.,0.,          1117P   2797
1.5707963267949,1.5707963267949,3.14159265358979,                   1117P   2798
3.14159265358979,3.14159265358979,1.,0.707106781186548,1.,          1117P   2799
0.707106781186549,1.,0.707106781186549,1.,0.707106781186548,1.,     1117P   2800
-1.65000000000003,52.2,19.2,-1.65000000000003,53.85,19.2,           1117P   2801
-3.05411221187247D-14,53.85,19.2,1.64999999999997,53.85,19.2,       1117P   2802
1.64999999999997,52.2,19.2,1.64999999999997,50.55,19.2,             1117P   2803
-3.05411221187247D-14,50.55,19.2,-1.65000000000003,50.55,19.2,      1117P   2804
-1.65000000000003,52.2,19.2,-3.14159265358979,3.14159265358979,     1117P   2805
0.,0.,0.;                                                           1117P   2806
126,8,2,0,1,0,0,-3.14159265358979,-3.14159265358979,                1119P   2807
-3.14159265358979,-1.5707963267949,-1.5707963267949,0.,0.,          1119P   2808
1.5707963267949,1.5707963267949,3.14159265358979,                   1119P   2809
3.14159265358979,3.14159265358979,1.,0.707106781186548,1.,          1119P   2810
0.707106781186549,1.,0.707106781186549,1.,0.707106781186548,1.,     1119P   2811
-1.65000000000003,19.7,19.2,-1.65000000000003,21.35,19.2,           1119P   2812
-3.05411221187247D-14,21.35,19.2,1.64999999999997,21.35,19.2,       1119P   2813
1.64999999999997,19.7,19.2,1.64999999999997,18.05,19.2,             1119P   2814
-3.05411221187247D-14,18.05,19.2,-1.65000000000003,18.05,19.2,      1119P   2815
-1.65000000000003,19.7,19.2,-3.14159265358979,3.14159265358979,     1119P   2816
0.,0.,0.;                                                           1119P   2817
126,8,2,0,1,0,0,-3.14159265358979,-3.14159265358979,                1121P   2818
-3.14159265358979,-1.5707963267949,-1.5707963267949,0.,0.,          1121P   2819
1.5707963267949,1.5707963267949,3.14159265358979,                   1121P   2820
3.14159265358979,3.14159265358979,1.,0.707106781186548,1.,          1121P   2821
0.707106781186549,1.,0.707106781186549,1.,0.707106781186548,1.,     1121P   2822
-1.65000000000003,26.2,19.2,-1.65000000000003,27.85,19.2,           1121P   2823
-3.05411221187247D-14,27.85,19.2,1.64999999999997,27.85,19.2,       1121P   2824
1.64999999999997,26.2,19.2,1.64999999999997,24.55,19.2,             1121P   2825
-3.05411221187247D-14,24.55,19.2,-1.65000000000003,24.55,19.2,      1121P   2826
-1.65000000000003,26.2,19.2,-3.14159265358979,3.14159265358979,     1121P   2827
0.,0.,0.;                                                           1121P   2828
126,8,2,0,1,0,0,-3.14159265358979,-3.14159265358979,                1123P   2829
-3.14159265358979,-1.5707963267949,-1.5707963267949,0.,0.,          1123P   2830
1.5707963267949,1.5707963267949,3.14159265358979,                   1123P   2831
3.14159265358979,3.14159265358979,1.,0.707106781186548,1.,          1123P   2832
0.707106781186548,1.,0.707106781186549,1.,0.707106781186549,1.,     1123P   2833
-1.65000000000003,32.7,19.2,-1.65000000000003,34.35,19.2,           1123P   2834
-3.05411221187247D-14,34.35,19.2,1.64999999999997,34.35,19.2,       1123P   2835
1.64999999999997,32.7,19.2,1.64999999999997,31.05,19.2,             1123P   2836
-3.05411221187247D-14,31.05,19.2,-1.65000000000003,31.05,19.2,      1123P   2837
-1.65000000000003,32.7,19.2,-3.14159265358979,3.14159265358979,     1123P   2838
0.,0.,0.;                                                           1123P   2839
126,8,2,0,1,0,0,-3.14159265358979,-3.14159265358979,                1125P   2840
-3.14159265358979,-1.5707963267949,-1.5707963267949,0.,0.,          1125P   2841
1.5707963267949,1.5707963267949,3.14159265358979,                   1125P   2842
3.14159265358979,3.14159265358979,1.,0.707106781186549,1.,          1125P   2843
0.707106781186549,1.,0.707106781186548,1.,0.707106781186548,1.,     1125P   2844
-1.65000000000003,39.2,19.2,-1.65000000000003,40.85,19.2,           1125P   2845
-3.05411221187247D-14,40.85,19.2,1.64999999999997,40.85,19.2,       1125P   2846
1.64999999999997,39.2,19.2,1.64999999999997,37.55,19.2,             1125P   2847
-3.05411221187247D-14,37.55,19.2,-1.65000000000003,37.55,19.2,      1125P   2848
-1.65000000000003,39.2,19.2,-3.14159265358979,3.14159265358979,     1125P   2849
0.,0.,0.;                                                           1125P   2850
126,8,2,0,1,0,0,-3.14159265358979,-3.14159265358979,                1127P   2851
-3.14159265358979,-1.5707963267949,-1.5707963267949,0.,0.,          1127P   2852
1.5707963267949,1.5707963267949,3.14159265358979,                   1127P   2853
3.14159265358979,3.14159265358979,1.,0.707106781186548,1.,          1127P   2854
0.707106781186549,1.,0.707106781186549,1.,0.707106781186548,1.,     1127P   2855
-1.65000000000003,45.7,19.2,-1.65000000000003,47.35,19.2,           1127P   2856
-3.05411221187247D-14,47.35,19.2,1.64999999999997,47.35,19.2,       1127P   2857
1.64999999999997,45.7,19.2,1.64999999999997,44.05,19.2,             1127P   2858
-3.05411221187247D-14,44.05,19.2,-1.65000000000003,44.05,19.2,      1127P   2859
-1.65000000000003,45.7,19.2,-3.14159265358979,3.14159265358979,     1127P   2860
0.,0.,0.;                                                           1127P   2861
126,8,2,0,1,0,0,-3.14159265358979,-3.14159265358979,                1129P   2862
-3.14159265358979,-1.5707963267949,-1.5707963267949,0.,0.,          1129P   2863
1.5707963267949,1.5707963267949,3.14159265358979,                   1129P   2864
3.14159265358979,3.14159265358979,1.,0.707106781186548,1.,          1129P   2865
0.707106781186549,1.,0.707106781186549,1.,0.707106781186548,1.,     1129P   2866
-1.65000000000003,13.2,19.2,-1.65000000000003,14.85,19.2,           1129P   2867
-2.83206760694743D-14,14.85,19.2,1.64999999999997,14.85,19.2,       1129P   2868
1.64999999999997,13.2,19.2,1.64999999999997,11.55,19.2,             1129P   2869
-2.83206760694743D-14,11.55,19.2,-1.65000000000003,11.55,19.2,      1129P   2870
-1.65000000000003,13.2,19.2,-3.14159265358979,3.14159265358979,     1129P   2871
0.,0.,0.;                                                           1129P   2872
126,1,1,0,0,1,0,-26.25,-26.25,26.25,26.25,1.,1.,                    1131P   2873
2.99999999999999,9.69999999999999,9.99999999986129,                 1131P   2874
2.99999999999999,62.2,9.99999999986129,-26.25,26.25,0.,0.,0.;       1131P   2875
126,1,1,0,0,1,0,-3.00000000000001,-3.00000000000001,                1133P   2876
3.00000000000001,3.00000000000001,1.,1.,-3.00000000000004,          1133P   2877
9.69999999999999,9.99999999986129,2.99999999999999,                 1133P   2878
9.69999999999999,9.99999999986129,-3.00000000000001,                1133P   2879
3.00000000000001,0.,0.,0.;                                          1133P   2880
126,1,1,0,0,1,0,-26.25,-26.25,26.25,26.25,1.,1.,                    1135P   2881
-3.00000000000004,62.2,9.99999999986129,-3.00000000000004,          1135P   2882
9.69999999999999,9.99999999986129,-26.25,26.25,0.,0.,0.;            1135P   2883
126,1,1,0,0,1,0,-3.00000000000001,-3.00000000000001,                1137P   2884
3.00000000000001,3.00000000000001,1.,1.,2.99999999999999,62.2,      1137P   2885
9.99999999986129,-3.00000000000004,62.2,9.99999999986129,           1137P   2886
-3.00000000000001,3.00000000000001,0.,0.,0.;                        1137P   2887
126,1,1,0,0,1,0,-4.60000000006934,-4.60000000006934,                1139P   2888
4.60000000006934,4.60000000006934,1.,1.,-3.00000000000004,62.2,     1139P   2889
19.2,-3.00000000000004,62.2,9.99999999986129,-4.60000000006934,     1139P   2890
4.60000000006934,0.,0.,0.;                                          1139P   2891
126,1,1,0,0,1,0,-3.00000000000001,-3.00000000000001,                1141P   2892
3.00000000000001,3.00000000000001,1.,1.,-3.00000000000004,62.2,     1141P   2893
19.2,2.99999999999999,62.2,19.2,-3.00000000000001,                  1141P   2894
3.00000000000001,0.,0.,0.;                                          1141P   2895
126,1,1,0,0,1,0,-4.60000000006934,-4.60000000006934,                1143P   2896
4.60000000006934,4.60000000006934,1.,1.,2.99999999999999,62.2,      1143P   2897
19.2,2.99999999999999,62.2,9.99999999986129,-4.60000000006934,      1143P   2898
4.60000000006934,0.,0.,0.;                                          1143P   2899
126,1,1,0,0,1,0,-3.00000000000001,-3.00000000000001,                1145P   2900
3.00000000000001,3.00000000000001,1.,1.,2.99999999999999,62.2,      1145P   2901
9.99999999986129,-3.00000000000004,62.2,9.99999999986129,           1145P   2902
-3.00000000000001,3.00000000000001,0.,0.,0.;                        1145P   2903
126,1,1,0,0,1,0,-4.60000000006934,-4.60000000006934,                1147P   2904
4.60000000006934,4.60000000006934,1.,1.,-3.00000000000004,          1147P   2905
9.69999999999999,19.2,-3.00000000000004,9.69999999999999,           1147P   2906
9.99999999986129,-4.60000000006934,4.60000000006934,0.,0.,0.;       1147P   2907
126,1,1,0,0,1,0,-26.25,-26.25,26.25,26.25,1.,1.,                    1149P   2908
-3.00000000000004,9.69999999999999,19.2,-3.00000000000004,62.2,     1149P   2909
19.2,-26.25,26.25,0.,0.,0.;                                         1149P   2910
126,1,1,0,0,1,0,-4.60000000006934,-4.60000000006934,                1151P   2911
4.60000000006934,4.60000000006934,1.,1.,-3.00000000000004,62.2,     1151P   2912
19.2,-3.00000000000004,62.2,9.99999999986129,-4.60000000006934,     1151P   2913
4.60000000006934,0.,0.,0.;                                          1151P   2914
126,1,1,0,0,1,0,-26.25,-26.25,26.25,26.25,1.,1.,                    1153P   2915
-3.00000000000004,62.2,9.99999999986129,-3.00000000000004,          1153P   2916
9.69999999999999,9.99999999986129,-26.25,26.25,0.,0.,0.;            1153P   2917
126,8,2,0,1,0,0,-3.14159265358979,-3.14159265358979,                1155P   2918
-3.14159265358979,-1.5707963267949,-1.5707963267949,                1155P   2919
4.44089209850063D-16,4.44089209850063D-16,1.5707963267949,          1155P   2920
1.5707963267949,3.14159265358979,3.14159265358979,                  1155P   2921
3.14159265358979,1.,0.707106781186548,1.,0.707106781186548,1.,      1155P   2922
0.707106781186548,1.,0.707106781186548,1.,-3.00000000000004,        1155P   2923
52.2,16.8999999999999,-3.00000000000004,49.5500000000001,           1155P   2924
16.8999999999999,-3.00000000000004,49.5500000000001,14.25,          1155P   2925
-3.00000000000004,49.5500000000001,11.6000000000001,                1155P   2926
-3.00000000000004,52.2,11.6000000000001,-3.00000000000004,          1155P   2927
54.8499999999999,11.6000000000001,-3.00000000000004,                1155P   2928
54.8499999999999,14.25,-3.00000000000004,54.8499999999999,          1155P   2929
16.8999999999999,-3.00000000000004,52.2,16.8999999999999,           1155P   2930
-3.14159265358979,3.14159265358979,0.,0.,0.;                        1155P   2931
126,8,2,0,1,0,0,-3.14159265358979,-3.14159265358979,                1157P   2932
-3.14159265358979,-1.5707963267949,-1.5707963267949,                1157P   2933
4.44089209850063D-16,4.44089209850063D-16,1.5707963267949,          1157P   2934
1.5707963267949,3.14159265358979,3.14159265358979,                  1157P   2935
3.14159265358979,1.,0.707106781186548,1.,0.707106781186548,1.,      1157P   2936
0.707106781186548,1.,0.707106781186548,1.,-3.00000000000004,        1157P   2937
19.7,16.8999999999999,-3.00000000000004,17.0500000000001,           1157P   2938
16.8999999999999,-3.00000000000004,17.0500000000001,14.25,          1157P   2939
-3.00000000000004,17.0500000000001,11.6000000000001,                1157P   2940
-3.00000000000004,19.7,11.6000000000001,-3.00000000000004,          1157P   2941
22.3499999999999,11.6000000000001,-3.00000000000004,                1157P   2942
22.3499999999999,14.25,-3.00000000000004,22.3499999999999,          1157P   2943
16.8999999999999,-3.00000000000004,19.7,16.8999999999999,           1157P   2944
-3.14159265358979,3.14159265358979,0.,0.,0.;                        1157P   2945
126,8,2,0,1,0,0,-3.14159265358979,-3.14159265358979,                1159P   2946
-3.14159265358979,-1.5707963267949,-1.5707963267949,0.,0.,          1159P   2947
1.5707963267949,1.5707963267949,3.14159265358979,                   1159P   2948
3.14159265358979,3.14159265358979,1.,0.707106781186547,1.,          1159P   2949
0.707106781186547,1.,0.707106781186548,1.,0.707106781186548,1.,     1159P   2950
-3.00000000000004,26.2,16.8999999999999,-3.00000000000004,          1159P   2951
23.5500000000001,16.8999999999999,-3.00000000000004,                1159P   2952
23.5500000000001,14.25,-3.00000000000004,23.5500000000001,          1159P   2953
11.6000000000001,-3.00000000000004,26.2,11.6000000000001,           1159P   2954
-3.00000000000004,28.8499999999999,11.6000000000001,                1159P   2955
-3.00000000000004,28.8499999999999,14.25,-3.00000000000004,         1159P   2956
28.8499999999999,16.8999999999999,-3.00000000000004,26.2,           1159P   2957
16.8999999999999,-3.14159265358979,3.14159265358979,0.,0.,0.;       1159P   2958
126,8,2,0,1,0,0,-3.14159265358979,-3.14159265358979,                1161P   2959
-3.14159265358979,-1.5707963267949,-1.5707963267949,0.,0.,          1161P   2960
1.5707963267949,1.5707963267949,3.14159265358979,                   1161P   2961
3.14159265358979,3.14159265358979,1.,0.707106781186548,1.,          1161P   2962
0.707106781186548,1.,0.707106781186548,1.,0.707106781186547,1.,     1161P   2963
-3.00000000000004,32.7,16.8999999999999,-3.00000000000004,          1161P   2964
30.0500000000001,16.8999999999999,-3.00000000000004,                1161P   2965
30.0500000000001,14.25,-3.00000000000004,30.0500000000001,          1161P   2966
11.6000000000001,-3.00000000000004,32.7,11.6000000000001,           1161P   2967
-3.00000000000004,35.3499999999999,11.6000000000001,                1161P   2968
-3.00000000000004,35.3499999999999,14.25,-3.00000000000004,         1161P   2969
35.3499999999999,16.8999999999999,-3.00000000000004,32.7,           1161P   2970
16.8999999999999,-3.14159265358979,3.14159265358979,0.,0.,0.;       1161P   2971
126,8,2,0,1,0,0,-3.14159265358979,-3.14159265358979,                1163P   2972
-3.14159265358979,-1.5707963267949,-1.5707963267949,0.,0.,          1163P   2973
1.5707963267949,1.5707963267949,3.14159265358979,                   1163P   2974
3.14159265358979,3.14159265358979,1.,0.707106781186548,1.,          1163P   2975
0.707106781186548,1.,0.707106781186549,1.,0.707106781186548,1.,     1163P   2976
-3.00000000000004,39.2,16.8999999999999,-3.00000000000004,          1163P   2977
36.5500000000001,16.8999999999999,-3.00000000000004,                1163P   2978
36.5500000000001,14.25,-3.00000000000004,36.5500000000001,          1163P   2979
11.6000000000001,-3.00000000000004,39.2,11.6000000000001,           1163P   2980
-3.00000000000004,41.8499999999999,11.6000000000001,                1163P   2981
-3.00000000000004,41.8499999999999,14.25,-3.00000000000004,         1163P   2982
41.8499999999999,16.8999999999999,-3.00000000000004,39.2,           1163P   2983
16.8999999999999,-3.14159265358979,3.14159265358979,0.,0.,0.;       1163P   2984
126,8,2,0,1,0,0,-3.14159265358979,-3.14159265358979,                1165P   2985
-3.14159265358979,-1.5707963267949,-1.5707963267949,0.,0.,          1165P   2986
1.5707963267949,1.5707963267949,3.14159265358979,                   1165P   2987
3.14159265358979,3.14159265358979,1.,0.707106781186549,1.,          1165P   2988
0.707106781186548,1.,0.707106781186547,1.,0.707106781186547,1.,     1165P   2989
-3.00000000000004,45.7,16.8999999999999,-3.00000000000004,          1165P   2990
43.0500000000001,16.8999999999999,-3.00000000000004,                1165P   2991
43.0500000000001,14.25,-3.00000000000004,43.0500000000001,          1165P   2992
11.6000000000001,-3.00000000000004,45.7,11.6000000000001,           1165P   2993
-3.00000000000004,48.3499999999999,11.6000000000001,                1165P   2994
-3.00000000000004,48.3499999999999,14.25,-3.00000000000004,         1165P   2995
48.3499999999999,16.8999999999999,-3.00000000000004,45.7,           1165P   2996
16.8999999999999,-3.14159265358979,3.14159265358979,0.,0.,0.;       1165P   2997
126,1,1,0,0,1,0,-4.60000000006934,-4.60000000006934,                1167P   2998
4.60000000006934,4.60000000006934,1.,1.,2.99999999999999,           1167P   2999
9.69999999999999,19.2,2.99999999999999,9.69999999999999,            1167P   3000
9.99999999986129,-4.60000000006934,4.60000000006934,0.,0.,0.;       1167P   3001
126,1,1,0,0,1,0,-3.00000000000001,-3.00000000000001,                1169P   3002
3.00000000000001,3.00000000000001,1.,1.,2.99999999999999,           1169P   3003
9.69999999999999,19.2,-3.00000000000004,9.69999999999999,19.2,      1169P   3004
-3.00000000000001,3.00000000000001,0.,0.,0.;                        1169P   3005
126,1,1,0,0,1,0,-4.60000000006934,-4.60000000006934,                1171P   3006
4.60000000006934,4.60000000006934,1.,1.,-3.00000000000004,          1171P   3007
9.69999999999999,19.2,-3.00000000000004,9.69999999999999,           1171P   3008
9.99999999986129,-4.60000000006934,4.60000000006934,0.,0.,0.;       1171P   3009
126,1,1,0,0,1,0,-3.00000000000001,-3.00000000000001,                1173P   3010
3.00000000000001,3.00000000000001,1.,1.,-3.00000000000004,          1173P   3011
9.69999999999999,9.99999999986129,2.99999999999999,                 1173P   3012
9.69999999999999,9.99999999986129,-3.00000000000001,                1173P   3013
3.00000000000001,0.,0.,0.;                                          1173P   3014
126,1,1,0,0,1,0,-4.60000000006934,-4.60000000006934,                1175P   3015
4.60000000006934,4.60000000006934,1.,1.,2.99999999999999,62.2,      1175P   3016
19.2,2.99999999999999,62.2,9.99999999986129,-4.60000000006934,      1175P   3017
4.60000000006934,0.,0.,0.;                                          1175P   3018
126,1,1,0,0,1,0,-26.25,-26.25,26.25,26.25,1.,1.,                    1177P   3019
2.99999999999999,62.2,19.2,2.99999999999999,9.69999999999999,       1177P   3020
19.2,-26.25,26.25,0.,0.,0.;                                         1177P   3021
126,1,1,0,0,1,0,-4.60000000006934,-4.60000000006934,                1179P   3022
4.60000000006934,4.60000000006934,1.,1.,2.99999999999999,           1179P   3023
9.69999999999999,19.2,2.99999999999999,9.69999999999999,            1179P   3024
9.99999999986129,-4.60000000006934,4.60000000006934,0.,0.,0.;       1179P   3025
126,1,1,0,0,1,0,-26.25,-26.25,26.25,26.25,1.,1.,                    1181P   3026
2.99999999999999,9.69999999999999,9.99999999986129,                 1181P   3027
2.99999999999999,62.2,9.99999999986129,-26.25,26.25,0.,0.,0.;       1181P   3028
126,8,2,0,1,0,0,-3.14159265358979,-3.14159265358979,                1183P   3029
-3.14159265358979,-1.5707963267949,-1.5707963267949,                1183P   3030
-4.44089209850063D-16,-4.44089209850063D-16,1.5707963267949,        1183P   3031
1.5707963267949,3.14159265358979,3.14159265358979,                  1183P   3032
3.14159265358979,1.,0.707106781186548,1.,0.707106781186548,1.,      1183P   3033
0.707106781186548,1.,0.707106781186548,1.,2.99999999999999,52.2,    1183P   3034
16.8999999999999,2.99999999999999,54.8499999999999,                 1183P   3035
16.8999999999999,2.99999999999999,54.8499999999999,14.25,           1183P   3036
2.99999999999999,54.8499999999999,11.6000000000001,                 1183P   3037
2.99999999999999,52.2,11.6000000000001,2.99999999999999,            1183P   3038
49.5500000000001,11.6000000000001,2.99999999999999,                 1183P   3039
49.5500000000001,14.25,2.99999999999999,49.5500000000001,           1183P   3040
16.8999999999999,2.99999999999999,52.2,16.8999999999999,            1183P   3041
-3.14159265358979,3.14159265358979,0.,0.,0.;                        1183P   3042
126,8,2,0,1,0,0,-3.14159265358979,-3.14159265358979,                1185P   3043
-3.14159265358979,-1.5707963267949,-1.5707963267949,                1185P   3044
-4.44089209850063D-16,-4.44089209850063D-16,1.5707963267949,        1185P   3045
1.5707963267949,3.14159265358979,3.14159265358979,                  1185P   3046
3.14159265358979,1.,0.707106781186548,1.,0.707106781186548,1.,      1185P   3047
0.707106781186548,1.,0.707106781186548,1.,2.99999999999999,19.7,    1185P   3048
16.8999999999999,2.99999999999999,22.3499999999999,                 1185P   3049
16.8999999999999,2.99999999999999,22.3499999999999,14.25,           1185P   3050
2.99999999999999,22.3499999999999,11.6000000000001,                 1185P   3051
2.99999999999999,19.7,11.6000000000001,2.99999999999999,            1185P   3052
17.0500000000001,11.6000000000001,2.99999999999999,                 1185P   3053
17.0500000000001,14.25,2.99999999999999,17.0500000000001,           1185P   3054
16.8999999999999,2.99999999999999,19.7,16.8999999999999,            1185P   3055
-3.14159265358979,3.14159265358979,0.,0.,0.;                        1185P   3056
126,8,2,0,1,0,0,-3.14159265358979,-3.14159265358979,                1187P   3057
-3.14159265358979,-1.5707963267949,-1.5707963267949,0.,0.,          1187P   3058
1.5707963267949,1.5707963267949,3.14159265358979,                   1187P   3059
3.14159265358979,3.14159265358979,1.,0.707106781186548,1.,          1187P   3060
0.707106781186548,1.,0.707106781186547,1.,0.707106781186547,1.,     1187P   3061
2.99999999999999,26.2,16.8999999999999,2.99999999999999,            1187P   3062
28.8499999999999,16.8999999999999,2.99999999999999,                 1187P   3063
28.8499999999999,14.25,2.99999999999999,28.8499999999999,           1187P   3064
11.6000000000001,2.99999999999999,26.2,11.6000000000001,            1187P   3065
2.99999999999999,23.5500000000001,11.6000000000001,                 1187P   3066
2.99999999999999,23.5500000000001,14.25,2.99999999999999,           1187P   3067
23.5500000000001,16.8999999999999,2.99999999999999,26.2,            1187P   3068
16.8999999999999,-3.14159265358979,3.14159265358979,0.,0.,0.;       1187P   3069
126,8,2,0,1,0,0,-3.14159265358979,-3.14159265358979,                1189P   3070
-3.14159265358979,-1.5707963267949,-1.5707963267949,0.,0.,          1189P   3071
1.5707963267949,1.5707963267949,3.14159265358979,                   1189P   3072
3.14159265358979,3.14159265358979,1.,0.707106781186547,1.,          1189P   3073
0.707106781186548,1.,0.707106781186548,1.,0.707106781186548,1.,     1189P   3074
2.99999999999999,32.7,16.8999999999999,2.99999999999999,            1189P   3075
35.3499999999999,16.8999999999999,2.99999999999999,                 1189P   3076
35.3499999999999,14.25,2.99999999999999,35.3499999999999,           1189P   3077
11.6000000000001,2.99999999999999,32.7,11.6000000000001,            1189P   3078
2.99999999999999,30.0500000000001,11.6000000000001,                 1189P   3079
2.99999999999999,30.0500000000001,14.25,2.99999999999999,           1189P   3080
30.0500000000001,16.8999999999999,2.99999999999999,32.7,            1189P   3081
16.8999999999999,-3.14159265358979,3.14159265358979,0.,0.,0.;       1189P   3082
126,8,2,0,1,0,0,-3.14159265358979,-3.14159265358979,                1191P   3083
-3.14159265358979,-1.5707963267949,-1.5707963267949,0.,0.,          1191P   3084
1.5707963267949,1.5707963267949,3.14159265358979,                   1191P   3085
3.14159265358979,3.14159265358979,1.,0.707106781186547,1.,          1191P   3086
0.707106781186548,1.,0.707106781186548,1.,0.707106781186548,1.,     1191P   3087
2.99999999999999,39.2,16.8999999999999,2.99999999999999,            1191P   3088
41.8499999999999,16.8999999999999,2.99999999999999,                 1191P   3089
41.8499999999999,14.25,2.99999999999999,41.8499999999999,           1191P   3090
11.6000000000001,2.99999999999999,39.2,11.6000000000001,            1191P   3091
2.99999999999999,36.5500000000001,11.6000000000001,                 1191P   3092
2.99999999999999,36.5500000000001,14.25,2.99999999999999,           1191P   3093
36.5500000000001,16.8999999999999,2.99999999999999,39.2,            1191P   3094
16.8999999999999,-3.14159265358979,3.14159265358979,0.,0.,0.;       1191P   3095
126,8,2,0,1,0,0,-3.14159265358979,-3.14159265358979,                1193P   3096
-3.14159265358979,-1.5707963267949,-1.5707963267949,0.,0.,          1193P   3097
1.5707963267949,1.5707963267949,3.14159265358979,                   1193P   3098
3.14159265358979,3.14159265358979,1.,0.707106781186547,1.,          1193P   3099
0.707106781186547,1.,0.707106781186548,1.,0.707106781186549,1.,     1193P   3100
2.99999999999999,45.7,16.8999999999999,2.99999999999999,            1193P   3101
48.3499999999999,16.8999999999999,2.99999999999999,                 1193P   3102
48.3499999999999,14.25,2.99999999999999,48.3499999999999,           1193P   3103
11.6000000000001,2.99999999999999,45.7,11.6000000000001,            1193P   3104
2.99999999999999,43.0500000000001,11.6000000000001,                 1193P   3105
2.99999999999999,43.0500000000001,14.25,2.99999999999999,           1193P   3106
43.0500000000001,16.8999999999999,2.99999999999999,45.7,            1193P   3107
16.8999999999999,-3.14159265358979,3.14159265358979,0.,0.,0.;       1193P   3108
126,4,2,0,0,0,0,-3.14159265358979,-3.14159265358979,                1195P   3109
-3.14159265358979,-1.5707963267949,-1.5707963267949,0.,0.,0.,1.,    1195P   3110
0.707106781186548,1.,0.707106781186548,1.,2.,                       1195P   3111
-2.44929359829471D-16,6.,2.,-2.,6.,1.61225879606207D-15,-2.,6.,     1195P   3112
-2.,-2.,6.,-2.,0.,6.,-3.14159265358979,0.,0.,0.,0.;                 1195P   3113
126,1,1,0,0,1,0,0.,0.,0.006,0.006,1.,1.,2.,2.44929359829471D-16,    1197P   3114
6.,2.,2.44929359829471D-16,0.,0.,0.006,0.,0.,0.;                    1197P   3115
126,4,2,0,0,0,0,-3.14159265358979,-3.14159265358979,                1199P   3116
-3.14159265358979,-1.5707963267949,-1.5707963267949,0.,0.,0.,1.,    1199P   3117
0.707106781186548,1.,0.707106781186548,1.,2.,                       1199P   3118
-2.44929359829471D-16,0.,2.,-2.,0.,1.61225879606207D-15,-2.,0.,     1199P   3119
-2.,-2.,0.,-2.,0.,0.,-3.14159265358979,0.,0.,0.,0.;                 1199P   3120
126,1,1,0,0,1,0,0.,0.,0.006,0.006,1.,1.,-2.,0.,6.,-2.,0.,0.,0.,     1201P   3121
0.006,0.,0.,0.;                                                     1201P   3122
126,4,2,0,0,0,0,-3.14159265358979,-3.14159265358979,                1203P   3123
-3.14159265358979,-1.5707963267949,-1.5707963267949,0.,0.,0.,1.,    1203P   3124
0.707106781186547,1.,0.707106781186547,1.,2.6,                      1203P   3125
-4.163799117101D-16,4.4,2.6,-3.4,4.4,6.,-3.4,4.4,9.4,-3.4,4.4,      1203P   3126
9.4,0.,4.4,-3.14159265358979,0.,0.,0.,0.;                           1203P   3127
126,1,1,0,0,1,0,-0.0036,-0.0036,4.33680868994202D-19,               1205P   3128
4.33680868994202D-19,1.,1.,2.6,4.163799117101D-16,4.4,2.6,          1205P   3129
4.163799117101D-16,8.,-0.0036,4.33680868994202D-19,0.,0.,0.;        1205P   3130
126,4,2,0,0,0,0,-3.14159265358979,-3.14159265358979,                1207P   3131
-3.14159265358979,-1.5707963267949,-1.5707963267949,0.,0.,0.,1.,    1207P   3132
0.707106781186547,1.,0.707106781186547,1.,2.6,                      1207P   3133
-4.163799117101D-16,8.,2.6,-3.4,8.,6.,-3.4,8.,9.4,-3.4,8.,9.4,      1207P   3134
0.,8.,-3.14159265358979,0.,0.,0.,0.;                                1207P   3135
126,1,1,0,0,1,0,-0.0036,-0.0036,4.33680868994202D-19,               1209P   3136
4.33680868994202D-19,1.,1.,9.4,0.,4.4,9.4,0.,8.,-0.0036,            1209P   3137
4.33680868994202D-19,0.,0.,0.;                                      1209P   3138
126,4,2,0,0,0,0,-3.14159265358979,-3.14159265358979,                1211P   3139
-3.14159265358979,-1.5707963267949,-1.5707963267949,                1211P   3140
1.22464679914735D-16,1.22464679914735D-16,1.22464679914735D-16,     1211P   3141
1.,0.707106781186548,1.,0.707106781186548,1.,8.25,                  1211P   3142
-2.75545529808154D-16,0.,8.25,-2.25,0.,6.,-2.25,0.,3.75,-2.25,      1211P   3143
0.,3.75,2.75545529808154D-16,0.,-3.14159265358979,                  1211P   3144
1.22464679914735D-16,0.,0.,0.;                                      1211P   3145
126,1,1,0,0,1,0,-0.008,-0.008,-0.0036,-0.0036,1.,1.,3.75,           1213P   3146
2.75545529808154D-16,0.,3.75,2.75545529808154D-16,4.4,-0.008,       1213P   3147
-0.0036,0.,0.,0.;                                                   1213P   3148
126,4,2,0,0,0,0,-3.14159265358979,-3.14159265358979,                1215P   3149
-3.14159265358979,-1.5707963267949,-1.5707963267949,0.,0.,0.,1.,    1215P   3150
0.707106781186547,1.,0.707106781186548,1.,3.75,                     1215P   3151
-2.75545529808155D-16,4.4,3.75,-2.25,4.4,6.,-2.25,4.4,              1215P   3152
8.25000000000001,-2.25,4.4,8.25000000000001,0.,4.4,                 1215P   3153
-3.14159265358979,0.,0.,0.,0.;                                      1215P   3154
126,1,1,0,0,1,0,-0.008,-0.008,-0.0036,-0.0036,1.,1.,8.25,0.,0.,     1217P   3155
8.25,0.,4.4,-0.008,-0.0036,0.,0.,0.;                                1217P   3156
126,4,2,0,0,0,0,-1.22464679914735D-16,-1.22464679914735D-16,        1219P   3157
-1.22464679914735D-16,1.5707963267949,1.5707963267949,              1219P   3158
3.14159265358979,3.14159265358979,3.14159265358979,1.,              1219P   3159
0.707106781186548,1.,0.707106781186549,1.,-9.45,                    1219P   3160
2.75545529808155D-16,5.,-9.45,-2.25,5.,-7.2,-2.25,5.,-4.95,         1219P   3161
-2.25,5.,-4.95,-2.75545529808155D-16,5.,-1.22464679914735D-16,      1219P   3162
3.14159265358979,0.,0.,0.;                                          1219P   3163
126,1,1,0,0,1,0,0.005001,0.005001,0.009001,0.009001,1.,1.,-9.45,    1221P   3164
2.75545529808155D-16,5.,-9.45,2.75545529808155D-16,9.,0.005001,     1221P   3165
0.009001,0.,0.,0.;                                                  1221P   3166
126,4,2,0,0,0,0,-3.14159265358979,-3.14159265358979,                1223P   3167
-3.14159265358979,-1.5707963267949,-1.5707963267949,0.,0.,0.,1.,    1223P   3168
0.707106781186549,1.,0.707106781186549,1.,-9.45,                    1223P   3169
-2.75545529808155D-16,9.,-9.45,-2.25,9.,-7.2,-2.25,9.,-4.95,        1223P   3170
-2.25,9.,-4.95,0.,9.,-3.14159265358979,0.,0.,0.,0.;                 1223P   3171
126,1,1,0,0,1,0,0.005001,0.005001,0.009001,0.009001,1.,1.,-4.95,    1225P   3172
0.,5.,-4.95,0.,9.,0.005001,0.009001,0.,0.,0.;                       1225P   3173
126,4,2,0,0,0,0,-3.14159265358979,-3.14159265358979,                1227P   3174
-3.14159265358979,-1.5707963267949,-1.5707963267949,                1227P   3175
-1.22464679914735D-16,-1.22464679914735D-16,                        1227P   3176
-1.22464679914735D-16,1.,0.707106781186549,1.,0.707106781186549,    1227P   3177
1.,-4.95,2.75545529808155D-16,5.,-4.95,2.25,5.,-7.2,2.25,5.,        1227P   3178
-9.45,2.25,5.,-9.45,2.75545529808155D-16,5.,-3.14159265358979,      1227P   3179
-1.22464679914735D-16,0.,0.,0.;                                     1227P   3180
126,4,2,0,0,0,0,0.,0.,0.,1.5707963267949,1.5707963267949,           1229P   3181
3.14159265358979,3.14159265358979,3.14159265358979,1.,              1229P   3182
0.707106781186549,1.,0.707106781186549,1.,-4.95,0.,9.,-4.95,        1229P   3183
2.25,9.,-7.2,2.25,9.,-9.45,2.25,9.,-9.45,2.75545529808155D-16,      1229P   3184
9.,0.,3.14159265358979,0.,0.,0.;                                    1229P   3185
126,1,1,0,0,1,0,-0.0008,-0.0008,0.001,0.001,1.,1.,-12.5,-3.125,     1231P   3186
8.2,-12.5,-3.125,10.,-0.0008,0.001,0.,0.,0.;                        1231P   3187
126,1,1,0,0,1,0,-0.00625,-0.00625,0.,0.,1.,1.,-12.5,-3.125,8.2,     1233P   3188
-12.5,3.125,8.2,-0.00625,0.,0.,0.,0.;                               1233P   3189
126,1,1,0,0,1,0,-0.0008,-0.0008,0.001,0.001,1.,1.,-12.5,3.125,      1235P   3190
8.2,-12.5,3.125,10.,-0.0008,0.001,0.,0.,0.;                         1235P   3191
126,1,1,0,0,1,0,0.,0.,0.002875,0.002875,1.,1.,-12.5,6.,10.,         1237P   3192
-12.5,3.125,10.,0.,0.002875,0.,0.,0.;                               1237P   3193
126,1,1,0,0,1,0,0.0085,0.0085,0.0177,0.0177,1.,1.,-12.5,6.,10.,     1239P   3194
-12.5,6.,0.800000000000004,0.0085,0.0177,0.,0.,0.;                  1239P   3195
126,1,1,0,0,1,0,-0.012,-0.012,0.,0.,1.,1.,-12.5,6.,                 1241P   3196
0.800000000000002,-12.5,-6.,0.800000000000002,-0.012,0.,0.,0.,      1241P   3197
0.;                                                                 1241P   3198
126,1,1,0,0,1,0,0.0085,0.0085,0.0177,0.0177,1.,1.,-12.5,-6.,10.,    1243P   3199
-12.5,-6.,0.800000000000004,0.0085,0.0177,0.,0.,0.;                 1243P   3200
126,1,1,0,0,1,0,0.009125,0.009125,0.012,0.012,1.,1.,-12.5,          1245P   3201
-3.125,10.,-12.5,-6.,10.,0.009125,0.012,0.,0.,0.;                   1245P   3202
126,1,1,0,0,1,0,-0.0106,-0.0106,-0.0085,-0.0085,1.,1.,-1.9,         1247P   3203
-3.125,18.5,-4.,-3.125,18.5,-0.0106,-0.0085,0.,0.,0.;               1247P   3204
126,1,1,0,0,1,0,-0.012,-0.012,-0.009125,-0.009125,1.,1.,-4.,-6.,    1249P   3205
18.5,-4.,-3.125,18.5,-0.012,-0.009125,0.,0.,0.;                     1249P   3206
126,1,1,0,0,1,0,0.0085,0.0085,0.0142,0.0142,1.,1.,-4.,-6.,18.5,     1251P   3207
1.7,-6.,18.5,0.0085,0.0142,0.,0.,0.;                                1251P   3208
126,1,1,0,0,1,0,0.,0.,0.012,0.012,1.,1.,1.7,6.,18.5,1.7,-6.,        1253P   3209
18.5,0.,0.012,0.,0.,0.;                                             1253P   3210
126,1,1,0,0,1,0,-0.0142,-0.0142,-0.0085,-0.0085,1.,1.,1.7,6.,       1255P   3211
18.5,-4.,6.,18.5,-0.0142,-0.0085,0.,0.,0.;                          1255P   3212
126,1,1,0,0,1,0,-0.002875,-0.002875,0.,0.,1.,1.,-4.,3.125,18.5,     1257P   3213
-4.,6.,18.5,-0.002875,0.,0.,0.,0.;                                  1257P   3214
126,1,1,0,0,1,0,0.0085,0.0085,0.0106,0.0106,1.,1.,-4.,3.125,        1259P   3215
18.5,-1.9,3.125,18.5,0.0085,0.0106,0.,0.,0.;                        1259P   3216
126,1,1,0,0,1,0,0.,0.,0.00625,0.00625,1.,1.,-1.9,3.125,18.5,        1261P   3217
-1.9,-3.125,18.5,0.,0.00625,0.,0.,0.;                               1261P   3218
126,1,1,0,0,1,0,1.00000000000211D-6,1.00000000000211D-6,            1263P   3219
0.008501,0.008501,1.,1.,-4.,-3.125,18.5,-4.,-3.125,10.,             1263P   3220
1.00000000000211D-6,0.008501,0.,0.,0.;                              1263P   3221
126,1,1,0,0,1,0,-0.012,-0.012,-0.009125,-0.009125,1.,1.,-4.,-6.,    1265P   3222
10.,-4.,-3.125,10.,-0.012,-0.009125,0.,0.,0.;                       1265P   3223
126,1,1,0,0,1,0,0.,0.,0.0085,0.0085,1.,1.,-4.,-6.,10.,-4.,-6.,      1267P   3224
18.5,0.,0.0085,0.,0.,0.;                                            1267P   3225
126,1,1,0,0,1,0,-0.008501,-0.008501,-1.00000000000273D-6,           1269P   3226
-1.00000000000273D-6,1.,1.,-4.,3.125,10.,-4.,3.125,18.5,            1269P   3227
-0.008501,-1.00000000000273D-6,0.,0.,0.;                            1269P   3228
126,1,1,0,0,1,0,0.,0.,0.0085,0.0085,1.,1.,-4.,6.,10.,-4.,6.,        1271P   3229
18.5,0.,0.0085,0.,0.,0.;                                            1271P   3230
126,1,1,0,0,1,0,-0.002875,-0.002875,0.,0.,1.,1.,-4.,3.125,10.,      1273P   3231
-4.,6.,10.,-0.002875,0.,0.,0.,0.;                                   1273P   3232
126,1,1,0,0,1,0,0.,0.,0.0085,0.0085,1.,1.,-12.5,-3.125,10.,-4.,     1275P   3233
-3.125,10.,0.,0.0085,0.,0.,0.;                                      1275P   3234
126,1,1,0,0,1,0,0.,0.,0.0085,0.0085,1.,1.,-12.5,-6.,10.,-4.,-6.,    1277P   3235
10.,0.,0.0085,0.,0.,0.;                                             1277P   3236
126,1,1,0,0,1,0,-0.0085,-0.0085,0.,0.,1.,1.,-4.,3.125,10.,-12.5,    1279P   3237
3.125,10.,-0.0085,0.,0.,0.,0.;                                      1279P   3238
126,1,1,0,0,1,0,-0.0085,-0.0085,0.,0.,1.,1.,-4.,6.,10.,-12.5,6.,    1281P   3239
10.,-0.0085,0.,0.,0.,0.;                                            1281P   3240
126,1,1,0,0,1,0,0.003,0.003,0.009,0.009,1.,1.,12.5,-3.,0.,12.5,     1283P   3241
3.,0.,0.003,0.009,0.,0.,0.;                                         1283P   3242
126,1,1,0,0,1,0,-0.0185,-0.0185,-0.0105,-0.0105,1.,1.,12.5,3.,      1285P   3243
-3.5527136788005D-15,12.5,3.,8.,-0.0185,-0.0105,0.,0.,0.;           1285P   3244
126,1,1,0,0,1,0,-0.009,-0.009,-0.003,-0.003,1.,1.,12.5,-3.,8.,      1287P   3245
12.5,3.,8.,-0.009,-0.003,0.,0.,0.;                                  1287P   3246
126,1,1,0,0,1,0,0.0105,0.0105,0.0185,0.0185,1.,1.,12.5,-3.,8.,      1289P   3247
12.5,-3.,-3.5527136788005D-15,0.0105,0.0185,0.,0.,0.;               1289P   3248
126,1,1,0,0,1,0,-0.022,-0.022,-0.000800000000000009,                1291P   3249
-0.000800000000000009,1.,1.,9.5,6.,0.,-11.7,6.,0.,-0.022,           1291P   3250
-0.000800000000000009,0.,0.,0.;                                     1291P   3251
126,1,1,0,0,1,0,-0.00113137084989848,-0.00113137084989848,0.,0.,    1293P   3252
1.,1.,-11.7,6.,-3.33066907387547D-16,-12.5,6.,0.800000000000002,    1293P   3253
-0.00113137084989848,0.,0.,0.,0.;                                   1293P   3254
126,1,1,0,0,1,0,0.,0.,0.0105,0.0105,1.,1.,1.7,6.,8.,1.7,6.,18.5,    1295P   3255
0.,0.0105,0.,0.,0.;                                                 1295P   3256
126,1,1,0,0,1,0,-0.0078,-0.0078,0.,0.,1.,1.,9.5,6.,8.,1.7,6.,8.,    1297P   3257
-0.0078,0.,0.,0.,0.;                                                1297P   3258
126,1,1,0,0,1,0,0.0105,0.0105,0.0185,0.0185,1.,1.,9.5,6.,8.,9.5,    1299P   3259
6.,-3.5527136788005D-15,0.0105,0.0185,0.,0.,0.;                     1299P   3260
126,1,1,0,0,1,0,0.,0.,0.00113137084989848,0.00113137084989848,      1301P   3261
1.,1.,-12.5,-6.,0.800000000000002,-11.7,-6.,                        1301P   3262
-3.33066907387547D-16,0.,0.00113137084989848,0.,0.,0.;              1301P   3263
126,1,1,0,0,1,0,0.00080000000000001,0.00080000000000001,0.022,      1303P   3264
0.022,1.,1.,-11.7,-6.,0.,9.5,-6.,0.,0.00080000000000001,0.022,      1303P   3265
0.,0.,0.;                                                           1303P   3266
126,1,1,0,0,1,0,-0.0185,-0.0185,-0.0105,-0.0105,1.,1.,9.5,-6.,      1305P   3267
-3.5527136788005D-15,9.5,-6.,8.,-0.0185,-0.0105,0.,0.,0.;           1305P   3268
126,1,1,0,0,1,0,0.,0.,0.0078,0.0078,1.,1.,1.7,-6.,8.,9.5,-6.,8.,    1307P   3269
0.,0.0078,0.,0.,0.;                                                 1307P   3270
126,1,1,0,0,1,0,0.,0.,0.0105,0.0105,1.,1.,1.7,-6.,8.,1.7,-6.,       1309P   3271
18.5,0.,0.0105,0.,0.,0.;                                            1309P   3272
126,1,1,0,0,1,0,-0.012,-0.012,0.,0.,1.,1.,-11.7,-6.,0.,-11.7,6.,    1311P   3273
0.,-0.012,0.,0.,0.,0.;                                              1311P   3274
126,2,2,0,0,0,0,1.5707963267949,1.5707963267949,1.5707963267949,    1313P   3275
3.14159265358979,3.14159265358979,3.14159265358979,1.,              1313P   3276
0.707106781186547,1.,9.5,6.,0.,12.5,6.,0.,12.5,3.,0.,               1313P   3277
1.5707963267949,3.14159265358979,0.,0.,0.;                          1313P   3278
126,2,2,0,0,0,0,-3.14159265358979,-3.14159265358979,                1315P   3279
-3.14159265358979,-1.5707963267949,-1.5707963267949,                1315P   3280
-1.5707963267949,1.,0.707106781186547,1.,12.5,-3.,0.,12.5,-6.,      1315P   3281
0.,9.5,-6.,0.,-3.14159265358979,-1.5707963267949,0.,0.,0.;          1315P   3282
126,4,2,0,0,0,0,0.,0.,0.,1.5707963267949,1.5707963267949,           1317P   3283
3.14159265358979,3.14159265358979,3.14159265358979,1.,              1317P   3284
0.707106781186548,1.,0.707106781186548,1.,-2.,0.,0.,-2.,2.,0.,      1317P   3285
1.61225879606207D-15,2.,0.,2.,2.,0.,2.,2.44929359829471D-16,0.,     1317P   3286
0.,3.14159265358979,0.,0.,0.;                                       1317P   3287
126,1,1,0,0,1,0,0.,0.,0.00421465696508427,0.00421465696508427,      1319P   3288
1.,1.,-11.4146569650843,1.56125112837913D-14,0.,                    1319P   3289
-9.30732848254213,3.65000000000001,0.,0.,0.00421465696508427,0.,    1319P   3290
0.,0.;                                                              1319P   3291
126,1,1,0,0,1,0,0.,0.,0.00421465696508427,0.00421465696508427,      1321P   3292
1.,1.,-9.30732848254213,-3.64999999999998,0.,-11.4146569650843,     1321P   3293
1.46549439250521D-14,0.,0.,0.00421465696508427,0.,0.,0.;            1321P   3294
126,1,1,0,0,1,0,0.,0.,0.00421465696508426,0.00421465696508426,      1323P   3295
1.,1.,-5.09267151745787,-3.64999999999998,0.,-9.30732848254213,     1323P   3296
-3.64999999999998,0.,0.,0.00421465696508426,0.,0.,0.;               1323P   3297
126,1,1,0,0,1,0,0.,0.,0.00421465696508426,0.00421465696508426,      1325P   3298
1.,1.,-2.98534303491574,1.38777878078145D-14,0.,                    1325P   3299
-5.09267151745787,-3.64999999999998,0.,0.,0.00421465696508426,      1325P   3300
0.,0.,0.;                                                           1325P   3301
126,1,1,0,0,1,0,0.,0.,0.00421465696508426,0.00421465696508426,      1327P   3302
1.,1.,-5.09267151745787,3.65000000000001,0.,-2.98534303491574,      1327P   3303
1.4210854715202D-14,0.,0.,0.00421465696508426,0.,0.,0.;             1327P   3304
126,1,1,0,0,1,0,0.,0.,0.00421465696508426,0.00421465696508426,      1329P   3305
1.,1.,-9.30732848254213,3.65000000000001,0.,-5.09267151745787,      1329P   3306
3.65000000000001,0.,0.,0.00421465696508426,0.,0.,0.;                1329P   3307
126,4,2,0,0,0,0,1.22464679914735D-16,1.22464679914735D-16,          1331P   3308
1.22464679914735D-16,1.5707963267949,1.5707963267949,               1331P   3309
3.14159265358979,3.14159265358979,3.14159265358979,1.,              1331P   3310
0.707106781186548,1.,0.707106781186548,1.,3.75,                     1331P   3311
2.75545529808154D-16,0.,3.75,2.25,0.,6.,2.25,0.,8.25,2.25,0.,       1331P   3312
8.25,2.75545529808154D-16,0.,1.22464679914735D-16,                  1331P   3313
3.14159265358979,0.,0.,0.;                                          1331P   3314
126,1,1,0,0,1,0,0.,0.,0.012,0.012,1.,1.,1.7,6.,8.,1.7,-6.,8.,0.,    1333P   3315
0.012,0.,0.,0.;                                                     1333P   3316
126,2,2,0,0,0,0,0.,0.,0.,1.5707963267949,1.5707963267949,           1335P   3317
1.5707963267949,1.,0.707106781186548,1.,12.5,3.,8.,12.5,            1335P   3318
6.00000000000001,8.,9.5,6.,8.,0.,1.5707963267949,0.,0.,0.;          1335P   3319
126,2,2,0,0,0,0,-1.5707963267949,-1.5707963267949,                  1337P   3320
-1.5707963267949,-3.70074341541719D-16,-3.70074341541719D-16,       1337P   3321
-3.70074341541719D-16,1.,0.707106781186547,1.,9.5,-6.,8.,12.5,      1337P   3322
-6.,8.,12.5,-3.,8.,-1.5707963267949,-3.70074341541719D-16,0.,0.,    1337P   3323
0.;                                                                 1337P   3324
126,4,2,0,0,0,0,0.,0.,0.,1.5707963267949,1.5707963267949,           1339P   3325
3.14159265358979,3.14159265358979,3.14159265358979,1.,              1339P   3326
0.707106781186547,1.,0.707106781186547,1.,9.4,0.,8.,9.4,3.4,8.,     1339P   3327
6.,3.4,8.,2.6,3.4,8.,2.6,4.163799117101D-16,8.,0.,                  1339P   3328
3.14159265358979,0.,0.,0.;                                          1339P   3329
126,4,2,0,0,0,0,0.,0.,0.,1.5707963267949,1.5707963267949,           1341P   3330
3.14159265358979,3.14159265358979,3.14159265358979,1.,              1341P   3331
0.707106781186548,1.,0.707106781186547,1.,8.25000000000001,0.,      1341P   3332
4.4,8.25000000000001,2.25,4.4,6.,2.25,4.4,3.75,2.25,4.4,3.75,       1341P   3333
2.75545529808155D-16,4.4,0.,3.14159265358979,0.,0.,0.;              1341P   3334
126,4,2,0,0,0,0,0.,0.,0.,1.5707963267949,1.5707963267949,           1343P   3335
3.14159265358979,3.14159265358979,3.14159265358979,1.,              1343P   3336
0.707106781186547,1.,0.707106781186547,1.,9.4,0.,4.4,9.4,3.4,       1343P   3337
4.4,6.,3.4,4.4,2.6,3.4,4.4,2.6,4.163799117101D-16,4.4,0.,           1343P   3338
3.14159265358979,0.,0.,0.;                                          1343P   3339
126,1,1,0,0,1,0,1.00000000000211D-6,1.00000000000211D-6,            1345P   3340
0.009501,0.009501,1.,1.,-1.9,-3.125,18.5,-1.9,-3.125,9.,            1345P   3341
1.00000000000211D-6,0.009501,0.,0.,0.;                              1345P   3342
126,1,1,0,0,1,0,0.000799999999999994,0.000799999999999994,          1347P   3343
0.0106,0.0106,1.,1.,-11.7,-3.125,9.,-1.9,-3.125,9.,                 1347P   3344
0.000799999999999994,0.0106,0.,0.,0.;                               1347P   3345
126,1,1,0,0,1,0,0.,0.,0.00113137084989847,0.00113137084989847,      1349P   3346
1.,1.,-11.7,-3.125,9.,-12.5,-3.125,8.2,0.,0.00113137084989847,      1349P   3347
0.,0.,0.;                                                           1349P   3348
126,1,1,0,0,1,0,1.00000000000211D-6,1.00000000000211D-6,            1351P   3349
0.009501,0.009501,1.,1.,-1.9,3.125,18.5,-1.9,3.125,9.,              1351P   3350
1.00000000000211D-6,0.009501,0.,0.,0.;                              1351P   3351
126,1,1,0,0,1,0,-0.00625,-0.00625,0.,0.,1.,1.,-1.9,-3.125,9.,       1353P   3352
-1.9,3.125,9.,-0.00625,0.,0.,0.,0.;                                 1353P   3353
126,1,1,0,0,1,0,-0.00113137084989847,-0.00113137084989847,0.,0.,    1355P   3354
1.,1.,-12.5,3.125,8.2,-11.7,3.125,9.,-0.00113137084989847,0.,0.,    1355P   3355
0.,0.;                                                              1355P   3356
126,1,1,0,0,1,0,-0.0106,-0.0106,-0.000799999999999993,              1357P   3357
-0.000799999999999993,1.,1.,-1.9,3.125,9.,-11.7,3.125,9.,           1357P   3358
-0.0106,-0.000799999999999993,0.,0.,0.;                             1357P   3359
126,1,1,0,0,1,0,-0.00625,-0.00625,0.,0.,1.,1.,-11.7,3.125,9.,       1359P   3360
-11.7,-3.125,9.,-0.00625,0.,0.,0.,0.;                               1359P   3361
126,1,1,0,0,1,0,0.,0.,0.00421465696508427,0.00421465696508427,      1361P   3362
1.,1.,-11.4146569650843,1.56125112837913D-14,5.,                    1361P   3363
-9.30732848254213,3.65000000000001,5.,0.,0.00421465696508427,0.,    1361P   3364
0.,0.;                                                              1361P   3365
126,1,1,0,0,1,0,0.,0.,0.00421465696508426,0.00421465696508426,      1363P   3366
1.,1.,-9.30732848254213,3.65000000000001,5.,-5.09267151745787,      1363P   3367
3.65000000000001,5.,0.,0.00421465696508426,0.,0.,0.;                1363P   3368
126,1,1,0,0,1,0,0.,0.,0.00421465696508426,0.00421465696508426,      1365P   3369
1.,1.,-5.09267151745787,3.65000000000001,5.,-2.98534303491574,      1365P   3370
1.4210854715202D-14,5.,0.,0.00421465696508426,0.,0.,0.;             1365P   3371
126,1,1,0,0,1,0,0.,0.,0.00421465696508426,0.00421465696508426,      1367P   3372
1.,1.,-2.98534303491574,1.38777878078145D-14,5.,                    1367P   3373
-5.09267151745787,-3.64999999999998,5.,0.,0.00421465696508426,      1367P   3374
0.,0.,0.;                                                           1367P   3375
126,1,1,0,0,1,0,0.,0.,0.00421465696508426,0.00421465696508426,      1369P   3376
1.,1.,-5.09267151745787,-3.64999999999998,5.,-9.30732848254213,     1369P   3377
-3.64999999999998,5.,0.,0.00421465696508426,0.,0.,0.;               1369P   3378
126,1,1,0,0,1,0,0.,0.,0.00421465696508427,0.00421465696508427,      1371P   3379
1.,1.,-9.30732848254213,-3.64999999999998,5.,-11.4146569650843,     1371P   3380
1.46549439250521D-14,5.,0.,0.00421465696508427,0.,0.,0.;            1371P   3381
126,1,1,0,0,1,0,0.,0.,0.005,0.005,1.,1.,-9.30732848254213,          1373P   3382
3.65000000000001,5.,-9.30732848254213,3.65000000000001,0.,0.,       1373P   3383
0.005,0.,0.,0.;                                                     1373P   3384
126,1,1,0,0,1,0,0.,0.,0.005,0.005,1.,1.,-11.4146569650843,          1375P   3385
1.56125112837913D-14,5.,-11.4146569650843,1.56125112837913D-14,     1375P   3386
0.,0.,0.005,0.,0.,0.;                                               1375P   3387
126,1,1,0,0,1,0,0.,0.,0.005,0.005,1.,1.,-9.30732848254213,          1377P   3388
-3.64999999999998,5.,-9.30732848254213,-3.64999999999998,0.,0.,     1377P   3389
0.005,0.,0.,0.;                                                     1377P   3390
126,1,1,0,0,1,0,0.,0.,0.005,0.005,1.,1.,-5.09267151745787,          1379P   3391
-3.64999999999998,5.,-5.09267151745787,-3.64999999999998,0.,0.,     1379P   3392
0.005,0.,0.,0.;                                                     1379P   3393
126,1,1,0,0,1,0,0.,0.,0.005,0.005,1.,1.,-2.98534303491574,          1381P   3394
1.38777878078145D-14,5.,-2.98534303491574,1.38777878078145D-14,     1381P   3395
0.,0.,0.005,0.,0.,0.;                                               1381P   3396
126,1,1,0,0,1,0,0.,0.,0.005,0.005,1.,1.,-5.09267151745787,          1383P   3397
3.65000000000001,5.,-5.09267151745787,3.65000000000001,0.,0.,       1383P   3398
0.005,0.,0.,0.;                                                     1383P   3399
126,4,2,0,0,0,0,0.,0.,0.,1.5707963267949,1.5707963267949,           1385P   3400
3.14159265358979,3.14159265358979,3.14159265358979,1.,              1385P   3401
0.707106781186548,1.,0.707106781186548,1.,-2.,0.,6.,-2.,2.,6.,      1385P   3402
1.61225879606207D-15,2.,6.,2.,2.,6.,2.,2.44929359829471D-16,6.,     1385P   3403
0.,3.14159265358979,0.,0.,0.;                                       1385P   3404
126,4,2,0,0,0,0,0.,0.,0.,1.5707963267949,1.5707963267949,           1387P   3405
3.14159265358979,3.14159265358979,3.14159265358979,1.,              1387P   3406
0.707106781186548,1.,0.707106781186548,1.,-1.56745901618947,0.,     1387P   3407
2.2125,-1.56745901618947,2.2125,2.2125,-1.56745901618947,2.2125,    1387P   3408
1.35476552155676D-16,-1.56745901618947,2.2125,-2.2125,              1387P   3409
-1.56745901618947,2.70953104311352D-16,-2.2125,0.,                  1387P   3410
3.14159265358979,0.,0.,0.;                                          1387P   3411
126,2,2,0,0,0,0,-3.14159265358979,-3.14159265358979,                1389P   3412
-3.14159265358979,-1.99357823692417,-1.99357823692417,              1389P   3413
-1.99357823692417,1.,0.83973180341174,1.,-1.56745901618947,         1389P   3414
2.70953104311352D-16,-2.2125,-1.80024821851821,                     1389P   3415
2.70953104311352D-16,-2.2125,-1.89576139621787,                     1389P   3416
2.44954788542078D-16,-2.00020764119601,-3.14159265358979,           1389P   3417
-1.99357823692417,0.,0.,0.;                                         1389P   3418
126,2,2,0,0,0,0,1.5707963267949,1.5707963267949,1.5707963267949,    1391P   3419
3.14159265358979,3.14159265358979,3.14159265358979,1.,              1391P   3420
0.707106781186548,1.,-1.89576139621787,2.00020764119601,            1391P   3421
1.22477394271039D-16,-1.89576139621787,2.00020764119601,            1391P   3422
-2.00020764119601,-1.89576139621787,2.44954788542078D-16,           1391P   3423
-2.00020764119601,1.5707963267949,3.14159265358979,0.,0.,0.;        1391P   3424
126,2,2,0,0,0,0,0.,0.,0.,1.5707963267949,1.5707963267949,           1393P   3425
1.5707963267949,1.,0.707106781186548,1.,-1.89576139621787,0.,       1393P   3426
2.00020764119601,-1.89576139621787,2.00020764119601,                1393P   3427
2.00020764119601,-1.89576139621787,2.00020764119601,                1393P   3428
1.22477394271039D-16,0.,1.5707963267949,0.,0.,0.;                   1393P   3429
126,2,2,0,0,0,0,-3.14159265358979,-3.14159265358979,                1395P   3430
-3.14159265358979,-1.99357823692417,-1.99357823692417,              1395P   3431
-1.99357823692417,1.,0.83973180341174,1.,-1.56745901618947,0.,      1395P   3432
2.2125,-1.80024821851821,0.,2.2125,-1.89576139621787,0.,            1395P   3433
2.00020764119601,-3.14159265358979,-1.99357823692417,0.,0.,0.;      1395P   3434
126,4,2,0,0,0,0,0.,0.,0.,1.5707963267949,1.5707963267949,           1397P   3435
3.14159265358979,3.14159265358979,3.14159265358979,1.,              1397P   3436
0.707106781186548,1.,0.707106781186548,1.,0.,0.,2.2125,0.,          1397P   3437
2.2125,2.2125,0.,2.2125,1.35476552155676D-16,0.,2.2125,-2.2125,     1397P   3438
0.,2.70953104311352D-16,-2.2125,0.,3.14159265358979,0.,0.,0.;       1397P   3439
126,1,1,0,0,1,0,-0.0285,-0.0285,-0.0264100546450807,                1399P   3440
-0.0264100546450807,1.,1.,0.,2.70953104311352D-16,-2.2125,          1399P   3441
-1.56745901618948,2.70953104311352D-16,-2.2125,-0.0285,             1399P   3442
-0.0264100546450807,0.,0.,0.;                                       1399P   3443
126,1,1,0,0,1,0,-0.0285,-0.0285,-0.0264100546450807,                1401P   3444
-0.0264100546450807,1.,1.,0.,0.,2.2125,-1.56745901618948,0.,        1401P   3445
2.2125,-0.0285,-0.0264100546450807,0.,0.,0.;                        1401P   3446
126,4,2,0,0,0,0,0.,0.,0.,1.5707963267949,1.5707963267949,           1403P   3447
3.14159265358979,3.14159265358979,3.14159265358979,1.,              1403P   3448
0.707106781186548,1.,0.707106781186548,1.,6.,0.,1.5,6.,1.5,1.5,     1403P   3449
6.,1.5,9.18485099360515D-17,6.,1.5,-1.5,6.,1.83697019872103D-16,    1403P   3450
-1.5,0.,3.14159265358979,0.,0.,0.;                                  1403P   3451
126,1,1,0,0,1,0,-0.0365,-0.0365,-0.0285,-0.0285,1.,1.,6.,           1405P   3452
1.83697019872103D-16,-1.5,0.,1.83697019872103D-16,-1.5,-0.0365,     1405P   3453
-0.0285,0.,0.,0.;                                                   1405P   3454
126,4,2,0,0,0,0,0.,0.,0.,1.5707963267949,1.5707963267949,           1407P   3455
3.14159265358979,3.14159265358979,3.14159265358979,1.,              1407P   3456
0.707106781186548,1.,0.707106781186548,1.,0.,0.,1.5,0.,1.5,1.5,     1407P   3457
0.,1.5,9.18485099360515D-17,0.,1.5,-1.5,0.,1.83697019872103D-16,    1407P   3458
-1.5,0.,3.14159265358979,0.,0.,0.;                                  1407P   3459
126,1,1,0,0,1,0,-0.0365,-0.0365,-0.0285,-0.0285,1.,1.,6.,0.,1.5,    1409P   3460
0.,0.,1.5,-0.0365,-0.0285,0.,0.,0.;                                 1409P   3461
126,2,2,0,0,0,0,-3.14159265358979,-3.14159265358979,                1411P   3462
-3.14159265358979,-1.5707963267949,-1.5707963267949,                1411P   3463
-1.5707963267949,1.,0.707106781186548,1.,-1.89576139621787,         1411P   3464
-2.44954788542078D-16,-2.00020764119601,-1.89576139621787,          1411P   3465
-2.00020764119601,-2.00020764119601,-1.89576139621787,              1411P   3466
-2.00020764119601,-3.21657921186359D-16,-3.14159265358979,          1411P   3467
-1.5707963267949,0.,0.,0.;                                          1411P   3468
126,2,2,0,0,0,0,-1.99357823692417,-1.99357823692417,                1413P   3469
-1.99357823692417,-1.87672054522744,-1.87672054522744,              1413P   3470
-1.87672054522744,1.,0.998293520552696,1.,-1.89576139621787,        1413P   3471
-2.00020764119601,-2.44954788542077D-16,-2.01276439714951,          1413P   3472
-1.74015092804772,-2.13107026406693D-16,-2.09864891761342,          1413P   3473
-1.46822622261405,-1.7980585439485D-16,-1.99357823692417,           1413P   3474
-1.87672054522744,0.,0.,0.;                                         1413P   3475
126,2,2,0,0,0,0,-3.14159265358979,-3.14159265358979,                1415P   3476
-3.14159265358979,-3.06969782508832,-3.06969782508832,              1415P   3477
-3.06969782508832,1.,0.999353961277407,1.,-2.09864891761343,        1415P   3478
-1.46822622261405,-3.15680959483266D-16,-2.09864891761343,          1415P   3479
-1.46822622261405,-0.163411671588459,-2.08949650044434,             1415P   3480
-1.4608762712752,-0.326401198511556,-3.14159265358979,              1415P   3481
-3.06969782508832,0.,0.,0.;                                         1415P   3482
126,2,2,0,0,0,0,-3.07045536641168,-3.07045536641168,                1417P   3483
-3.07045536641168,-2.83716416723514,-2.83716416723514,              1417P   3484
-2.83716416723514,1.,0.993204612241014,1.,-2.30032244156352,        1417P   3485
-0.34640815006674,-0.346408150066742,-2.25991273992123,             1417P   3486
-0.916049736301609,-0.342573351849668,-2.08949650044434,            1417P   3487
-1.4608762712752,-0.326401198511555,-3.07045536641168,              1417P   3488
-2.83716416723514,0.,0.,0.;                                         1417P   3489
126,2,2,0,0,0,0,-0.304428486354655,-0.304428486354655,              1419P   3490
-0.304428486354655,-0.0711372871781137,-0.0711372871781137,         1419P   3491
-0.0711372871781137,1.,0.993204612241003,1.,-2.08949650044434,      1419P   3492
-0.326401198511549,-1.4608762712752,-2.25991273992123,              1419P   3493
-0.342573351849665,-0.916049736301614,-2.30032244156352,            1419P   3494
-0.346408150066741,-0.346408150066742,-0.304428486354655,           1419P   3495
-0.0711372871781137,0.,0.,0.;                                       1419P   3496
126,2,2,0,0,0,0,-0.0718948285014734,-0.0718948285014734,            1421P   3497
-0.0718948285014734,0.0718948285014779,0.0718948285014779,          1421P   3498
0.0718948285014779,1.,0.997416679841375,1.,-2.08949650044434,       1421P   3499
-0.326401198511549,-1.4608762712752,-2.10782503964353,              1421P   3500
-1.58206781009085D-15,-1.47559521040761,-2.08949650044434,          1421P   3501
0.32640119851156,-1.4608762712752,-0.0718948285014734,              1421P   3502
0.0718948285014779,0.,0.,0.;                                        1421P   3503
126,2,2,0,0,0,0,-3.07045536641168,-3.07045536641168,                1423P   3504
-3.07045536641168,-2.83716416723514,-2.83716416723514,              1423P   3505
-2.83716416723514,1.,0.99320461224103,1.,-2.30032244156352,         1423P   3506
0.346408150066743,-0.346408150066742,-2.25991273992123,             1423P   3507
0.342573351849671,-0.91604973630161,-2.08949650044434,              1423P   3508
0.32640119851156,-1.4608762712752,-3.07045536641168,                1423P   3509
-2.83716416723514,0.,0.,0.;                                         1423P   3510
126,2,2,0,0,0,0,2.83716416723514,2.83716416723514,                  1425P   3511
2.83716416723514,3.07045536641168,3.07045536641168,                 1425P   3512
3.07045536641168,1.,0.993204612241005,1.,-2.08949650044434,         1425P   3513
1.4608762712752,-0.326401198511555,-2.25991273992123,               1425P   3514
0.916049736301611,-0.342573351849668,-2.30032244156352,             1425P   3515
0.346408150066742,-0.346408150066742,2.83716416723514,              1425P   3516
3.07045536641168,0.,0.,0.;                                          1425P   3517
126,2,2,0,0,0,0,-0.0718948285014757,-0.0718948285014757,            1427P   3518
-0.0718948285014757,0.,0.,0.,1.,0.999353961277415,1.,               1427P   3519
-2.08949650044434,1.4608762712752,-0.326401198511555,               1427P   3520
-2.09864891761343,1.46822622261405,-0.163411671588459,              1427P   3521
-2.09864891761343,1.46822622261405,0.,-0.0718948285014757,0.,0.,    1427P   3522
0.,0.;                                                              1427P   3523
126,2,2,0,0,0,0,2.71881074346052,2.71881074346052,                  1429P   3524
2.71881074346052,2.83566843515725,2.83566843515725,                 1429P   3525
2.83566843515725,1.,0.998293520552743,1.,-1.89576139621787,         1429P   3526
2.00020764119601,0.,-2.01276439714951,1.74015092804771,0.,          1429P   3527
-2.09864891761343,1.46822622261405,0.,2.71881074346052,             1429P   3528
2.83566843515725,0.,0.,0.;                                          1429P   3529
126,2,2,0,0,0,0,-1.5707963267949,-1.5707963267949,                  1431P   3530
-1.5707963267949,0.,0.,0.,1.,0.707106781186547,1.,                  1431P   3531
-1.89576139621787,-2.00020764119601,-3.21657921186359D-16,          1431P   3532
-1.89576139621787,-2.00020764119601,2.00020764119601,               1431P   3533
-1.89576139621787,0.,2.00020764119601,-1.5707963267949,0.,0.,0.,    1431P   3534
0.;                                                                 1431P   3535
126,2,2,0,0,0,0,0.,0.,0.,0.0718948285014757,0.0718948285014757,     1433P   3536
0.0718948285014757,1.,0.999353961277415,1.,-2.09864891761343,       1433P   3537
1.46822622261405,0.,-2.09864891761343,1.46822622261405,             1433P   3538
0.163411671588459,-2.08949650044434,1.4608762712752,                1433P   3539
0.326401198511555,0.,0.0718948285014757,0.,0.,0.;                   1433P   3540
126,2,2,0,0,0,0,0.0711372871781133,0.0711372871781133,              1435P   3541
0.0711372871781133,0.304428486354655,0.304428486354655,             1435P   3542
0.304428486354655,1.,0.993204612241003,1.,-2.30032244156352,        1435P   3543
0.346408150066741,0.346408150066742,-2.25991273992123,              1435P   3544
0.91604973630161,0.342573351849668,-2.08949650044434,               1435P   3545
1.4608762712752,0.326401198511555,0.0711372871781133,               1435P   3546
0.304428486354655,0.,0.,0.;                                         1435P   3547
126,2,2,0,0,0,0,2.83716416723514,2.83716416723514,                  1437P   3548
2.83716416723514,3.07045536641168,3.07045536641168,                 1437P   3549
3.07045536641168,1.,0.993204612240988,1.,-2.08949650044434,         1437P   3550
0.32640119851155,1.4608762712752,-2.25991273992123,                 1437P   3551
0.342573351849665,0.916049736301614,-2.30032244156352,              1437P   3552
0.346408150066741,0.346408150066742,2.83716416723514,               1437P   3553
3.07045536641168,0.,0.,0.;                                          1437P   3554
126,2,2,0,0,0,0,3.06969782508832,3.06969782508832,                  1439P   3555
3.06969782508832,3.21348748209127,3.21348748209127,                 1439P   3556
3.21348748209127,1.,0.997416679841379,1.,-2.08949650044434,         1439P   3557
0.326401198511549,1.4608762712752,-2.10782503964353,                1439P   3558
1.41553435639707D-15,1.47559521040761,-2.08949650044434,            1439P   3559
-0.32640119851156,1.4608762712752,3.06969782508832,                 1439P   3560
3.21348748209127,0.,0.,0.;                                          1439P   3561
126,2,2,0,0,0,0,0.0711372871781135,0.0711372871781135,              1441P   3562
0.0711372871781135,0.304428486354655,0.304428486354655,             1441P   3563
0.304428486354655,1.,0.993204612241037,1.,-2.30032244156352,        1441P   3564
-0.346408150066743,0.346408150066742,-2.25991273992123,             1441P   3565
-0.342573351849671,0.916049736301608,-2.08949650044434,             1441P   3566
-0.32640119851156,1.4608762712752,0.0711372871781135,               1441P   3567
0.304428486354655,0.,0.,0.;                                         1441P   3568
126,2,2,0,0,0,0,-0.304428486354655,-0.304428486354655,              1443P   3569
-0.304428486354655,-0.0711372871781139,-0.0711372871781139,         1443P   3570
-0.0711372871781139,1.,0.993204612241006,1.,-2.08949650044434,      1443P   3571
-1.4608762712752,0.326401198511555,-2.25991273992123,               1443P   3572
-0.916049736301612,0.342573351849668,-2.30032244156352,             1443P   3573
-0.346408150066743,0.346408150066742,-0.304428486354655,            1443P   3574
-0.0711372871781139,0.,0.,0.;                                       1443P   3575
126,2,2,0,0,0,0,3.06969782508832,3.06969782508832,                  1445P   3576
3.06969782508832,3.14159265358979,3.14159265358979,                 1445P   3577
3.14159265358979,1.,0.999353961277243,1.,-2.08949650044434,         1445P   3578
-1.4608762712752,0.326401198511554,-2.09864891761343,               1445P   3579
-1.46822622261405,0.163411671588468,-2.09864891761343,              1445P   3580
-1.46822622261405,7.97252346872319D-16,3.06969782508832,            1445P   3581
3.14159265358979,0.,0.,0.;                                          1445P   3582
126,1,1,0,0,1,0,-0.00275016331447941,-0.00275016331447941,          1447P   3583
-0.000311396407817102,-0.000311396407817102,1.,1.,                  1447P   3584
-2.30032244156351,0.346408150066743,-0.346408150066742,             1447P   3585
-0.487499999999999,0.174375000000001,-0.174375,                     1447P   3586
-0.00275016331447941,-0.000311396407817102,0.,0.,0.;                1447P   3587
126,1,1,0,0,1,0,0.000403824278611279,0.000403824278611279,          1449P   3588
0.00315081140343245,0.00315081140343245,1.,1.,-2.08949650044434,    1449P   3589
1.4608762712752,-0.326401198511555,-0.487499999999999,              1449P   3590
0.174375000000001,-0.174375,0.000403824278611279,                   1449P   3591
0.00315081140343245,0.,0.,0.;                                       1449P   3592
126,1,1,0,0,1,0,0.000403824278611278,0.000403824278611278,          1451P   3593
0.00315081140343245,0.00315081140343245,1.,1.,-2.08949650044434,    1451P   3594
-1.4608762712752,-0.326401198511555,-0.487499999999999,             1451P   3595
-0.174375,-0.174375,0.000403824278611278,0.00315081140343245,0.,    1451P   3596
0.,0.;                                                              1451P   3597
126,1,1,0,0,1,0,0.000311396407817102,0.000311396407817102,          1453P   3598
0.00275016331447941,0.00275016331447941,1.,1.,                      1453P   3599
-0.487499999999999,-0.174374999999999,-0.174375,                    1453P   3600
-2.30032244156352,-0.346408150066741,-0.346408150066742,            1453P   3601
0.000311396407817102,0.00275016331447941,0.,0.,0.;                  1453P   3602
126,1,1,0,0,1,0,0.000403824278611279,0.000403824278611279,          1455P   3603
0.00315081140343245,0.00315081140343245,1.,1.,-2.08949650044434,    1455P   3604
1.4608762712752,0.326401198511555,-0.487499999999999,0.174375,      1455P   3605
0.174375,0.000403824278611279,0.00315081140343245,0.,0.,0.;         1455P   3606
126,1,1,0,0,1,0,0.000311396407817102,0.000311396407817102,          1457P   3607
0.00275016331447941,0.00275016331447941,1.,1.,                      1457P   3608
-0.487499999999999,0.174374999999999,0.174375,-2.30032244156352,    1457P   3609
0.346408150066741,0.346408150066742,0.000311396407817102,           1457P   3610
0.00275016331447941,0.,0.,0.;                                       1457P   3611
126,1,1,0,0,1,0,-0.00275016331447941,-0.00275016331447941,          1459P   3612
-0.000311396407817102,-0.000311396407817102,1.,1.,                  1459P   3613
-2.30032244156351,-0.346408150066743,0.346408150066742,             1459P   3614
-0.487499999999999,-0.174375000000001,0.174375,                     1459P   3615
-0.00275016331447941,-0.000311396407817102,0.,0.,0.;                1459P   3616
126,1,1,0,0,1,0,0.000403824278611278,0.000403824278611278,          1461P   3617
0.00315081140343245,0.00315081140343245,1.,1.,-2.08949650044434,    1461P   3618
-1.4608762712752,0.326401198511554,-0.487499999999999,              1461P   3619
-0.174375000000001,0.174375,0.000403824278611278,                   1461P   3620
0.00315081140343245,0.,0.,0.;                                       1461P   3621
126,4,2,0,0,0,0,-3.14159265358979,-3.14159265358979,                1463P   3622
-3.14159265358979,-1.5707963267949,-1.5707963267949,0.,0.,0.,1.,    1463P   3623
0.707106781186548,1.,0.707106781186548,1.,6.,                       1463P   3624
-1.83697019872103D-16,-1.5,6.,-1.5,-1.5,6.,-1.5,                    1463P   3625
9.18485099360515D-17,6.,-1.5,1.5,6.,0.,1.5,-3.14159265358979,0.,    1463P   3626
0.,0.,0.;                                                           1463P   3627
126,4,2,0,0,0,0,-3.14159265358979,-3.14159265358979,                1465P   3628
-3.14159265358979,-1.5707963267949,-1.5707963267949,0.,0.,0.,1.,    1465P   3629
0.707106781186548,1.,0.707106781186548,1.,0.,                       1465P   3630
-1.83697019872103D-16,-1.5,0.,-1.5,-1.5,0.,-1.5,                    1465P   3631
9.18485099360515D-17,0.,-1.5,1.5,0.,0.,1.5,-3.14159265358979,0.,    1465P   3632
0.,0.,0.;                                                           1465P   3633
126,4,2,0,0,0,0,-3.14159265358979,-3.14159265358979,                1467P   3634
-3.14159265358979,-1.5707963267949,-1.5707963267949,0.,0.,0.,1.,    1467P   3635
0.707106781186548,1.,0.707106781186548,1.,0.,                       1467P   3636
-2.70953104311352D-16,-2.2125,0.,-2.2125,-2.2125,0.,-2.2125,        1467P   3637
1.35476552155676D-16,0.,-2.2125,2.2125,0.,0.,2.2125,                1467P   3638
-3.14159265358979,0.,0.,0.,0.;                                      1467P   3639
126,4,2,0,0,0,0,-3.14159265358979,-3.14159265358979,                1469P   3640
-3.14159265358979,-1.5707963267949,-1.5707963267949,0.,0.,0.,1.,    1469P   3641
0.707106781186548,1.,0.707106781186548,1.,-1.56745901618947,        1469P   3642
-2.70953104311352D-16,-2.2125,-1.56745901618947,-2.2125,-2.2125,    1469P   3643
-1.56745901618947,-2.2125,1.35476552155676D-16,                     1469P   3644
-1.56745901618947,-2.2125,2.2125,-1.56745901618947,0.,2.2125,       1469P   3645
-3.14159265358979,0.,0.,0.,0.;                                      1469P   3646
126,1,1,0,0,1,0,0.,0.,0.000464999999999999,0.000464999999999999,    1471P   3647
1.,1.,-0.487499999999999,0.174375,0.174375,-0.487499999999999,      1471P   3648
0.174375,-0.174374999999999,0.,0.000464999999999999,0.,0.,0.;       1471P   3649
126,1,1,0,0,1,0,0.,0.,0.000464999999999999,0.000464999999999999,    1473P   3650
1.,1.,-0.487499999999999,-0.174375,-0.174375,-0.487499999999999,    1473P   3651
-0.174375,0.174375,0.,0.000464999999999999,0.,0.,0.;                1473P   3652
126,1,1,0,0,1,0,0.,0.,0.000465000000000001,0.000465000000000001,    1475P   3653
1.,1.,-0.487499999999999,-0.174375,-0.174375,-0.487499999999999,    1475P   3654
0.174375000000001,-0.174375,0.,0.000465000000000001,0.,0.,0.;       1475P   3655
126,1,1,0,0,1,0,-2.42861286636753D-19,-2.42861286636753D-19,        1477P   3656
0.000465000000000001,0.000465000000000001,1.,1.,                    1477P   3657
-0.487499999999999,0.174375,0.174375,-0.487499999999999,            1477P   3658
-0.174375000000001,0.174375,-2.42861286636753D-19,                  1477P   3659
0.000465000000000001,0.,0.,0.;                                      1477P   3660
126,1,1,0,0,1,0,0.000403824278611278,0.000403824278611278,          1479P   3661
0.00315081140343246,0.00315081140343246,1.,1.,-2.08949650044434,    1479P   3662
-0.326401198511549,-1.4608762712752,-0.487499999999998,             1479P   3663
-0.174374999999999,-0.174375000000001,0.000403824278611278,         1479P   3664
0.00315081140343246,0.,0.,0.;                                       1479P   3665
126,1,1,0,0,1,0,0.000403824278611278,0.000403824278611278,          1481P   3666
0.00315081140343245,0.00315081140343245,1.,1.,-2.08949650044434,    1481P   3667
0.32640119851156,-1.4608762712752,-0.487499999999999,               1481P   3668
0.174375000000001,-0.174375,0.000403824278611278,                   1481P   3669
0.00315081140343245,0.,0.,0.;                                       1481P   3670
126,1,1,0,0,1,0,0.000403824278611279,0.000403824278611279,          1483P   3671
0.00315081140343246,0.00315081140343246,1.,1.,-2.08949650044434,    1483P   3672
0.32640119851155,1.4608762712752,-0.487499999999998,                1483P   3673
0.174374999999999,0.174375000000001,0.000403824278611279,           1483P   3674
0.00315081140343246,0.,0.,0.;                                       1483P   3675
126,1,1,0,0,1,0,0.000403824278611279,0.000403824278611279,          1485P   3676
0.00315081140343245,0.00315081140343245,1.,1.,-2.08949650044434,    1485P   3677
-0.32640119851156,1.4608762712752,-0.487499999999999,               1485P   3678
-0.174375000000001,0.174375,0.000403824278611279,                   1485P   3679
0.00315081140343245,0.,0.,0.;                                       1485P   3680
126,4,2,0,0,0,0,1.5707963267949,1.5707963267949,1.5707963267949,    1487P   3681
3.14159265358979,3.14159265358979,4.71238898038469,                 1487P   3682
4.71238898038469,4.71238898038469,1.,0.707106781186547,1.,          1487P   3683
0.707106781186548,1.,-2.25,6.5,9.00000000000004,-2.25,4.25,         1487P   3684
9.00000000000006,-2.75545529808155D-16,4.25,9.00000000000006,       1487P   3685
2.25,4.25,9.00000000000006,2.25,6.5,9.00000000000004,               1487P   3686
1.5707963267949,4.71238898038469,0.,0.,0.;                          1487P   3687
126,1,1,0,0,1,0,0.00950100000000004,0.00950100000000004,            1489P   3688
0.0100010000000001,0.0100010000000001,1.,1.,-2.25,6.5,              1489P   3689
9.00000000000004,-2.25,6.5,9.50000000000009,0.00950100000000004,    1489P   3690
0.0100010000000001,0.,0.,0.;                                        1489P   3691
126,4,2,0,0,0,0,-3.14159265358979,-3.14159265358979,                1491P   3692
-3.14159265358979,-1.5707963267949,-1.5707963267949,0.,0.,0.,1.,    1491P   3693
0.707106781186548,1.,0.707106781186548,1.,-2.25,6.5,                1491P   3694
9.50000000000009,-2.25,4.25,9.50000000000009,                       1491P   3695
1.37772764904077D-16,4.25,9.50000000000009,2.25,4.25,               1491P   3696
9.50000000000009,2.25,6.5,9.50000000000009,-3.14159265358979,0.,    1491P   3697
0.,0.,0.;                                                           1491P   3698
126,1,1,0,0,1,0,0.00950100000000004,0.00950100000000004,            1493P   3699
0.0100010000000001,0.0100010000000001,1.,1.,2.25,6.5,               1493P   3700
9.00000000000004,2.25,6.5,9.50000000000009,0.00950100000000004,     1493P   3701
0.0100010000000001,0.,0.,0.;                                        1493P   3702
126,4,2,0,0,0,0,0.,0.,0.,1.5707963267949,1.5707963267949,           1495P   3703
3.14159265358979,3.14159265358979,3.14159265358979,1.,              1495P   3704
0.707106781186548,1.,0.707106781186548,1.,-3.5,6.5,0.,-3.5,3.,      1495P   3705
0.,-2.14313189850787D-16,3.,0.,3.5,3.,0.,3.5,6.5,0.,0.,             1495P   3706
3.14159265358979,0.,0.,0.;                                          1495P   3707
126,1,1,0,0,1,0,0.00950100000000007,0.00950100000000007,            1497P   3708
0.0100010000000001,0.0100010000000001,1.,1.,3.5,6.5,0.,3.5,6.5,     1497P   3709
-0.5,0.00950100000000007,0.0100010000000001,0.,0.,0.;               1497P   3710
126,4,2,0,0,0,0,-3.14159265358979,-3.14159265358979,                1499P   3711
-3.14159265358979,-1.5707963267949,-1.5707963267949,0.,0.,0.,1.,    1499P   3712
0.707106781186548,1.,0.707106781186548,1.,3.5,6.5,-0.5,3.5,3.,      1499P   3713
-0.5,-2.14313189850787D-16,3.,-0.5,-3.5,3.,-0.5,-3.5,6.5,-0.5,      1499P   3714
-3.14159265358979,0.,0.,0.,0.;                                      1499P   3715
126,1,1,0,0,1,0,0.00950100000000007,0.00950100000000007,            1501P   3716
0.0100010000000001,0.0100010000000001,1.,1.,-3.5,6.5,0.,-3.5,       1501P   3717
6.5,-0.5,0.00950100000000007,0.0100010000000001,0.,0.,0.;           1501P   3718
126,4,2,0,0,0,0,0.,0.,0.,1.5707963267949,1.5707963267949,           1503P   3719
3.14159265358979,3.14159265358979,3.14159265358979,1.,              1503P   3720
0.707106781186548,1.,0.707106781186548,1.,-3.5,-6.5,0.,-3.5,        1503P   3721
-10.,0.,-2.14313189850787D-16,-10.,0.,3.5,-10.,0.,3.5,-6.5,0.,      1503P   3722
0.,3.14159265358979,0.,0.,0.;                                       1503P   3723
126,1,1,0,0,1,0,0.00950100000000007,0.00950100000000007,            1505P   3724
0.0100010000000001,0.0100010000000001,1.,1.,3.5,-6.5,0.,3.5,        1505P   3725
-6.5,-0.5,0.00950100000000007,0.0100010000000001,0.,0.,0.;          1505P   3726
126,4,2,0,0,0,0,-3.14159265358979,-3.14159265358979,                1507P   3727
-3.14159265358979,-1.5707963267949,-1.5707963267949,0.,0.,0.,1.,    1507P   3728
0.707106781186548,1.,0.707106781186548,1.,3.5,-6.5,-0.5,3.5,        1507P   3729
-10.,-0.5,-2.14313189850787D-16,-10.,-0.5,-3.5,-10.,-0.5,-3.5,      1507P   3730
-6.5,-0.5,-3.14159265358979,0.,0.,0.,0.;                            1507P   3731
126,1,1,0,0,1,0,0.00950100000000007,0.00950100000000007,            1509P   3732
0.0100010000000001,0.0100010000000001,1.,1.,-3.5,-6.5,0.,-3.5,      1509P   3733
-6.5,-0.5,0.00950100000000007,0.0100010000000001,0.,0.,0.;          1509P   3734
126,1,1,0,0,1,0,0.,0.,0.000499999999999998,0.000499999999999998,    1511P   3735
1.,1.,3.,12.,8.00000000000001,3.,12.5,8.,0.,                        1511P   3736
0.000499999999999998,0.,0.,0.;                                      1511P   3737
126,1,1,0,0,1,0,-0.00800000000000001,-0.00800000000000001,          1513P   3738
-0.000999999999999997,-0.000999999999999997,1.,1.,3.,12.,           1513P   3739
8.00000000000001,3.,12.,0.999999999999998,-0.00800000000000001,     1513P   3740
-0.000999999999999997,0.,0.,0.;                                     1513P   3741
126,1,1,0,0,1,0,-0.0005,-0.0005,0.,0.,1.,1.,3.,12.,                 1515P   3742
0.999999999999998,3.,12.5,0.999999999999996,-0.0005,0.,0.,0.,0.;    1515P   3743
126,1,1,0,0,1,0,-0.00800000000000005,-0.00800000000000005,          1517P   3744
-0.00100000000000004,-0.00100000000000004,1.,1.,3.,12.5,8.,3.,      1517P   3745
12.5,0.999999999999996,-0.00800000000000005,                        1517P   3746
-0.00100000000000004,0.,0.,0.;                                      1517P   3747
126,1,1,0,0,1,0,-6.66133814775094D-18,-6.66133814775094D-18,        1519P   3748
0.0005,0.0005,1.,1.,-3.,12.,8.00000000000001,-3.,12.5,8.,           1519P   3749
-6.66133814775094D-18,0.0005,0.,0.,0.;                              1519P   3750
126,1,1,0,0,1,0,0.00100000000000004,0.00100000000000004,            1521P   3751
0.00800000000000005,0.00800000000000005,1.,1.,-3.,12.5,             1521P   3752
0.999999999999996,-3.,12.5,8.,0.00100000000000004,                  1521P   3753
0.00800000000000005,0.,0.,0.;                                       1521P   3754
126,1,1,0,0,1,0,0.,0.,0.0005,0.0005,1.,1.,-3.,12.,                  1523P   3755
0.999999999999998,-3.,12.5,0.999999999999996,0.,0.0005,0.,0.,0.;    1523P   3756
126,1,1,0,0,1,0,-0.0085,-0.0085,-0.0015,-0.0015,1.,1.,-3.,12.,      1525P   3757
0.999999999999998,-3.,12.,8.00000000000001,-0.0085,-0.0015,0.,      1525P   3758
0.,0.;                                                              1525P   3759
126,1,1,0,0,1,0,0.,0.,0.006,0.006,1.,1.,-3.,12.5,8.,3.,12.5,8.,     1527P   3760
0.,0.006,0.,0.,0.;                                                  1527P   3761
126,1,1,0,0,1,0,-0.006,-0.006,0.,0.,1.,1.,-3.,12.5,                 1529P   3762
0.999999999999996,3.,12.5,0.999999999999996,-0.006,0.,0.,0.,0.;     1529P   3763
126,1,1,0,0,1,0,0.,0.,0.006,0.006,1.,1.,-3.,12.,                    1531P   3764
8.00000000000001,3.,12.,8.00000000000001,0.,0.006,0.,0.,0.;         1531P   3765
126,1,1,0,0,1,0,0.,0.,0.006,0.006,1.,1.,3.,12.,                     1533P   3766
0.999999999999998,-3.,12.,0.999999999999998,0.,0.006,0.,0.,0.;      1533P   3767
126,1,1,0,0,1,0,-0.0025,-0.0025,0.,0.,1.,1.,-3.25,12.5,0.,-5.75,    1535P   3768
12.5,0.,-0.0025,0.,0.,0.,0.;                                        1535P   3769
126,1,1,0,0,1,0,0.,0.,0.0005,0.0005,1.,1.,-3.25,12.5,0.,-3.25,      1537P   3770
12.5,-0.5,0.,0.0005,0.,0.,0.;                                       1537P   3771
126,1,1,0,0,1,0,-0.0025,-0.0025,0.,0.,1.,1.,-3.25,12.5,-0.5,        1539P   3772
-5.75,12.5,-0.5,-0.0025,0.,0.,0.,0.;                                1539P   3773
126,1,1,0,0,1,0,0.,0.,0.0005,0.0005,1.,1.,-5.75,12.5,-0.5,-5.75,    1541P   3774
12.5,0.,0.,0.0005,0.,0.,0.;                                         1541P   3775
126,1,1,0,0,1,0,-0.0115,-0.0115,-0.009,-0.009,1.,1.,5.75,12.5,      1543P   3776
-0.5,3.25,12.5,-0.5,-0.0115,-0.009,0.,0.,0.;                        1543P   3777
126,1,1,0,0,1,0,0.,0.,0.0005,0.0005,1.,1.,3.25,12.5,0.,3.25,        1545P   3778
12.5,-0.5,0.,0.0005,0.,0.,0.;                                       1545P   3779
126,1,1,0,0,1,0,-0.0115,-0.0115,-0.009,-0.009,1.,1.,5.75,12.5,      1547P   3780
0.,3.25,12.5,0.,-0.0115,-0.009,0.,0.,0.;                            1547P   3781
126,1,1,0,0,1,0,0.,0.,0.0005,0.0005,1.,1.,5.75,12.5,-0.5,5.75,      1549P   3782
12.5,0.,0.,0.0005,0.,0.,0.;                                         1549P   3783
126,1,1,0,0,1,0,-0.0125,-0.0125,-0.01075,-0.01075,1.,1.,-3.25,      1551P   3784
12.5,-0.5,-3.25,10.75,-0.5,-0.0125,-0.01075,0.,0.,0.;               1551P   3785
126,1,1,0,0,1,0,-0.00325,-0.00325,-0.003,-0.003,1.,1.,-3.25,        1553P   3786
10.75,-0.5,-3.,10.75,-0.5,-0.00325,-0.003,0.,0.,0.;                 1553P   3787
126,1,1,0,0,1,0,0.01075,0.01075,0.011,0.011,1.,1.,-3.,10.75,        1555P   3788
-0.5,-3.,11.,-0.5,0.01075,0.011,0.,0.,0.;                           1555P   3789
126,1,1,0,0,1,0,0.,0.,0.006,0.006,1.,1.,-3.,11.,-0.5,3.,11.,        1557P   3790
-0.5,0.,0.006,0.,0.,0.;                                             1557P   3791
126,1,1,0,0,1,0,-0.011,-0.011,-0.01075,-0.01075,1.,1.,3.,11.,       1559P   3792
-0.5,3.,10.75,-0.5,-0.011,-0.01075,0.,0.,0.;                        1559P   3793
126,1,1,0,0,1,0,0.003,0.003,0.00325,0.00325,1.,1.,3.,10.75,-0.5,    1561P   3794
3.25,10.75,-0.5,0.003,0.00325,0.,0.,0.;                             1561P   3795
126,1,1,0,0,1,0,0.01075,0.01075,0.0125,0.0125,1.,1.,3.25,10.75,     1563P   3796
-0.5,3.25,12.5,-0.5,0.01075,0.0125,0.,0.,0.;                        1563P   3797
126,1,1,0,0,1,0,0.003,0.003,0.025,0.025,1.,1.,5.75,-9.5,-0.5,       1565P   3798
5.75,12.5,-0.5,0.003,0.025,0.,0.,0.;                                1565P   3799
126,2,2,0,0,0,0,-3.14159265358979,-3.14159265358979,                1567P   3800
-3.14159265358979,-1.5707963267949,-1.5707963267949,                1567P   3801
-1.5707963267949,1.,0.707106781186548,1.,5.75,-9.5,-0.5,5.75,       1567P   3802
-12.5,-0.5,2.75,-12.5,-0.5,-3.14159265358979,-1.5707963267949,      1567P   3803
0.,0.,0.;                                                           1567P   3804
126,1,1,0,0,1,0,0.003,0.003,0.0085,0.0085,1.,1.,-2.75,-12.5,        1569P   3805
-0.5,2.75,-12.5,-0.5,0.003,0.0085,0.,0.,0.;                         1569P   3806
126,2,2,0,0,0,0,-1.5707963267949,-1.5707963267949,                  1571P   3807
-1.5707963267949,0.,0.,0.,1.,0.707106781186549,1.,-2.75,-12.5,      1571P   3808
-0.5,-5.75,-12.5,-0.5,-5.75,-9.5,-0.5,-1.5707963267949,0.,0.,0.,    1571P   3809
0.;                                                                 1571P   3810
126,1,1,0,0,1,0,-0.025,-0.025,-0.003,-0.003,1.,1.,-5.75,12.5,       1573P   3811
-0.5,-5.75,-9.5,-0.5,-0.025,-0.003,0.,0.,0.;                        1573P   3812
126,4,2,0,0,0,0,0.,0.,0.,1.5707963267949,1.5707963267949,           1575P   3813
3.14159265358979,3.14159265358979,3.14159265358979,1.,              1575P   3814
0.707106781186547,1.,0.707106781186547,1.,-3.5,6.5,-0.5,-3.5,       1575P   3815
10.,-0.5,-2.14313189850787D-16,10.,-0.5,3.5,10.,-0.5,3.5,6.5,       1575P   3816
-0.5,0.,3.14159265358979,0.,0.,0.;                                  1575P   3817
126,4,2,0,0,0,0,0.,0.,0.,1.5707963267949,1.5707963267949,           1577P   3818
3.14159265358979,3.14159265358979,3.14159265358979,1.,              1577P   3819
0.707106781186548,1.,0.707106781186548,1.,-3.5,-6.5,-0.5,-3.5,      1577P   3820
-3.,-0.5,-2.14313189850787D-16,-3.,-0.5,3.5,-3.,-0.5,3.5,-6.5,      1577P   3821
-0.5,0.,3.14159265358979,0.,0.,0.;                                  1577P   3822
126,1,1,0,0,1,0,0.,0.,0.00175,0.00175,1.,1.,-3.25,12.5,0.,-3.25,    1579P   3823
10.75,0.,0.,0.00175,0.,0.,0.;                                       1579P   3824
126,1,1,0,0,1,0,-0.025,-0.025,-0.003,-0.003,1.,1.,-5.75,12.5,0.,    1581P   3825
-5.75,-9.5,0.,-0.025,-0.003,0.,0.,0.;                               1581P   3826
126,2,2,0,0,0,0,0.,0.,0.,1.5707963267949,1.5707963267949,           1583P   3827
1.5707963267949,1.,0.707106781186549,1.,-5.75,-9.5,0.,-5.75,        1583P   3828
-12.5,0.,-2.75,-12.5,0.,0.,1.5707963267949,0.,0.,0.;                1583P   3829
126,1,1,0,0,1,0,0.003,0.003,0.0085,0.0085,1.,1.,-2.75,-12.5,0.,     1585P   3830
2.75,-12.5,0.,0.003,0.0085,0.,0.,0.;                                1585P   3831
126,2,2,0,0,0,0,1.5707963267949,1.5707963267949,1.5707963267949,    1587P   3832
3.14159265358979,3.14159265358979,3.14159265358979,1.,              1587P   3833
0.707106781186548,1.,2.75,-12.5,0.,5.75,-12.5,0.,5.75,-9.5,0.,      1587P   3834
1.5707963267949,3.14159265358979,0.,0.,0.;                          1587P   3835
126,1,1,0,0,1,0,0.003,0.003,0.025,0.025,1.,1.,5.75,-9.5,0.,5.75,    1589P   3836
12.5,0.,0.003,0.025,0.,0.,0.;                                       1589P   3837
126,1,1,0,0,1,0,0.,0.,0.00175,0.00175,1.,1.,3.25,10.75,0.,3.25,     1591P   3838
12.5,0.,0.,0.00175,0.,0.,0.;                                        1591P   3839
126,1,1,0,0,1,0,0.,0.,0.00025,0.00025,1.,1.,3.,10.75,0.,3.25,       1593P   3840
10.75,0.,0.,0.00025,0.,0.,0.;                                       1593P   3841
126,1,1,0,0,1,0,0.,0.,0.000250000000000001,0.000250000000000001,    1595P   3842
1.,1.,3.,11.,0.,3.,10.75,0.,0.,0.000250000000000001,0.,0.,0.;       1595P   3843
126,1,1,0,0,1,0,0.,0.,0.006,0.006,1.,1.,-3.,11.,0.,3.,11.,0.,0.,    1597P   3844
0.006,0.,0.,0.;                                                     1597P   3845
126,1,1,0,0,1,0,0.,0.,0.000250000000000001,0.000250000000000001,    1599P   3846
1.,1.,-3.,10.75,0.,-3.,11.,0.,0.,0.000250000000000001,0.,0.,0.;     1599P   3847
126,1,1,0,0,1,0,0.,0.,0.00025,0.00025,1.,1.,-3.25,10.75,0.,-3.,     1601P   3848
10.75,0.,0.,0.00025,0.,0.,0.;                                       1601P   3849
126,4,2,0,0,0,0,-3.14159265358979,-3.14159265358979,                1603P   3850
-3.14159265358979,-1.5707963267949,-1.5707963267949,0.,0.,0.,1.,    1603P   3851
0.707106781186547,1.,0.707106781186547,1.,3.5,6.5,0.,3.5,10.,0.,    1603P   3852
-2.14313189850787D-16,10.,0.,-3.5,10.,0.,-3.5,6.5,0.,               1603P   3853
-3.14159265358979,0.,0.,0.,0.;                                      1603P   3854
126,4,2,0,0,0,0,-3.14159265358979,-3.14159265358979,                1605P   3855
-3.14159265358979,-1.5707963267949,-1.5707963267949,0.,0.,0.,1.,    1605P   3856
0.707106781186548,1.,0.707106781186548,1.,3.5,-6.5,0.,3.5,-3.,      1605P   3857
0.,-2.14313189850787D-16,-3.,0.,-3.5,-3.,0.,-3.5,-6.5,0.,           1605P   3858
-3.14159265358979,0.,0.,0.,0.;                                      1605P   3859
126,1,1,0,0,1,0,-0.0005,-0.0005,0.,0.,1.,1.,5.75,-9.5,0.,5.75,      1607P   3860
-9.5,-0.5,-0.0005,0.,0.,0.,0.;                                      1607P   3861
126,1,1,0,0,1,0,0.,0.,0.0005,0.0005,1.,1.,2.75,-12.5,-0.5,2.75,     1609P   3862
-12.5,0.,0.,0.0005,0.,0.,0.;                                        1609P   3863
126,1,1,0,0,1,0,-0.0005,-0.0005,0.,0.,1.,1.,-2.75,-12.5,0.,         1611P   3864
-2.75,-12.5,-0.5,-0.0005,0.,0.,0.,0.;                               1611P   3865
126,1,1,0,0,1,0,0.,0.,0.0005,0.0005,1.,1.,-5.75,-9.5,-0.5,-5.75,    1613P   3866
-9.5,0.,0.,0.0005,0.,0.,0.;                                         1613P   3867
126,1,1,0,0,1,0,0.,0.,0.0005,0.0005,1.,1.,-3.25,10.75,0.,-3.25,     1615P   3868
10.75,-0.5,0.,0.0005,0.,0.,0.;                                      1615P   3869
126,1,1,0,0,1,0,0.,0.,0.0005,0.0005,1.,1.,-3.,10.75,0.,-3.,         1617P   3870
10.75,-0.5,0.,0.0005,0.,0.,0.;                                      1617P   3871
126,1,1,0,0,1,0,0.,0.,0.0005,0.0005,1.,1.,-3.,11.,0.,-3.,11.,       1619P   3872
-0.5,0.,0.0005,0.,0.,0.;                                            1619P   3873
126,1,1,0,0,1,0,0.,0.,0.0005,0.0005,1.,1.,3.,11.,0.,3.,11.,-0.5,    1621P   3874
0.,0.0005,0.,0.,0.;                                                 1621P   3875
126,1,1,0,0,1,0,0.,0.,0.0005,0.0005,1.,1.,3.,10.75,0.,3.,10.75,     1623P   3876
-0.5,0.,0.0005,0.,0.,0.;                                            1623P   3877
126,1,1,0,0,1,0,0.,0.,0.0005,0.0005,1.,1.,3.25,10.75,0.,3.25,       1625P   3878
10.75,-0.5,0.,0.0005,0.,0.,0.;                                      1625P   3879
126,2,2,0,0,0,0,-3.14159265358979,-3.14159265358979,                1627P   3880
-3.14159265358979,-1.5707963267949,-1.5707963267949,                1627P   3881
-1.5707963267949,1.,0.707106781186549,1.,3.,11.,0.,3.,12.,          1627P   3882
1.16743491188625D-16,3.,12.,0.999999999999998,-3.14159265358979,    1627P   3883
-1.5707963267949,0.,0.,0.;                                          1627P   3884
126,2,2,0,0,0,0,-3.14159265358979,-3.14159265358979,                1629P   3885
-3.14159265358979,-1.5707963267949,-1.5707963267949,                1629P   3886
-1.5707963267949,1.,0.707106781186548,1.,3.,11.,-0.5,3.,12.5,       1629P   3887
-0.499999999999996,3.,12.5,0.999999999999996,-3.14159265358979,     1629P   3888
-1.5707963267949,0.,0.,0.;                                          1629P   3889
126,2,2,0,0,0,0,1.5707963267949,1.5707963267949,1.5707963267949,    1631P   3890
3.14159265358979,3.14159265358979,3.14159265358979,1.,              1631P   3891
0.707106781186549,1.,-3.,12.,0.999999999999998,-3.,12.,             1631P   3892
1.16743491188625D-16,-3.,11.,0.,1.5707963267949,                    1631P   3893
3.14159265358979,0.,0.,0.;                                          1631P   3894
126,2,2,0,0,0,0,1.5707963267949,1.5707963267949,1.5707963267949,    1633P   3895
3.14159265358979,3.14159265358979,3.14159265358979,1.,              1633P   3896
0.707106781186549,1.,-3.,12.5,0.999999999999996,-3.,12.5,-0.5,      1633P   3897
-3.,11.,-0.5,1.5707963267949,3.14159265358979,0.,0.,0.;             1633P   3898
126,1,1,0,0,1,0,-0.000499999999999994,-0.000499999999999994,        1635P   3899
7.80625564189563D-18,7.80625564189563D-18,1.,1.,3.,11.,             1635P   3900
9.00000000000001,3.,11.,9.50000000000001,-0.000499999999999994,     1635P   3901
7.80625564189563D-18,0.,0.,0.;                                      1635P   3902
126,2,2,0,0,0,0,-1.57079632679492,-1.57079632679492,                1637P   3903
-1.57079632679492,-2.74780198594726D-14,-2.74780198594726D-14,      1637P   3904
-2.74780198594726D-14,1.,0.707106781186546,1.,3.,12.,               1637P   3905
8.00000000000001,3.,12.,9.,3.,11.,9.00000000000001,                 1637P   3906
-1.57079632679492,-2.74780198594726D-14,0.,0.,0.;                   1637P   3907
126,2,2,0,0,0,0,-1.57079632679492,-1.57079632679492,                1639P   3908
-1.57079632679492,-2.82181685425561D-14,-2.82181685425561D-14,      1639P   3909
-2.82181685425561D-14,1.,0.707106781186548,1.,3.,12.5,8.,3.,        1639P   3910
12.5,9.5,3.,11.,9.50000000000001,-1.57079632679492,                 1639P   3911
-2.82181685425561D-14,0.,0.,0.;                                     1639P   3912
126,2,2,0,0,0,0,6.66133814775095D-15,6.66133814775095D-15,          1641P   3913
6.66133814775095D-15,1.5707963267949,1.5707963267949,               1641P   3914
1.5707963267949,1.,0.707106781186546,1.,-3.,11.,                    1641P   3915
9.00000000000001,-3.,12.,9.,-3.,12.,8.00000000000001,               1641P   3916
6.66133814775095D-15,1.5707963267949,0.,0.,0.;                      1641P   3917
126,1,1,0,0,1,0,0.,0.,0.000500000000000002,0.000500000000000002,    1643P   3918
1.,1.,-3.,11.,9.00000000000001,-3.,11.,9.50000000000001,0.,         1643P   3919
0.000500000000000002,0.,0.,0.;                                      1643P   3920
126,2,2,0,0,0,0,0.,0.,0.,1.5707963267949,1.5707963267949,           1645P   3921
1.5707963267949,1.,0.707106781186545,1.,-3.,11.,                    1645P   3922
9.50000000000001,-3.,12.5,9.50000000000001,-3.,12.5,8.,0.,          1645P   3923
1.5707963267949,0.,0.,0.;                                           1645P   3924
126,1,1,0,0,1,0,-0.006,-0.006,0.,0.,1.,1.,-3.,11.,                  1647P   3925
9.50000000000001,3.,11.,9.50000000000001,-0.006,0.,0.,0.,0.;        1647P   3926
126,1,1,0,0,1,0,0.,0.,0.006,0.006,1.,1.,3.,11.,9.00000000000001,    1649P   3927
-3.,11.,9.00000000000001,0.,0.006,0.,0.,0.;                         1649P   3928
126,1,1,0,0,1,0,-0.00850000000000001,-0.00850000000000001,0.,0.,    1651P   3929
1.,1.,-3.,11.,9.00000000000001,-3.,2.50000000000003,                1651P   3930
9.00000000000007,-0.00850000000000001,0.,0.,0.,0.;                  1651P   3931
126,1,1,0,0,1,0,0.,0.,0.0005,0.0005,1.,1.,-3.,2.50000000000003,     1653P   3932
9.50000000000007,-3.,2.50000000000003,9.00000000000007,0.,          1653P   3933
0.0005,0.,0.,0.;                                                    1653P   3934
126,1,1,0,0,1,0,-0.011,-0.011,-0.00249999999999997,                 1655P   3935
-0.00249999999999997,1.,1.,-3.,11.,9.50000000000001,-3.,            1655P   3936
2.50000000000003,9.50000000000007,-0.011,-0.00249999999999997,      1655P   3937
0.,0.,0.;                                                           1655P   3938
126,1,1,0,0,1,0,0.00249999999999997,0.00249999999999997,0.011,      1657P   3939
0.011,1.,1.,3.,2.50000000000003,9.50000000000007,3.,11.,            1657P   3940
9.50000000000001,0.00249999999999997,0.011,0.,0.,0.;                1657P   3941
126,1,1,0,0,1,0,0.,0.,0.0005,0.0005,1.,1.,3.,2.50000000000003,      1659P   3942
9.50000000000007,3.,2.50000000000003,9.00000000000007,0.,0.0005,    1659P   3943
0.,0.,0.;                                                           1659P   3944
126,1,1,0,0,1,0,-0.0095,-0.0095,-0.000999999999999992,              1661P   3945
-0.000999999999999992,1.,1.,3.,2.50000000000003,                    1661P   3946
9.00000000000007,3.,11.,9.00000000000001,-0.0095,                   1661P   3947
-0.000999999999999992,0.,0.,0.;                                     1661P   3948
126,1,1,0,0,1,0,-0.003,-0.003,0.003,0.003,1.,1.,-3.,                1663P   3949
2.50000000000003,9.50000000000007,3.,2.50000000000003,              1663P   3950
9.50000000000007,-0.003,0.003,0.,0.,0.;                             1663P   3951
126,4,2,0,0,0,0,0.,0.,0.,1.5707963267949,1.5707963267949,           1665P   3952
3.14159265358979,3.14159265358979,3.14159265358979,1.,              1665P   3953
0.707106781186546,1.,0.707106781186546,1.,2.25,6.5,                 1665P   3954
9.50000000000009,2.25,8.75,9.50000000000009,                        1665P   3955
1.37772764904077D-16,8.75,9.50000000000009,-2.25,8.75,              1665P   3956
9.50000000000009,-2.25,6.5,9.50000000000009,0.,3.14159265358979,    1665P   3957
0.,0.,0.;                                                           1665P   3958
126,1,1,0,0,1,0,-0.006,-0.006,0.,0.,1.,1.,-3.,2.50000000000003,     1667P   3959
9.00000000000007,3.,2.50000000000003,9.00000000000007,-0.006,0.,    1667P   3960
0.,0.,0.;                                                           1667P   3961
126,4,2,0,0,0,0,-1.5707963267949,-1.5707963267949,                  1669P   3962
-1.5707963267949,0.,0.,1.5707963267949,1.5707963267949,             1669P   3963
1.5707963267949,1.,0.707106781186546,1.,0.707106781186546,1.,       1669P   3964
2.25,6.5,9.00000000000004,2.25,8.75,9.00000000000002,0.,8.75,       1669P   3965
9.00000000000002,-2.25,8.75,9.00000000000002,-2.25,6.5,             1669P   3966
9.00000000000004,-1.5707963267949,1.5707963267949,0.,0.,0.;         1669P   3967
126,4,2,0,0,0,0,0.,0.,0.,1.5707963267949,1.5707963267949,           1671P   3968
3.14159265358979,3.14159265358979,3.14159265358979,1.,              1671P   3969
0.707106781186548,1.,0.707106781186548,1.,0.704279846289301,        1671P   3970
-2.86469717389303,2.0899453549193,3.56897702018233,                 1671P   3971
-2.16041732760373,2.0899453549193,2.86469717389303,                 1671P   3972
0.704279846289301,2.0899453549193,2.16041732760373,                 1671P   3973
3.56897702018233,2.0899453549193,-0.704279846289301,                1671P   3974
2.86469717389303,2.0899453549193,0.,3.14159265358979,0.,0.,0.;      1671P   3975
126,2,2,0,0,0,0,-3.14159265358979,-3.14159265358979,                1673P   3976
-3.14159265358979,-1.99357823692417,-1.99357823692417,              1673P   3977
-1.99357823692417,1.,0.839731803411743,1.,-0.704279846289302,       1673P   3978
2.86469717389303,2.0899453549193,-0.704279846289301,                1673P   3979
2.86469717389303,2.40033095802428,-0.636703245237611,               1673P   3980
2.58982561669309,2.52768186162383,-3.14159265358979,                1673P   3981
-1.99357823692417,0.,0.,0.;                                         1673P   3982
126,2,2,0,0,0,0,1.5707963267949,1.5707963267949,1.5707963267949,    1675P   3983
3.14159265358979,3.14159265358979,3.14159265358979,1.,              1675P   3984
0.707106781186548,1.,2.58982561669309,0.636703245237611,            1675P   3985
2.52768186162383,1.95312237145548,3.2265288619307,                  1675P   3986
2.52768186162383,-0.636703245237611,2.58982561669309,               1675P   3987
2.52768186162383,1.5707963267949,3.14159265358979,0.,0.,0.;         1675P   3988
126,2,2,0,0,0,0,0.,0.,0.,1.5707963267949,1.5707963267949,           1677P   3989
1.5707963267949,1.,0.707106781186548,1.,0.636703245237611,          1677P   3990
-2.58982561669309,2.52768186162383,3.2265288619307,                 1677P   3991
-1.95312237145548,2.52768186162383,2.58982561669309,                1677P   3992
0.636703245237611,2.52768186162383,0.,1.5707963267949,0.,0.,0.;     1677P   3993
126,2,2,0,0,0,0,-3.14159265358979,-3.14159265358979,                1679P   3994
-3.14159265358979,-1.99357823692417,-1.99357823692417,              1679P   3995
-1.99357823692417,1.,0.839731803411743,1.,0.704279846289301,        1679P   3996
-2.86469717389303,2.0899453549193,0.704279846289301,                1679P   3997
-2.86469717389303,2.40033095802428,0.636703245237611,               1679P   3998
-2.58982561669309,2.52768186162383,-3.14159265358979,               1679P   3999
-1.99357823692417,0.,0.,0.;                                         1679P   4000
126,4,2,0,0,0,0,0.,0.,0.,1.5707963267949,1.5707963267949,           1681P   4001
3.14159265358979,3.14159265358979,3.14159265358979,1.,              1681P   4002
0.707106781186548,1.,0.707106781186548,1.,0.7042798462893,          1681P   4003
-2.86469717389303,-8.88178419700125D-16,3.56897702018233,           1681P   4004
-2.16041732760373,-1.77635683940025D-15,2.86469717389303,           1681P   4005
0.704279846289301,-1.77635683940025D-15,2.16041732760373,           1681P   4006
3.56897702018233,-1.77635683940025D-15,-0.704279846289302,          1681P   4007
2.86469717389303,-8.88178419700125D-16,0.,3.14159265358979,0.,      1681P   4008
0.,0.;                                                              1681P   4009
126,1,1,0,0,1,0,-0.0285,-0.0285,-0.0264100546450807,                1683P   4010
-0.0264100546450807,1.,1.,-0.704279846289302,2.86469717389303,      1683P   4011
-3.5527136788005D-15,-0.704279846289301,2.86469717389303,           1683P   4012
2.0899453549193,-0.0285,-0.0264100546450807,0.,0.,0.;               1683P   4013
126,4,2,0,0,0,0,0.,0.,0.,1.5707963267949,1.5707963267949,           1685P   4014
3.14159265358979,3.14159265358979,3.14159265358979,1.,              1685P   4015
0.707106781186548,1.,0.707106781186548,1.,0.704279846289301,        1685P   4016
-2.86469717389303,2.0899453549193,3.56897702018233,                 1685P   4017
-2.16041732760373,2.0899453549193,2.86469717389303,                 1685P   4018
0.704279846289301,2.0899453549193,2.16041732760373,                 1685P   4019
3.56897702018233,2.0899453549193,-0.704279846289301,                1685P   4020
2.86469717389303,2.0899453549193,0.,3.14159265358979,0.,0.,0.;      1685P   4021
126,1,1,0,0,1,0,-0.0285,-0.0285,-0.0264100546450807,                1687P   4022
-0.0264100546450807,1.,1.,0.7042798462893,-2.86469717389303,        1687P   4023
-3.5527136788005D-15,0.704279846289301,-2.86469717389303,           1687P   4024
2.0899453549193,-0.0285,-0.0264100546450807,0.,0.,0.;               1687P   4025
126,4,2,0,0,0,0,0.,0.,0.,1.5707963267949,1.5707963267949,           1689P   4026
3.14159265358979,3.14159265358979,3.14159265358979,1.,              1689P   4027
0.707106781186548,1.,0.707106781186548,1.,0.477477861891048,        1689P   4028
-1.9421675755207,-8.,2.41964543741175,-1.46468971362965,-8.,        1689P   4029
1.9421675755207,0.47747786189105,-8.,1.46468971362964,              1689P   4030
2.41964543741175,-8.,-0.477477861891055,1.9421675755207,-8.,0.,     1689P   4031
3.14159265358979,0.,0.,0.;                                          1689P   4032
126,1,1,0,0,1,0,-0.0365,-0.0365,-0.0285,-0.0285,1.,1.,              1691P   4033
-0.477477861891055,1.9421675755207,-8.,-0.477477861891053,          1691P   4034
1.9421675755207,-3.5527136788005D-15,-0.0365,-0.0285,0.,0.,0.;      1691P   4035
126,4,2,0,0,0,0,0.,0.,0.,1.5707963267949,1.5707963267949,           1693P   4036
3.14159265358979,3.14159265358979,3.14159265358979,1.,              1693P   4037
0.707106781186548,1.,0.707106781186548,1.,0.477477861891051,        1693P   4038
-1.9421675755207,-8.88178419700125D-16,2.41964543741175,            1693P   4039
-1.46468971362965,-1.77635683940025D-15,1.9421675755207,            1693P   4040
0.477477861891051,-1.77635683940025D-15,1.46468971362965,           1693P   4041
2.41964543741175,-1.77635683940025D-15,-0.477477861891053,          1693P   4042
1.9421675755207,-8.88178419700125D-16,0.,3.14159265358979,0.,0.,    1693P   4043
0.;                                                                 1693P   4044
126,1,1,0,0,1,0,-0.0365,-0.0365,-0.0285,-0.0285,1.,1.,              1695P   4045
0.477477861891048,-1.9421675755207,-8.,0.477477861891051,           1695P   4046
-1.9421675755207,-3.5527136788005D-15,-0.0365,-0.0285,0.,0.,0.;     1695P   4047
126,2,2,0,0,0,0,1.5707963267949,1.5707963267949,1.5707963267949,    1697P   4048
3.14159265358979,3.14159265358979,3.14159265358979,1.,              1697P   4049
0.707106781186548,1.,2.58982561669309,0.636703245237611,            1697P   4050
2.52768186162383,1.95312237145548,3.2265288619307,                  1697P   4051
2.52768186162383,-0.636703245237611,2.58982561669309,               1697P   4052
2.52768186162383,1.5707963267949,3.14159265358979,0.,0.,0.;         1697P   4053
126,2,2,0,0,0,0,-3.14159265358979,-3.14159265358979,                1699P   4054
-3.14159265358979,-1.5707963267949,-1.5707963267949,                1699P   4055
-1.5707963267949,1.,0.707106781186548,1.,-0.636703245237612,        1699P   4056
2.58982561669309,2.52768186162383,-3.2265288619307,                 1699P   4057
1.95312237145548,2.52768186162383,-2.58982561669309,                1699P   4058
-0.636703245237611,2.52768186162383,-3.14159265358979,              1699P   4059
-1.5707963267949,0.,0.,0.;                                          1699P   4060
126,2,2,0,0,0,0,-1.99357823692417,-1.99357823692417,                1701P   4061
-1.99357823692417,-1.87672054522744,-1.87672054522744,              1701P   4062
-1.87672054522744,1.,0.998293520552729,1.,-2.58982561669309,        1701P   4063
-0.63670324523761,2.52768186162383,-2.25310980597768,               1701P   4064
-0.553922362994635,2.68368586286602,-1.90102757539349,              1701P   4065
-0.467363678364087,2.7981985568179,-1.99357823692417,               1701P   4066
-1.87672054522744,0.,0.,0.;                                         1701P   4067
126,2,2,0,0,0,0,-3.14159265358979,-3.14159265358979,                1703P   4068
-3.14159265358979,-3.06969782508832,-3.06969782508832,              1703P   4069
-3.06969782508832,1.,0.999353961277299,1.,-1.90102757539349,        1703P   4070
-0.467363678364087,2.7981985568179,-1.95304454576556,               1703P   4071
-0.255781778350252,2.7981985568179,-1.99541058153483,               1703P   4072
-0.0424068360904107,2.78599533392579,-3.14159265358979,             1703P   4073
-3.06969782508832,0.,0.,0.;                                         1703P   4074
126,2,2,0,0,0,0,-3.07045536641168,-3.07045536641168,                1705P   4075
-3.07045536641168,-2.83716416723514,-2.83716416723514,              1705P   4076
-2.83716416723514,1.,0.993204612241007,1.,-0.558789933194155,       1705P   4077
0.338253636080156,3.06709658875135,-1.29512885799421,               1705P   4078
0.151960924483142,3.01321698656164,-1.99541058153483,               1705P   4079
-0.0424068360904116,2.78599533392579,-3.07045536641168,             1705P   4080
-2.83716416723514,0.,0.,0.;                                         1705P   4081
126,2,2,0,0,0,0,-0.304428486354655,-0.304428486354655,              1707P   4082
-0.304428486354655,-0.0711372871781137,-0.0711372871781137,         1707P   4083
-0.0711372871781137,1.,0.993204612240957,1.,-0.887641268570721,     1707P   4084
1.78761145302287,2.78599533392579,-0.735152217116679,               1707P   4085
1.07703393588483,3.01321698656164,-0.558789933194156,               1707P   4086
0.338253636080155,3.06709658875135,-0.304428486354655,              1707P   4087
-0.0711372871781137,0.,0.,0.;                                       1707P   4088
126,2,2,0,0,0,0,-0.0718948285014734,-0.0718948285014734,            1709P   4089
-0.0718948285014734,0.0718948285014779,0.0718948285014779,          1709P   4090
0.0718948285014779,1.,0.997416679841364,1.,-0.887641268570721,      1709P   4091
1.78761145302287,2.78599533392579,-0.469709364054741,               1709P   4092
1.9105687814982,2.81043338619137,-0.0424068360904049,               1709P   4093
1.99541058153483,2.78599533392579,-0.0718948285014734,              1709P   4094
0.0718948285014779,0.,0.,0.;                                        1709P   4095
126,2,2,0,0,0,0,-3.07045536641168,-3.07045536641168,                1711P   4096
-3.07045536641168,-2.83716416723514,-2.83716416723514,              1711P   4097
-2.83716416723514,1.,0.993204612241021,1.,0.338253636080156,        1711P   4098
0.558789933194159,3.06709658875135,0.151960924483147,               1711P   4099
1.29512885799421,3.01321698656164,-0.0424068360904053,              1711P   4100
1.99541058153483,2.78599533392578,-3.07045536641168,                1711P   4101
-2.83716416723514,0.,0.,0.;                                         1711P   4102
126,2,2,0,0,0,0,2.83716416723514,2.83716416723514,                  1713P   4103
2.83716416723514,3.07045536641168,3.07045536641168,                 1713P   4104
3.07045536641168,1.,0.993204612241001,1.,1.78761145302287,          1713P   4105
0.887641268570728,2.78599533392579,1.07703393588483,                1713P   4106
0.735152217116683,3.01321698656164,0.338253636080155,               1713P   4107
0.558789933194158,3.06709658875135,2.83716416723514,                1713P   4108
3.07045536641168,0.,0.,0.;                                          1713P   4109
126,2,2,0,0,0,0,-0.0718948285014757,-0.0718948285014757,            1715P   4110
-0.0718948285014757,0.,0.,0.,1.,0.999353961277335,1.,               1715P   4111
1.78761145302287,0.887641268570728,2.78599533392578,                1715P   4112
1.84901060502142,0.678945578377922,2.7981985568179,                 1715P   4113
1.90102757539349,0.467363678364087,2.7981985568179,                 1715P   4114
-0.0718948285014757,0.,0.,0.,0.;                                    1715P   4115
126,2,2,0,0,0,0,2.71881074346052,2.71881074346052,                  1717P   4116
2.71881074346052,2.83566843515725,2.83566843515725,                 1717P   4117
2.83566843515725,1.,0.998293520552779,1.,2.58982561669309,          1717P   4118
0.63670324523761,2.52768186162383,2.25310980597767,                 1717P   4119
0.553922362994632,2.68368586286602,1.90102757539349,                1717P   4120
0.467363678364087,2.7981985568179,2.71881074346052,                 1717P   4121
2.83566843515725,0.,0.,0.;                                          1717P   4122
126,2,2,0,0,0,0,-1.99357823692417,-1.99357823692417,                1719P   4123
-1.99357823692417,-1.87672054522744,-1.87672054522744,              1719P   4124
-1.87672054522744,1.,0.998293520552729,1.,-2.58982561669309,        1719P   4125
-0.63670324523761,2.52768186162383,-2.25310980597768,               1719P   4126
-0.553922362994635,2.68368586286602,-1.90102757539349,              1719P   4127
-0.467363678364087,2.7981985568179,-1.99357823692417,               1719P   4128
-1.87672054522744,0.,0.,0.;                                         1719P   4129
126,2,2,0,0,0,0,-1.5707963267949,-1.5707963267949,                  1721P   4130
-1.5707963267949,0.,0.,0.,1.,0.707106781186547,1.,                  1721P   4131
-2.58982561669309,-0.636703245237611,2.52768186162383,              1721P   4132
-1.95312237145548,-3.2265288619307,2.52768186162383,                1721P   4133
0.636703245237611,-2.58982561669309,2.52768186162383,               1721P   4134
-1.5707963267949,0.,0.,0.,0.;                                       1721P   4135
126,2,2,0,0,0,0,0.,0.,0.,1.5707963267949,1.5707963267949,           1723P   4136
1.5707963267949,1.,0.707106781186548,1.,0.636703245237611,          1723P   4137
-2.58982561669309,2.52768186162383,3.2265288619307,                 1723P   4138
-1.95312237145548,2.52768186162383,2.58982561669309,                1723P   4139
0.636703245237611,2.52768186162383,0.,1.5707963267949,0.,0.,0.;     1723P   4140
126,2,2,0,0,0,0,2.71881074346052,2.71881074346052,                  1725P   4141
2.71881074346052,2.83566843515725,2.83566843515725,                 1725P   4142
2.83566843515725,1.,0.998293520552779,1.,2.58982561669309,          1725P   4143
0.63670324523761,2.52768186162383,2.25310980597767,                 1725P   4144
0.553922362994632,2.68368586286602,1.90102757539349,                1725P   4145
0.467363678364087,2.7981985568179,2.71881074346052,                 1725P   4146
2.83566843515725,0.,0.,0.;                                          1725P   4147
126,2,2,0,0,0,0,0.,0.,0.,0.0718948285014757,0.0718948285014757,     1727P   4148
0.0718948285014757,1.,0.999353961277335,1.,1.90102757539349,        1727P   4149
0.467363678364087,2.7981985568179,1.95304454576556,                 1727P   4150
0.255781778350252,2.7981985568179,1.99541058153483,                 1727P   4151
0.0424068360904114,2.78599533392578,0.,0.0718948285014757,0.,0.,    1727P   4152
0.;                                                                 1727P   4153
126,2,2,0,0,0,0,0.0711372871781133,0.0711372871781133,              1729P   4154
0.0711372871781133,0.304428486354655,0.304428486354655,             1729P   4155
0.304428486354655,1.,0.993204612240994,1.,0.558789933194157,        1729P   4156
-0.338253636080155,3.06709658875135,1.2951288579942,                1729P   4157
-0.151960924483143,3.01321698656164,1.99541058153483,               1729P   4158
0.0424068360904115,2.78599533392579,0.0711372871781133,             1729P   4159
0.304428486354655,0.,0.,0.;                                         1729P   4160
126,2,2,0,0,0,0,2.83716416723514,2.83716416723514,                  1731P   4161
2.83716416723514,3.07045536641168,3.07045536641168,                 1731P   4162
3.07045536641168,1.,0.993204612240982,1.,0.887641268570721,         1731P   4163
-1.78761145302287,2.78599533392579,0.73515221711668,                1731P   4164
-1.07703393588483,3.01321698656164,0.558789933194156,               1731P   4165
-0.338253636080155,3.06709658875135,2.83716416723514,               1731P   4166
3.07045536641168,0.,0.,0.;                                          1731P   4167
126,2,2,0,0,0,0,3.06969782508832,3.06969782508832,                  1733P   4168
3.06969782508832,3.21348748209127,3.21348748209127,                 1733P   4169
3.21348748209127,1.,0.997416679841378,1.,0.88764126857072,          1733P   4170
-1.78761145302287,2.78599533392579,0.469709364054741,               1733P   4171
-1.9105687814982,2.81043338619137,0.0424068360904049,               1733P   4172
-1.99541058153483,2.78599533392579,3.06969782508832,                1733P   4173
3.21348748209127,0.,0.,0.;                                          1733P   4174
126,2,2,0,0,0,0,0.0711372871781135,0.0711372871781135,              1735P   4175
0.0711372871781135,0.304428486354655,0.304428486354655,             1735P   4176
0.304428486354655,1.,0.993204612241019,1.,-0.338253636080156,       1735P   4177
-0.558789933194158,3.06709658875135,-0.151960924483149,             1735P   4178
-1.2951288579942,3.01321698656164,0.0424068360904046,               1735P   4179
-1.99541058153483,2.78599533392579,0.0711372871781135,              1735P   4180
0.304428486354655,0.,0.,0.;                                         1735P   4181
126,2,2,0,0,0,0,-0.304428486354655,-0.304428486354655,              1737P   4182
-0.304428486354655,-0.0711372871781139,-0.0711372871781139,         1737P   4183
-0.0711372871781139,1.,0.993204612240984,1.,-1.78761145302287,      1737P   4184
-0.887641268570727,2.78599533392579,-1.07703393588484,              1737P   4185
-0.735152217116684,3.01321698656164,-0.338253636080156,             1737P   4186
-0.558789933194158,3.06709658875135,-0.304428486354655,             1737P   4187
-0.0711372871781139,0.,0.,0.;                                       1737P   4188
126,2,2,0,0,0,0,3.06969782508832,3.06969782508832,                  1739P   4189
3.06969782508832,3.14159265358979,3.14159265358979,                 1739P   4190
3.14159265358979,1.,0.999353961277111,1.,-1.78761145302287,         1739P   4191
-0.887641268570727,2.78599533392579,-1.84901060502142,              1739P   4192
-0.678945578377935,2.7981985568179,-1.90102757539349,               1739P   4193
-0.467363678364088,2.7981985568179,3.06969782508832,                1739P   4194
3.14159265358979,0.,0.,0.;                                          1739P   4195
126,2,2,0,0,0,0,2.83716416723514,2.83716416723514,                  1741P   4196
2.83716416723514,3.07045536641168,3.07045536641168,                 1741P   4197
3.07045536641168,1.,0.993204612241001,1.,1.78761145302287,          1741P   4198
0.887641268570728,2.78599533392579,1.07703393588483,                1741P   4199
0.735152217116683,3.01321698656164,0.338253636080155,               1741P   4200
0.558789933194158,3.06709658875135,2.83716416723514,                1741P   4201
3.07045536641168,0.,0.,0.;                                          1741P   4202
126,1,1,0,0,1,0,-0.00275016331447941,-0.00275016331447941,          1743P   4203
-0.000311396407817102,-0.000311396407817102,1.,1.,                  1743P   4204
0.338253636080156,0.558789933194158,3.06709658875135,               1743P   4205
0.170270179209447,0.281283782099116,0.649999999999998,              1743P   4206
-0.00275016331447941,-0.000311396407817102,0.,0.,0.;                1743P   4207
126,1,1,0,0,1,0,0.000403824278611279,0.000403824278611279,          1745P   4208
0.00315081140343245,0.00315081140343245,1.,1.,1.78761145302287,     1745P   4209
0.887641268570727,2.78599533392578,0.170270179209446,               1745P   4210
0.281283782099116,0.649999999999999,0.000403824278611279,           1745P   4211
0.00315081140343245,0.,0.,0.;                                       1745P   4212
126,1,1,0,0,1,0,0.000403824278611278,0.000403824278611278,          1747P   4213
0.00315081140343245,0.00315081140343245,1.,1.,-1.99541058153483,    1747P   4214
-0.0424068360904119,2.78599533392579,-0.281283782099117,            1747P   4215
0.170270179209446,0.649999999999998,0.000403824278611278,           1747P   4216
0.00315081140343245,0.,0.,0.;                                       1747P   4217
126,1,1,0,0,1,0,0.000311396407817102,0.000311396407817102,          1749P   4218
0.00275016331447941,0.00275016331447941,1.,1.,                      1749P   4219
-0.281283782099116,0.170270179209446,0.649999999999999,             1749P   4220
-0.558789933194156,0.338253636080155,3.06709658875135,              1749P   4221
0.000311396407817102,0.00275016331447941,0.,0.,0.;                  1749P   4222
126,2,2,0,0,0,0,-3.07045536641168,-3.07045536641168,                1751P   4223
-3.07045536641168,-2.83716416723514,-2.83716416723514,              1751P   4224
-2.83716416723514,1.,0.993204612241007,1.,-0.558789933194155,       1751P   4225
0.338253636080156,3.06709658875135,-1.29512885799421,               1751P   4226
0.151960924483142,3.01321698656164,-1.99541058153483,               1751P   4227
-0.0424068360904116,2.78599533392579,-3.07045536641168,             1751P   4228
-2.83716416723514,0.,0.,0.;                                         1751P   4229
126,1,1,0,0,1,0,0.000403824278611279,0.000403824278611279,          1753P   4230
0.00315081140343245,0.00315081140343245,1.,1.,1.99541058153483,     1753P   4231
0.0424068360904116,2.78599533392578,0.281283782099116,              1753P   4232
-0.170270179209447,0.649999999999998,0.000403824278611279,          1753P   4233
0.00315081140343245,0.,0.,0.;                                       1753P   4234
126,1,1,0,0,1,0,0.000311396407817102,0.000311396407817102,          1755P   4235
0.00275016331447941,0.00275016331447941,1.,1.,0.281283782099115,    1755P   4236
-0.170270179209447,0.649999999999999,0.558789933194156,             1755P   4237
-0.338253636080155,3.06709658875135,0.000311396407817102,           1755P   4238
0.00275016331447941,0.,0.,0.;                                       1755P   4239
126,2,2,0,0,0,0,0.0711372871781133,0.0711372871781133,              1757P   4240
0.0711372871781133,0.304428486354655,0.304428486354655,             1757P   4241
0.304428486354655,1.,0.993204612240994,1.,0.558789933194157,        1757P   4242
-0.338253636080155,3.06709658875135,1.2951288579942,                1757P   4243
-0.151960924483143,3.01321698656164,1.99541058153483,               1757P   4244
0.0424068360904115,2.78599533392579,0.0711372871781133,             1757P   4245
0.304428486354655,0.,0.,0.;                                         1757P   4246
126,2,2,0,0,0,0,-0.304428486354655,-0.304428486354655,              1759P   4247
-0.304428486354655,-0.0711372871781139,-0.0711372871781139,         1759P   4248
-0.0711372871781139,1.,0.993204612240984,1.,-1.78761145302287,      1759P   4249
-0.887641268570727,2.78599533392579,-1.07703393588484,              1759P   4250
-0.735152217116684,3.01321698656164,-0.338253636080156,             1759P   4251
-0.558789933194158,3.06709658875135,-0.304428486354655,             1759P   4252
-0.0711372871781139,0.,0.,0.;                                       1759P   4253
126,1,1,0,0,1,0,-0.00275016331447941,-0.00275016331447941,          1761P   4254
-0.000311396407817102,-0.000311396407817102,1.,1.,                  1761P   4255
-0.338253636080156,-0.558789933194158,3.06709658875135,             1761P   4256
-0.170270179209448,-0.281283782099117,0.649999999999998,            1761P   4257
-0.00275016331447941,-0.000311396407817102,0.,0.,0.;                1761P   4258
126,1,1,0,0,1,0,0.000403824278611278,0.000403824278611278,          1763P   4259
0.00315081140343245,0.00315081140343245,1.,1.,-1.78761145302287,    1763P   4260
-0.887641268570727,2.78599533392579,-0.170270179209448,             1763P   4261
-0.281283782099117,0.649999999999999,0.000403824278611278,          1763P   4262
0.00315081140343245,0.,0.,0.;                                       1763P   4263
126,1,1,0,0,1,0,-0.0365,-0.0365,-0.0285,-0.0285,1.,1.,              1765P   4264
-0.477477861891055,1.9421675755207,-8.,-0.477477861891053,          1765P   4265
1.9421675755207,-3.5527136788005D-15,-0.0365,-0.0285,0.,0.,0.;      1765P   4266
126,4,2,0,0,0,0,-3.14159265358979,-3.14159265358979,                1767P   4267
-3.14159265358979,-1.5707963267949,-1.5707963267949,0.,0.,0.,1.,    1767P   4268
0.707106781186548,1.,0.707106781186548,1.,-0.477477861891056,       1767P   4269
1.9421675755207,-8.,-2.41964543741175,1.46468971362965,-8.,         1767P   4270
-1.9421675755207,-0.477477861891053,-8.,-1.46468971362965,          1767P   4271
-2.41964543741175,-8.,0.477477861891048,-1.9421675755207,-8.,       1767P   4272
-3.14159265358979,0.,0.,0.,0.;                                      1767P   4273
126,1,1,0,0,1,0,-0.0365,-0.0365,-0.0285,-0.0285,1.,1.,              1769P   4274
0.477477861891048,-1.9421675755207,-8.,0.477477861891051,           1769P   4275
-1.9421675755207,-3.5527136788005D-15,-0.0365,-0.0285,0.,0.,0.;     1769P   4276
126,4,2,0,0,0,0,-3.14159265358979,-3.14159265358979,                1771P   4277
-3.14159265358979,-1.5707963267949,-1.5707963267949,0.,0.,0.,1.,    1771P   4278
0.707106781186548,1.,0.707106781186548,1.,-0.477477861891053,       1771P   4279
1.9421675755207,-8.88178419700125D-16,-2.41964543741175,            1771P   4280
1.46468971362965,0.,-1.9421675755207,-0.477477861891052,0.,         1771P   4281
-1.46468971362965,-2.41964543741175,0.,0.477477861891051,           1771P   4282
-1.9421675755207,-8.88178419700125D-16,-3.14159265358979,0.,0.,     1771P   4283
0.,0.;                                                              1771P   4284
126,4,2,0,0,0,0,0.,0.,0.,1.5707963267949,1.5707963267949,           1773P   4285
3.14159265358979,3.14159265358979,3.14159265358979,1.,              1773P   4286
0.707106781186548,1.,0.707106781186548,1.,0.7042798462893,          1773P   4287
-2.86469717389303,-8.88178419700125D-16,3.56897702018233,           1773P   4288
-2.16041732760373,-1.77635683940025D-15,2.86469717389303,           1773P   4289
0.704279846289301,-1.77635683940025D-15,2.16041732760373,           1773P   4290
3.56897702018233,-1.77635683940025D-15,-0.704279846289302,          1773P   4291
2.86469717389303,-8.88178419700125D-16,0.,3.14159265358979,0.,      1773P   4292
0.,0.;                                                              1773P   4293
126,4,2,0,0,0,0,-3.14159265358979,-3.14159265358979,                1775P   4294
-3.14159265358979,-1.5707963267949,-1.5707963267949,0.,0.,0.,1.,    1775P   4295
0.707106781186548,1.,0.707106781186548,1.,-0.704279846289303,       1775P   4296
2.86469717389303,-8.88178419700125D-16,-3.56897702018233,           1775P   4297
2.16041732760373,0.,-2.86469717389303,-0.704279846289302,0.,        1775P   4298
-2.16041732760373,-3.56897702018233,0.,0.7042798462893,             1775P   4299
-2.86469717389303,-8.88178419700125D-16,-3.14159265358979,0.,0.,    1775P   4300
0.,0.;                                                              1775P   4301
126,4,2,0,0,0,0,0.,0.,0.,1.5707963267949,1.5707963267949,           1777P   4302
3.14159265358979,3.14159265358979,3.14159265358979,1.,              1777P   4303
0.707106781186548,1.,0.707106781186548,1.,0.477477861891051,        1777P   4304
-1.9421675755207,-8.88178419700125D-16,2.41964543741175,            1777P   4305
-1.46468971362965,-1.77635683940025D-15,1.9421675755207,            1777P   4306
0.477477861891051,-1.77635683940025D-15,1.46468971362965,           1777P   4307
2.41964543741175,-1.77635683940025D-15,-0.477477861891053,          1777P   4308
1.9421675755207,-8.88178419700125D-16,0.,3.14159265358979,0.,0.,    1777P   4309
0.;                                                                 1777P   4310
126,4,2,0,0,0,0,-3.14159265358979,-3.14159265358979,                1779P   4311
-3.14159265358979,-1.5707963267949,-1.5707963267949,0.,0.,0.,1.,    1779P   4312
0.707106781186548,1.,0.707106781186548,1.,-0.477477861891053,       1779P   4313
1.9421675755207,-8.88178419700125D-16,-2.41964543741175,            1779P   4314
1.46468971362965,0.,-1.9421675755207,-0.477477861891052,0.,         1779P   4315
-1.46468971362965,-2.41964543741175,0.,0.477477861891051,           1779P   4316
-1.9421675755207,-8.88178419700125D-16,-3.14159265358979,0.,0.,     1779P   4317
0.,0.;                                                              1779P   4318
126,1,1,0,0,1,0,-0.0285,-0.0285,-0.0264100546450807,                1781P   4319
-0.0264100546450807,1.,1.,-0.704279846289302,2.86469717389303,      1781P   4320
-3.5527136788005D-15,-0.704279846289301,2.86469717389303,           1781P   4321
2.0899453549193,-0.0285,-0.0264100546450807,0.,0.,0.;               1781P   4322
126,4,2,0,0,0,0,-3.14159265358979,-3.14159265358979,                1783P   4323
-3.14159265358979,-1.5707963267949,-1.5707963267949,0.,0.,0.,1.,    1783P   4324
0.707106781186548,1.,0.707106781186548,1.,-0.704279846289303,       1783P   4325
2.86469717389303,-8.88178419700125D-16,-3.56897702018233,           1783P   4326
2.16041732760373,0.,-2.86469717389303,-0.704279846289302,0.,        1783P   4327
-2.16041732760373,-3.56897702018233,0.,0.7042798462893,             1783P   4328
-2.86469717389303,-8.88178419700125D-16,-3.14159265358979,0.,0.,    1783P   4329
0.,0.;                                                              1783P   4330
126,1,1,0,0,1,0,-0.0285,-0.0285,-0.0264100546450807,                1785P   4331
-0.0264100546450807,1.,1.,0.7042798462893,-2.86469717389303,        1785P   4332
-3.5527136788005D-15,0.704279846289301,-2.86469717389303,           1785P   4333
2.0899453549193,-0.0285,-0.0264100546450807,0.,0.,0.;               1785P   4334
126,4,2,0,0,0,0,-3.14159265358979,-3.14159265358979,                1787P   4335
-3.14159265358979,-1.5707963267949,-1.5707963267949,0.,0.,0.,1.,    1787P   4336
0.707106781186548,1.,0.707106781186548,1.,-0.704279846289302,       1787P   4337
2.86469717389303,2.0899453549193,-3.56897702018233,                 1787P   4338
2.16041732760373,2.0899453549193,-2.86469717389303,                 1787P   4339
-0.704279846289302,2.0899453549193,-2.16041732760373,               1787P   4340
-3.56897702018233,2.0899453549193,0.704279846289301,                1787P   4341
-2.86469717389303,2.0899453549193,-3.14159265358979,0.,0.,0.,0.;    1787P   4342
126,2,2,0,0,0,0,-3.14159265358979,-3.14159265358979,                1789P   4343
-3.14159265358979,-1.99357823692417,-1.99357823692417,              1789P   4344
-1.99357823692417,1.,0.839731803411743,1.,-0.704279846289302,       1789P   4345
2.86469717389303,2.0899453549193,-0.704279846289301,                1789P   4346
2.86469717389303,2.40033095802428,-0.636703245237611,               1789P   4347
2.58982561669309,2.52768186162383,-3.14159265358979,                1789P   4348
-1.99357823692417,0.,0.,0.;                                         1789P   4349
126,4,2,0,0,0,0,-3.14159265358979,-3.14159265358979,                1791P   4350
-3.14159265358979,-1.5707963267949,-1.5707963267949,0.,0.,0.,1.,    1791P   4351
0.707106781186548,1.,0.707106781186548,1.,-0.704279846289302,       1791P   4352
2.86469717389303,2.0899453549193,-3.56897702018233,                 1791P   4353
2.16041732760373,2.0899453549193,-2.86469717389303,                 1791P   4354
-0.704279846289302,2.0899453549193,-2.16041732760373,               1791P   4355
-3.56897702018233,2.0899453549193,0.704279846289301,                1791P   4356
-2.86469717389303,2.0899453549193,-3.14159265358979,0.,0.,0.,0.;    1791P   4357
126,2,2,0,0,0,0,-3.14159265358979,-3.14159265358979,                1793P   4358
-3.14159265358979,-1.99357823692417,-1.99357823692417,              1793P   4359
-1.99357823692417,1.,0.839731803411743,1.,0.704279846289301,        1793P   4360
-2.86469717389303,2.0899453549193,0.704279846289301,                1793P   4361
-2.86469717389303,2.40033095802428,0.636703245237611,               1793P   4362
-2.58982561669309,2.52768186162383,-3.14159265358979,               1793P   4363
-1.99357823692417,0.,0.,0.;                                         1793P   4364
126,2,2,0,0,0,0,-1.5707963267949,-1.5707963267949,                  1795P   4365
-1.5707963267949,0.,0.,0.,1.,0.707106781186547,1.,                  1795P   4366
-2.58982561669309,-0.636703245237611,2.52768186162383,              1795P   4367
-1.95312237145548,-3.2265288619307,2.52768186162383,                1795P   4368
0.636703245237611,-2.58982561669309,2.52768186162383,               1795P   4369
-1.5707963267949,0.,0.,0.,0.;                                       1795P   4370
126,2,2,0,0,0,0,-3.14159265358979,-3.14159265358979,                1797P   4371
-3.14159265358979,-1.5707963267949,-1.5707963267949,                1797P   4372
-1.5707963267949,1.,0.707106781186548,1.,-0.636703245237612,        1797P   4373
2.58982561669309,2.52768186162383,-3.2265288619307,                 1797P   4374
1.95312237145548,2.52768186162383,-2.58982561669309,                1797P   4375
-0.636703245237611,2.52768186162383,-3.14159265358979,              1797P   4376
-1.5707963267949,0.,0.,0.;                                          1797P   4377
126,4,2,0,0,0,0,0.,0.,0.,1.5707963267949,1.5707963267949,           1799P   4378
3.14159265358979,3.14159265358979,3.14159265358979,1.,              1799P   4379
0.707106781186548,1.,0.707106781186548,1.,0.477477861891048,        1799P   4380
-1.9421675755207,-8.,2.41964543741175,-1.46468971362965,-8.,        1799P   4381
1.9421675755207,0.47747786189105,-8.,1.46468971362964,              1799P   4382
2.41964543741175,-8.,-0.477477861891055,1.9421675755207,-8.,0.,     1799P   4383
3.14159265358979,0.,0.,0.;                                          1799P   4384
126,4,2,0,0,0,0,-3.14159265358979,-3.14159265358979,                1801P   4385
-3.14159265358979,-1.5707963267949,-1.5707963267949,0.,0.,0.,1.,    1801P   4386
0.707106781186548,1.,0.707106781186548,1.,-0.477477861891056,       1801P   4387
1.9421675755207,-8.,-2.41964543741175,1.46468971362965,-8.,         1801P   4388
-1.9421675755207,-0.477477861891053,-8.,-1.46468971362965,          1801P   4389
-2.41964543741175,-8.,0.477477861891048,-1.9421675755207,-8.,       1801P   4390
-3.14159265358979,0.,0.,0.,0.;                                      1801P   4391
126,1,1,0,0,1,0,0.000403824278611279,0.000403824278611279,          1803P   4392
0.00315081140343245,0.00315081140343245,1.,1.,1.78761145302287,     1803P   4393
0.887641268570727,2.78599533392578,0.170270179209446,               1803P   4394
0.281283782099116,0.649999999999999,0.000403824278611279,           1803P   4395
0.00315081140343245,0.,0.,0.;                                       1803P   4396
126,1,1,0,0,1,0,0.,0.,0.000464999999999999,0.000464999999999999,    1805P   4397
1.,1.,0.281283782099115,-0.170270179209447,0.649999999999998,       1805P   4398
0.170270179209446,0.281283782099115,0.649999999999998,0.,           1805P   4399
0.000464999999999999,0.,0.,0.;                                      1805P   4400
126,1,1,0,0,1,0,0.000403824278611279,0.000403824278611279,          1807P   4401
0.00315081140343245,0.00315081140343245,1.,1.,1.99541058153483,     1807P   4402
0.0424068360904116,2.78599533392578,0.281283782099116,              1807P   4403
-0.170270179209447,0.649999999999998,0.000403824278611279,          1807P   4404
0.00315081140343245,0.,0.,0.;                                       1807P   4405
126,2,2,0,0,0,0,0.,0.,0.,0.0718948285014757,0.0718948285014757,     1809P   4406
0.0718948285014757,1.,0.999353961277335,1.,1.90102757539349,        1809P   4407
0.467363678364087,2.7981985568179,1.95304454576556,                 1809P   4408
0.255781778350252,2.7981985568179,1.99541058153483,                 1809P   4409
0.0424068360904114,2.78599533392578,0.,0.0718948285014757,0.,0.,    1809P   4410
0.;                                                                 1809P   4411
126,2,2,0,0,0,0,-0.0718948285014757,-0.0718948285014757,            1811P   4412
-0.0718948285014757,0.,0.,0.,1.,0.999353961277335,1.,               1811P   4413
1.78761145302287,0.887641268570728,2.78599533392578,                1811P   4414
1.84901060502142,0.678945578377922,2.7981985568179,                 1811P   4415
1.90102757539349,0.467363678364087,2.7981985568179,                 1811P   4416
-0.0718948285014757,0.,0.,0.,0.;                                    1811P   4417
126,1,1,0,0,1,0,0.000403824278611278,0.000403824278611278,          1813P   4418
0.00315081140343245,0.00315081140343245,1.,1.,-1.78761145302287,    1813P   4419
-0.887641268570727,2.78599533392579,-0.170270179209448,             1813P   4420
-0.281283782099117,0.649999999999999,0.000403824278611278,          1813P   4421
0.00315081140343245,0.,0.,0.;                                       1813P   4422
126,1,1,0,0,1,0,0.,0.,0.000464999999999999,0.000464999999999999,    1815P   4423
1.,1.,-0.281283782099117,0.170270179209446,0.649999999999998,       1815P   4424
-0.170270179209448,-0.281283782099116,0.649999999999998,0.,         1815P   4425
0.000464999999999999,0.,0.,0.;                                      1815P   4426
126,1,1,0,0,1,0,0.000403824278611278,0.000403824278611278,          1817P   4427
0.00315081140343245,0.00315081140343245,1.,1.,-1.99541058153483,    1817P   4428
-0.0424068360904119,2.78599533392579,-0.281283782099117,            1817P   4429
0.170270179209446,0.649999999999998,0.000403824278611278,           1817P   4430
0.00315081140343245,0.,0.,0.;                                       1817P   4431
126,2,2,0,0,0,0,-3.14159265358979,-3.14159265358979,                1819P   4432
-3.14159265358979,-3.06969782508832,-3.06969782508832,              1819P   4433
-3.06969782508832,1.,0.999353961277299,1.,-1.90102757539349,        1819P   4434
-0.467363678364087,2.7981985568179,-1.95304454576556,               1819P   4435
-0.255781778350252,2.7981985568179,-1.99541058153483,               1819P   4436
-0.0424068360904107,2.78599533392579,-3.14159265358979,             1819P   4437
-3.06969782508832,0.,0.,0.;                                         1819P   4438
126,2,2,0,0,0,0,3.06969782508832,3.06969782508832,                  1821P   4439
3.06969782508832,3.14159265358979,3.14159265358979,                 1821P   4440
3.14159265358979,1.,0.999353961277111,1.,-1.78761145302287,         1821P   4441
-0.887641268570727,2.78599533392579,-1.84901060502142,              1821P   4442
-0.678945578377935,2.7981985568179,-1.90102757539349,               1821P   4443
-0.467363678364088,2.7981985568179,3.06969782508832,                1821P   4444
3.14159265358979,0.,0.,0.;                                          1821P   4445
126,1,1,0,0,1,0,0.,0.,0.000465000000000001,0.000465000000000001,    1823P   4446
1.,1.,-0.281283782099117,0.170270179209446,0.649999999999998,       1823P   4447
0.170270179209447,0.281283782099116,0.649999999999998,0.,           1823P   4448
0.000465000000000001,0.,0.,0.;                                      1823P   4449
126,1,1,0,0,1,0,0.,0.,0.000464999999999999,0.000464999999999999,    1825P   4450
1.,1.,-0.281283782099117,0.170270179209446,0.649999999999998,       1825P   4451
-0.170270179209448,-0.281283782099116,0.649999999999998,0.,         1825P   4452
0.000464999999999999,0.,0.,0.;                                      1825P   4453
126,1,1,0,0,1,0,-2.42861286636753D-19,-2.42861286636753D-19,        1827P   4454
0.000465000000000001,0.000465000000000001,1.,1.,                    1827P   4455
0.281283782099116,-0.170270179209447,0.649999999999998,             1827P   4456
-0.170270179209448,-0.281283782099117,0.649999999999998,            1827P   4457
-2.42861286636753D-19,0.000465000000000001,0.,0.,0.;                1827P   4458
126,1,1,0,0,1,0,0.,0.,0.000464999999999999,0.000464999999999999,    1829P   4459
1.,1.,0.281283782099115,-0.170270179209447,0.649999999999998,       1829P   4460
0.170270179209446,0.281283782099115,0.649999999999998,0.,           1829P   4461
0.000464999999999999,0.,0.,0.;                                      1829P   4462
126,1,1,0,0,1,0,0.000403824278611278,0.000403824278611278,          1831P   4463
0.00315081140343246,0.00315081140343246,1.,1.,                      1831P   4464
-0.887641268570721,1.78761145302287,2.78599533392579,               1831P   4465
-0.281283782099116,0.170270179209448,0.649999999999998,             1831P   4466
0.000403824278611278,0.00315081140343246,0.,0.,0.;                  1831P   4467
126,1,1,0,0,1,0,0.,0.,0.000465000000000001,0.000465000000000001,    1833P   4468
1.,1.,-0.281283782099117,0.170270179209446,0.649999999999998,       1833P   4469
0.170270179209447,0.281283782099116,0.649999999999998,0.,           1833P   4470
0.000465000000000001,0.,0.,0.;                                      1833P   4471
126,1,1,0,0,1,0,0.000403824278611278,0.000403824278611278,          1835P   4472
0.00315081140343245,0.00315081140343245,1.,1.,                      1835P   4473
-0.042406836090405,1.99541058153483,2.78599533392579,               1835P   4474
0.170270179209447,0.281283782099115,0.649999999999998,              1835P   4475
0.000403824278611278,0.00315081140343245,0.,0.,0.;                  1835P   4476
126,2,2,0,0,0,0,-0.0718948285014734,-0.0718948285014734,            1837P   4477
-0.0718948285014734,0.0718948285014779,0.0718948285014779,          1837P   4478
0.0718948285014779,1.,0.997416679841364,1.,-0.887641268570721,      1837P   4479
1.78761145302287,2.78599533392579,-0.469709364054741,               1837P   4480
1.9105687814982,2.81043338619137,-0.0424068360904049,               1837P   4481
1.99541058153483,2.78599533392579,-0.0718948285014734,              1837P   4482
0.0718948285014779,0.,0.,0.;                                        1837P   4483
126,2,2,0,0,0,0,-0.304428486354655,-0.304428486354655,              1839P   4484
-0.304428486354655,-0.0711372871781137,-0.0711372871781137,         1839P   4485
-0.0711372871781137,1.,0.993204612240957,1.,-0.887641268570721,     1839P   4486
1.78761145302287,2.78599533392579,-0.735152217116679,               1839P   4487
1.07703393588483,3.01321698656164,-0.558789933194156,               1839P   4488
0.338253636080155,3.06709658875135,-0.304428486354655,              1839P   4489
-0.0711372871781137,0.,0.,0.;                                       1839P   4490
126,1,1,0,0,1,0,0.000311396407817102,0.000311396407817102,          1841P   4491
0.00275016331447941,0.00275016331447941,1.,1.,                      1841P   4492
-0.281283782099116,0.170270179209446,0.649999999999999,             1841P   4493
-0.558789933194156,0.338253636080155,3.06709658875135,              1841P   4494
0.000311396407817102,0.00275016331447941,0.,0.,0.;                  1841P   4495
126,1,1,0,0,1,0,0.000403824278611278,0.000403824278611278,          1843P   4496
0.00315081140343246,0.00315081140343246,1.,1.,                      1843P   4497
-0.887641268570721,1.78761145302287,2.78599533392579,               1843P   4498
-0.281283782099116,0.170270179209448,0.649999999999998,             1843P   4499
0.000403824278611278,0.00315081140343246,0.,0.,0.;                  1843P   4500
126,2,2,0,0,0,0,-3.07045536641168,-3.07045536641168,                1845P   4501
-3.07045536641168,-2.83716416723514,-2.83716416723514,              1845P   4502
-2.83716416723514,1.,0.993204612241021,1.,0.338253636080156,        1845P   4503
0.558789933194159,3.06709658875135,0.151960924483147,               1845P   4504
1.29512885799421,3.01321698656164,-0.0424068360904053,              1845P   4505
1.99541058153483,2.78599533392578,-3.07045536641168,                1845P   4506
-2.83716416723514,0.,0.,0.;                                         1845P   4507
126,1,1,0,0,1,0,0.000403824278611278,0.000403824278611278,          1847P   4508
0.00315081140343245,0.00315081140343245,1.,1.,                      1847P   4509
-0.042406836090405,1.99541058153483,2.78599533392579,               1847P   4510
0.170270179209447,0.281283782099115,0.649999999999998,              1847P   4511
0.000403824278611278,0.00315081140343245,0.,0.,0.;                  1847P   4512
126,1,1,0,0,1,0,-0.00275016331447941,-0.00275016331447941,          1849P   4513
-0.000311396407817102,-0.000311396407817102,1.,1.,                  1849P   4514
0.338253636080156,0.558789933194158,3.06709658875135,               1849P   4515
0.170270179209447,0.281283782099116,0.649999999999998,              1849P   4516
-0.00275016331447941,-0.000311396407817102,0.,0.,0.;                1849P   4517
126,1,1,0,0,1,0,0.000403824278611279,0.000403824278611279,          1851P   4518
0.00315081140343246,0.00315081140343246,1.,1.,0.887641268570721,    1851P   4519
-1.78761145302287,2.78599533392578,0.281283782099115,               1851P   4520
-0.170270179209448,0.649999999999998,0.000403824278611279,          1851P   4521
0.00315081140343246,0.,0.,0.;                                       1851P   4522
126,1,1,0,0,1,0,-2.42861286636753D-19,-2.42861286636753D-19,        1853P   4523
0.000465000000000001,0.000465000000000001,1.,1.,                    1853P   4524
0.281283782099116,-0.170270179209447,0.649999999999998,             1853P   4525
-0.170270179209448,-0.281283782099117,0.649999999999998,            1853P   4526
-2.42861286636753D-19,0.000465000000000001,0.,0.,0.;                1853P   4527
126,1,1,0,0,1,0,0.000403824278611279,0.000403824278611279,          1855P   4528
0.00315081140343245,0.00315081140343245,1.,1.,                      1855P   4529
0.0424068360904045,-1.99541058153483,2.78599533392579,              1855P   4530
-0.170270179209448,-0.281283782099116,0.649999999999998,            1855P   4531
0.000403824278611279,0.00315081140343245,0.,0.,0.;                  1855P   4532
126,2,2,0,0,0,0,3.06969782508832,3.06969782508832,                  1857P   4533
3.06969782508832,3.21348748209127,3.21348748209127,                 1857P   4534
3.21348748209127,1.,0.997416679841378,1.,0.88764126857072,          1857P   4535
-1.78761145302287,2.78599533392579,0.469709364054741,               1857P   4536
-1.9105687814982,2.81043338619137,0.0424068360904049,               1857P   4537
-1.99541058153483,2.78599533392579,3.06969782508832,                1857P   4538
3.21348748209127,0.,0.,0.;                                          1857P   4539
126,2,2,0,0,0,0,2.83716416723514,2.83716416723514,                  1859P   4540
2.83716416723514,3.07045536641168,3.07045536641168,                 1859P   4541
3.07045536641168,1.,0.993204612240982,1.,0.887641268570721,         1859P   4542
-1.78761145302287,2.78599533392579,0.73515221711668,                1859P   4543
-1.07703393588483,3.01321698656164,0.558789933194156,               1859P   4544
-0.338253636080155,3.06709658875135,2.83716416723514,               1859P   4545
3.07045536641168,0.,0.,0.;                                          1859P   4546
126,1,1,0,0,1,0,0.000311396407817102,0.000311396407817102,          1861P   4547
0.00275016331447941,0.00275016331447941,1.,1.,0.281283782099115,    1861P   4548
-0.170270179209447,0.649999999999999,0.558789933194156,             1861P   4549
-0.338253636080155,3.06709658875135,0.000311396407817102,           1861P   4550
0.00275016331447941,0.,0.,0.;                                       1861P   4551
126,1,1,0,0,1,0,0.000403824278611279,0.000403824278611279,          1863P   4552
0.00315081140343246,0.00315081140343246,1.,1.,0.887641268570721,    1863P   4553
-1.78761145302287,2.78599533392578,0.281283782099115,               1863P   4554
-0.170270179209448,0.649999999999998,0.000403824278611279,          1863P   4555
0.00315081140343246,0.,0.,0.;                                       1863P   4556
126,2,2,0,0,0,0,0.0711372871781135,0.0711372871781135,              1865P   4557
0.0711372871781135,0.304428486354655,0.304428486354655,             1865P   4558
0.304428486354655,1.,0.993204612241019,1.,-0.338253636080156,       1865P   4559
-0.558789933194158,3.06709658875135,-0.151960924483149,             1865P   4560
-1.2951288579942,3.01321698656164,0.0424068360904046,               1865P   4561
-1.99541058153483,2.78599533392579,0.0711372871781135,              1865P   4562
0.304428486354655,0.,0.,0.;                                         1865P   4563
126,1,1,0,0,1,0,0.000403824278611279,0.000403824278611279,          1867P   4564
0.00315081140343245,0.00315081140343245,1.,1.,                      1867P   4565
0.0424068360904045,-1.99541058153483,2.78599533392579,              1867P   4566
-0.170270179209448,-0.281283782099116,0.649999999999998,            1867P   4567
0.000403824278611279,0.00315081140343245,0.,0.,0.;                  1867P   4568
126,1,1,0,0,1,0,-0.00275016331447941,-0.00275016331447941,          1869P   4569
-0.000311396407817102,-0.000311396407817102,1.,1.,                  1869P   4570
-0.338253636080156,-0.558789933194158,3.06709658875135,             1869P   4571
-0.170270179209448,-0.281283782099117,0.649999999999998,            1869P   4572
-0.00275016331447941,-0.000311396407817102,0.,0.,0.;                1869P   4573
120,1957,1959,0.,6.28318530717959;                                  1871P   4574
120,1961,1963,0.,6.28318530717959;                                  1873P   4575
120,1965,1967,0.,6.28318530717959;                                  1875P   4576
120,1969,1971,0.,6.28318530717959;                                  1877P   4577
120,1973,1975,0.,6.28318530717959;                                  1879P   4578
120,1977,1979,0.,6.28318530717959;                                  1881P   4579
120,1981,1983,0.,6.28318530717959;                                  1883P   4580
120,1985,1987,0.,6.28318530717959;                                  1885P   4581
120,1989,1991,0.,6.28318530717959;                                  1887P   4582
120,1993,1995,0.,6.28318530717959;                                  1889P   4583
120,1997,1999,0.,6.28318530717959;                                  1891P   4584
120,2001,2003,0.,6.28318530717959;                                  1893P   4585
120,2005,2007,0.,6.28318530717959;                                  1895P   4586
120,2009,2011,0.,6.28318530717959;                                  1897P   4587
120,2013,1,0.,6.28318530717959;                                     1899P   4588
120,2015,2017,0.,6.28318530717959;                                  1901P   4589
120,2019,2021,0.,6.28318530717959;                                  1903P   4590
120,2023,3,0.,6.28318530717959;                                     1905P   4591
120,2025,5,0.,6.28318530717959;                                     1907P   4592
120,2027,2029,0.,6.28318530717959;                                  1909P   4593
120,2031,2033,0.,6.28318530717959;                                  1911P   4594
120,2035,7,0.,6.28318530717959;                                     1913P   4595
106,1,5,0.,0.,0.,6.,0.,6.,52.5,0.,52.5,0.,0.,0,1,2039;              1915P   4596
124,1.,0.,0.,-3.00000000000006,0.,-1.,0.,62.2,0.,0.,-1.,            1917P   4597
9.99999999986129;                                                   1917P   4598
124,-2.22044604925031D-16,1.,0.,0.,-1.,-2.22044604925031D-16,0.,    1919P   4599
6.,0.,0.,1.,0.50000000000001;                                       1919P   4600
124,2.22044604925031D-16,-1.,0.,-2.8421709430404D-14,1.,            1921P   4601
2.22044604925031D-16,0.,65.9,0.,0.,1.,0.499999999999974;            1921P   4602
124,-2.01428085524666D-16,0.97108378776035,0.238738930945526,       1923P   4603
-5.6843418860808D-14,-1.10753016140699D-16,0.238738930945526,       1923P   4604
-0.97108378776035,52.2,-1.,-2.22044604925031D-16,                   1923P   4605
5.946173261923D-17,19.2;                                            1923P   4606
124,-2.01428085524666D-16,0.97108378776035,0.238738930945526,       1925P   4607
-5.86197757002083D-14,-1.10753016140699D-16,0.238738930945526,      1925P   4608
-0.97108378776035,45.7000000000001,-1.,-2.22044604925031D-16,       1925P   4609
5.946173261923D-17,19.2;                                            1925P   4610
124,-2.01428085524666D-16,0.97108378776035,0.238738930945526,       1927P   4611
-8.70414851306123D-14,-1.10753016140699D-16,0.238738930945526,      1927P   4612
-0.97108378776035,39.2000000000001,-1.,-2.22044604925031D-16,       1927P   4613
5.946173261923D-17,19.2;                                            1927P   4614
124,-2.01428085524666D-16,0.97108378776035,0.238738930945526,       1929P   4615
-3.10862446895044D-14,-1.10753016140699D-16,0.238738930945526,      1929P   4616
-0.97108378776035,32.7,-1.,-2.22044604925031D-16,                   1929P   4617
5.946173261923D-17,19.2;                                            1929P   4618
124,-2.01428085524666D-16,0.97108378776035,0.238738930945526,       1931P   4619
-3.10862446895044D-14,-1.10753016140699D-16,0.238738930945526,      1931P   4620
-0.97108378776035,26.2,-1.,-2.22044604925031D-16,                   1931P   4621
5.946173261923D-17,19.2;                                            1931P   4622
124,-2.01428085524666D-16,0.97108378776035,0.238738930945526,       1933P   4623
-3.10862446895044D-14,-1.10753016140699D-16,0.238738930945526,      1933P   4624
-0.97108378776035,19.7,-1.,-2.22044604925031D-16,                   1933P   4625
5.946173261923D-17,19.2;                                            1933P   4626
124,1.,0.,0.,0.,0.,1.,0.,6.5,0.,0.,1.,0.500000000000003;            1935P   4627
124,-1.20975964424402D-16,-0.682384485892665,-0.730993442797542,    1937P   4628
8.88178419700125D-16,1.90825902763331D-16,0.730993442797542,        1937P   4629
-0.682384485892665,13.2,1.,-2.22044604925031D-16,                   1937P   4630
4.17839988218132D-17,9.50000000000001;                              1937P   4631
124,-1.82063622729613D-16,-0.682384485892665,0.730993442797542,     1939P   4632
-8.88178419700125D-14,-1.33800397654206D-16,-0.730993442797542,     1939P   4633
-0.682384485892665,58.7,1.,-2.22044604925031D-16,                   1939P   4634
4.17839988218132D-17,9.49999999999998;                              1939P   4635
124,0.238738930945526,-3.12250225675825D-16,0.97108378776035,       1941P   4636
0.589685159435449,-0.97108378776035,-1.38777878078145D-16,          1941P   4637
0.238738930945526,-2.39857695576806,6.02186624361229D-17,-1.,       1941P   4638
-3.36352814129569D-16,2.0899453549193;                              1941P   4639
124,-0.398434710260475,0.238738930945526,0.885580885357537,         1943P   4640
-1.77635683940025D-15,-0.0979543454211708,-0.97108378776035,        1943P   4641
0.217718220096809,-7.7715611723761D-16,0.911951055634435,           1943P   4642
4.16333634234434D-17,0.410299003322259,-3.4;                        1943P   4643
124,-0.398434710260475,0.238738930945526,0.885580885357537,         1945P   4644
-1.77635683940025D-15,-0.0979543454211708,-0.97108378776035,        1945P   4645
0.217718220096809,-7.7715611723761D-16,0.911951055634435,           1945P   4646
4.16333634234434D-17,0.410299003322259,-3.4;                        1945P   4647
124,-0.238738930945526,-3.12250225675825D-16,-0.97108378776035,     1947P   4648
-0.58968515943545,0.97108378776035,-1.38777878078145D-16,           1947P   4649
-0.238738930945526,2.39857695576806,-6.02186624361228D-17,-1.,      1947P   4650
3.36352814129569D-16,2.0899453549193;                               1947P   4651
124,1.,0.,0.,0.,0.,1.,0.,0.,0.,0.,1.,4.9;                           1949P   4652
124,1.,-1.22464679914735D-16,0.,0.,-1.22464679914735D-16,-1.,0.,    1951P   4653
71.9,0.,0.,1.,4.9;                                                  1951P   4654
110,-3.00000000000006,9.69999999999999,9.99999999986129,            1953P   4655
2.99999999999994,9.69999999999999,9.99999999986129,0,1,2037;        1953P   4656
110,2.99999999999994,9.69999999999999,9.99999999999998,             1955P   4657
2.99999999999994,9.69999999999999,19.2,0,1,2041;                    1955P   4658
110,-3.06421554796543D-14,58.7,23.4236723431069,                    1957P   4659
-3.06421554796543D-14,58.7,22.4236723431069;                        1957P   4660
110,-1.65000000000003,58.7,19.2,-1.65000000000003,58.7,14.25;       1959P   4661
110,-3.06421554796543D-14,52.2,23.4236723431069,                    1961P   4662
-3.06421554796543D-14,52.2,22.4236723431069;                        1961P   4663
110,-1.65000000000003,52.2,19.2,-1.65000000000003,52.2,             1963P   4664
16.3236441353326;                                                   1963P   4665
110,2.39103562302446,52.2,14.25,1.39103562302446,52.2,14.25;        1965P   4666
110,2.99999999999999,52.2,16.8999999999999,-3.00000000000004,       1967P   4667
52.2,16.8999999999999;                                              1967P   4668
110,-3.06421554796543D-14,19.7,23.4236723431069,                    1969P   4669
-3.06421554796543D-14,19.7,22.4236723431069;                        1969P   4670
110,-1.65000000000003,19.7,19.2,-1.65000000000003,19.7,             1971P   4671
16.3236441353326;                                                   1971P   4672
110,2.39103562302446,19.7,14.25,1.39103562302446,19.7,14.25;        1973P   4673
110,2.99999999999999,19.7,16.8999999999999,-3.00000000000004,       1975P   4674
19.7,16.8999999999999;                                              1975P   4675
110,-3.06421554796543D-14,26.2,23.4236723431069,                    1977P   4676
-3.06421554796543D-14,26.2,22.4236723431069;                        1977P   4677
110,-1.65000000000003,26.2,19.2,-1.65000000000003,26.2,             1979P   4678
16.3236441353326;                                                   1979P   4679
110,2.39103562302446,26.2,14.25,1.39103562302446,26.2,14.25;        1981P   4680
110,2.99999999999999,26.2,16.8999999999999,-3.00000000000004,       1983P   4681
26.2,16.8999999999999;                                              1983P   4682
110,-3.06421554796543D-14,32.7,23.4236723431069,                    1985P   4683
-3.06421554796543D-14,32.7,22.4236723431069;                        1985P   4684
110,-1.65000000000003,32.7,19.2,-1.65000000000003,32.7,             1987P   4685
16.3236441353326;                                                   1987P   4686
110,2.39103562302446,32.7,14.25,1.39103562302446,32.7,14.25;        1989P   4687
110,2.99999999999999,32.7,16.8999999999999,-3.00000000000004,       1991P   4688
32.7,16.8999999999999;                                              1991P   4689
110,-3.06421554796543D-14,39.2,23.4236723431069,                    1993P   4690
-3.06421554796543D-14,39.2,22.4236723431069;                        1993P   4691
110,-1.65000000000003,39.2,19.2,-1.65000000000003,39.2,             1995P   4692
16.3236441353326;                                                   1995P   4693
110,2.39103562302446,39.2,14.25,1.39103562302446,39.2,14.25;        1997P   4694
110,2.99999999999999,39.2,16.8999999999999,-3.00000000000004,       1999P   4695
39.2,16.8999999999999;                                              1999P   4696
110,-3.06421554796543D-14,45.7,23.4236723431069,                    2001P   4697
-3.06421554796543D-14,45.7,22.4236723431069;                        2001P   4698
110,-1.65000000000003,45.7,19.2,-1.65000000000003,45.7,             2003P   4699
16.3236441353326;                                                   2003P   4700
110,2.39103562302446,45.7,14.25,1.39103562302446,45.7,14.25;        2005P   4701
110,2.99999999999999,45.7,16.8999999999999,-3.00000000000004,       2007P   4702
45.7,16.8999999999999;                                              2007P   4703
110,-2.8421709430404D-14,13.2,23.4236723431069,                     2009P   4704
-2.8421709430404D-14,13.2,22.4236723431069;                         2009P   4705
110,-1.65000000000003,13.2,19.2,-1.65000000000003,13.2,14.25;       2011P   4706
110,-3.15389790871364D-16,-1.40173240387273D-16,2.0899453549193,    2013P   4707
-3.13956519553906D-18,-1.39536230912848D-18,3.0899453549193;        2013P   4708
110,7.93115573216595D-15,3.52495810318487D-15,28.5,                 2015P   4709
8.24340595784177D-15,3.66373598126301D-15,29.5;                     2015P   4710
110,0.704279846289301,-2.86469717389303,2.0899453549193,            2017P   4711
0.7042798462893,-2.86469717389303,3.5527136788005D-15;              2017P   4712
110,7.93115573216595D-15,3.52495810318487D-15,28.5,                 2019P   4713
8.24340595784177D-15,3.66373598126301D-15,29.5;                     2019P   4714
110,0.477477861891051,-1.9421675755207,3.5527136788005D-15,         2021P   4715
0.477477861891048,-1.9421675755207,-7.99999999999999;               2021P   4716
110,-1.74421015032056D-15,-8.31887199280508D-16,-3.4,               2023P   4717
-0.238738930945528,0.971083787760349,-3.4;                          2023P   4718
110,-1.74421015032056D-15,-8.31887199280508D-16,-3.4,               2025P   4719
-0.238738930945528,0.971083787760349,-3.4;                          2025P   4720
110,7.93115573216595D-15,3.52495810318487D-15,28.5,                 2027P   4721
8.24340595784177D-15,3.66373598126301D-15,29.5;                     2027P   4722
110,-0.477477861891053,1.9421675755207,3.5527136788005D-15,         2029P   4723
-0.477477861891055,1.9421675755207,-7.99999999999999;               2029P   4724
110,7.93115573216595D-15,3.52495810318487D-15,28.5,                 2031P   4725
8.24340595784177D-15,3.66373598126301D-15,29.5;                     2031P   4726
110,-0.704279846289302,2.86469717389303,2.0899453549193,            2033P   4727
-0.704279846289303,2.86469717389303,3.5527136788005D-15;            2033P   4728
110,-3.15389790871364D-16,-1.40173240387273D-16,2.0899453549193,    2035P   4729
-3.13956519553906D-18,-1.39536230912848D-18,3.0899453549193;        2035P   4730
406,1,2H71;                                                         2037P   4731
406,1,2H72;                                                         2039P   4732
406,1,2H73;                                                         2041P   4733
406,1,2H74;                                                         2043P   4734
406,1,2H77;                                                         2045P   4735
406,1,2H78;                                                         2047P   4736
406,1,2H79;                                                         2049P   4737
406,1,2H7A;                                                         2051P   4738
406,1,2H7B;                                                         2053P   4739
406,1,2H7C;                                                         2055P   4740
406,1,2H7D;                                                         2057P   4741
406,1,2H7E;                                                         2059P   4742
406,1,2H7F;                                                         2061P   4743
406,1,2H80;                                                         2063P   4744
406,1,2H81;                                                         2065P   4745
406,1,2H82;                                                         2067P   4746
406,1,2H83;                                                         2069P   4747
406,1,2H84;                                                         2071P   4748
406,1,2H85;                                                         2073P   4749
406,1,2H86;                                                         2075P   4750
406,1,2H87;                                                         2077P   4751
406,1,2H88;                                                         2079P   4752
406,1,2H89;                                                         2081P   4753
406,1,2H8A;                                                         2083P   4754
406,1,2H8B;                                                         2085P   4755
406,1,2H8F;                                                         2087P   4756
406,1,2H8C;                                                         2089P   4757
406,1,2H92;                                                         2091P   4758
406,1,2H97;                                                         2093P   4759
406,1,2H93;                                                         2095P   4760
406,1,2H9B;                                                         2097P   4761
406,1,2H9C;                                                         2099P   4762
406,1,2H9D;                                                         2101P   4763
406,1,2H9E;                                                         2103P   4764
406,1,2H9F;                                                         2105P   4765
406,1,2HA3;                                                         2107P   4766
406,1,2HA0;                                                         2109P   4767
406,1,2HA6;                                                         2111P   4768
406,1,2HA7;                                                         2113P   4769
406,1,2HAD;                                                         2115P   4770
406,1,2HB0;                                                         2117P   4771
406,1,2HB1;                                                         2119P   4772
406,1,2HB2;                                                         2121P   4773
406,1,2HB3;                                                         2123P   4774
406,1,2HB4;                                                         2125P   4775
406,1,2HB5;                                                         2127P   4776
406,1,2HB6;                                                         2129P   4777
406,1,2HB7;                                                         2131P   4778
406,1,2HB8;                                                         2133P   4779
406,1,2HB9;                                                         2135P   4780
406,1,2HBA;                                                         2137P   4781
406,1,2HBB;                                                         2139P   4782
406,1,2HBC;                                                         2141P   4783
406,1,2HBD;                                                         2143P   4784
406,1,2HBE;                                                         2145P   4785
406,1,2HBF;                                                         2147P   4786
406,1,2HC0;                                                         2149P   4787
406,1,2HC1;                                                         2151P   4788
406,1,2HC2;                                                         2153P   4789
406,1,2HC3;                                                         2155P   4790
406,1,2HC4;                                                         2157P   4791
406,1,2HC5;                                                         2159P   4792
406,1,2HA8;                                                         2161P   4793
406,1,2HC7;                                                         2163P   4794
406,1,2H66;                                                         2165P   4795
406,2,0,2H29;                                                       2167P   4796
406,2,0,1H3;                                                        2169P   4797
406,2,0,2H15;                                                       2171P   4798
406,2,0,1H0;                                                        2173P   4799
406,2,0,11H0_DEFPOINTS;                                             2175P   4800
406,2,0,2H26;                                                       2177P   4801
314,100.,100.,100.,;                                                2179P   4802
314,28.6274509803922,66.2745098039216,32.9411764705882,;            2181P   4803
314,64.7058823529412,51.7647058823529,0.,;                          2183P   4804
314,73.3333333333333,73.3333333333333,73.3333333333333,;            2185P   4805
314,57.6470588235294,58.4313725490196,59.6078431372549,;            2187P   4806
314,0.,0.,100.,;                                                    2189P   4807
S      1G      4D   2190P   4807                                        T      1
