ISO-10303-21;
HEADER;
FILE_DESCRIPTION(('KiCad electronic assembly'),'2;1');
FILE_NAME('Modulo.Rele_v3.0.step','2025-12-11T19:09:12',('Pcbnew'),(
    'Kicad'),'Open CASCADE STEP processor 7.9','KiCad to STEP converter'
  ,'Unknown');
FILE_SCHEMA(('AUTOMOTIVE_DESIGN { 1 0 10303 214 1 1 1 1 }'));
ENDSEC;
DATA;
#1 = APPLICATION_PROTOCOL_DEFINITION('international standard',
  'automotive_design',2000,#2);
#2 = APPLICATION_CONTEXT(
  'core data for automotive mechanical design processes');
#3 = SHAPE_DEFINITION_REPRESENTATION(#4,#10);
#4 = PRODUCT_DEFINITION_SHAPE('','',#5);
#5 = PRODUCT_DEFINITION('design','',#6,#9);
#6 = PRODUCT_DEFINITION_FORMATION('','',#7);
#7 = PRODUCT('Modulo.Rele_v3.0 1','Modulo.Rele_v3.0 1','',(#8));
#8 = PRODUCT_CONTEXT('',#2,'mechanical');
#9 = PRODUCT_DEFINITION_CONTEXT('part definition',#2,'design');
#10 = SHAPE_REPRESENTATION('',(#11,#15,#19,#23,#27,#31,#35,#39,#43,#47),
  #51);
#11 = AXIS2_PLACEMENT_3D('',#12,#13,#14);
#12 = CARTESIAN_POINT('',(0.,0.,0.));
#13 = DIRECTION('',(0.,0.,1.));
#14 = DIRECTION('',(1.,0.,-0.));
#15 = AXIS2_PLACEMENT_3D('',#16,#17,#18);
#16 = CARTESIAN_POINT('',(7.5,20.,1.595));
#17 = DIRECTION('',(0.,0.,1.));
#18 = DIRECTION('',(1.,0.,0.));
#19 = AXIS2_PLACEMENT_3D('',#20,#21,#22);
#20 = CARTESIAN_POINT('',(8.,8.5,1.595));
#21 = DIRECTION('',(0.,-0.,1.));
#22 = DIRECTION('',(1.110223024625E-16,1.,0.));
#23 = AXIS2_PLACEMENT_3D('',#24,#25,#26);
#24 = CARTESIAN_POINT('',(15.,7.5,1.595));
#25 = DIRECTION('',(0.,-0.,1.));
#26 = DIRECTION('',(1.110223024625E-16,1.,0.));
#27 = AXIS2_PLACEMENT_3D('',#28,#29,#30);
#28 = CARTESIAN_POINT('',(7.5,18.5,1.595));
#29 = DIRECTION('',(0.,0.,1.));
#30 = DIRECTION('',(-1.,1.224646799147E-16,0.));
#31 = AXIS2_PLACEMENT_3D('',#32,#33,#34);
#32 = CARTESIAN_POINT('',(7.5,17.,1.595));
#33 = DIRECTION('',(0.,0.,1.));
#34 = DIRECTION('',(1.,0.,0.));
#35 = AXIS2_PLACEMENT_3D('',#36,#37,#38);
#36 = CARTESIAN_POINT('',(7.5,14.,1.595));
#37 = DIRECTION('',(-0.,0.,1.));
#38 = DIRECTION('',(1.110223024625E-16,-1.,0.));
#39 = AXIS2_PLACEMENT_3D('',#40,#41,#42);
#40 = CARTESIAN_POINT('',(36.5,8.5,1.595));
#41 = DIRECTION('',(0.,-0.,1.));
#42 = DIRECTION('',(1.110223024625E-16,1.,0.));
#43 = AXIS2_PLACEMENT_3D('',#44,#45,#46);
#44 = CARTESIAN_POINT('',(4.,16.025,1.595));
#45 = DIRECTION('',(0.,0.,1.));
#46 = DIRECTION('',(1.,0.,0.));
#47 = AXIS2_PLACEMENT_3D('',#48,#49,#50);
#48 = CARTESIAN_POINT('',(0.,0.,0.));
#49 = DIRECTION('',(0.,0.,1.));
#50 = DIRECTION('',(1.,0.,-0.));
#51 = ( GEOMETRIC_REPRESENTATION_CONTEXT(3) 
GLOBAL_UNCERTAINTY_ASSIGNED_CONTEXT((#55)) GLOBAL_UNIT_ASSIGNED_CONTEXT(
(#52,#53,#54)) REPRESENTATION_CONTEXT('Context #1',
  '3D Context with UNIT and UNCERTAINTY') );
#52 = ( LENGTH_UNIT() NAMED_UNIT(*) SI_UNIT(.MILLI.,.METRE.) );
#53 = ( NAMED_UNIT(*) PLANE_ANGLE_UNIT() SI_UNIT($,.RADIAN.) );
#54 = ( NAMED_UNIT(*) SI_UNIT($,.STERADIAN.) SOLID_ANGLE_UNIT() );
#55 = UNCERTAINTY_MEASURE_WITH_UNIT(LENGTH_MEASURE(1.E-07),#52,
  'distance_accuracy_value','confusion accuracy');
#56 = PRODUCT_RELATED_PRODUCT_CATEGORY('part',$,(#7));
#57 = SHAPE_DEFINITION_REPRESENTATION(#58,#64);
#58 = PRODUCT_DEFINITION_SHAPE('','',#59);
#59 = PRODUCT_DEFINITION('design','',#60,#63);
#60 = PRODUCT_DEFINITION_FORMATION('','',#61);
#61 = PRODUCT('','','',(#62));
#62 = PRODUCT_CONTEXT('',#2,'mechanical');
#63 = PRODUCT_DEFINITION_CONTEXT('part definition',#2,'design');
#64 = ADVANCED_BREP_SHAPE_REPRESENTATION('',(#11,#65),#1588);
#65 = MANIFOLD_SOLID_BREP('',#66);
#66 = CLOSED_SHELL('',(#67,#107,#154,#233,#257,#297,#328,#345,#378,#402,
    #469,#590,#657,#681,#712,#745,#801,#825,#849,#873,#906,#918,#981,
    #1006,#1023,#1047,#1065,#1083,#1101,#1118,#1135,#1166,#1191,#1216,
    #1240,#1257,#1288,#1312,#1329,#1357,#1382,#1406,#1431,#1478,#1495,
    #1507,#1529,#1541,#1559,#1577));
#67 = ADVANCED_FACE('',(#68),#102,.F.);
#68 = FACE_BOUND('',#69,.F.);
#69 = EDGE_LOOP('',(#70,#80,#88,#96));
#70 = ORIENTED_EDGE('',*,*,#71,.T.);
#71 = EDGE_CURVE('',#72,#74,#76,.T.);
#72 = VERTEX_POINT('',#73);
#73 = CARTESIAN_POINT('',(-0.5,-0.4,0.47));
#74 = VERTEX_POINT('',#75);
#75 = CARTESIAN_POINT('',(-0.45,-0.4,1.1));
#76 = LINE('',#77,#78);
#77 = CARTESIAN_POINT('',(-0.5,-0.4,0.47));
#78 = VECTOR('',#79,1.);
#79 = DIRECTION('',(7.911630099815E-02,0.,0.996865392576));
#80 = ORIENTED_EDGE('',*,*,#81,.T.);
#81 = EDGE_CURVE('',#74,#82,#84,.T.);
#82 = VERTEX_POINT('',#83);
#83 = CARTESIAN_POINT('',(0.45,-0.4,1.1));
#84 = LINE('',#85,#86);
#85 = CARTESIAN_POINT('',(-0.45,-0.4,1.1));
#86 = VECTOR('',#87,1.);
#87 = DIRECTION('',(1.,0.,0.));
#88 = ORIENTED_EDGE('',*,*,#89,.T.);
#89 = EDGE_CURVE('',#82,#90,#92,.T.);
#90 = VERTEX_POINT('',#91);
#91 = CARTESIAN_POINT('',(0.5,-0.4,0.47));
#92 = LINE('',#93,#94);
#93 = CARTESIAN_POINT('',(0.45,-0.4,1.1));
#94 = VECTOR('',#95,1.);
#95 = DIRECTION('',(7.911630099815E-02,0.,-0.996865392576));
#96 = ORIENTED_EDGE('',*,*,#97,.T.);
#97 = EDGE_CURVE('',#90,#72,#98,.T.);
#98 = LINE('',#99,#100);
#99 = CARTESIAN_POINT('',(0.5,-0.4,0.47));
#100 = VECTOR('',#101,1.);
#101 = DIRECTION('',(-1.,0.,0.));
#102 = PLANE('',#103);
#103 = AXIS2_PLACEMENT_3D('',#104,#105,#106);
#104 = CARTESIAN_POINT('',(-8.772411109409E-18,-0.4,0.775044128294));
#105 = DIRECTION('',(0.,1.,0.));
#106 = DIRECTION('',(0.,-0.,1.));
#107 = ADVANCED_FACE('',(#108),#149,.T.);
#108 = FACE_BOUND('',#109,.T.);
#109 = EDGE_LOOP('',(#110,#120,#128,#134,#135,#143));
#110 = ORIENTED_EDGE('',*,*,#111,.T.);
#111 = EDGE_CURVE('',#112,#114,#116,.T.);
#112 = VERTEX_POINT('',#113);
#113 = CARTESIAN_POINT('',(-0.5,0.4,0.47));
#114 = VERTEX_POINT('',#115);
#115 = CARTESIAN_POINT('',(-0.5,0.3,0.47));
#116 = LINE('',#117,#118);
#117 = CARTESIAN_POINT('',(-0.5,0.4,0.47));
#118 = VECTOR('',#119,1.);
#119 = DIRECTION('',(0.,-1.,0.));
#120 = ORIENTED_EDGE('',*,*,#121,.F.);
#121 = EDGE_CURVE('',#122,#114,#124,.T.);
#122 = VERTEX_POINT('',#123);
#123 = CARTESIAN_POINT('',(-0.5,-0.3,0.47));
#124 = LINE('',#125,#126);
#125 = CARTESIAN_POINT('',(-0.5,-0.4,0.47));
#126 = VECTOR('',#127,1.);
#127 = DIRECTION('',(0.,1.,0.));
#128 = ORIENTED_EDGE('',*,*,#129,.T.);
#129 = EDGE_CURVE('',#122,#72,#130,.T.);
#130 = LINE('',#131,#132);
#131 = CARTESIAN_POINT('',(-0.5,0.4,0.47));
#132 = VECTOR('',#133,1.);
#133 = DIRECTION('',(0.,-1.,0.));
#134 = ORIENTED_EDGE('',*,*,#71,.T.);
#135 = ORIENTED_EDGE('',*,*,#136,.F.);
#136 = EDGE_CURVE('',#137,#74,#139,.T.);
#137 = VERTEX_POINT('',#138);
#138 = CARTESIAN_POINT('',(-0.45,0.4,1.1));
#139 = LINE('',#140,#141);
#140 = CARTESIAN_POINT('',(-0.45,0.4,1.1));
#141 = VECTOR('',#142,1.);
#142 = DIRECTION('',(0.,-1.,0.));
#143 = ORIENTED_EDGE('',*,*,#144,.F.);
#144 = EDGE_CURVE('',#112,#137,#145,.T.);
#145 = LINE('',#146,#147);
#146 = CARTESIAN_POINT('',(-0.5,0.4,0.47));
#147 = VECTOR('',#148,1.);
#148 = DIRECTION('',(7.911630099815E-02,0.,0.996865392576));
#149 = PLANE('',#150);
#150 = AXIS2_PLACEMENT_3D('',#151,#152,#153);
#151 = CARTESIAN_POINT('',(-0.5,0.4,0.47));
#152 = DIRECTION('',(-0.996865392576,0.,7.911630099815E-02));
#153 = DIRECTION('',(7.911630099815E-02,0.,0.996865392576));
#154 = ADVANCED_FACE('',(#155),#228,.F.);
#155 = FACE_BOUND('',#156,.F.);
#156 = EDGE_LOOP('',(#157,#167,#175,#183,#189,#190,#198,#206,#214,#222)
  );
#157 = ORIENTED_EDGE('',*,*,#158,.F.);
#158 = EDGE_CURVE('',#159,#161,#163,.T.);
#159 = VERTEX_POINT('',#160);
#160 = CARTESIAN_POINT('',(-0.77,-0.4,3.E-02));
#161 = VERTEX_POINT('',#162);
#162 = CARTESIAN_POINT('',(-0.725,-0.4,3.E-02));
#163 = LINE('',#164,#165);
#164 = CARTESIAN_POINT('',(-0.77,-0.4,3.E-02));
#165 = VECTOR('',#166,1.);
#166 = DIRECTION('',(1.,0.,0.));
#167 = ORIENTED_EDGE('',*,*,#168,.T.);
#168 = EDGE_CURVE('',#159,#169,#171,.T.);
#169 = VERTEX_POINT('',#170);
#170 = CARTESIAN_POINT('',(-0.77,-0.4,0.47));
#171 = LINE('',#172,#173);
#172 = CARTESIAN_POINT('',(-0.77,-0.4,3.E-02));
#173 = VECTOR('',#174,1.);
#174 = DIRECTION('',(0.,0.,1.));
#175 = ORIENTED_EDGE('',*,*,#176,.T.);
#176 = EDGE_CURVE('',#169,#177,#179,.T.);
#177 = VERTEX_POINT('',#178);
#178 = CARTESIAN_POINT('',(-0.725,-0.4,0.47));
#179 = LINE('',#180,#181);
#180 = CARTESIAN_POINT('',(-0.77,-0.4,0.47));
#181 = VECTOR('',#182,1.);
#182 = DIRECTION('',(1.,0.,0.));
#183 = ORIENTED_EDGE('',*,*,#184,.T.);
#184 = EDGE_CURVE('',#177,#72,#185,.T.);
#185 = LINE('',#186,#187);
#186 = CARTESIAN_POINT('',(-0.77,-0.4,0.47));
#187 = VECTOR('',#188,1.);
#188 = DIRECTION('',(1.,0.,0.));
#189 = ORIENTED_EDGE('',*,*,#97,.F.);
#190 = ORIENTED_EDGE('',*,*,#191,.T.);
#191 = EDGE_CURVE('',#90,#192,#194,.T.);
#192 = VERTEX_POINT('',#193);
#193 = CARTESIAN_POINT('',(0.725,-0.4,0.47));
#194 = LINE('',#195,#196);
#195 = CARTESIAN_POINT('',(-0.77,-0.4,0.47));
#196 = VECTOR('',#197,1.);
#197 = DIRECTION('',(1.,0.,0.));
#198 = ORIENTED_EDGE('',*,*,#199,.T.);
#199 = EDGE_CURVE('',#192,#200,#202,.T.);
#200 = VERTEX_POINT('',#201);
#201 = CARTESIAN_POINT('',(0.77,-0.4,0.47));
#202 = LINE('',#203,#204);
#203 = CARTESIAN_POINT('',(-0.77,-0.4,0.47));
#204 = VECTOR('',#205,1.);
#205 = DIRECTION('',(1.,0.,0.));
#206 = ORIENTED_EDGE('',*,*,#207,.F.);
#207 = EDGE_CURVE('',#208,#200,#210,.T.);
#208 = VERTEX_POINT('',#209);
#209 = CARTESIAN_POINT('',(0.77,-0.4,3.E-02));
#210 = LINE('',#211,#212);
#211 = CARTESIAN_POINT('',(0.77,-0.4,3.E-02));
#212 = VECTOR('',#213,1.);
#213 = DIRECTION('',(0.,0.,1.));
#214 = ORIENTED_EDGE('',*,*,#215,.F.);
#215 = EDGE_CURVE('',#216,#208,#218,.T.);
#216 = VERTEX_POINT('',#217);
#217 = CARTESIAN_POINT('',(0.725,-0.4,3.E-02));
#218 = LINE('',#219,#220);
#219 = CARTESIAN_POINT('',(-0.77,-0.4,3.E-02));
#220 = VECTOR('',#221,1.);
#221 = DIRECTION('',(1.,0.,0.));
#222 = ORIENTED_EDGE('',*,*,#223,.F.);
#223 = EDGE_CURVE('',#161,#216,#224,.T.);
#224 = LINE('',#225,#226);
#225 = CARTESIAN_POINT('',(-0.77,-0.4,3.E-02));
#226 = VECTOR('',#227,1.);
#227 = DIRECTION('',(1.,0.,0.));
#228 = PLANE('',#229);
#229 = AXIS2_PLACEMENT_3D('',#230,#231,#232);
#230 = CARTESIAN_POINT('',(-0.77,-0.4,3.E-02));
#231 = DIRECTION('',(0.,1.,0.));
#232 = DIRECTION('',(0.,-0.,1.));
#233 = ADVANCED_FACE('',(#234),#252,.T.);
#234 = FACE_BOUND('',#235,.T.);
#235 = EDGE_LOOP('',(#236,#237,#238,#246));
#236 = ORIENTED_EDGE('',*,*,#136,.T.);
#237 = ORIENTED_EDGE('',*,*,#81,.T.);
#238 = ORIENTED_EDGE('',*,*,#239,.F.);
#239 = EDGE_CURVE('',#240,#82,#242,.T.);
#240 = VERTEX_POINT('',#241);
#241 = CARTESIAN_POINT('',(0.45,0.4,1.1));
#242 = LINE('',#243,#244);
#243 = CARTESIAN_POINT('',(0.45,0.4,1.1));
#244 = VECTOR('',#245,1.);
#245 = DIRECTION('',(0.,-1.,0.));
#246 = ORIENTED_EDGE('',*,*,#247,.F.);
#247 = EDGE_CURVE('',#137,#240,#248,.T.);
#248 = LINE('',#249,#250);
#249 = CARTESIAN_POINT('',(-0.45,0.4,1.1));
#250 = VECTOR('',#251,1.);
#251 = DIRECTION('',(1.,0.,0.));
#252 = PLANE('',#253);
#253 = AXIS2_PLACEMENT_3D('',#254,#255,#256);
#254 = CARTESIAN_POINT('',(-0.45,0.4,1.1));
#255 = DIRECTION('',(0.,0.,1.));
#256 = DIRECTION('',(1.,0.,-0.));
#257 = ADVANCED_FACE('',(#258),#292,.T.);
#258 = FACE_BOUND('',#259,.T.);
#259 = EDGE_LOOP('',(#260,#261,#262,#270,#278,#286));
#260 = ORIENTED_EDGE('',*,*,#239,.T.);
#261 = ORIENTED_EDGE('',*,*,#89,.T.);
#262 = ORIENTED_EDGE('',*,*,#263,.F.);
#263 = EDGE_CURVE('',#264,#90,#266,.T.);
#264 = VERTEX_POINT('',#265);
#265 = CARTESIAN_POINT('',(0.5,-0.3,0.47));
#266 = LINE('',#267,#268);
#267 = CARTESIAN_POINT('',(0.5,0.4,0.47));
#268 = VECTOR('',#269,1.);
#269 = DIRECTION('',(0.,-1.,0.));
#270 = ORIENTED_EDGE('',*,*,#271,.T.);
#271 = EDGE_CURVE('',#264,#272,#274,.T.);
#272 = VERTEX_POINT('',#273);
#273 = CARTESIAN_POINT('',(0.5,0.3,0.47));
#274 = LINE('',#275,#276);
#275 = CARTESIAN_POINT('',(0.5,-0.4,0.47));
#276 = VECTOR('',#277,1.);
#277 = DIRECTION('',(0.,1.,0.));
#278 = ORIENTED_EDGE('',*,*,#279,.F.);
#279 = EDGE_CURVE('',#280,#272,#282,.T.);
#280 = VERTEX_POINT('',#281);
#281 = CARTESIAN_POINT('',(0.5,0.4,0.47));
#282 = LINE('',#283,#284);
#283 = CARTESIAN_POINT('',(0.5,0.4,0.47));
#284 = VECTOR('',#285,1.);
#285 = DIRECTION('',(0.,-1.,0.));
#286 = ORIENTED_EDGE('',*,*,#287,.F.);
#287 = EDGE_CURVE('',#240,#280,#288,.T.);
#288 = LINE('',#289,#290);
#289 = CARTESIAN_POINT('',(0.45,0.4,1.1));
#290 = VECTOR('',#291,1.);
#291 = DIRECTION('',(7.911630099815E-02,0.,-0.996865392576));
#292 = PLANE('',#293);
#293 = AXIS2_PLACEMENT_3D('',#294,#295,#296);
#294 = CARTESIAN_POINT('',(0.45,0.4,1.1));
#295 = DIRECTION('',(0.996865392576,0.,7.911630099815E-02));
#296 = DIRECTION('',(7.911630099815E-02,0.,-0.996865392576));
#297 = ADVANCED_FACE('',(#298),#323,.T.);
#298 = FACE_BOUND('',#299,.T.);
#299 = EDGE_LOOP('',(#300,#308,#316,#322));
#300 = ORIENTED_EDGE('',*,*,#301,.F.);
#301 = EDGE_CURVE('',#302,#112,#304,.T.);
#302 = VERTEX_POINT('',#303);
#303 = CARTESIAN_POINT('',(-0.725,0.4,0.47));
#304 = LINE('',#305,#306);
#305 = CARTESIAN_POINT('',(-0.77,0.4,0.47));
#306 = VECTOR('',#307,1.);
#307 = DIRECTION('',(1.,0.,0.));
#308 = ORIENTED_EDGE('',*,*,#309,.F.);
#309 = EDGE_CURVE('',#310,#302,#312,.T.);
#310 = VERTEX_POINT('',#311);
#311 = CARTESIAN_POINT('',(-0.725,0.3,0.47));
#312 = LINE('',#313,#314);
#313 = CARTESIAN_POINT('',(-0.725,5.E-02,0.47));
#314 = VECTOR('',#315,1.);
#315 = DIRECTION('',(0.,1.,0.));
#316 = ORIENTED_EDGE('',*,*,#317,.F.);
#317 = EDGE_CURVE('',#114,#310,#318,.T.);
#318 = LINE('',#319,#320);
#319 = CARTESIAN_POINT('',(-0.7475,0.3,0.47));
#320 = VECTOR('',#321,1.);
#321 = DIRECTION('',(-1.,0.,0.));
#322 = ORIENTED_EDGE('',*,*,#111,.F.);
#323 = PLANE('',#324);
#324 = AXIS2_PLACEMENT_3D('',#325,#326,#327);
#325 = CARTESIAN_POINT('',(-0.77,-0.4,0.47));
#326 = DIRECTION('',(0.,0.,1.));
#327 = DIRECTION('',(1.,0.,-0.));
#328 = ADVANCED_FACE('',(#329),#340,.T.);
#329 = FACE_BOUND('',#330,.T.);
#330 = EDGE_LOOP('',(#331,#332,#333,#334));
#331 = ORIENTED_EDGE('',*,*,#144,.T.);
#332 = ORIENTED_EDGE('',*,*,#247,.T.);
#333 = ORIENTED_EDGE('',*,*,#287,.T.);
#334 = ORIENTED_EDGE('',*,*,#335,.T.);
#335 = EDGE_CURVE('',#280,#112,#336,.T.);
#336 = LINE('',#337,#338);
#337 = CARTESIAN_POINT('',(0.5,0.4,0.47));
#338 = VECTOR('',#339,1.);
#339 = DIRECTION('',(-1.,0.,0.));
#340 = PLANE('',#341);
#341 = AXIS2_PLACEMENT_3D('',#342,#343,#344);
#342 = CARTESIAN_POINT('',(-8.772411109409E-18,0.4,0.775044128294));
#343 = DIRECTION('',(0.,1.,0.));
#344 = DIRECTION('',(0.,-0.,1.));
#345 = ADVANCED_FACE('',(#346),#373,.T.);
#346 = FACE_BOUND('',#347,.T.);
#347 = EDGE_LOOP('',(#348,#357,#365,#372));
#348 = ORIENTED_EDGE('',*,*,#349,.F.);
#349 = EDGE_CURVE('',#350,#114,#352,.T.);
#350 = VERTEX_POINT('',#351);
#351 = CARTESIAN_POINT('',(-0.53,0.3,0.5));
#352 = CIRCLE('',#353,3.E-02);
#353 = AXIS2_PLACEMENT_3D('',#354,#355,#356);
#354 = CARTESIAN_POINT('',(-0.53,0.3,0.47));
#355 = DIRECTION('',(-0.,1.,0.));
#356 = DIRECTION('',(1.,0.,0.));
#357 = ORIENTED_EDGE('',*,*,#358,.F.);
#358 = EDGE_CURVE('',#359,#350,#361,.T.);
#359 = VERTEX_POINT('',#360);
#360 = CARTESIAN_POINT('',(-0.53,-0.3,0.5));
#361 = LINE('',#362,#363);
#362 = CARTESIAN_POINT('',(-0.53,-0.4,0.5));
#363 = VECTOR('',#364,1.);
#364 = DIRECTION('',(0.,1.,0.));
#365 = ORIENTED_EDGE('',*,*,#366,.T.);
#366 = EDGE_CURVE('',#359,#122,#367,.T.);
#367 = CIRCLE('',#368,3.E-02);
#368 = AXIS2_PLACEMENT_3D('',#369,#370,#371);
#369 = CARTESIAN_POINT('',(-0.53,-0.3,0.47));
#370 = DIRECTION('',(-0.,1.,0.));
#371 = DIRECTION('',(1.,0.,0.));
#372 = ORIENTED_EDGE('',*,*,#121,.T.);
#373 = CYLINDRICAL_SURFACE('',#374,3.E-02);
#374 = AXIS2_PLACEMENT_3D('',#375,#376,#377);
#375 = CARTESIAN_POINT('',(-0.53,-0.4,0.47));
#376 = DIRECTION('',(0.,1.,0.));
#377 = DIRECTION('',(1.,0.,0.));
#378 = ADVANCED_FACE('',(#379),#397,.T.);
#379 = FACE_BOUND('',#380,.T.);
#380 = EDGE_LOOP('',(#381,#389,#390,#391));
#381 = ORIENTED_EDGE('',*,*,#382,.F.);
#382 = EDGE_CURVE('',#177,#383,#385,.T.);
#383 = VERTEX_POINT('',#384);
#384 = CARTESIAN_POINT('',(-0.725,-0.3,0.47));
#385 = LINE('',#386,#387);
#386 = CARTESIAN_POINT('',(-0.725,-0.35,0.47));
#387 = VECTOR('',#388,1.);
#388 = DIRECTION('',(0.,1.,0.));
#389 = ORIENTED_EDGE('',*,*,#184,.T.);
#390 = ORIENTED_EDGE('',*,*,#129,.F.);
#391 = ORIENTED_EDGE('',*,*,#392,.F.);
#392 = EDGE_CURVE('',#383,#122,#393,.T.);
#393 = LINE('',#394,#395);
#394 = CARTESIAN_POINT('',(-2.25E-02,-0.3,0.47));
#395 = VECTOR('',#396,1.);
#396 = DIRECTION('',(1.,0.,0.));
#397 = PLANE('',#398);
#398 = AXIS2_PLACEMENT_3D('',#399,#400,#401);
#399 = CARTESIAN_POINT('',(-0.77,-0.4,0.47));
#400 = DIRECTION('',(0.,0.,1.));
#401 = DIRECTION('',(1.,0.,-0.));
#402 = ADVANCED_FACE('',(#403),#464,.F.);
#403 = FACE_BOUND('',#404,.F.);
#404 = EDGE_LOOP('',(#405,#415,#424,#432,#441,#449,#455,#456,#457,#458)
  );
#405 = ORIENTED_EDGE('',*,*,#406,.F.);
#406 = EDGE_CURVE('',#407,#409,#411,.T.);
#407 = VERTEX_POINT('',#408);
#408 = CARTESIAN_POINT('',(-0.77,-0.4,-3.469446951954E-18));
#409 = VERTEX_POINT('',#410);
#410 = CARTESIAN_POINT('',(-0.725,-0.4,0.));
#411 = LINE('',#412,#413);
#412 = CARTESIAN_POINT('',(-0.8,-0.4,0.));
#413 = VECTOR('',#414,1.);
#414 = DIRECTION('',(1.,0.,0.));
#415 = ORIENTED_EDGE('',*,*,#416,.F.);
#416 = EDGE_CURVE('',#417,#407,#419,.T.);
#417 = VERTEX_POINT('',#418);
#418 = CARTESIAN_POINT('',(-0.8,-0.4,3.E-02));
#419 = CIRCLE('',#420,3.E-02);
#420 = AXIS2_PLACEMENT_3D('',#421,#422,#423);
#421 = CARTESIAN_POINT('',(-0.77,-0.4,3.E-02));
#422 = DIRECTION('',(0.,-1.,0.));
#423 = DIRECTION('',(0.,0.,1.));
#424 = ORIENTED_EDGE('',*,*,#425,.T.);
#425 = EDGE_CURVE('',#417,#426,#428,.T.);
#426 = VERTEX_POINT('',#427);
#427 = CARTESIAN_POINT('',(-0.8,-0.4,0.47));
#428 = LINE('',#429,#430);
#429 = CARTESIAN_POINT('',(-0.8,-0.4,0.));
#430 = VECTOR('',#431,1.);
#431 = DIRECTION('',(0.,0.,1.));
#432 = ORIENTED_EDGE('',*,*,#433,.T.);
#433 = EDGE_CURVE('',#426,#434,#436,.T.);
#434 = VERTEX_POINT('',#435);
#435 = CARTESIAN_POINT('',(-0.77,-0.4,0.5));
#436 = CIRCLE('',#437,3.E-02);
#437 = AXIS2_PLACEMENT_3D('',#438,#439,#440);
#438 = CARTESIAN_POINT('',(-0.77,-0.4,0.47));
#439 = DIRECTION('',(0.,1.,0.));
#440 = DIRECTION('',(0.,-0.,1.));
#441 = ORIENTED_EDGE('',*,*,#442,.T.);
#442 = EDGE_CURVE('',#434,#443,#445,.T.);
#443 = VERTEX_POINT('',#444);
#444 = CARTESIAN_POINT('',(-0.725,-0.4,0.5));
#445 = LINE('',#446,#447);
#446 = CARTESIAN_POINT('',(-0.8,-0.4,0.5));
#447 = VECTOR('',#448,1.);
#448 = DIRECTION('',(1.,0.,0.));
#449 = ORIENTED_EDGE('',*,*,#450,.F.);
#450 = EDGE_CURVE('',#177,#443,#451,.T.);
#451 = LINE('',#452,#453);
#452 = CARTESIAN_POINT('',(-0.725,-0.4,0.375));
#453 = VECTOR('',#454,1.);
#454 = DIRECTION('',(0.,0.,1.));
#455 = ORIENTED_EDGE('',*,*,#176,.F.);
#456 = ORIENTED_EDGE('',*,*,#168,.F.);
#457 = ORIENTED_EDGE('',*,*,#158,.T.);
#458 = ORIENTED_EDGE('',*,*,#459,.F.);
#459 = EDGE_CURVE('',#409,#161,#460,.T.);
#460 = LINE('',#461,#462);
#461 = CARTESIAN_POINT('',(-0.725,-0.4,0.375));
#462 = VECTOR('',#463,1.);
#463 = DIRECTION('',(0.,0.,1.));
#464 = PLANE('',#465);
#465 = AXIS2_PLACEMENT_3D('',#466,#467,#468);
#466 = CARTESIAN_POINT('',(-0.8,-0.4,0.));
#467 = DIRECTION('',(0.,1.,0.));
#468 = DIRECTION('',(0.,-0.,1.));
#469 = ADVANCED_FACE('',(#470,#559),#585,.F.);
#470 = FACE_BOUND('',#471,.F.);
#471 = EDGE_LOOP('',(#472,#480,#481,#489,#497,#505,#513,#521,#529,#537,
    #545,#553));
#472 = ORIENTED_EDGE('',*,*,#473,.F.);
#473 = EDGE_CURVE('',#161,#474,#476,.T.);
#474 = VERTEX_POINT('',#475);
#475 = CARTESIAN_POINT('',(-0.725,-0.3,3.E-02));
#476 = LINE('',#477,#478);
#477 = CARTESIAN_POINT('',(-0.725,-0.35,3.E-02));
#478 = VECTOR('',#479,1.);
#479 = DIRECTION('',(0.,1.,0.));
#480 = ORIENTED_EDGE('',*,*,#223,.T.);
#481 = ORIENTED_EDGE('',*,*,#482,.F.);
#482 = EDGE_CURVE('',#483,#216,#485,.T.);
#483 = VERTEX_POINT('',#484);
#484 = CARTESIAN_POINT('',(0.725,-0.3,3.E-02));
#485 = LINE('',#486,#487);
#486 = CARTESIAN_POINT('',(0.725,-0.45,3.E-02));
#487 = VECTOR('',#488,1.);
#488 = DIRECTION('',(0.,-1.,0.));
#489 = ORIENTED_EDGE('',*,*,#490,.F.);
#490 = EDGE_CURVE('',#491,#483,#493,.T.);
#491 = VERTEX_POINT('',#492);
#492 = CARTESIAN_POINT('',(0.5,-0.3,3.E-02));
#493 = LINE('',#494,#495);
#494 = CARTESIAN_POINT('',(-2.25E-02,-0.3,3.E-02));
#495 = VECTOR('',#496,1.);
#496 = DIRECTION('',(1.,0.,0.));
#497 = ORIENTED_EDGE('',*,*,#498,.T.);
#498 = EDGE_CURVE('',#491,#499,#501,.T.);
#499 = VERTEX_POINT('',#500);
#500 = CARTESIAN_POINT('',(0.5,0.3,3.E-02));
#501 = LINE('',#502,#503);
#502 = CARTESIAN_POINT('',(0.5,-0.4,3.E-02));
#503 = VECTOR('',#504,1.);
#504 = DIRECTION('',(0.,1.,0.));
#505 = ORIENTED_EDGE('',*,*,#506,.F.);
#506 = EDGE_CURVE('',#507,#499,#509,.T.);
#507 = VERTEX_POINT('',#508);
#508 = CARTESIAN_POINT('',(0.725,0.3,3.E-02));
#509 = LINE('',#510,#511);
#510 = CARTESIAN_POINT('',(-0.7475,0.3,3.E-02));
#511 = VECTOR('',#512,1.);
#512 = DIRECTION('',(-1.,0.,0.));
#513 = ORIENTED_EDGE('',*,*,#514,.F.);
#514 = EDGE_CURVE('',#515,#507,#517,.T.);
#515 = VERTEX_POINT('',#516);
#516 = CARTESIAN_POINT('',(0.725,0.4,3.E-02));
#517 = LINE('',#518,#519);
#518 = CARTESIAN_POINT('',(0.725,-5.E-02,3.E-02));
#519 = VECTOR('',#520,1.);
#520 = DIRECTION('',(0.,-1.,0.));
#521 = ORIENTED_EDGE('',*,*,#522,.F.);
#522 = EDGE_CURVE('',#523,#515,#525,.T.);
#523 = VERTEX_POINT('',#524);
#524 = CARTESIAN_POINT('',(-0.725,0.4,3.E-02));
#525 = LINE('',#526,#527);
#526 = CARTESIAN_POINT('',(-0.77,0.4,3.E-02));
#527 = VECTOR('',#528,1.);
#528 = DIRECTION('',(1.,0.,0.));
#529 = ORIENTED_EDGE('',*,*,#530,.F.);
#530 = EDGE_CURVE('',#531,#523,#533,.T.);
#531 = VERTEX_POINT('',#532);
#532 = CARTESIAN_POINT('',(-0.725,0.3,3.E-02));
#533 = LINE('',#534,#535);
#534 = CARTESIAN_POINT('',(-0.725,5.E-02,3.E-02));
#535 = VECTOR('',#536,1.);
#536 = DIRECTION('',(0.,1.,0.));
#537 = ORIENTED_EDGE('',*,*,#538,.F.);
#538 = EDGE_CURVE('',#539,#531,#541,.T.);
#539 = VERTEX_POINT('',#540);
#540 = CARTESIAN_POINT('',(-0.5,0.3,3.E-02));
#541 = LINE('',#542,#543);
#542 = CARTESIAN_POINT('',(-0.7475,0.3,3.E-02));
#543 = VECTOR('',#544,1.);
#544 = DIRECTION('',(-1.,0.,0.));
#545 = ORIENTED_EDGE('',*,*,#546,.F.);
#546 = EDGE_CURVE('',#547,#539,#549,.T.);
#547 = VERTEX_POINT('',#548);
#548 = CARTESIAN_POINT('',(-0.5,-0.3,3.E-02));
#549 = LINE('',#550,#551);
#550 = CARTESIAN_POINT('',(-0.5,-0.4,3.E-02));
#551 = VECTOR('',#552,1.);
#552 = DIRECTION('',(0.,1.,0.));
#553 = ORIENTED_EDGE('',*,*,#554,.F.);
#554 = EDGE_CURVE('',#474,#547,#555,.T.);
#555 = LINE('',#556,#557);
#556 = CARTESIAN_POINT('',(-2.25E-02,-0.3,3.E-02));
#557 = VECTOR('',#558,1.);
#558 = DIRECTION('',(1.,0.,0.));
#559 = FACE_BOUND('',#560,.F.);
#560 = EDGE_LOOP('',(#561,#571,#579));
#561 = ORIENTED_EDGE('',*,*,#562,.T.);
#562 = EDGE_CURVE('',#563,#565,#567,.T.);
#563 = VERTEX_POINT('',#564);
#564 = CARTESIAN_POINT('',(0.277128129211,0.32,3.E-02));
#565 = VERTEX_POINT('',#566);
#566 = CARTESIAN_POINT('',(0.277128129211,-0.32,3.E-02));
#567 = LINE('',#568,#569);
#568 = CARTESIAN_POINT('',(0.277128129211,0.32,3.E-02));
#569 = VECTOR('',#570,1.);
#570 = DIRECTION('',(0.,-1.,0.));
#571 = ORIENTED_EDGE('',*,*,#572,.T.);
#572 = EDGE_CURVE('',#565,#573,#575,.T.);
#573 = VERTEX_POINT('',#574);
#574 = CARTESIAN_POINT('',(-0.277128129211,0.,3.E-02));
#575 = LINE('',#576,#577);
#576 = CARTESIAN_POINT('',(0.277128129211,-0.32,3.E-02));
#577 = VECTOR('',#578,1.);
#578 = DIRECTION('',(-0.866025403784,0.5,0.));
#579 = ORIENTED_EDGE('',*,*,#580,.T.);
#580 = EDGE_CURVE('',#573,#563,#581,.T.);
#581 = LINE('',#582,#583);
#582 = CARTESIAN_POINT('',(-0.277128129211,0.,3.E-02));
#583 = VECTOR('',#584,1.);
#584 = DIRECTION('',(0.866025403784,0.5,0.));
#585 = PLANE('',#586);
#586 = AXIS2_PLACEMENT_3D('',#587,#588,#589);
#587 = CARTESIAN_POINT('',(-0.77,-0.4,3.E-02));
#588 = DIRECTION('',(0.,0.,1.));
#589 = DIRECTION('',(1.,0.,-0.));
#590 = ADVANCED_FACE('',(#591),#652,.F.);
#591 = FACE_BOUND('',#592,.F.);
#592 = EDGE_LOOP('',(#593,#603,#609,#610,#611,#612,#620,#628,#637,#645)
  );
#593 = ORIENTED_EDGE('',*,*,#594,.F.);
#594 = EDGE_CURVE('',#595,#597,#599,.T.);
#595 = VERTEX_POINT('',#596);
#596 = CARTESIAN_POINT('',(0.725,-0.4,0.));
#597 = VERTEX_POINT('',#598);
#598 = CARTESIAN_POINT('',(0.77,-0.4,-3.469446951954E-18));
#599 = LINE('',#600,#601);
#600 = CARTESIAN_POINT('',(0.5,-0.4,0.));
#601 = VECTOR('',#602,1.);
#602 = DIRECTION('',(1.,0.,0.));
#603 = ORIENTED_EDGE('',*,*,#604,.F.);
#604 = EDGE_CURVE('',#216,#595,#605,.T.);
#605 = LINE('',#606,#607);
#606 = CARTESIAN_POINT('',(0.725,-0.4,0.375));
#607 = VECTOR('',#608,1.);
#608 = DIRECTION('',(0.,0.,-1.));
#609 = ORIENTED_EDGE('',*,*,#215,.T.);
#610 = ORIENTED_EDGE('',*,*,#207,.T.);
#611 = ORIENTED_EDGE('',*,*,#199,.F.);
#612 = ORIENTED_EDGE('',*,*,#613,.F.);
#613 = EDGE_CURVE('',#614,#192,#616,.T.);
#614 = VERTEX_POINT('',#615);
#615 = CARTESIAN_POINT('',(0.725,-0.4,0.5));
#616 = LINE('',#617,#618);
#617 = CARTESIAN_POINT('',(0.725,-0.4,0.375));
#618 = VECTOR('',#619,1.);
#619 = DIRECTION('',(0.,0.,-1.));
#620 = ORIENTED_EDGE('',*,*,#621,.T.);
#621 = EDGE_CURVE('',#614,#622,#624,.T.);
#622 = VERTEX_POINT('',#623);
#623 = CARTESIAN_POINT('',(0.77,-0.4,0.5));
#624 = LINE('',#625,#626);
#625 = CARTESIAN_POINT('',(0.5,-0.4,0.5));
#626 = VECTOR('',#627,1.);
#627 = DIRECTION('',(1.,0.,0.));
#628 = ORIENTED_EDGE('',*,*,#629,.F.);
#629 = EDGE_CURVE('',#630,#622,#632,.T.);
#630 = VERTEX_POINT('',#631);
#631 = CARTESIAN_POINT('',(0.8,-0.4,0.47));
#632 = CIRCLE('',#633,3.E-02);
#633 = AXIS2_PLACEMENT_3D('',#634,#635,#636);
#634 = CARTESIAN_POINT('',(0.77,-0.4,0.47));
#635 = DIRECTION('',(0.,-1.,0.));
#636 = DIRECTION('',(0.,0.,1.));
#637 = ORIENTED_EDGE('',*,*,#638,.F.);
#638 = EDGE_CURVE('',#639,#630,#641,.T.);
#639 = VERTEX_POINT('',#640);
#640 = CARTESIAN_POINT('',(0.8,-0.4,3.E-02));
#641 = LINE('',#642,#643);
#642 = CARTESIAN_POINT('',(0.8,-0.4,0.));
#643 = VECTOR('',#644,1.);
#644 = DIRECTION('',(0.,0.,1.));
#645 = ORIENTED_EDGE('',*,*,#646,.T.);
#646 = EDGE_CURVE('',#639,#597,#647,.T.);
#647 = CIRCLE('',#648,3.E-02);
#648 = AXIS2_PLACEMENT_3D('',#649,#650,#651);
#649 = CARTESIAN_POINT('',(0.77,-0.4,3.E-02));
#650 = DIRECTION('',(0.,1.,0.));
#651 = DIRECTION('',(0.,-0.,1.));
#652 = PLANE('',#653);
#653 = AXIS2_PLACEMENT_3D('',#654,#655,#656);
#654 = CARTESIAN_POINT('',(0.5,-0.4,0.));
#655 = DIRECTION('',(0.,1.,0.));
#656 = DIRECTION('',(0.,-0.,1.));
#657 = ADVANCED_FACE('',(#658),#676,.T.);
#658 = FACE_BOUND('',#659,.T.);
#659 = EDGE_LOOP('',(#660,#668,#669,#670));
#660 = ORIENTED_EDGE('',*,*,#661,.F.);
#661 = EDGE_CURVE('',#264,#662,#664,.T.);
#662 = VERTEX_POINT('',#663);
#663 = CARTESIAN_POINT('',(0.725,-0.3,0.47));
#664 = LINE('',#665,#666);
#665 = CARTESIAN_POINT('',(-2.25E-02,-0.3,0.47));
#666 = VECTOR('',#667,1.);
#667 = DIRECTION('',(1.,0.,0.));
#668 = ORIENTED_EDGE('',*,*,#263,.T.);
#669 = ORIENTED_EDGE('',*,*,#191,.T.);
#670 = ORIENTED_EDGE('',*,*,#671,.F.);
#671 = EDGE_CURVE('',#662,#192,#672,.T.);
#672 = LINE('',#673,#674);
#673 = CARTESIAN_POINT('',(0.725,-0.45,0.47));
#674 = VECTOR('',#675,1.);
#675 = DIRECTION('',(0.,-1.,0.));
#676 = PLANE('',#677);
#677 = AXIS2_PLACEMENT_3D('',#678,#679,#680);
#678 = CARTESIAN_POINT('',(-0.77,-0.4,0.47));
#679 = DIRECTION('',(0.,0.,1.));
#680 = DIRECTION('',(1.,0.,-0.));
#681 = ADVANCED_FACE('',(#682),#707,.T.);
#682 = FACE_BOUND('',#683,.T.);
#683 = EDGE_LOOP('',(#684,#692,#693,#701));
#684 = ORIENTED_EDGE('',*,*,#685,.F.);
#685 = EDGE_CURVE('',#280,#686,#688,.T.);
#686 = VERTEX_POINT('',#687);
#687 = CARTESIAN_POINT('',(0.725,0.4,0.47));
#688 = LINE('',#689,#690);
#689 = CARTESIAN_POINT('',(-0.77,0.4,0.47));
#690 = VECTOR('',#691,1.);
#691 = DIRECTION('',(1.,0.,0.));
#692 = ORIENTED_EDGE('',*,*,#279,.T.);
#693 = ORIENTED_EDGE('',*,*,#694,.F.);
#694 = EDGE_CURVE('',#695,#272,#697,.T.);
#695 = VERTEX_POINT('',#696);
#696 = CARTESIAN_POINT('',(0.725,0.3,0.47));
#697 = LINE('',#698,#699);
#698 = CARTESIAN_POINT('',(-0.7475,0.3,0.47));
#699 = VECTOR('',#700,1.);
#700 = DIRECTION('',(-1.,0.,0.));
#701 = ORIENTED_EDGE('',*,*,#702,.F.);
#702 = EDGE_CURVE('',#686,#695,#703,.T.);
#703 = LINE('',#704,#705);
#704 = CARTESIAN_POINT('',(0.725,-5.E-02,0.47));
#705 = VECTOR('',#706,1.);
#706 = DIRECTION('',(0.,-1.,0.));
#707 = PLANE('',#708);
#708 = AXIS2_PLACEMENT_3D('',#709,#710,#711);
#709 = CARTESIAN_POINT('',(-0.77,-0.4,0.47));
#710 = DIRECTION('',(0.,0.,1.));
#711 = DIRECTION('',(1.,0.,-0.));
#712 = ADVANCED_FACE('',(#713),#740,.T.);
#713 = FACE_BOUND('',#714,.T.);
#714 = EDGE_LOOP('',(#715,#716,#725,#733));
#715 = ORIENTED_EDGE('',*,*,#271,.F.);
#716 = ORIENTED_EDGE('',*,*,#717,.T.);
#717 = EDGE_CURVE('',#264,#718,#720,.T.);
#718 = VERTEX_POINT('',#719);
#719 = CARTESIAN_POINT('',(0.53,-0.3,0.5));
#720 = CIRCLE('',#721,3.E-02);
#721 = AXIS2_PLACEMENT_3D('',#722,#723,#724);
#722 = CARTESIAN_POINT('',(0.53,-0.3,0.47));
#723 = DIRECTION('',(0.,1.,-0.));
#724 = DIRECTION('',(-1.,0.,0.));
#725 = ORIENTED_EDGE('',*,*,#726,.T.);
#726 = EDGE_CURVE('',#718,#727,#729,.T.);
#727 = VERTEX_POINT('',#728);
#728 = CARTESIAN_POINT('',(0.53,0.3,0.5));
#729 = LINE('',#730,#731);
#730 = CARTESIAN_POINT('',(0.53,-0.4,0.5));
#731 = VECTOR('',#732,1.);
#732 = DIRECTION('',(0.,1.,0.));
#733 = ORIENTED_EDGE('',*,*,#734,.F.);
#734 = EDGE_CURVE('',#272,#727,#735,.T.);
#735 = CIRCLE('',#736,3.E-02);
#736 = AXIS2_PLACEMENT_3D('',#737,#738,#739);
#737 = CARTESIAN_POINT('',(0.53,0.3,0.47));
#738 = DIRECTION('',(0.,1.,-0.));
#739 = DIRECTION('',(-1.,0.,0.));
#740 = CYLINDRICAL_SURFACE('',#741,3.E-02);
#741 = AXIS2_PLACEMENT_3D('',#742,#743,#744);
#742 = CARTESIAN_POINT('',(0.53,-0.4,0.47));
#743 = DIRECTION('',(0.,1.,0.));
#744 = DIRECTION('',(-1.,0.,0.));
#745 = ADVANCED_FACE('',(#746),#796,.T.);
#746 = FACE_BOUND('',#747,.T.);
#747 = EDGE_LOOP('',(#748,#756,#764,#770,#771,#772,#773,#781,#789,#795)
  );
#748 = ORIENTED_EDGE('',*,*,#749,.F.);
#749 = EDGE_CURVE('',#750,#523,#752,.T.);
#750 = VERTEX_POINT('',#751);
#751 = CARTESIAN_POINT('',(-0.77,0.4,3.E-02));
#752 = LINE('',#753,#754);
#753 = CARTESIAN_POINT('',(-0.77,0.4,3.E-02));
#754 = VECTOR('',#755,1.);
#755 = DIRECTION('',(1.,0.,0.));
#756 = ORIENTED_EDGE('',*,*,#757,.T.);
#757 = EDGE_CURVE('',#750,#758,#760,.T.);
#758 = VERTEX_POINT('',#759);
#759 = CARTESIAN_POINT('',(-0.77,0.4,0.47));
#760 = LINE('',#761,#762);
#761 = CARTESIAN_POINT('',(-0.77,0.4,3.E-02));
#762 = VECTOR('',#763,1.);
#763 = DIRECTION('',(0.,0.,1.));
#764 = ORIENTED_EDGE('',*,*,#765,.T.);
#765 = EDGE_CURVE('',#758,#302,#766,.T.);
#766 = LINE('',#767,#768);
#767 = CARTESIAN_POINT('',(-0.77,0.4,0.47));
#768 = VECTOR('',#769,1.);
#769 = DIRECTION('',(1.,0.,0.));
#770 = ORIENTED_EDGE('',*,*,#301,.T.);
#771 = ORIENTED_EDGE('',*,*,#335,.F.);
#772 = ORIENTED_EDGE('',*,*,#685,.T.);
#773 = ORIENTED_EDGE('',*,*,#774,.T.);
#774 = EDGE_CURVE('',#686,#775,#777,.T.);
#775 = VERTEX_POINT('',#776);
#776 = CARTESIAN_POINT('',(0.77,0.4,0.47));
#777 = LINE('',#778,#779);
#778 = CARTESIAN_POINT('',(-0.77,0.4,0.47));
#779 = VECTOR('',#780,1.);
#780 = DIRECTION('',(1.,0.,0.));
#781 = ORIENTED_EDGE('',*,*,#782,.F.);
#782 = EDGE_CURVE('',#783,#775,#785,.T.);
#783 = VERTEX_POINT('',#784);
#784 = CARTESIAN_POINT('',(0.77,0.4,3.E-02));
#785 = LINE('',#786,#787);
#786 = CARTESIAN_POINT('',(0.77,0.4,3.E-02));
#787 = VECTOR('',#788,1.);
#788 = DIRECTION('',(0.,0.,1.));
#789 = ORIENTED_EDGE('',*,*,#790,.F.);
#790 = EDGE_CURVE('',#515,#783,#791,.T.);
#791 = LINE('',#792,#793);
#792 = CARTESIAN_POINT('',(-0.77,0.4,3.E-02));
#793 = VECTOR('',#794,1.);
#794 = DIRECTION('',(1.,0.,0.));
#795 = ORIENTED_EDGE('',*,*,#522,.F.);
#796 = PLANE('',#797);
#797 = AXIS2_PLACEMENT_3D('',#798,#799,#800);
#798 = CARTESIAN_POINT('',(-0.77,0.4,3.E-02));
#799 = DIRECTION('',(0.,1.,0.));
#800 = DIRECTION('',(0.,-0.,1.));
#801 = ADVANCED_FACE('',(#802),#820,.F.);
#802 = FACE_BOUND('',#803,.F.);
#803 = EDGE_LOOP('',(#804,#812,#818,#819));
#804 = ORIENTED_EDGE('',*,*,#805,.F.);
#805 = EDGE_CURVE('',#806,#350,#808,.T.);
#806 = VERTEX_POINT('',#807);
#807 = CARTESIAN_POINT('',(-0.725,0.3,0.5));
#808 = LINE('',#809,#810);
#809 = CARTESIAN_POINT('',(-0.7625,0.3,0.5));
#810 = VECTOR('',#811,1.);
#811 = DIRECTION('',(1.,0.,0.));
#812 = ORIENTED_EDGE('',*,*,#813,.T.);
#813 = EDGE_CURVE('',#806,#310,#814,.T.);
#814 = LINE('',#815,#816);
#815 = CARTESIAN_POINT('',(-0.725,0.3,0.75));
#816 = VECTOR('',#817,1.);
#817 = DIRECTION('',(-0.,-0.,-1.));
#818 = ORIENTED_EDGE('',*,*,#317,.F.);
#819 = ORIENTED_EDGE('',*,*,#349,.F.);
#820 = PLANE('',#821);
#821 = AXIS2_PLACEMENT_3D('',#822,#823,#824);
#822 = CARTESIAN_POINT('',(-0.725,0.3,0.75));
#823 = DIRECTION('',(0.,-1.,0.));
#824 = DIRECTION('',(1.,0.,0.));
#825 = ADVANCED_FACE('',(#826),#844,.F.);
#826 = FACE_BOUND('',#827,.F.);
#827 = EDGE_LOOP('',(#828,#829,#837,#843));
#828 = ORIENTED_EDGE('',*,*,#813,.F.);
#829 = ORIENTED_EDGE('',*,*,#830,.F.);
#830 = EDGE_CURVE('',#831,#806,#833,.T.);
#831 = VERTEX_POINT('',#832);
#832 = CARTESIAN_POINT('',(-0.725,0.4,0.5));
#833 = LINE('',#834,#835);
#834 = CARTESIAN_POINT('',(-0.725,5.E-02,0.5));
#835 = VECTOR('',#836,1.);
#836 = DIRECTION('',(0.,-1.,0.));
#837 = ORIENTED_EDGE('',*,*,#838,.F.);
#838 = EDGE_CURVE('',#302,#831,#839,.T.);
#839 = LINE('',#840,#841);
#840 = CARTESIAN_POINT('',(-0.725,0.4,0.375));
#841 = VECTOR('',#842,1.);
#842 = DIRECTION('',(0.,0.,1.));
#843 = ORIENTED_EDGE('',*,*,#309,.F.);
#844 = PLANE('',#845);
#845 = AXIS2_PLACEMENT_3D('',#846,#847,#848);
#846 = CARTESIAN_POINT('',(-0.725,0.5,0.75));
#847 = DIRECTION('',(-1.,0.,0.));
#848 = DIRECTION('',(0.,-1.,0.));
#849 = ADVANCED_FACE('',(#850),#868,.F.);
#850 = FACE_BOUND('',#851,.F.);
#851 = EDGE_LOOP('',(#852,#860,#866,#867));
#852 = ORIENTED_EDGE('',*,*,#853,.F.);
#853 = EDGE_CURVE('',#854,#383,#856,.T.);
#854 = VERTEX_POINT('',#855);
#855 = CARTESIAN_POINT('',(-0.725,-0.3,0.5));
#856 = LINE('',#857,#858);
#857 = CARTESIAN_POINT('',(-0.725,-0.3,0.75));
#858 = VECTOR('',#859,1.);
#859 = DIRECTION('',(-0.,-0.,-1.));
#860 = ORIENTED_EDGE('',*,*,#861,.F.);
#861 = EDGE_CURVE('',#359,#854,#862,.T.);
#862 = LINE('',#863,#864);
#863 = CARTESIAN_POINT('',(-3.75E-02,-0.3,0.5));
#864 = VECTOR('',#865,1.);
#865 = DIRECTION('',(-1.,0.,0.));
#866 = ORIENTED_EDGE('',*,*,#366,.T.);
#867 = ORIENTED_EDGE('',*,*,#392,.F.);
#868 = PLANE('',#869);
#869 = AXIS2_PLACEMENT_3D('',#870,#871,#872);
#870 = CARTESIAN_POINT('',(0.725,-0.3,0.75));
#871 = DIRECTION('',(0.,1.,0.));
#872 = DIRECTION('',(-1.,0.,0.));
#873 = ADVANCED_FACE('',(#874),#901,.T.);
#874 = FACE_BOUND('',#875,.T.);
#875 = EDGE_LOOP('',(#876,#884,#890,#891,#897,#898,#899,#900));
#876 = ORIENTED_EDGE('',*,*,#877,.F.);
#877 = EDGE_CURVE('',#878,#831,#880,.T.);
#878 = VERTEX_POINT('',#879);
#879 = CARTESIAN_POINT('',(-0.77,0.4,0.5));
#880 = LINE('',#881,#882);
#881 = CARTESIAN_POINT('',(-0.8,0.4,0.5));
#882 = VECTOR('',#883,1.);
#883 = DIRECTION('',(1.,0.,0.));
#884 = ORIENTED_EDGE('',*,*,#885,.F.);
#885 = EDGE_CURVE('',#434,#878,#886,.T.);
#886 = LINE('',#887,#888);
#887 = CARTESIAN_POINT('',(-0.77,-0.4,0.5));
#888 = VECTOR('',#889,1.);
#889 = DIRECTION('',(0.,1.,0.));
#890 = ORIENTED_EDGE('',*,*,#442,.T.);
#891 = ORIENTED_EDGE('',*,*,#892,.F.);
#892 = EDGE_CURVE('',#854,#443,#893,.T.);
#893 = LINE('',#894,#895);
#894 = CARTESIAN_POINT('',(-0.725,-0.35,0.5));
#895 = VECTOR('',#896,1.);
#896 = DIRECTION('',(0.,-1.,0.));
#897 = ORIENTED_EDGE('',*,*,#861,.F.);
#898 = ORIENTED_EDGE('',*,*,#358,.T.);
#899 = ORIENTED_EDGE('',*,*,#805,.F.);
#900 = ORIENTED_EDGE('',*,*,#830,.F.);
#901 = PLANE('',#902);
#902 = AXIS2_PLACEMENT_3D('',#903,#904,#905);
#903 = CARTESIAN_POINT('',(-0.8,-0.4,0.5));
#904 = DIRECTION('',(0.,0.,1.));
#905 = DIRECTION('',(1.,0.,-0.));
#906 = ADVANCED_FACE('',(#907),#913,.F.);
#907 = FACE_BOUND('',#908,.F.);
#908 = EDGE_LOOP('',(#909,#910,#911,#912));
#909 = ORIENTED_EDGE('',*,*,#892,.F.);
#910 = ORIENTED_EDGE('',*,*,#853,.T.);
#911 = ORIENTED_EDGE('',*,*,#382,.F.);
#912 = ORIENTED_EDGE('',*,*,#450,.T.);
#913 = PLANE('',#914);
#914 = AXIS2_PLACEMENT_3D('',#915,#916,#917);
#915 = CARTESIAN_POINT('',(-0.725,-0.3,0.75));
#916 = DIRECTION('',(-1.,0.,0.));
#917 = DIRECTION('',(0.,-1.,0.));
#918 = ADVANCED_FACE('',(#919),#976,.F.);
#919 = FACE_BOUND('',#920,.F.);
#920 = EDGE_LOOP('',(#921,#931,#937,#938,#946,#954,#962,#970));
#921 = ORIENTED_EDGE('',*,*,#922,.F.);
#922 = EDGE_CURVE('',#923,#925,#927,.T.);
#923 = VERTEX_POINT('',#924);
#924 = CARTESIAN_POINT('',(-0.77,0.4,-3.469446951954E-18));
#925 = VERTEX_POINT('',#926);
#926 = CARTESIAN_POINT('',(-0.725,0.4,0.));
#927 = LINE('',#928,#929);
#928 = CARTESIAN_POINT('',(-0.8,0.4,0.));
#929 = VECTOR('',#930,1.);
#930 = DIRECTION('',(1.,0.,0.));
#931 = ORIENTED_EDGE('',*,*,#932,.F.);
#932 = EDGE_CURVE('',#407,#923,#933,.T.);
#933 = LINE('',#934,#935);
#934 = CARTESIAN_POINT('',(-0.77,-0.4,-3.469446951954E-18));
#935 = VECTOR('',#936,1.);
#936 = DIRECTION('',(0.,1.,0.));
#937 = ORIENTED_EDGE('',*,*,#406,.T.);
#938 = ORIENTED_EDGE('',*,*,#939,.F.);
#939 = EDGE_CURVE('',#940,#409,#942,.T.);
#940 = VERTEX_POINT('',#941);
#941 = CARTESIAN_POINT('',(-0.725,-0.3,0.));
#942 = LINE('',#943,#944);
#943 = CARTESIAN_POINT('',(-0.725,-0.35,0.));
#944 = VECTOR('',#945,1.);
#945 = DIRECTION('',(0.,-1.,0.));
#946 = ORIENTED_EDGE('',*,*,#947,.F.);
#947 = EDGE_CURVE('',#948,#940,#950,.T.);
#948 = VERTEX_POINT('',#949);
#949 = CARTESIAN_POINT('',(-0.53,-0.3,-3.469446951954E-18));
#950 = LINE('',#951,#952);
#951 = CARTESIAN_POINT('',(-3.75E-02,-0.3,0.));
#952 = VECTOR('',#953,1.);
#953 = DIRECTION('',(-1.,0.,0.));
#954 = ORIENTED_EDGE('',*,*,#955,.T.);
#955 = EDGE_CURVE('',#948,#956,#958,.T.);
#956 = VERTEX_POINT('',#957);
#957 = CARTESIAN_POINT('',(-0.53,0.3,-3.469446951954E-18));
#958 = LINE('',#959,#960);
#959 = CARTESIAN_POINT('',(-0.53,-0.4,-3.469446951954E-18));
#960 = VECTOR('',#961,1.);
#961 = DIRECTION('',(0.,1.,0.));
#962 = ORIENTED_EDGE('',*,*,#963,.F.);
#963 = EDGE_CURVE('',#964,#956,#966,.T.);
#964 = VERTEX_POINT('',#965);
#965 = CARTESIAN_POINT('',(-0.725,0.3,0.));
#966 = LINE('',#967,#968);
#967 = CARTESIAN_POINT('',(-0.7625,0.3,0.));
#968 = VECTOR('',#969,1.);
#969 = DIRECTION('',(1.,0.,0.));
#970 = ORIENTED_EDGE('',*,*,#971,.F.);
#971 = EDGE_CURVE('',#925,#964,#972,.T.);
#972 = LINE('',#973,#974);
#973 = CARTESIAN_POINT('',(-0.725,5.E-02,0.));
#974 = VECTOR('',#975,1.);
#975 = DIRECTION('',(0.,-1.,0.));
#976 = PLANE('',#977);
#977 = AXIS2_PLACEMENT_3D('',#978,#979,#980);
#978 = CARTESIAN_POINT('',(-0.8,-0.4,0.));
#979 = DIRECTION('',(0.,0.,1.));
#980 = DIRECTION('',(1.,0.,-0.));
#981 = ADVANCED_FACE('',(#982),#1001,.T.);
#982 = FACE_BOUND('',#983,.T.);
#983 = EDGE_LOOP('',(#984,#992,#999,#1000));
#984 = ORIENTED_EDGE('',*,*,#985,.T.);
#985 = EDGE_CURVE('',#417,#986,#988,.T.);
#986 = VERTEX_POINT('',#987);
#987 = CARTESIAN_POINT('',(-0.8,0.4,3.E-02));
#988 = LINE('',#989,#990);
#989 = CARTESIAN_POINT('',(-0.8,-0.4,3.E-02));
#990 = VECTOR('',#991,1.);
#991 = DIRECTION('',(0.,1.,0.));
#992 = ORIENTED_EDGE('',*,*,#993,.T.);
#993 = EDGE_CURVE('',#986,#923,#994,.T.);
#994 = CIRCLE('',#995,3.E-02);
#995 = AXIS2_PLACEMENT_3D('',#996,#997,#998);
#996 = CARTESIAN_POINT('',(-0.77,0.4,3.E-02));
#997 = DIRECTION('',(0.,-1.,0.));
#998 = DIRECTION('',(0.,0.,1.));
#999 = ORIENTED_EDGE('',*,*,#932,.F.);
#1000 = ORIENTED_EDGE('',*,*,#416,.F.);
#1001 = CYLINDRICAL_SURFACE('',#1002,3.E-02);
#1002 = AXIS2_PLACEMENT_3D('',#1003,#1004,#1005);
#1003 = CARTESIAN_POINT('',(-0.77,-0.4,3.E-02));
#1004 = DIRECTION('',(0.,1.,0.));
#1005 = DIRECTION('',(-1.,0.,0.));
#1006 = ADVANCED_FACE('',(#1007),#1018,.F.);
#1007 = FACE_BOUND('',#1008,.F.);
#1008 = EDGE_LOOP('',(#1009,#1010,#1016,#1017));
#1009 = ORIENTED_EDGE('',*,*,#473,.T.);
#1010 = ORIENTED_EDGE('',*,*,#1011,.T.);
#1011 = EDGE_CURVE('',#474,#940,#1012,.T.);
#1012 = LINE('',#1013,#1014);
#1013 = CARTESIAN_POINT('',(-0.725,-0.3,0.75));
#1014 = VECTOR('',#1015,1.);
#1015 = DIRECTION('',(-0.,-0.,-1.));
#1016 = ORIENTED_EDGE('',*,*,#939,.T.);
#1017 = ORIENTED_EDGE('',*,*,#459,.T.);
#1018 = PLANE('',#1019);
#1019 = AXIS2_PLACEMENT_3D('',#1020,#1021,#1022);
#1020 = CARTESIAN_POINT('',(-0.725,-0.3,0.75));
#1021 = DIRECTION('',(-1.,0.,0.));
#1022 = DIRECTION('',(0.,-1.,0.));
#1023 = ADVANCED_FACE('',(#1024),#1042,.F.);
#1024 = FACE_BOUND('',#1025,.F.);
#1025 = EDGE_LOOP('',(#1026,#1027,#1028,#1036));
#1026 = ORIENTED_EDGE('',*,*,#425,.F.);
#1027 = ORIENTED_EDGE('',*,*,#985,.T.);
#1028 = ORIENTED_EDGE('',*,*,#1029,.T.);
#1029 = EDGE_CURVE('',#986,#1030,#1032,.T.);
#1030 = VERTEX_POINT('',#1031);
#1031 = CARTESIAN_POINT('',(-0.8,0.4,0.47));
#1032 = LINE('',#1033,#1034);
#1033 = CARTESIAN_POINT('',(-0.8,0.4,0.));
#1034 = VECTOR('',#1035,1.);
#1035 = DIRECTION('',(0.,0.,1.));
#1036 = ORIENTED_EDGE('',*,*,#1037,.F.);
#1037 = EDGE_CURVE('',#426,#1030,#1038,.T.);
#1038 = LINE('',#1039,#1040);
#1039 = CARTESIAN_POINT('',(-0.8,-0.4,0.47));
#1040 = VECTOR('',#1041,1.);
#1041 = DIRECTION('',(0.,1.,0.));
#1042 = PLANE('',#1043);
#1043 = AXIS2_PLACEMENT_3D('',#1044,#1045,#1046);
#1044 = CARTESIAN_POINT('',(-0.8,-0.4,0.));
#1045 = DIRECTION('',(1.,0.,0.));
#1046 = DIRECTION('',(0.,0.,1.));
#1047 = ADVANCED_FACE('',(#1048),#1060,.T.);
#1048 = FACE_BOUND('',#1049,.T.);
#1049 = EDGE_LOOP('',(#1050,#1051,#1052,#1059));
#1050 = ORIENTED_EDGE('',*,*,#433,.T.);
#1051 = ORIENTED_EDGE('',*,*,#885,.T.);
#1052 = ORIENTED_EDGE('',*,*,#1053,.F.);
#1053 = EDGE_CURVE('',#1030,#878,#1054,.T.);
#1054 = CIRCLE('',#1055,3.E-02);
#1055 = AXIS2_PLACEMENT_3D('',#1056,#1057,#1058);
#1056 = CARTESIAN_POINT('',(-0.77,0.4,0.47));
#1057 = DIRECTION('',(0.,1.,0.));
#1058 = DIRECTION('',(0.,-0.,1.));
#1059 = ORIENTED_EDGE('',*,*,#1037,.F.);
#1060 = CYLINDRICAL_SURFACE('',#1061,3.E-02);
#1061 = AXIS2_PLACEMENT_3D('',#1062,#1063,#1064);
#1062 = CARTESIAN_POINT('',(-0.77,-0.4,0.47));
#1063 = DIRECTION('',(0.,1.,0.));
#1064 = DIRECTION('',(-1.,0.,0.));
#1065 = ADVANCED_FACE('',(#1066),#1078,.F.);
#1066 = FACE_BOUND('',#1067,.F.);
#1067 = EDGE_LOOP('',(#1068,#1069,#1070,#1077));
#1068 = ORIENTED_EDGE('',*,*,#1011,.F.);
#1069 = ORIENTED_EDGE('',*,*,#554,.T.);
#1070 = ORIENTED_EDGE('',*,*,#1071,.T.);
#1071 = EDGE_CURVE('',#547,#948,#1072,.T.);
#1072 = CIRCLE('',#1073,3.E-02);
#1073 = AXIS2_PLACEMENT_3D('',#1074,#1075,#1076);
#1074 = CARTESIAN_POINT('',(-0.53,-0.3,3.E-02));
#1075 = DIRECTION('',(-0.,1.,0.));
#1076 = DIRECTION('',(1.,0.,0.));
#1077 = ORIENTED_EDGE('',*,*,#947,.T.);
#1078 = PLANE('',#1079);
#1079 = AXIS2_PLACEMENT_3D('',#1080,#1081,#1082);
#1080 = CARTESIAN_POINT('',(0.725,-0.3,0.75));
#1081 = DIRECTION('',(0.,1.,0.));
#1082 = DIRECTION('',(-1.,0.,0.));
#1083 = ADVANCED_FACE('',(#1084),#1096,.T.);
#1084 = FACE_BOUND('',#1085,.T.);
#1085 = EDGE_LOOP('',(#1086,#1087,#1088,#1089));
#1086 = ORIENTED_EDGE('',*,*,#546,.F.);
#1087 = ORIENTED_EDGE('',*,*,#1071,.T.);
#1088 = ORIENTED_EDGE('',*,*,#955,.T.);
#1089 = ORIENTED_EDGE('',*,*,#1090,.F.);
#1090 = EDGE_CURVE('',#539,#956,#1091,.T.);
#1091 = CIRCLE('',#1092,3.E-02);
#1092 = AXIS2_PLACEMENT_3D('',#1093,#1094,#1095);
#1093 = CARTESIAN_POINT('',(-0.53,0.3,3.E-02));
#1094 = DIRECTION('',(-0.,1.,0.));
#1095 = DIRECTION('',(1.,0.,0.));
#1096 = CYLINDRICAL_SURFACE('',#1097,3.E-02);
#1097 = AXIS2_PLACEMENT_3D('',#1098,#1099,#1100);
#1098 = CARTESIAN_POINT('',(-0.53,-0.4,3.E-02));
#1099 = DIRECTION('',(0.,1.,0.));
#1100 = DIRECTION('',(1.,0.,0.));
#1101 = ADVANCED_FACE('',(#1102),#1113,.F.);
#1102 = FACE_BOUND('',#1103,.F.);
#1103 = EDGE_LOOP('',(#1104,#1105,#1111,#1112));
#1104 = ORIENTED_EDGE('',*,*,#538,.T.);
#1105 = ORIENTED_EDGE('',*,*,#1106,.T.);
#1106 = EDGE_CURVE('',#531,#964,#1107,.T.);
#1107 = LINE('',#1108,#1109);
#1108 = CARTESIAN_POINT('',(-0.725,0.3,0.75));
#1109 = VECTOR('',#1110,1.);
#1110 = DIRECTION('',(-0.,-0.,-1.));
#1111 = ORIENTED_EDGE('',*,*,#963,.T.);
#1112 = ORIENTED_EDGE('',*,*,#1090,.F.);
#1113 = PLANE('',#1114);
#1114 = AXIS2_PLACEMENT_3D('',#1115,#1116,#1117);
#1115 = CARTESIAN_POINT('',(-0.725,0.3,0.75));
#1116 = DIRECTION('',(0.,-1.,0.));
#1117 = DIRECTION('',(1.,0.,0.));
#1118 = ADVANCED_FACE('',(#1119),#1130,.F.);
#1119 = FACE_BOUND('',#1120,.F.);
#1120 = EDGE_LOOP('',(#1121,#1122,#1123,#1129));
#1121 = ORIENTED_EDGE('',*,*,#1106,.F.);
#1122 = ORIENTED_EDGE('',*,*,#530,.T.);
#1123 = ORIENTED_EDGE('',*,*,#1124,.F.);
#1124 = EDGE_CURVE('',#925,#523,#1125,.T.);
#1125 = LINE('',#1126,#1127);
#1126 = CARTESIAN_POINT('',(-0.725,0.4,0.375));
#1127 = VECTOR('',#1128,1.);
#1128 = DIRECTION('',(0.,0.,1.));
#1129 = ORIENTED_EDGE('',*,*,#971,.T.);
#1130 = PLANE('',#1131);
#1131 = AXIS2_PLACEMENT_3D('',#1132,#1133,#1134);
#1132 = CARTESIAN_POINT('',(-0.725,0.5,0.75));
#1133 = DIRECTION('',(-1.,0.,0.));
#1134 = DIRECTION('',(0.,-1.,0.));
#1135 = ADVANCED_FACE('',(#1136),#1161,.F.);
#1136 = FACE_BOUND('',#1137,.F.);
#1137 = EDGE_LOOP('',(#1138,#1139,#1147,#1155));
#1138 = ORIENTED_EDGE('',*,*,#514,.T.);
#1139 = ORIENTED_EDGE('',*,*,#1140,.T.);
#1140 = EDGE_CURVE('',#507,#1141,#1143,.T.);
#1141 = VERTEX_POINT('',#1142);
#1142 = CARTESIAN_POINT('',(0.725,0.3,0.));
#1143 = LINE('',#1144,#1145);
#1144 = CARTESIAN_POINT('',(0.725,0.3,0.75));
#1145 = VECTOR('',#1146,1.);
#1146 = DIRECTION('',(-0.,-0.,-1.));
#1147 = ORIENTED_EDGE('',*,*,#1148,.T.);
#1148 = EDGE_CURVE('',#1141,#1149,#1151,.T.);
#1149 = VERTEX_POINT('',#1150);
#1150 = CARTESIAN_POINT('',(0.725,0.4,0.));
#1151 = LINE('',#1152,#1153);
#1152 = CARTESIAN_POINT('',(0.725,-5.E-02,0.));
#1153 = VECTOR('',#1154,1.);
#1154 = DIRECTION('',(0.,1.,0.));
#1155 = ORIENTED_EDGE('',*,*,#1156,.F.);
#1156 = EDGE_CURVE('',#515,#1149,#1157,.T.);
#1157 = LINE('',#1158,#1159);
#1158 = CARTESIAN_POINT('',(0.725,0.4,0.375));
#1159 = VECTOR('',#1160,1.);
#1160 = DIRECTION('',(0.,0.,-1.));
#1161 = PLANE('',#1162);
#1162 = AXIS2_PLACEMENT_3D('',#1163,#1164,#1165);
#1163 = CARTESIAN_POINT('',(0.725,0.3,0.75));
#1164 = DIRECTION('',(1.,0.,0.));
#1165 = DIRECTION('',(-0.,1.,0.));
#1166 = ADVANCED_FACE('',(#1167),#1186,.F.);
#1167 = FACE_BOUND('',#1168,.F.);
#1168 = EDGE_LOOP('',(#1169,#1170,#1171,#1180));
#1169 = ORIENTED_EDGE('',*,*,#1140,.F.);
#1170 = ORIENTED_EDGE('',*,*,#506,.T.);
#1171 = ORIENTED_EDGE('',*,*,#1172,.F.);
#1172 = EDGE_CURVE('',#1173,#499,#1175,.T.);
#1173 = VERTEX_POINT('',#1174);
#1174 = CARTESIAN_POINT('',(0.53,0.3,-3.469446951954E-18));
#1175 = CIRCLE('',#1176,3.E-02);
#1176 = AXIS2_PLACEMENT_3D('',#1177,#1178,#1179);
#1177 = CARTESIAN_POINT('',(0.53,0.3,3.E-02));
#1178 = DIRECTION('',(0.,1.,-0.));
#1179 = DIRECTION('',(-1.,0.,0.));
#1180 = ORIENTED_EDGE('',*,*,#1181,.T.);
#1181 = EDGE_CURVE('',#1173,#1141,#1182,.T.);
#1182 = LINE('',#1183,#1184);
#1183 = CARTESIAN_POINT('',(-0.1125,0.3,0.));
#1184 = VECTOR('',#1185,1.);
#1185 = DIRECTION('',(1.,0.,0.));
#1186 = PLANE('',#1187);
#1187 = AXIS2_PLACEMENT_3D('',#1188,#1189,#1190);
#1188 = CARTESIAN_POINT('',(-0.725,0.3,0.75));
#1189 = DIRECTION('',(0.,-1.,0.));
#1190 = DIRECTION('',(1.,0.,0.));
#1191 = ADVANCED_FACE('',(#1192),#1211,.T.);
#1192 = FACE_BOUND('',#1193,.T.);
#1193 = EDGE_LOOP('',(#1194,#1195,#1203,#1210));
#1194 = ORIENTED_EDGE('',*,*,#1172,.F.);
#1195 = ORIENTED_EDGE('',*,*,#1196,.F.);
#1196 = EDGE_CURVE('',#1197,#1173,#1199,.T.);
#1197 = VERTEX_POINT('',#1198);
#1198 = CARTESIAN_POINT('',(0.53,-0.3,-3.469446951954E-18));
#1199 = LINE('',#1200,#1201);
#1200 = CARTESIAN_POINT('',(0.53,-0.4,-3.469446951954E-18));
#1201 = VECTOR('',#1202,1.);
#1202 = DIRECTION('',(0.,1.,0.));
#1203 = ORIENTED_EDGE('',*,*,#1204,.T.);
#1204 = EDGE_CURVE('',#1197,#491,#1205,.T.);
#1205 = CIRCLE('',#1206,3.E-02);
#1206 = AXIS2_PLACEMENT_3D('',#1207,#1208,#1209);
#1207 = CARTESIAN_POINT('',(0.53,-0.3,3.E-02));
#1208 = DIRECTION('',(0.,1.,-0.));
#1209 = DIRECTION('',(-1.,0.,0.));
#1210 = ORIENTED_EDGE('',*,*,#498,.T.);
#1211 = CYLINDRICAL_SURFACE('',#1212,3.E-02);
#1212 = AXIS2_PLACEMENT_3D('',#1213,#1214,#1215);
#1213 = CARTESIAN_POINT('',(0.53,-0.4,3.E-02));
#1214 = DIRECTION('',(0.,1.,0.));
#1215 = DIRECTION('',(-1.,0.,0.));
#1216 = ADVANCED_FACE('',(#1217),#1235,.F.);
#1217 = FACE_BOUND('',#1218,.F.);
#1218 = EDGE_LOOP('',(#1219,#1220,#1228,#1234));
#1219 = ORIENTED_EDGE('',*,*,#490,.T.);
#1220 = ORIENTED_EDGE('',*,*,#1221,.T.);
#1221 = EDGE_CURVE('',#483,#1222,#1224,.T.);
#1222 = VERTEX_POINT('',#1223);
#1223 = CARTESIAN_POINT('',(0.725,-0.3,0.));
#1224 = LINE('',#1225,#1226);
#1225 = CARTESIAN_POINT('',(0.725,-0.3,0.75));
#1226 = VECTOR('',#1227,1.);
#1227 = DIRECTION('',(-0.,-0.,-1.));
#1228 = ORIENTED_EDGE('',*,*,#1229,.T.);
#1229 = EDGE_CURVE('',#1222,#1197,#1230,.T.);
#1230 = LINE('',#1231,#1232);
#1231 = CARTESIAN_POINT('',(0.6125,-0.3,0.));
#1232 = VECTOR('',#1233,1.);
#1233 = DIRECTION('',(-1.,0.,0.));
#1234 = ORIENTED_EDGE('',*,*,#1204,.T.);
#1235 = PLANE('',#1236);
#1236 = AXIS2_PLACEMENT_3D('',#1237,#1238,#1239);
#1237 = CARTESIAN_POINT('',(0.725,-0.3,0.75));
#1238 = DIRECTION('',(0.,1.,0.));
#1239 = DIRECTION('',(-1.,0.,0.));
#1240 = ADVANCED_FACE('',(#1241),#1252,.F.);
#1241 = FACE_BOUND('',#1242,.F.);
#1242 = EDGE_LOOP('',(#1243,#1244,#1245,#1246));
#1243 = ORIENTED_EDGE('',*,*,#1221,.F.);
#1244 = ORIENTED_EDGE('',*,*,#482,.T.);
#1245 = ORIENTED_EDGE('',*,*,#604,.T.);
#1246 = ORIENTED_EDGE('',*,*,#1247,.T.);
#1247 = EDGE_CURVE('',#595,#1222,#1248,.T.);
#1248 = LINE('',#1249,#1250);
#1249 = CARTESIAN_POINT('',(0.725,-0.45,0.));
#1250 = VECTOR('',#1251,1.);
#1251 = DIRECTION('',(0.,1.,0.));
#1252 = PLANE('',#1253);
#1253 = AXIS2_PLACEMENT_3D('',#1254,#1255,#1256);
#1254 = CARTESIAN_POINT('',(0.725,-0.5,0.75));
#1255 = DIRECTION('',(1.,0.,0.));
#1256 = DIRECTION('',(-0.,1.,0.));
#1257 = ADVANCED_FACE('',(#1258),#1283,.T.);
#1258 = FACE_BOUND('',#1259,.T.);
#1259 = EDGE_LOOP('',(#1260,#1268,#1269,#1277));
#1260 = ORIENTED_EDGE('',*,*,#1261,.T.);
#1261 = EDGE_CURVE('',#1262,#563,#1264,.T.);
#1262 = VERTEX_POINT('',#1263);
#1263 = CARTESIAN_POINT('',(0.277128129211,0.32,1.5E-02));
#1264 = LINE('',#1265,#1266);
#1265 = CARTESIAN_POINT('',(0.277128129211,0.32,1.5E-02));
#1266 = VECTOR('',#1267,1.);
#1267 = DIRECTION('',(0.,0.,1.));
#1268 = ORIENTED_EDGE('',*,*,#562,.T.);
#1269 = ORIENTED_EDGE('',*,*,#1270,.F.);
#1270 = EDGE_CURVE('',#1271,#565,#1273,.T.);
#1271 = VERTEX_POINT('',#1272);
#1272 = CARTESIAN_POINT('',(0.277128129211,-0.32,1.5E-02));
#1273 = LINE('',#1274,#1275);
#1274 = CARTESIAN_POINT('',(0.277128129211,-0.32,1.5E-02));
#1275 = VECTOR('',#1276,1.);
#1276 = DIRECTION('',(0.,0.,1.));
#1277 = ORIENTED_EDGE('',*,*,#1278,.F.);
#1278 = EDGE_CURVE('',#1262,#1271,#1279,.T.);
#1279 = LINE('',#1280,#1281);
#1280 = CARTESIAN_POINT('',(0.277128129211,0.32,1.5E-02));
#1281 = VECTOR('',#1282,1.);
#1282 = DIRECTION('',(0.,-1.,0.));
#1283 = PLANE('',#1284);
#1284 = AXIS2_PLACEMENT_3D('',#1285,#1286,#1287);
#1285 = CARTESIAN_POINT('',(0.277128129211,0.32,1.5E-02));
#1286 = DIRECTION('',(1.,0.,0.));
#1287 = DIRECTION('',(0.,-1.,0.));
#1288 = ADVANCED_FACE('',(#1289),#1307,.T.);
#1289 = FACE_BOUND('',#1290,.T.);
#1290 = EDGE_LOOP('',(#1291,#1299,#1300,#1301));
#1291 = ORIENTED_EDGE('',*,*,#1292,.T.);
#1292 = EDGE_CURVE('',#1293,#573,#1295,.T.);
#1293 = VERTEX_POINT('',#1294);
#1294 = CARTESIAN_POINT('',(-0.277128129211,0.,1.5E-02));
#1295 = LINE('',#1296,#1297);
#1296 = CARTESIAN_POINT('',(-0.277128129211,0.,1.5E-02));
#1297 = VECTOR('',#1298,1.);
#1298 = DIRECTION('',(0.,0.,1.));
#1299 = ORIENTED_EDGE('',*,*,#580,.T.);
#1300 = ORIENTED_EDGE('',*,*,#1261,.F.);
#1301 = ORIENTED_EDGE('',*,*,#1302,.F.);
#1302 = EDGE_CURVE('',#1293,#1262,#1303,.T.);
#1303 = LINE('',#1304,#1305);
#1304 = CARTESIAN_POINT('',(-0.277128129211,0.,1.5E-02));
#1305 = VECTOR('',#1306,1.);
#1306 = DIRECTION('',(0.866025403784,0.5,0.));
#1307 = PLANE('',#1308);
#1308 = AXIS2_PLACEMENT_3D('',#1309,#1310,#1311);
#1309 = CARTESIAN_POINT('',(-0.277128129211,0.,1.5E-02));
#1310 = DIRECTION('',(-0.5,0.866025403784,0.));
#1311 = DIRECTION('',(0.866025403784,0.5,0.));
#1312 = ADVANCED_FACE('',(#1313),#1324,.T.);
#1313 = FACE_BOUND('',#1314,.T.);
#1314 = EDGE_LOOP('',(#1315,#1316,#1317,#1318));
#1315 = ORIENTED_EDGE('',*,*,#1270,.T.);
#1316 = ORIENTED_EDGE('',*,*,#572,.T.);
#1317 = ORIENTED_EDGE('',*,*,#1292,.F.);
#1318 = ORIENTED_EDGE('',*,*,#1319,.F.);
#1319 = EDGE_CURVE('',#1271,#1293,#1320,.T.);
#1320 = LINE('',#1321,#1322);
#1321 = CARTESIAN_POINT('',(0.277128129211,-0.32,1.5E-02));
#1322 = VECTOR('',#1323,1.);
#1323 = DIRECTION('',(-0.866025403784,0.5,0.));
#1324 = PLANE('',#1325);
#1325 = AXIS2_PLACEMENT_3D('',#1326,#1327,#1328);
#1326 = CARTESIAN_POINT('',(0.277128129211,-0.32,1.5E-02));
#1327 = DIRECTION('',(-0.5,-0.866025403784,0.));
#1328 = DIRECTION('',(-0.866025403784,0.5,0.));
#1329 = ADVANCED_FACE('',(#1330),#1352,.F.);
#1330 = FACE_BOUND('',#1331,.F.);
#1331 = EDGE_LOOP('',(#1332,#1340,#1341,#1342,#1343,#1344,#1345,#1346));
#1332 = ORIENTED_EDGE('',*,*,#1333,.F.);
#1333 = EDGE_CURVE('',#1149,#1334,#1336,.T.);
#1334 = VERTEX_POINT('',#1335);
#1335 = CARTESIAN_POINT('',(0.77,0.4,-3.469446951954E-18));
#1336 = LINE('',#1337,#1338);
#1337 = CARTESIAN_POINT('',(0.5,0.4,0.));
#1338 = VECTOR('',#1339,1.);
#1339 = DIRECTION('',(1.,0.,0.));
#1340 = ORIENTED_EDGE('',*,*,#1148,.F.);
#1341 = ORIENTED_EDGE('',*,*,#1181,.F.);
#1342 = ORIENTED_EDGE('',*,*,#1196,.F.);
#1343 = ORIENTED_EDGE('',*,*,#1229,.F.);
#1344 = ORIENTED_EDGE('',*,*,#1247,.F.);
#1345 = ORIENTED_EDGE('',*,*,#594,.T.);
#1346 = ORIENTED_EDGE('',*,*,#1347,.T.);
#1347 = EDGE_CURVE('',#597,#1334,#1348,.T.);
#1348 = LINE('',#1349,#1350);
#1349 = CARTESIAN_POINT('',(0.77,-0.4,-3.469446951954E-18));
#1350 = VECTOR('',#1351,1.);
#1351 = DIRECTION('',(0.,1.,0.));
#1352 = PLANE('',#1353);
#1353 = AXIS2_PLACEMENT_3D('',#1354,#1355,#1356);
#1354 = CARTESIAN_POINT('',(0.5,-0.4,0.));
#1355 = DIRECTION('',(0.,0.,1.));
#1356 = DIRECTION('',(1.,0.,-0.));
#1357 = ADVANCED_FACE('',(#1358),#1377,.T.);
#1358 = FACE_BOUND('',#1359,.T.);
#1359 = EDGE_LOOP('',(#1360,#1361,#1362,#1371));
#1360 = ORIENTED_EDGE('',*,*,#646,.T.);
#1361 = ORIENTED_EDGE('',*,*,#1347,.T.);
#1362 = ORIENTED_EDGE('',*,*,#1363,.F.);
#1363 = EDGE_CURVE('',#1364,#1334,#1366,.T.);
#1364 = VERTEX_POINT('',#1365);
#1365 = CARTESIAN_POINT('',(0.8,0.4,3.E-02));
#1366 = CIRCLE('',#1367,3.E-02);
#1367 = AXIS2_PLACEMENT_3D('',#1368,#1369,#1370);
#1368 = CARTESIAN_POINT('',(0.77,0.4,3.E-02));
#1369 = DIRECTION('',(0.,1.,0.));
#1370 = DIRECTION('',(0.,-0.,1.));
#1371 = ORIENTED_EDGE('',*,*,#1372,.F.);
#1372 = EDGE_CURVE('',#639,#1364,#1373,.T.);
#1373 = LINE('',#1374,#1375);
#1374 = CARTESIAN_POINT('',(0.8,-0.4,3.E-02));
#1375 = VECTOR('',#1376,1.);
#1376 = DIRECTION('',(0.,1.,0.));
#1377 = CYLINDRICAL_SURFACE('',#1378,3.E-02);
#1378 = AXIS2_PLACEMENT_3D('',#1379,#1380,#1381);
#1379 = CARTESIAN_POINT('',(0.77,-0.4,3.E-02));
#1380 = DIRECTION('',(0.,1.,0.));
#1381 = DIRECTION('',(1.,0.,0.));
#1382 = ADVANCED_FACE('',(#1383),#1401,.T.);
#1383 = FACE_BOUND('',#1384,.T.);
#1384 = EDGE_LOOP('',(#1385,#1386,#1387,#1395));
#1385 = ORIENTED_EDGE('',*,*,#638,.F.);
#1386 = ORIENTED_EDGE('',*,*,#1372,.T.);
#1387 = ORIENTED_EDGE('',*,*,#1388,.T.);
#1388 = EDGE_CURVE('',#1364,#1389,#1391,.T.);
#1389 = VERTEX_POINT('',#1390);
#1390 = CARTESIAN_POINT('',(0.8,0.4,0.47));
#1391 = LINE('',#1392,#1393);
#1392 = CARTESIAN_POINT('',(0.8,0.4,0.));
#1393 = VECTOR('',#1394,1.);
#1394 = DIRECTION('',(0.,0.,1.));
#1395 = ORIENTED_EDGE('',*,*,#1396,.F.);
#1396 = EDGE_CURVE('',#630,#1389,#1397,.T.);
#1397 = LINE('',#1398,#1399);
#1398 = CARTESIAN_POINT('',(0.8,-0.4,0.47));
#1399 = VECTOR('',#1400,1.);
#1400 = DIRECTION('',(0.,1.,0.));
#1401 = PLANE('',#1402);
#1402 = AXIS2_PLACEMENT_3D('',#1403,#1404,#1405);
#1403 = CARTESIAN_POINT('',(0.8,-0.4,0.));
#1404 = DIRECTION('',(1.,0.,0.));
#1405 = DIRECTION('',(0.,0.,1.));
#1406 = ADVANCED_FACE('',(#1407),#1426,.T.);
#1407 = FACE_BOUND('',#1408,.T.);
#1408 = EDGE_LOOP('',(#1409,#1410,#1419,#1425));
#1409 = ORIENTED_EDGE('',*,*,#1396,.T.);
#1410 = ORIENTED_EDGE('',*,*,#1411,.T.);
#1411 = EDGE_CURVE('',#1389,#1412,#1414,.T.);
#1412 = VERTEX_POINT('',#1413);
#1413 = CARTESIAN_POINT('',(0.77,0.4,0.5));
#1414 = CIRCLE('',#1415,3.E-02);
#1415 = AXIS2_PLACEMENT_3D('',#1416,#1417,#1418);
#1416 = CARTESIAN_POINT('',(0.77,0.4,0.47));
#1417 = DIRECTION('',(0.,-1.,0.));
#1418 = DIRECTION('',(0.,0.,1.));
#1419 = ORIENTED_EDGE('',*,*,#1420,.F.);
#1420 = EDGE_CURVE('',#622,#1412,#1421,.T.);
#1421 = LINE('',#1422,#1423);
#1422 = CARTESIAN_POINT('',(0.77,-0.4,0.5));
#1423 = VECTOR('',#1424,1.);
#1424 = DIRECTION('',(0.,1.,0.));
#1425 = ORIENTED_EDGE('',*,*,#629,.F.);
#1426 = CYLINDRICAL_SURFACE('',#1427,3.E-02);
#1427 = AXIS2_PLACEMENT_3D('',#1428,#1429,#1430);
#1428 = CARTESIAN_POINT('',(0.77,-0.4,0.47));
#1429 = DIRECTION('',(0.,1.,0.));
#1430 = DIRECTION('',(1.,0.,0.));
#1431 = ADVANCED_FACE('',(#1432),#1473,.T.);
#1432 = FACE_BOUND('',#1433,.T.);
#1433 = EDGE_LOOP('',(#1434,#1442,#1450,#1456,#1457,#1465,#1471,#1472));
#1434 = ORIENTED_EDGE('',*,*,#1435,.F.);
#1435 = EDGE_CURVE('',#1436,#1412,#1438,.T.);
#1436 = VERTEX_POINT('',#1437);
#1437 = CARTESIAN_POINT('',(0.725,0.4,0.5));
#1438 = LINE('',#1439,#1440);
#1439 = CARTESIAN_POINT('',(0.5,0.4,0.5));
#1440 = VECTOR('',#1441,1.);
#1441 = DIRECTION('',(1.,0.,0.));
#1442 = ORIENTED_EDGE('',*,*,#1443,.F.);
#1443 = EDGE_CURVE('',#1444,#1436,#1446,.T.);
#1444 = VERTEX_POINT('',#1445);
#1445 = CARTESIAN_POINT('',(0.725,0.3,0.5));
#1446 = LINE('',#1447,#1448);
#1447 = CARTESIAN_POINT('',(0.725,-5.E-02,0.5));
#1448 = VECTOR('',#1449,1.);
#1449 = DIRECTION('',(0.,1.,0.));
#1450 = ORIENTED_EDGE('',*,*,#1451,.F.);
#1451 = EDGE_CURVE('',#727,#1444,#1452,.T.);
#1452 = LINE('',#1453,#1454);
#1453 = CARTESIAN_POINT('',(-0.1125,0.3,0.5));
#1454 = VECTOR('',#1455,1.);
#1455 = DIRECTION('',(1.,0.,0.));
#1456 = ORIENTED_EDGE('',*,*,#726,.F.);
#1457 = ORIENTED_EDGE('',*,*,#1458,.F.);
#1458 = EDGE_CURVE('',#1459,#718,#1461,.T.);
#1459 = VERTEX_POINT('',#1460);
#1460 = CARTESIAN_POINT('',(0.725,-0.3,0.5));
#1461 = LINE('',#1462,#1463);
#1462 = CARTESIAN_POINT('',(0.6125,-0.3,0.5));
#1463 = VECTOR('',#1464,1.);
#1464 = DIRECTION('',(-1.,0.,0.));
#1465 = ORIENTED_EDGE('',*,*,#1466,.F.);
#1466 = EDGE_CURVE('',#614,#1459,#1467,.T.);
#1467 = LINE('',#1468,#1469);
#1468 = CARTESIAN_POINT('',(0.725,-0.45,0.5));
#1469 = VECTOR('',#1470,1.);
#1470 = DIRECTION('',(0.,1.,0.));
#1471 = ORIENTED_EDGE('',*,*,#621,.T.);
#1472 = ORIENTED_EDGE('',*,*,#1420,.T.);
#1473 = PLANE('',#1474);
#1474 = AXIS2_PLACEMENT_3D('',#1475,#1476,#1477);
#1475 = CARTESIAN_POINT('',(0.5,-0.4,0.5));
#1476 = DIRECTION('',(0.,0.,1.));
#1477 = DIRECTION('',(1.,0.,-0.));
#1478 = ADVANCED_FACE('',(#1479),#1490,.F.);
#1479 = FACE_BOUND('',#1480,.F.);
#1480 = EDGE_LOOP('',(#1481,#1487,#1488,#1489));
#1481 = ORIENTED_EDGE('',*,*,#1482,.F.);
#1482 = EDGE_CURVE('',#1459,#662,#1483,.T.);
#1483 = LINE('',#1484,#1485);
#1484 = CARTESIAN_POINT('',(0.725,-0.3,0.75));
#1485 = VECTOR('',#1486,1.);
#1486 = DIRECTION('',(-0.,-0.,-1.));
#1487 = ORIENTED_EDGE('',*,*,#1466,.F.);
#1488 = ORIENTED_EDGE('',*,*,#613,.T.);
#1489 = ORIENTED_EDGE('',*,*,#671,.F.);
#1490 = PLANE('',#1491);
#1491 = AXIS2_PLACEMENT_3D('',#1492,#1493,#1494);
#1492 = CARTESIAN_POINT('',(0.725,-0.5,0.75));
#1493 = DIRECTION('',(1.,0.,0.));
#1494 = DIRECTION('',(-0.,1.,0.));
#1495 = ADVANCED_FACE('',(#1496),#1502,.F.);
#1496 = FACE_BOUND('',#1497,.F.);
#1497 = EDGE_LOOP('',(#1498,#1499,#1500,#1501));
#1498 = ORIENTED_EDGE('',*,*,#1458,.F.);
#1499 = ORIENTED_EDGE('',*,*,#1482,.T.);
#1500 = ORIENTED_EDGE('',*,*,#661,.F.);
#1501 = ORIENTED_EDGE('',*,*,#717,.T.);
#1502 = PLANE('',#1503);
#1503 = AXIS2_PLACEMENT_3D('',#1504,#1505,#1506);
#1504 = CARTESIAN_POINT('',(0.725,-0.3,0.75));
#1505 = DIRECTION('',(0.,1.,0.));
#1506 = DIRECTION('',(-1.,0.,0.));
#1507 = ADVANCED_FACE('',(#1508),#1524,.F.);
#1508 = FACE_BOUND('',#1509,.F.);
#1509 = EDGE_LOOP('',(#1510,#1511,#1517,#1518));
#1510 = ORIENTED_EDGE('',*,*,#1443,.F.);
#1511 = ORIENTED_EDGE('',*,*,#1512,.T.);
#1512 = EDGE_CURVE('',#1444,#695,#1513,.T.);
#1513 = LINE('',#1514,#1515);
#1514 = CARTESIAN_POINT('',(0.725,0.3,0.75));
#1515 = VECTOR('',#1516,1.);
#1516 = DIRECTION('',(-0.,-0.,-1.));
#1517 = ORIENTED_EDGE('',*,*,#702,.F.);
#1518 = ORIENTED_EDGE('',*,*,#1519,.F.);
#1519 = EDGE_CURVE('',#1436,#686,#1520,.T.);
#1520 = LINE('',#1521,#1522);
#1521 = CARTESIAN_POINT('',(0.725,0.4,0.375));
#1522 = VECTOR('',#1523,1.);
#1523 = DIRECTION('',(0.,0.,-1.));
#1524 = PLANE('',#1525);
#1525 = AXIS2_PLACEMENT_3D('',#1526,#1527,#1528);
#1526 = CARTESIAN_POINT('',(0.725,0.3,0.75));
#1527 = DIRECTION('',(1.,0.,0.));
#1528 = DIRECTION('',(-0.,1.,0.));
#1529 = ADVANCED_FACE('',(#1530),#1536,.F.);
#1530 = FACE_BOUND('',#1531,.F.);
#1531 = EDGE_LOOP('',(#1532,#1533,#1534,#1535));
#1532 = ORIENTED_EDGE('',*,*,#1512,.F.);
#1533 = ORIENTED_EDGE('',*,*,#1451,.F.);
#1534 = ORIENTED_EDGE('',*,*,#734,.F.);
#1535 = ORIENTED_EDGE('',*,*,#694,.F.);
#1536 = PLANE('',#1537);
#1537 = AXIS2_PLACEMENT_3D('',#1538,#1539,#1540);
#1538 = CARTESIAN_POINT('',(-0.725,0.3,0.75));
#1539 = DIRECTION('',(0.,-1.,0.));
#1540 = DIRECTION('',(1.,0.,0.));
#1541 = ADVANCED_FACE('',(#1542),#1554,.T.);
#1542 = FACE_BOUND('',#1543,.T.);
#1543 = EDGE_LOOP('',(#1544,#1545,#1546,#1547,#1548,#1549,#1550,#1551,
    #1552,#1553));
#1544 = ORIENTED_EDGE('',*,*,#922,.F.);
#1545 = ORIENTED_EDGE('',*,*,#993,.F.);
#1546 = ORIENTED_EDGE('',*,*,#1029,.T.);
#1547 = ORIENTED_EDGE('',*,*,#1053,.T.);
#1548 = ORIENTED_EDGE('',*,*,#877,.T.);
#1549 = ORIENTED_EDGE('',*,*,#838,.F.);
#1550 = ORIENTED_EDGE('',*,*,#765,.F.);
#1551 = ORIENTED_EDGE('',*,*,#757,.F.);
#1552 = ORIENTED_EDGE('',*,*,#749,.T.);
#1553 = ORIENTED_EDGE('',*,*,#1124,.F.);
#1554 = PLANE('',#1555);
#1555 = AXIS2_PLACEMENT_3D('',#1556,#1557,#1558);
#1556 = CARTESIAN_POINT('',(-0.8,0.4,0.));
#1557 = DIRECTION('',(0.,1.,0.));
#1558 = DIRECTION('',(0.,-0.,1.));
#1559 = ADVANCED_FACE('',(#1560),#1572,.T.);
#1560 = FACE_BOUND('',#1561,.T.);
#1561 = EDGE_LOOP('',(#1562,#1563,#1564,#1565,#1566,#1567,#1568,#1569,
    #1570,#1571));
#1562 = ORIENTED_EDGE('',*,*,#1333,.F.);
#1563 = ORIENTED_EDGE('',*,*,#1156,.F.);
#1564 = ORIENTED_EDGE('',*,*,#790,.T.);
#1565 = ORIENTED_EDGE('',*,*,#782,.T.);
#1566 = ORIENTED_EDGE('',*,*,#774,.F.);
#1567 = ORIENTED_EDGE('',*,*,#1519,.F.);
#1568 = ORIENTED_EDGE('',*,*,#1435,.T.);
#1569 = ORIENTED_EDGE('',*,*,#1411,.F.);
#1570 = ORIENTED_EDGE('',*,*,#1388,.F.);
#1571 = ORIENTED_EDGE('',*,*,#1363,.T.);
#1572 = PLANE('',#1573);
#1573 = AXIS2_PLACEMENT_3D('',#1574,#1575,#1576);
#1574 = CARTESIAN_POINT('',(0.5,0.4,0.));
#1575 = DIRECTION('',(0.,1.,0.));
#1576 = DIRECTION('',(0.,-0.,1.));
#1577 = ADVANCED_FACE('',(#1578),#1583,.T.);
#1578 = FACE_BOUND('',#1579,.T.);
#1579 = EDGE_LOOP('',(#1580,#1581,#1582));
#1580 = ORIENTED_EDGE('',*,*,#1302,.T.);
#1581 = ORIENTED_EDGE('',*,*,#1278,.T.);
#1582 = ORIENTED_EDGE('',*,*,#1319,.T.);
#1583 = PLANE('',#1584);
#1584 = AXIS2_PLACEMENT_3D('',#1585,#1586,#1587);
#1585 = CARTESIAN_POINT('',(9.237604307034E-02,0.,1.5E-02));
#1586 = DIRECTION('',(-0.,-0.,-1.));
#1587 = DIRECTION('',(-1.,0.,0.));
#1588 = ( GEOMETRIC_REPRESENTATION_CONTEXT(3) 
GLOBAL_UNCERTAINTY_ASSIGNED_CONTEXT((#1592)) 
GLOBAL_UNIT_ASSIGNED_CONTEXT((#1589,#1590,#1591)) REPRESENTATION_CONTEXT
('Context #1','3D Context with UNIT and UNCERTAINTY') );
#1589 = ( LENGTH_UNIT() NAMED_UNIT(*) SI_UNIT(.MILLI.,.METRE.) );
#1590 = ( NAMED_UNIT(*) PLANE_ANGLE_UNIT() SI_UNIT($,.RADIAN.) );
#1591 = ( NAMED_UNIT(*) SI_UNIT($,.STERADIAN.) SOLID_ANGLE_UNIT() );
#1592 = UNCERTAINTY_MEASURE_WITH_UNIT(LENGTH_MEASURE(1.E-07),#1589,
  'distance_accuracy_value','confusion accuracy');
#1593 = CONTEXT_DEPENDENT_SHAPE_REPRESENTATION(#1594,#1596);
#1594 = ( REPRESENTATION_RELATIONSHIP('','',#64,#10) 
REPRESENTATION_RELATIONSHIP_WITH_TRANSFORMATION(#1595) 
SHAPE_REPRESENTATION_RELATIONSHIP() );
#1595 = ITEM_DEFINED_TRANSFORMATION('','',#11,#15);
#1596 = PRODUCT_DEFINITION_SHAPE('Placement','Placement of an item',
  #1597);
#1597 = NEXT_ASSEMBLY_USAGE_OCCURRENCE('1','D1','',#5,#59,$);
#1598 = PRODUCT_RELATED_PRODUCT_CATEGORY('part',$,(#61));
#1599 = SHAPE_DEFINITION_REPRESENTATION(#1600,#1606);
#1600 = PRODUCT_DEFINITION_SHAPE('','',#1601);
#1601 = PRODUCT_DEFINITION('design','',#1602,#1605);
#1602 = PRODUCT_DEFINITION_FORMATION('','',#1603);
#1603 = PRODUCT('','','',(#1604));
#1604 = PRODUCT_CONTEXT('',#2,'mechanical');
#1605 = PRODUCT_DEFINITION_CONTEXT('part definition',#2,'design');
#1606 = ADVANCED_BREP_SHAPE_REPRESENTATION('',(#11,#1607),#2815);
#1607 = MANIFOLD_SOLID_BREP('',#1608);
#1608 = CLOSED_SHELL('',(#1609,#1649,#1732,#1757,#1832,#1849,#1866,#1883
    ,#1900,#1917,#1933,#1980,#2015,#2054,#2083,#2122,#2151,#2205,#2248,
    #2271,#2294,#2317,#2368,#2391,#2408,#2482,#2506,#2573,#2585,#2597,
    #2614,#2643,#2666,#2689,#2706,#2728,#2740,#2757,#2774,#2791,#2803));
#1609 = ADVANCED_FACE('',(#1610),#1644,.T.);
#1610 = FACE_BOUND('',#1611,.T.);
#1611 = EDGE_LOOP('',(#1612,#1622,#1630,#1638));
#1612 = ORIENTED_EDGE('',*,*,#1613,.T.);
#1613 = EDGE_CURVE('',#1614,#1616,#1618,.T.);
#1614 = VERTEX_POINT('',#1615);
#1615 = CARTESIAN_POINT('',(1.14,0.75,0.));
#1616 = VERTEX_POINT('',#1617);
#1617 = CARTESIAN_POINT('',(2.353333333333,0.75,-2.775557561563E-17));
#1618 = LINE('',#1619,#1620);
#1619 = CARTESIAN_POINT('',(2.28,0.75,0.));
#1620 = VECTOR('',#1621,1.);
#1621 = DIRECTION('',(1.,-3.445092848398E-16,0.));
#1622 = ORIENTED_EDGE('',*,*,#1623,.T.);
#1623 = EDGE_CURVE('',#1616,#1624,#1626,.T.);
#1624 = VERTEX_POINT('',#1625);
#1625 = CARTESIAN_POINT('',(2.353333333333,-0.75,-2.775557561563E-17));
#1626 = LINE('',#1627,#1628);
#1627 = CARTESIAN_POINT('',(2.353333333333,0.75,-2.775557561563E-17));
#1628 = VECTOR('',#1629,1.);
#1629 = DIRECTION('',(-3.445092848398E-16,-1.,0.));
#1630 = ORIENTED_EDGE('',*,*,#1631,.T.);
#1631 = EDGE_CURVE('',#1624,#1632,#1634,.T.);
#1632 = VERTEX_POINT('',#1633);
#1633 = CARTESIAN_POINT('',(1.14,-0.75,0.));
#1634 = LINE('',#1635,#1636);
#1635 = CARTESIAN_POINT('',(2.28,-0.75,0.));
#1636 = VECTOR('',#1637,1.);
#1637 = DIRECTION('',(-1.,3.445092848398E-16,0.));
#1638 = ORIENTED_EDGE('',*,*,#1639,.T.);
#1639 = EDGE_CURVE('',#1632,#1614,#1640,.T.);
#1640 = LINE('',#1641,#1642);
#1641 = CARTESIAN_POINT('',(1.14,-0.75,0.));
#1642 = VECTOR('',#1643,1.);
#1643 = DIRECTION('',(3.445092848398E-16,1.,0.));
#1644 = PLANE('',#1645);
#1645 = AXIS2_PLACEMENT_3D('',#1646,#1647,#1648);
#1646 = CARTESIAN_POINT('',(1.746666666667,-5.821951347626E-16,
    -7.671995716851E-18));
#1647 = DIRECTION('',(-1.332277103521E-17,5.237186372803E-33,-1.));
#1648 = DIRECTION('',(1.,-2.22044604925E-16,-1.332277103521E-17));
#1649 = ADVANCED_FACE('',(#1650),#1727,.T.);
#1650 = FACE_BOUND('',#1651,.T.);
#1651 = EDGE_LOOP('',(#1652,#1662,#1669,#1670,#1678,#1686,#1696,#1704,
    #1712,#1720));
#1652 = ORIENTED_EDGE('',*,*,#1653,.F.);
#1653 = EDGE_CURVE('',#1654,#1656,#1658,.T.);
#1654 = VERTEX_POINT('',#1655);
#1655 = CARTESIAN_POINT('',(2.5,0.75,0.146666666667));
#1656 = VERTEX_POINT('',#1657);
#1657 = CARTESIAN_POINT('',(2.5,0.75,0.842343333333));
#1658 = LINE('',#1659,#1660);
#1659 = CARTESIAN_POINT('',(2.5,0.75,0.));
#1660 = VECTOR('',#1661,1.);
#1661 = DIRECTION('',(0.,0.,1.));
#1662 = ORIENTED_EDGE('',*,*,#1663,.T.);
#1663 = EDGE_CURVE('',#1654,#1616,#1664,.T.);
#1664 = CIRCLE('',#1665,0.146666666667);
#1665 = AXIS2_PLACEMENT_3D('',#1666,#1667,#1668);
#1666 = CARTESIAN_POINT('',(2.353333333333,0.75,0.146666666667));
#1667 = DIRECTION('',(3.445092848398E-16,1.,-0.));
#1668 = DIRECTION('',(0.,0.,1.));
#1669 = ORIENTED_EDGE('',*,*,#1613,.F.);
#1670 = ORIENTED_EDGE('',*,*,#1671,.T.);
#1671 = EDGE_CURVE('',#1614,#1672,#1674,.T.);
#1672 = VERTEX_POINT('',#1673);
#1673 = CARTESIAN_POINT('',(1.14,0.75,0.22));
#1674 = LINE('',#1675,#1676);
#1675 = CARTESIAN_POINT('',(1.14,0.75,0.));
#1676 = VECTOR('',#1677,1.);
#1677 = DIRECTION('',(0.,0.,1.));
#1678 = ORIENTED_EDGE('',*,*,#1679,.F.);
#1679 = EDGE_CURVE('',#1680,#1672,#1682,.T.);
#1680 = VERTEX_POINT('',#1681);
#1681 = CARTESIAN_POINT('',(2.225259344883,0.75,0.22));
#1682 = LINE('',#1683,#1684);
#1683 = CARTESIAN_POINT('',(2.108163247245,0.75,0.22));
#1684 = VECTOR('',#1685,1.);
#1685 = DIRECTION('',(-1.,4.514825988711E-16,0.));
#1686 = ORIENTED_EDGE('',*,*,#1687,.T.);
#1687 = EDGE_CURVE('',#1680,#1688,#1690,.T.);
#1688 = VERTEX_POINT('',#1689);
#1689 = CARTESIAN_POINT('',(2.225413939802,0.75,0.2222));
#1690 = B_SPLINE_CURVE_WITH_KNOTS('',4,(#1691,#1692,#1693,#1694,#1695),
  .UNSPECIFIED.,.F.,.F.,(5,5),(0.,1.),.PIECEWISE_BEZIER_KNOTS.);
#1691 = CARTESIAN_POINT('',(2.225259344883,0.75,0.22));
#1692 = CARTESIAN_POINT('',(2.238768685756,0.75,0.412247910026));
#1693 = CARTESIAN_POINT('',(2.25227825666,0.75,0.604499093572));
#1694 = CARTESIAN_POINT('',(2.265788033788,0.75,0.796753211837));
#1695 = CARTESIAN_POINT('',(2.279297998531,0.75,0.98901));
#1696 = ORIENTED_EDGE('',*,*,#1697,.T.);
#1697 = EDGE_CURVE('',#1688,#1698,#1700,.T.);
#1698 = VERTEX_POINT('',#1699);
#1699 = CARTESIAN_POINT('',(2.28,0.75,0.2222));
#1700 = LINE('',#1701,#1702);
#1701 = CARTESIAN_POINT('',(1.14,0.75,0.2222));
#1702 = VECTOR('',#1703,1.);
#1703 = DIRECTION('',(1.,-3.445092848398E-16,0.));
#1704 = ORIENTED_EDGE('',*,*,#1705,.T.);
#1705 = EDGE_CURVE('',#1698,#1706,#1708,.T.);
#1706 = VERTEX_POINT('',#1707);
#1707 = CARTESIAN_POINT('',(2.28,0.75,0.98901));
#1708 = LINE('',#1709,#1710);
#1709 = CARTESIAN_POINT('',(2.28,0.75,0.));
#1710 = VECTOR('',#1711,1.);
#1711 = DIRECTION('',(0.,0.,1.));
#1712 = ORIENTED_EDGE('',*,*,#1713,.T.);
#1713 = EDGE_CURVE('',#1706,#1714,#1716,.T.);
#1714 = VERTEX_POINT('',#1715);
#1715 = CARTESIAN_POINT('',(2.353333333333,0.75,0.98901));
#1716 = LINE('',#1717,#1718);
#1717 = CARTESIAN_POINT('',(2.28,0.75,0.98901));
#1718 = VECTOR('',#1719,1.);
#1719 = DIRECTION('',(1.,-3.445092848398E-16,0.));
#1720 = ORIENTED_EDGE('',*,*,#1721,.F.);
#1721 = EDGE_CURVE('',#1656,#1714,#1722,.T.);
#1722 = CIRCLE('',#1723,0.146666666667);
#1723 = AXIS2_PLACEMENT_3D('',#1724,#1725,#1726);
#1724 = CARTESIAN_POINT('',(2.353333333333,0.75,0.842343333333));
#1725 = DIRECTION('',(-3.445092848398E-16,-1.,0.));
#1726 = DIRECTION('',(0.,0.,1.));
#1727 = PLANE('',#1728);
#1728 = AXIS2_PLACEMENT_3D('',#1729,#1730,#1731);
#1729 = CARTESIAN_POINT('',(1.991067149606,0.75,0.303091083877));
#1730 = DIRECTION('',(4.514825988711E-16,1.,5.822139933717E-17));
#1731 = DIRECTION('',(-1.,4.514825988711E-16,0.));
#1732 = ADVANCED_FACE('',(#1733),#1752,.T.);
#1733 = FACE_BOUND('',#1734,.T.);
#1734 = EDGE_LOOP('',(#1735,#1743,#1750,#1751));
#1735 = ORIENTED_EDGE('',*,*,#1736,.T.);
#1736 = EDGE_CURVE('',#1654,#1737,#1739,.T.);
#1737 = VERTEX_POINT('',#1738);
#1738 = CARTESIAN_POINT('',(2.5,-0.75,0.146666666667));
#1739 = LINE('',#1740,#1741);
#1740 = CARTESIAN_POINT('',(2.5,0.75,0.146666666667));
#1741 = VECTOR('',#1742,1.);
#1742 = DIRECTION('',(-3.445092848398E-16,-1.,0.));
#1743 = ORIENTED_EDGE('',*,*,#1744,.T.);
#1744 = EDGE_CURVE('',#1737,#1624,#1745,.T.);
#1745 = CIRCLE('',#1746,0.146666666667);
#1746 = AXIS2_PLACEMENT_3D('',#1747,#1748,#1749);
#1747 = CARTESIAN_POINT('',(2.353333333333,-0.75,0.146666666667));
#1748 = DIRECTION('',(3.445092848398E-16,1.,-0.));
#1749 = DIRECTION('',(0.,0.,1.));
#1750 = ORIENTED_EDGE('',*,*,#1623,.F.);
#1751 = ORIENTED_EDGE('',*,*,#1663,.F.);
#1752 = CYLINDRICAL_SURFACE('',#1753,0.146666666667);
#1753 = AXIS2_PLACEMENT_3D('',#1754,#1755,#1756);
#1754 = CARTESIAN_POINT('',(2.353333333333,0.75,0.146666666667));
#1755 = DIRECTION('',(-3.445092848398E-16,-1.,0.));
#1756 = DIRECTION('',(1.,-3.445092848398E-16,0.));
#1757 = ADVANCED_FACE('',(#1758),#1827,.T.);
#1758 = FACE_BOUND('',#1759,.T.);
#1759 = EDGE_LOOP('',(#1760,#1761,#1769,#1778,#1786,#1794,#1802,#1812,
    #1820,#1826));
#1760 = ORIENTED_EDGE('',*,*,#1744,.F.);
#1761 = ORIENTED_EDGE('',*,*,#1762,.T.);
#1762 = EDGE_CURVE('',#1737,#1763,#1765,.T.);
#1763 = VERTEX_POINT('',#1764);
#1764 = CARTESIAN_POINT('',(2.5,-0.75,0.842343333333));
#1765 = LINE('',#1766,#1767);
#1766 = CARTESIAN_POINT('',(2.5,-0.75,0.));
#1767 = VECTOR('',#1768,1.);
#1768 = DIRECTION('',(0.,0.,1.));
#1769 = ORIENTED_EDGE('',*,*,#1770,.T.);
#1770 = EDGE_CURVE('',#1763,#1771,#1773,.T.);
#1771 = VERTEX_POINT('',#1772);
#1772 = CARTESIAN_POINT('',(2.353333333333,-0.75,0.98901));
#1773 = CIRCLE('',#1774,0.146666666667);
#1774 = AXIS2_PLACEMENT_3D('',#1775,#1776,#1777);
#1775 = CARTESIAN_POINT('',(2.353333333333,-0.75,0.842343333333));
#1776 = DIRECTION('',(-3.445092848398E-16,-1.,0.));
#1777 = DIRECTION('',(0.,0.,1.));
#1778 = ORIENTED_EDGE('',*,*,#1779,.T.);
#1779 = EDGE_CURVE('',#1771,#1780,#1782,.T.);
#1780 = VERTEX_POINT('',#1781);
#1781 = CARTESIAN_POINT('',(2.28,-0.75,0.98901));
#1782 = LINE('',#1783,#1784);
#1783 = CARTESIAN_POINT('',(2.5,-0.75,0.98901));
#1784 = VECTOR('',#1785,1.);
#1785 = DIRECTION('',(-1.,3.445092848398E-16,0.));
#1786 = ORIENTED_EDGE('',*,*,#1787,.F.);
#1787 = EDGE_CURVE('',#1788,#1780,#1790,.T.);
#1788 = VERTEX_POINT('',#1789);
#1789 = CARTESIAN_POINT('',(2.28,-0.75,0.2222));
#1790 = LINE('',#1791,#1792);
#1791 = CARTESIAN_POINT('',(2.28,-0.75,0.));
#1792 = VECTOR('',#1793,1.);
#1793 = DIRECTION('',(0.,0.,1.));
#1794 = ORIENTED_EDGE('',*,*,#1795,.T.);
#1795 = EDGE_CURVE('',#1788,#1796,#1798,.T.);
#1796 = VERTEX_POINT('',#1797);
#1797 = CARTESIAN_POINT('',(2.225413939802,-0.75,0.2222));
#1798 = LINE('',#1799,#1800);
#1799 = CARTESIAN_POINT('',(2.28,-0.75,0.2222));
#1800 = VECTOR('',#1801,1.);
#1801 = DIRECTION('',(-1.,3.445092848398E-16,0.));
#1802 = ORIENTED_EDGE('',*,*,#1803,.F.);
#1803 = EDGE_CURVE('',#1804,#1796,#1806,.T.);
#1804 = VERTEX_POINT('',#1805);
#1805 = CARTESIAN_POINT('',(2.225259344883,-0.75,0.22));
#1806 = B_SPLINE_CURVE_WITH_KNOTS('',4,(#1807,#1808,#1809,#1810,#1811),
  .UNSPECIFIED.,.F.,.F.,(5,5),(0.,1.),.PIECEWISE_BEZIER_KNOTS.);
#1807 = CARTESIAN_POINT('',(2.225259344883,-0.75,0.22));
#1808 = CARTESIAN_POINT('',(2.238768685756,-0.75,0.412247910026));
#1809 = CARTESIAN_POINT('',(2.25227825666,-0.75,0.604499093572));
#1810 = CARTESIAN_POINT('',(2.265788033788,-0.75,0.796753211837));
#1811 = CARTESIAN_POINT('',(2.279297998531,-0.75,0.98901));
#1812 = ORIENTED_EDGE('',*,*,#1813,.F.);
#1813 = EDGE_CURVE('',#1814,#1804,#1816,.T.);
#1814 = VERTEX_POINT('',#1815);
#1815 = CARTESIAN_POINT('',(1.14,-0.75,0.22));
#1816 = LINE('',#1817,#1818);
#1817 = CARTESIAN_POINT('',(2.108163247245,-0.75,0.22));
#1818 = VECTOR('',#1819,1.);
#1819 = DIRECTION('',(1.,-2.844998265321E-16,-0.));
#1820 = ORIENTED_EDGE('',*,*,#1821,.F.);
#1821 = EDGE_CURVE('',#1632,#1814,#1822,.T.);
#1822 = LINE('',#1823,#1824);
#1823 = CARTESIAN_POINT('',(1.14,-0.75,0.));
#1824 = VECTOR('',#1825,1.);
#1825 = DIRECTION('',(0.,0.,1.));
#1826 = ORIENTED_EDGE('',*,*,#1631,.F.);
#1827 = PLANE('',#1828);
#1828 = AXIS2_PLACEMENT_3D('',#1829,#1830,#1831);
#1829 = CARTESIAN_POINT('',(1.991067149606,-0.75,0.303091083877));
#1830 = DIRECTION('',(-2.844998265321E-16,-1.,-7.396066644327E-17));
#1831 = DIRECTION('',(1.642256696039E-32,7.396066644327E-17,-1.));
#1832 = ADVANCED_FACE('',(#1833),#1844,.T.);
#1833 = FACE_BOUND('',#1834,.T.);
#1834 = EDGE_LOOP('',(#1835,#1836,#1837,#1843));
#1835 = ORIENTED_EDGE('',*,*,#1639,.F.);
#1836 = ORIENTED_EDGE('',*,*,#1821,.T.);
#1837 = ORIENTED_EDGE('',*,*,#1838,.F.);
#1838 = EDGE_CURVE('',#1672,#1814,#1839,.T.);
#1839 = LINE('',#1840,#1841);
#1840 = CARTESIAN_POINT('',(1.14,-1.022629672442,0.22));
#1841 = VECTOR('',#1842,1.);
#1842 = DIRECTION('',(-3.445092848398E-16,-1.,0.));
#1843 = ORIENTED_EDGE('',*,*,#1671,.F.);
#1844 = PLANE('',#1845);
#1845 = AXIS2_PLACEMENT_3D('',#1846,#1847,#1848);
#1846 = CARTESIAN_POINT('',(1.14,-0.75,0.));
#1847 = DIRECTION('',(-1.,3.445092848398E-16,0.));
#1848 = DIRECTION('',(3.445092848398E-16,1.,0.));
#1849 = ADVANCED_FACE('',(#1850),#1861,.T.);
#1850 = FACE_BOUND('',#1851,.T.);
#1851 = EDGE_LOOP('',(#1852,#1853,#1859,#1860));
#1852 = ORIENTED_EDGE('',*,*,#1653,.T.);
#1853 = ORIENTED_EDGE('',*,*,#1854,.T.);
#1854 = EDGE_CURVE('',#1656,#1763,#1855,.T.);
#1855 = LINE('',#1856,#1857);
#1856 = CARTESIAN_POINT('',(2.5,0.75,0.842343333333));
#1857 = VECTOR('',#1858,1.);
#1858 = DIRECTION('',(-3.445092848398E-16,-1.,0.));
#1859 = ORIENTED_EDGE('',*,*,#1762,.F.);
#1860 = ORIENTED_EDGE('',*,*,#1736,.F.);
#1861 = PLANE('',#1862);
#1862 = AXIS2_PLACEMENT_3D('',#1863,#1864,#1865);
#1863 = CARTESIAN_POINT('',(2.5,0.75,0.));
#1864 = DIRECTION('',(1.,-3.445092848398E-16,0.));
#1865 = DIRECTION('',(-3.445092848398E-16,-1.,0.));
#1866 = ADVANCED_FACE('',(#1867),#1878,.T.);
#1867 = FACE_BOUND('',#1868,.T.);
#1868 = EDGE_LOOP('',(#1869,#1870,#1876,#1877));
#1869 = ORIENTED_EDGE('',*,*,#1721,.T.);
#1870 = ORIENTED_EDGE('',*,*,#1871,.T.);
#1871 = EDGE_CURVE('',#1714,#1771,#1872,.T.);
#1872 = LINE('',#1873,#1874);
#1873 = CARTESIAN_POINT('',(2.353333333333,0.75,0.98901));
#1874 = VECTOR('',#1875,1.);
#1875 = DIRECTION('',(-3.445092848398E-16,-1.,0.));
#1876 = ORIENTED_EDGE('',*,*,#1770,.F.);
#1877 = ORIENTED_EDGE('',*,*,#1854,.F.);
#1878 = CYLINDRICAL_SURFACE('',#1879,0.146666666667);
#1879 = AXIS2_PLACEMENT_3D('',#1880,#1881,#1882);
#1880 = CARTESIAN_POINT('',(2.353333333333,0.75,0.842343333333));
#1881 = DIRECTION('',(-3.445092848398E-16,-1.,0.));
#1882 = DIRECTION('',(1.,-3.445092848398E-16,0.));
#1883 = ADVANCED_FACE('',(#1884),#1895,.F.);
#1884 = FACE_BOUND('',#1885,.F.);
#1885 = EDGE_LOOP('',(#1886,#1887,#1888,#1889));
#1886 = ORIENTED_EDGE('',*,*,#1713,.T.);
#1887 = ORIENTED_EDGE('',*,*,#1871,.T.);
#1888 = ORIENTED_EDGE('',*,*,#1779,.T.);
#1889 = ORIENTED_EDGE('',*,*,#1890,.T.);
#1890 = EDGE_CURVE('',#1780,#1706,#1891,.T.);
#1891 = LINE('',#1892,#1893);
#1892 = CARTESIAN_POINT('',(2.28,-0.75,0.98901));
#1893 = VECTOR('',#1894,1.);
#1894 = DIRECTION('',(3.445092848398E-16,1.,0.));
#1895 = PLANE('',#1896);
#1896 = AXIS2_PLACEMENT_3D('',#1897,#1898,#1899);
#1897 = CARTESIAN_POINT('',(2.39,-6.661338147751E-16,0.98901));
#1898 = DIRECTION('',(0.,0.,-1.));
#1899 = DIRECTION('',(3.445092848398E-16,1.,0.));
#1900 = ADVANCED_FACE('',(#1901),#1912,.T.);
#1901 = FACE_BOUND('',#1902,.T.);
#1902 = EDGE_LOOP('',(#1903,#1909,#1910,#1911));
#1903 = ORIENTED_EDGE('',*,*,#1904,.T.);
#1904 = EDGE_CURVE('',#1698,#1788,#1905,.T.);
#1905 = LINE('',#1906,#1907);
#1906 = CARTESIAN_POINT('',(2.28,0.75,0.2222));
#1907 = VECTOR('',#1908,1.);
#1908 = DIRECTION('',(-3.445092848398E-16,-1.,0.));
#1909 = ORIENTED_EDGE('',*,*,#1787,.T.);
#1910 = ORIENTED_EDGE('',*,*,#1890,.T.);
#1911 = ORIENTED_EDGE('',*,*,#1705,.F.);
#1912 = PLANE('',#1913);
#1913 = AXIS2_PLACEMENT_3D('',#1914,#1915,#1916);
#1914 = CARTESIAN_POINT('',(2.28,-0.75,0.));
#1915 = DIRECTION('',(-1.,3.445092848398E-16,0.));
#1916 = DIRECTION('',(3.445092848398E-16,1.,0.));
#1917 = ADVANCED_FACE('',(#1918),#1928,.F.);
#1918 = FACE_BOUND('',#1919,.F.);
#1919 = EDGE_LOOP('',(#1920,#1925,#1926,#1927));
#1920 = ORIENTED_EDGE('',*,*,#1921,.F.);
#1921 = EDGE_CURVE('',#1688,#1796,#1922,.T.);
#1922 = B_SPLINE_CURVE_WITH_KNOTS('',1,(#1923,#1924),.UNSPECIFIED.,.F.,
  .F.,(2,2),(0.,1.),.PIECEWISE_BEZIER_KNOTS.);
#1923 = CARTESIAN_POINT('',(2.225413939802,0.75,0.2222));
#1924 = CARTESIAN_POINT('',(2.225413939802,-0.75,0.2222));
#1925 = ORIENTED_EDGE('',*,*,#1697,.T.);
#1926 = ORIENTED_EDGE('',*,*,#1904,.T.);
#1927 = ORIENTED_EDGE('',*,*,#1795,.T.);
#1928 = PLANE('',#1929);
#1929 = AXIS2_PLACEMENT_3D('',#1930,#1931,#1932);
#1930 = CARTESIAN_POINT('',(1.71,-5.551115123126E-16,0.2222));
#1931 = DIRECTION('',(0.,0.,-1.));
#1932 = DIRECTION('',(3.445092848398E-16,1.,0.));
#1933 = ADVANCED_FACE('',(#1934),#1975,.T.);
#1934 = FACE_BOUND('',#1935,.T.);
#1935 = EDGE_LOOP('',(#1936,#1945,#1951,#1952,#1953,#1954,#1962,#1969));
#1936 = ORIENTED_EDGE('',*,*,#1937,.F.);
#1937 = EDGE_CURVE('',#1938,#1940,#1942,.T.);
#1938 = VERTEX_POINT('',#1939);
#1939 = CARTESIAN_POINT('',(2.225259344883,-1.295259344883,0.22));
#1940 = VERTEX_POINT('',#1941);
#1941 = CARTESIAN_POINT('',(2.28,-1.35,0.999));
#1942 = B_SPLINE_CURVE_WITH_KNOTS('',1,(#1943,#1944),.UNSPECIFIED.,.F.,
  .F.,(2,2),(0.,1.),.PIECEWISE_BEZIER_KNOTS.);
#1943 = CARTESIAN_POINT('',(2.225259344883,-1.295259344883,0.22));
#1944 = CARTESIAN_POINT('',(2.28,-1.35,0.999));
#1945 = ORIENTED_EDGE('',*,*,#1946,.T.);
#1946 = EDGE_CURVE('',#1938,#1804,#1947,.T.);
#1947 = LINE('',#1948,#1949);
#1948 = CARTESIAN_POINT('',(2.225259344883,-1.295259344883,0.22));
#1949 = VECTOR('',#1950,1.);
#1950 = DIRECTION('',(2.22044604925E-16,1.,0.));
#1951 = ORIENTED_EDGE('',*,*,#1803,.T.);
#1952 = ORIENTED_EDGE('',*,*,#1921,.F.);
#1953 = ORIENTED_EDGE('',*,*,#1687,.F.);
#1954 = ORIENTED_EDGE('',*,*,#1955,.T.);
#1955 = EDGE_CURVE('',#1680,#1956,#1958,.T.);
#1956 = VERTEX_POINT('',#1957);
#1957 = CARTESIAN_POINT('',(2.225259344883,1.295259344883,0.22));
#1958 = LINE('',#1959,#1960);
#1959 = CARTESIAN_POINT('',(2.225259344883,-1.295259344883,0.22));
#1960 = VECTOR('',#1961,1.);
#1961 = DIRECTION('',(2.22044604925E-16,1.,0.));
#1962 = ORIENTED_EDGE('',*,*,#1963,.T.);
#1963 = EDGE_CURVE('',#1956,#1964,#1966,.T.);
#1964 = VERTEX_POINT('',#1965);
#1965 = CARTESIAN_POINT('',(2.28,1.35,0.999));
#1966 = B_SPLINE_CURVE_WITH_KNOTS('',1,(#1967,#1968),.UNSPECIFIED.,.F.,
  .F.,(2,2),(0.,1.),.PIECEWISE_BEZIER_KNOTS.);
#1967 = CARTESIAN_POINT('',(2.225259344883,1.295259344883,0.22));
#1968 = CARTESIAN_POINT('',(2.28,1.35,0.999));
#1969 = ORIENTED_EDGE('',*,*,#1970,.F.);
#1970 = EDGE_CURVE('',#1940,#1964,#1971,.T.);
#1971 = LINE('',#1972,#1973);
#1972 = CARTESIAN_POINT('',(2.28,-1.35,0.999));
#1973 = VECTOR('',#1974,1.);
#1974 = DIRECTION('',(2.22044604925E-16,1.,0.));
#1975 = B_SPLINE_SURFACE_WITH_KNOTS('',1,1,(
    (#1976,#1977)
    ,(#1978,#1979
    )),.UNSPECIFIED.,.F.,.F.,.F.,(2,2),(2,2),(0.,2.7),(0.,1.),
  .PIECEWISE_BEZIER_KNOTS.);
#1976 = CARTESIAN_POINT('',(2.225259344883,-1.295259344883,0.22));
#1977 = CARTESIAN_POINT('',(2.28,-1.35,0.999));
#1978 = CARTESIAN_POINT('',(2.225259344883,1.295259344883,0.22));
#1979 = CARTESIAN_POINT('',(2.28,1.35,0.999));
#1980 = ADVANCED_FACE('',(#1981),#2010,.T.);
#1981 = FACE_BOUND('',#1982,.T.);
#1982 = EDGE_LOOP('',(#1983,#1984,#1992,#2000,#2006,#2007,#2008,#2009));
#1983 = ORIENTED_EDGE('',*,*,#1946,.F.);
#1984 = ORIENTED_EDGE('',*,*,#1985,.F.);
#1985 = EDGE_CURVE('',#1986,#1938,#1988,.T.);
#1986 = VERTEX_POINT('',#1987);
#1987 = CARTESIAN_POINT('',(1.1,-1.295259344883,0.22));
#1988 = LINE('',#1989,#1990);
#1989 = CARTESIAN_POINT('',(-2.225259344883,-1.295259344883,0.22));
#1990 = VECTOR('',#1991,1.);
#1991 = DIRECTION('',(1.,-2.22044604925E-16,0.));
#1992 = ORIENTED_EDGE('',*,*,#1993,.T.);
#1993 = EDGE_CURVE('',#1986,#1994,#1996,.T.);
#1994 = VERTEX_POINT('',#1995);
#1995 = CARTESIAN_POINT('',(1.1,1.295259344883,0.22));
#1996 = LINE('',#1997,#1998);
#1997 = CARTESIAN_POINT('',(1.1,-1.295259344883,0.22));
#1998 = VECTOR('',#1999,1.);
#1999 = DIRECTION('',(2.22044604925E-16,1.,0.));
#2000 = ORIENTED_EDGE('',*,*,#2001,.F.);
#2001 = EDGE_CURVE('',#1956,#1994,#2002,.T.);
#2002 = LINE('',#2003,#2004);
#2003 = CARTESIAN_POINT('',(2.225259344883,1.295259344883,0.22));
#2004 = VECTOR('',#2005,1.);
#2005 = DIRECTION('',(-1.,2.22044604925E-16,0.));
#2006 = ORIENTED_EDGE('',*,*,#1955,.F.);
#2007 = ORIENTED_EDGE('',*,*,#1679,.T.);
#2008 = ORIENTED_EDGE('',*,*,#1838,.T.);
#2009 = ORIENTED_EDGE('',*,*,#1813,.T.);
#2010 = PLANE('',#2011);
#2011 = AXIS2_PLACEMENT_3D('',#2012,#2013,#2014);
#2012 = CARTESIAN_POINT('',(2.225259344883,-1.295259344883,0.22));
#2013 = DIRECTION('',(0.,0.,-1.));
#2014 = DIRECTION('',(-0.864253276514,0.503056929218,0.));
#2015 = ADVANCED_FACE('',(#2016),#2049,.T.);
#2016 = FACE_BOUND('',#2017,.T.);
#2017 = EDGE_LOOP('',(#2018,#2028,#2034,#2035,#2036,#2044));
#2018 = ORIENTED_EDGE('',*,*,#2019,.T.);
#2019 = EDGE_CURVE('',#2020,#2022,#2024,.T.);
#2020 = VERTEX_POINT('',#2021);
#2021 = CARTESIAN_POINT('',(-2.225259344883,-1.295259344883,0.22));
#2022 = VERTEX_POINT('',#2023);
#2023 = CARTESIAN_POINT('',(-1.1,-1.295259344883,0.22));
#2024 = LINE('',#2025,#2026);
#2025 = CARTESIAN_POINT('',(-2.225259344883,-1.295259344883,0.22));
#2026 = VECTOR('',#2027,1.);
#2027 = DIRECTION('',(1.,-2.22044604925E-16,0.));
#2028 = ORIENTED_EDGE('',*,*,#2029,.T.);
#2029 = EDGE_CURVE('',#2022,#1986,#2030,.T.);
#2030 = LINE('',#2031,#2032);
#2031 = CARTESIAN_POINT('',(-1.1,-1.295259344883,0.22));
#2032 = VECTOR('',#2033,1.);
#2033 = DIRECTION('',(1.,-2.22044604925E-16,0.));
#2034 = ORIENTED_EDGE('',*,*,#1985,.T.);
#2035 = ORIENTED_EDGE('',*,*,#1937,.T.);
#2036 = ORIENTED_EDGE('',*,*,#2037,.F.);
#2037 = EDGE_CURVE('',#2038,#1940,#2040,.T.);
#2038 = VERTEX_POINT('',#2039);
#2039 = CARTESIAN_POINT('',(-2.28,-1.35,0.999));
#2040 = LINE('',#2041,#2042);
#2041 = CARTESIAN_POINT('',(-2.28,-1.35,0.999));
#2042 = VECTOR('',#2043,1.);
#2043 = DIRECTION('',(1.,-2.22044604925E-16,0.));
#2044 = ORIENTED_EDGE('',*,*,#2045,.F.);
#2045 = EDGE_CURVE('',#2020,#2038,#2046,.T.);
#2046 = B_SPLINE_CURVE_WITH_KNOTS('',1,(#2047,#2048),.UNSPECIFIED.,.F.,
  .F.,(2,2),(0.,1.),.PIECEWISE_BEZIER_KNOTS.);
#2047 = CARTESIAN_POINT('',(-2.225259344883,-1.295259344883,0.22));
#2048 = CARTESIAN_POINT('',(-2.28,-1.35,0.999));
#2049 = B_SPLINE_SURFACE_WITH_KNOTS('',1,1,(
    (#2050,#2051)
    ,(#2052,#2053
    )),.UNSPECIFIED.,.F.,.F.,.F.,(2,2),(2,2),(0.,4.56),(0.,1.),
  .PIECEWISE_BEZIER_KNOTS.);
#2050 = CARTESIAN_POINT('',(-2.225259344883,-1.295259344883,0.22));
#2051 = CARTESIAN_POINT('',(-2.28,-1.35,0.999));
#2052 = CARTESIAN_POINT('',(2.225259344883,-1.295259344883,0.22));
#2053 = CARTESIAN_POINT('',(2.28,-1.35,0.999));
#2054 = ADVANCED_FACE('',(#2055),#2078,.T.);
#2055 = FACE_BOUND('',#2056,.T.);
#2056 = EDGE_LOOP('',(#2057,#2058,#2065,#2073));
#2057 = ORIENTED_EDGE('',*,*,#1970,.T.);
#2058 = ORIENTED_EDGE('',*,*,#2059,.T.);
#2059 = EDGE_CURVE('',#1964,#2060,#2062,.T.);
#2060 = VERTEX_POINT('',#2061);
#2061 = CARTESIAN_POINT('',(2.194199820414,1.264199820414,2.22));
#2062 = B_SPLINE_CURVE_WITH_KNOTS('',1,(#2063,#2064),.UNSPECIFIED.,.F.,
  .F.,(2,2),(0.,1.),.PIECEWISE_BEZIER_KNOTS.);
#2063 = CARTESIAN_POINT('',(2.28,1.35,0.999));
#2064 = CARTESIAN_POINT('',(2.194199820414,1.264199820414,2.22));
#2065 = ORIENTED_EDGE('',*,*,#2066,.F.);
#2066 = EDGE_CURVE('',#2067,#2060,#2069,.T.);
#2067 = VERTEX_POINT('',#2068);
#2068 = CARTESIAN_POINT('',(2.194199820414,-1.264199820414,2.22));
#2069 = LINE('',#2070,#2071);
#2070 = CARTESIAN_POINT('',(2.194199820414,-1.264199820414,2.22));
#2071 = VECTOR('',#2072,1.);
#2072 = DIRECTION('',(2.22044604925E-16,1.,0.));
#2073 = ORIENTED_EDGE('',*,*,#2074,.F.);
#2074 = EDGE_CURVE('',#1940,#2067,#2075,.T.);
#2075 = B_SPLINE_CURVE_WITH_KNOTS('',1,(#2076,#2077),.UNSPECIFIED.,.F.,
  .F.,(2,2),(0.,1.),.PIECEWISE_BEZIER_KNOTS.);
#2076 = CARTESIAN_POINT('',(2.28,-1.35,0.999));
#2077 = CARTESIAN_POINT('',(2.194199820414,-1.264199820414,2.22));
#2078 = B_SPLINE_SURFACE_WITH_KNOTS('',1,1,(
    (#2079,#2080)
    ,(#2081,#2082
    )),.UNSPECIFIED.,.F.,.F.,.F.,(2,2),(2,2),(0.,2.7),(0.,1.),
  .PIECEWISE_BEZIER_KNOTS.);
#2079 = CARTESIAN_POINT('',(2.28,-1.35,0.999));
#2080 = CARTESIAN_POINT('',(2.194199820414,-1.264199820414,2.22));
#2081 = CARTESIAN_POINT('',(2.28,1.35,0.999));
#2082 = CARTESIAN_POINT('',(2.194199820414,1.264199820414,2.22));
#2083 = ADVANCED_FACE('',(#2084),#2117,.T.);
#2084 = FACE_BOUND('',#2085,.T.);
#2085 = EDGE_LOOP('',(#2086,#2087,#2095,#2103,#2110,#2116));
#2086 = ORIENTED_EDGE('',*,*,#2001,.T.);
#2087 = ORIENTED_EDGE('',*,*,#2088,.T.);
#2088 = EDGE_CURVE('',#1994,#2089,#2091,.T.);
#2089 = VERTEX_POINT('',#2090);
#2090 = CARTESIAN_POINT('',(-1.1,1.295259344883,0.22));
#2091 = LINE('',#2092,#2093);
#2092 = CARTESIAN_POINT('',(1.1,1.295259344883,0.22));
#2093 = VECTOR('',#2094,1.);
#2094 = DIRECTION('',(-1.,2.22044604925E-16,0.));
#2095 = ORIENTED_EDGE('',*,*,#2096,.T.);
#2096 = EDGE_CURVE('',#2089,#2097,#2099,.T.);
#2097 = VERTEX_POINT('',#2098);
#2098 = CARTESIAN_POINT('',(-2.225259344883,1.295259344883,0.22));
#2099 = LINE('',#2100,#2101);
#2100 = CARTESIAN_POINT('',(2.225259344883,1.295259344883,0.22));
#2101 = VECTOR('',#2102,1.);
#2102 = DIRECTION('',(-1.,2.22044604925E-16,0.));
#2103 = ORIENTED_EDGE('',*,*,#2104,.T.);
#2104 = EDGE_CURVE('',#2097,#2105,#2107,.T.);
#2105 = VERTEX_POINT('',#2106);
#2106 = CARTESIAN_POINT('',(-2.28,1.35,0.999));
#2107 = B_SPLINE_CURVE_WITH_KNOTS('',1,(#2108,#2109),.UNSPECIFIED.,.F.,
  .F.,(2,2),(0.,1.),.PIECEWISE_BEZIER_KNOTS.);
#2108 = CARTESIAN_POINT('',(-2.225259344883,1.295259344883,0.22));
#2109 = CARTESIAN_POINT('',(-2.28,1.35,0.999));
#2110 = ORIENTED_EDGE('',*,*,#2111,.F.);
#2111 = EDGE_CURVE('',#1964,#2105,#2112,.T.);
#2112 = LINE('',#2113,#2114);
#2113 = CARTESIAN_POINT('',(2.28,1.35,0.999));
#2114 = VECTOR('',#2115,1.);
#2115 = DIRECTION('',(-1.,2.22044604925E-16,0.));
#2116 = ORIENTED_EDGE('',*,*,#1963,.F.);
#2117 = B_SPLINE_SURFACE_WITH_KNOTS('',1,1,(
    (#2118,#2119)
    ,(#2120,#2121
    )),.UNSPECIFIED.,.F.,.F.,.F.,(2,2),(2,2),(0.,4.56),(0.,1.),
  .PIECEWISE_BEZIER_KNOTS.);
#2118 = CARTESIAN_POINT('',(2.225259344883,1.295259344883,0.22));
#2119 = CARTESIAN_POINT('',(2.28,1.35,0.999));
#2120 = CARTESIAN_POINT('',(-2.225259344883,1.295259344883,0.22));
#2121 = CARTESIAN_POINT('',(-2.28,1.35,0.999));
#2122 = ADVANCED_FACE('',(#2123),#2146,.T.);
#2123 = FACE_BOUND('',#2124,.T.);
#2124 = EDGE_LOOP('',(#2125,#2135,#2140,#2141));
#2125 = ORIENTED_EDGE('',*,*,#2126,.T.);
#2126 = EDGE_CURVE('',#2127,#2129,#2131,.T.);
#2127 = VERTEX_POINT('',#2128);
#2128 = CARTESIAN_POINT('',(1.1,-1.279799853066,0.));
#2129 = VERTEX_POINT('',#2130);
#2130 = CARTESIAN_POINT('',(1.1,1.279799853066,0.));
#2131 = LINE('',#2132,#2133);
#2132 = CARTESIAN_POINT('',(1.1,-1.279799853066,0.));
#2133 = VECTOR('',#2134,1.);
#2134 = DIRECTION('',(2.22044604925E-16,1.,0.));
#2135 = ORIENTED_EDGE('',*,*,#2136,.T.);
#2136 = EDGE_CURVE('',#2129,#1994,#2137,.T.);
#2137 = B_SPLINE_CURVE_WITH_KNOTS('',1,(#2138,#2139),.UNSPECIFIED.,.F.,
  .F.,(2,2),(0.,1.),.PIECEWISE_BEZIER_KNOTS.);
#2138 = CARTESIAN_POINT('',(1.1,1.279799853066,0.));
#2139 = CARTESIAN_POINT('',(1.1,1.295259344883,0.22));
#2140 = ORIENTED_EDGE('',*,*,#1993,.F.);
#2141 = ORIENTED_EDGE('',*,*,#2142,.F.);
#2142 = EDGE_CURVE('',#2127,#1986,#2143,.T.);
#2143 = B_SPLINE_CURVE_WITH_KNOTS('',1,(#2144,#2145),.UNSPECIFIED.,.F.,
  .F.,(2,2),(0.,1.),.PIECEWISE_BEZIER_KNOTS.);
#2144 = CARTESIAN_POINT('',(1.1,-1.279799853066,0.));
#2145 = CARTESIAN_POINT('',(1.1,-1.295259344883,0.22));
#2146 = B_SPLINE_SURFACE_WITH_KNOTS('',1,1,(
    (#2147,#2148)
    ,(#2149,#2150
    )),.UNSPECIFIED.,.F.,.F.,.F.,(2,2),(2,2),(0.,2.590518689767),(0.,1.)
  ,.PIECEWISE_BEZIER_KNOTS.);
#2147 = CARTESIAN_POINT('',(1.1,-1.279799853066,0.));
#2148 = CARTESIAN_POINT('',(1.1,-1.295259344883,0.22));
#2149 = CARTESIAN_POINT('',(1.1,1.279799853066,0.));
#2150 = CARTESIAN_POINT('',(1.1,1.295259344883,0.22));
#2151 = ADVANCED_FACE('',(#2152),#2200,.T.);
#2152 = FACE_BOUND('',#2153,.T.);
#2153 = EDGE_LOOP('',(#2154,#2155,#2161,#2162,#2170,#2178,#2186,#2194));
#2154 = ORIENTED_EDGE('',*,*,#2096,.F.);
#2155 = ORIENTED_EDGE('',*,*,#2156,.T.);
#2156 = EDGE_CURVE('',#2089,#2022,#2157,.T.);
#2157 = LINE('',#2158,#2159);
#2158 = CARTESIAN_POINT('',(-1.1,1.295259344883,0.22));
#2159 = VECTOR('',#2160,1.);
#2160 = DIRECTION('',(-2.22044604925E-16,-1.,0.));
#2161 = ORIENTED_EDGE('',*,*,#2019,.F.);
#2162 = ORIENTED_EDGE('',*,*,#2163,.F.);
#2163 = EDGE_CURVE('',#2164,#2020,#2166,.T.);
#2164 = VERTEX_POINT('',#2165);
#2165 = CARTESIAN_POINT('',(-2.225259344883,-0.75,0.22));
#2166 = LINE('',#2167,#2168);
#2167 = CARTESIAN_POINT('',(-2.225259344883,1.295259344883,0.22));
#2168 = VECTOR('',#2169,1.);
#2169 = DIRECTION('',(-2.22044604925E-16,-1.,0.));
#2170 = ORIENTED_EDGE('',*,*,#2171,.T.);
#2171 = EDGE_CURVE('',#2164,#2172,#2174,.T.);
#2172 = VERTEX_POINT('',#2173);
#2173 = CARTESIAN_POINT('',(-1.14,-0.75,0.22));
#2174 = LINE('',#2175,#2176);
#2175 = CARTESIAN_POINT('',(0.117096097639,-0.75,0.22));
#2176 = VECTOR('',#2177,1.);
#2177 = DIRECTION('',(1.,-2.22044604925E-16,0.));
#2178 = ORIENTED_EDGE('',*,*,#2179,.T.);
#2179 = EDGE_CURVE('',#2172,#2180,#2182,.T.);
#2180 = VERTEX_POINT('',#2181);
#2181 = CARTESIAN_POINT('',(-1.14,0.75,0.22));
#2182 = LINE('',#2183,#2184);
#2183 = CARTESIAN_POINT('',(-1.14,-0.272629672442,0.22));
#2184 = VECTOR('',#2185,1.);
#2185 = DIRECTION('',(2.22044604925E-16,1.,0.));
#2186 = ORIENTED_EDGE('',*,*,#2187,.T.);
#2187 = EDGE_CURVE('',#2180,#2188,#2190,.T.);
#2188 = VERTEX_POINT('',#2189);
#2189 = CARTESIAN_POINT('',(-2.225259344883,0.75,0.22));
#2190 = LINE('',#2191,#2192);
#2191 = CARTESIAN_POINT('',(0.117096097639,0.75,0.22));
#2192 = VECTOR('',#2193,1.);
#2193 = DIRECTION('',(-1.,2.22044604925E-16,0.));
#2194 = ORIENTED_EDGE('',*,*,#2195,.F.);
#2195 = EDGE_CURVE('',#2097,#2188,#2196,.T.);
#2196 = LINE('',#2197,#2198);
#2197 = CARTESIAN_POINT('',(-2.225259344883,1.295259344883,0.22));
#2198 = VECTOR('',#2199,1.);
#2199 = DIRECTION('',(-2.22044604925E-16,-1.,0.));
#2200 = PLANE('',#2201);
#2201 = AXIS2_PLACEMENT_3D('',#2202,#2203,#2204);
#2202 = CARTESIAN_POINT('',(2.225259344883,-1.295259344883,0.22));
#2203 = DIRECTION('',(0.,0.,-1.));
#2204 = DIRECTION('',(-0.864253276514,0.503056929218,0.));
#2205 = ADVANCED_FACE('',(#2206),#2243,.T.);
#2206 = FACE_BOUND('',#2207,.T.);
#2207 = EDGE_LOOP('',(#2208,#2209,#2210,#2220,#2227,#2235,#2236,#2237));
#2208 = ORIENTED_EDGE('',*,*,#2104,.F.);
#2209 = ORIENTED_EDGE('',*,*,#2195,.T.);
#2210 = ORIENTED_EDGE('',*,*,#2211,.T.);
#2211 = EDGE_CURVE('',#2188,#2212,#2214,.T.);
#2212 = VERTEX_POINT('',#2213);
#2213 = CARTESIAN_POINT('',(-2.225413939802,0.75,0.2222));
#2214 = B_SPLINE_CURVE_WITH_KNOTS('',4,(#2215,#2216,#2217,#2218,#2219),
  .UNSPECIFIED.,.F.,.F.,(5,5),(0.,1.),.PIECEWISE_BEZIER_KNOTS.);
#2215 = CARTESIAN_POINT('',(-2.225259344883,0.75,0.22));
#2216 = CARTESIAN_POINT('',(-2.238768685756,0.75,0.412247910026));
#2217 = CARTESIAN_POINT('',(-2.25227825666,0.75,0.604499093572));
#2218 = CARTESIAN_POINT('',(-2.265788033788,0.75,0.796753211837));
#2219 = CARTESIAN_POINT('',(-2.279297998531,0.75,0.98901));
#2220 = ORIENTED_EDGE('',*,*,#2221,.F.);
#2221 = EDGE_CURVE('',#2222,#2212,#2224,.T.);
#2222 = VERTEX_POINT('',#2223);
#2223 = CARTESIAN_POINT('',(-2.225413939802,-0.75,0.2222));
#2224 = B_SPLINE_CURVE_WITH_KNOTS('',1,(#2225,#2226),.UNSPECIFIED.,.F.,
  .F.,(2,2),(0.,1.),.PIECEWISE_BEZIER_KNOTS.);
#2225 = CARTESIAN_POINT('',(-2.225413939802,-0.75,0.2222));
#2226 = CARTESIAN_POINT('',(-2.225413939802,0.75,0.2222));
#2227 = ORIENTED_EDGE('',*,*,#2228,.F.);
#2228 = EDGE_CURVE('',#2164,#2222,#2229,.T.);
#2229 = B_SPLINE_CURVE_WITH_KNOTS('',4,(#2230,#2231,#2232,#2233,#2234),
  .UNSPECIFIED.,.F.,.F.,(5,5),(0.,1.),.PIECEWISE_BEZIER_KNOTS.);
#2230 = CARTESIAN_POINT('',(-2.225259344883,-0.75,0.22));
#2231 = CARTESIAN_POINT('',(-2.238768685756,-0.75,0.412247910026));
#2232 = CARTESIAN_POINT('',(-2.25227825666,-0.75,0.604499093572));
#2233 = CARTESIAN_POINT('',(-2.265788033788,-0.75,0.796753211837));
#2234 = CARTESIAN_POINT('',(-2.279297998531,-0.75,0.98901));
#2235 = ORIENTED_EDGE('',*,*,#2163,.T.);
#2236 = ORIENTED_EDGE('',*,*,#2045,.T.);
#2237 = ORIENTED_EDGE('',*,*,#2238,.F.);
#2238 = EDGE_CURVE('',#2105,#2038,#2239,.T.);
#2239 = LINE('',#2240,#2241);
#2240 = CARTESIAN_POINT('',(-2.28,1.35,0.999));
#2241 = VECTOR('',#2242,1.);
#2242 = DIRECTION('',(-2.22044604925E-16,-1.,0.));
#2243 = B_SPLINE_SURFACE_WITH_KNOTS('',1,1,(
    (#2244,#2245)
    ,(#2246,#2247
    )),.UNSPECIFIED.,.F.,.F.,.F.,(2,2),(2,2),(0.,2.7),(0.,1.),
  .PIECEWISE_BEZIER_KNOTS.);
#2244 = CARTESIAN_POINT('',(-2.225259344883,1.295259344883,0.22));
#2245 = CARTESIAN_POINT('',(-2.28,1.35,0.999));
#2246 = CARTESIAN_POINT('',(-2.225259344883,-1.295259344883,0.22));
#2247 = CARTESIAN_POINT('',(-2.28,-1.35,0.999));
#2248 = ADVANCED_FACE('',(#2249),#2266,.T.);
#2249 = FACE_BOUND('',#2250,.T.);
#2250 = EDGE_LOOP('',(#2251,#2259,#2260,#2261));
#2251 = ORIENTED_EDGE('',*,*,#2252,.T.);
#2252 = EDGE_CURVE('',#2253,#2127,#2255,.T.);
#2253 = VERTEX_POINT('',#2254);
#2254 = CARTESIAN_POINT('',(-1.1,-1.279799853066,0.));
#2255 = LINE('',#2256,#2257);
#2256 = CARTESIAN_POINT('',(-1.1,-1.279799853066,0.));
#2257 = VECTOR('',#2258,1.);
#2258 = DIRECTION('',(1.,-2.22044604925E-16,0.));
#2259 = ORIENTED_EDGE('',*,*,#2142,.T.);
#2260 = ORIENTED_EDGE('',*,*,#2029,.F.);
#2261 = ORIENTED_EDGE('',*,*,#2262,.F.);
#2262 = EDGE_CURVE('',#2253,#2022,#2263,.T.);
#2263 = B_SPLINE_CURVE_WITH_KNOTS('',1,(#2264,#2265),.UNSPECIFIED.,.F.,
  .F.,(2,2),(0.,1.),.PIECEWISE_BEZIER_KNOTS.);
#2264 = CARTESIAN_POINT('',(-1.1,-1.279799853066,0.));
#2265 = CARTESIAN_POINT('',(-1.1,-1.295259344883,0.22));
#2266 = PLANE('',#2267);
#2267 = AXIS2_PLACEMENT_3D('',#2268,#2269,#2270);
#2268 = CARTESIAN_POINT('',(-1.1,-1.295259344883,0.22));
#2269 = DIRECTION('',(-2.214984063823E-16,-0.997540140447,
    -7.009756199374E-02));
#2270 = DIRECTION('',(1.,-2.22044604925E-16,-1.177128382009E-30));
#2271 = ADVANCED_FACE('',(#2272),#2289,.T.);
#2272 = FACE_BOUND('',#2273,.T.);
#2273 = EDGE_LOOP('',(#2274,#2275,#2276,#2284));
#2274 = ORIENTED_EDGE('',*,*,#2037,.T.);
#2275 = ORIENTED_EDGE('',*,*,#2074,.T.);
#2276 = ORIENTED_EDGE('',*,*,#2277,.F.);
#2277 = EDGE_CURVE('',#2278,#2067,#2280,.T.);
#2278 = VERTEX_POINT('',#2279);
#2279 = CARTESIAN_POINT('',(-2.194199820414,-1.264199820414,2.22));
#2280 = LINE('',#2281,#2282);
#2281 = CARTESIAN_POINT('',(-2.194199820414,-1.264199820414,2.22));
#2282 = VECTOR('',#2283,1.);
#2283 = DIRECTION('',(1.,-2.22044604925E-16,0.));
#2284 = ORIENTED_EDGE('',*,*,#2285,.F.);
#2285 = EDGE_CURVE('',#2038,#2278,#2286,.T.);
#2286 = B_SPLINE_CURVE_WITH_KNOTS('',1,(#2287,#2288),.UNSPECIFIED.,.F.,
  .F.,(2,2),(0.,1.),.PIECEWISE_BEZIER_KNOTS.);
#2287 = CARTESIAN_POINT('',(-2.28,-1.35,0.999));
#2288 = CARTESIAN_POINT('',(-2.194199820414,-1.264199820414,2.22));
#2289 = B_SPLINE_SURFACE_WITH_KNOTS('',1,1,(
    (#2290,#2291)
    ,(#2292,#2293
    )),.UNSPECIFIED.,.F.,.F.,.F.,(2,2),(2,2),(0.,4.56),(0.,1.),
  .PIECEWISE_BEZIER_KNOTS.);
#2290 = CARTESIAN_POINT('',(-2.28,-1.35,0.999));
#2291 = CARTESIAN_POINT('',(-2.194199820414,-1.264199820414,2.22));
#2292 = CARTESIAN_POINT('',(2.28,-1.35,0.999));
#2293 = CARTESIAN_POINT('',(2.194199820414,-1.264199820414,2.22));
#2294 = ADVANCED_FACE('',(#2295),#2312,.T.);
#2295 = FACE_BOUND('',#2296,.T.);
#2296 = EDGE_LOOP('',(#2297,#2298,#2305,#2311));
#2297 = ORIENTED_EDGE('',*,*,#2111,.T.);
#2298 = ORIENTED_EDGE('',*,*,#2299,.T.);
#2299 = EDGE_CURVE('',#2105,#2300,#2302,.T.);
#2300 = VERTEX_POINT('',#2301);
#2301 = CARTESIAN_POINT('',(-2.194199820414,1.264199820414,2.22));
#2302 = B_SPLINE_CURVE_WITH_KNOTS('',1,(#2303,#2304),.UNSPECIFIED.,.F.,
  .F.,(2,2),(0.,1.),.PIECEWISE_BEZIER_KNOTS.);
#2303 = CARTESIAN_POINT('',(-2.28,1.35,0.999));
#2304 = CARTESIAN_POINT('',(-2.194199820414,1.264199820414,2.22));
#2305 = ORIENTED_EDGE('',*,*,#2306,.F.);
#2306 = EDGE_CURVE('',#2060,#2300,#2307,.T.);
#2307 = LINE('',#2308,#2309);
#2308 = CARTESIAN_POINT('',(2.194199820414,1.264199820414,2.22));
#2309 = VECTOR('',#2310,1.);
#2310 = DIRECTION('',(-1.,2.22044604925E-16,0.));
#2311 = ORIENTED_EDGE('',*,*,#2059,.F.);
#2312 = B_SPLINE_SURFACE_WITH_KNOTS('',1,1,(
    (#2313,#2314)
    ,(#2315,#2316
    )),.UNSPECIFIED.,.F.,.F.,.F.,(2,2),(2,2),(0.,4.56),(0.,1.),
  .PIECEWISE_BEZIER_KNOTS.);
#2313 = CARTESIAN_POINT('',(2.28,1.35,0.999));
#2314 = CARTESIAN_POINT('',(2.194199820414,1.264199820414,2.22));
#2315 = CARTESIAN_POINT('',(-2.28,1.35,0.999));
#2316 = CARTESIAN_POINT('',(-2.194199820414,1.264199820414,2.22));
#2317 = ADVANCED_FACE('',(#2318,#2329),#2363,.F.);
#2318 = FACE_BOUND('',#2319,.F.);
#2319 = EDGE_LOOP('',(#2320,#2321,#2322,#2328));
#2320 = ORIENTED_EDGE('',*,*,#2066,.F.);
#2321 = ORIENTED_EDGE('',*,*,#2277,.F.);
#2322 = ORIENTED_EDGE('',*,*,#2323,.F.);
#2323 = EDGE_CURVE('',#2300,#2278,#2324,.T.);
#2324 = LINE('',#2325,#2326);
#2325 = CARTESIAN_POINT('',(-2.194199820414,1.264199820414,2.22));
#2326 = VECTOR('',#2327,1.);
#2327 = DIRECTION('',(-2.22044604925E-16,-1.,0.));
#2328 = ORIENTED_EDGE('',*,*,#2306,.F.);
#2329 = FACE_BOUND('',#2330,.F.);
#2330 = EDGE_LOOP('',(#2331,#2341,#2349,#2357));
#2331 = ORIENTED_EDGE('',*,*,#2332,.T.);
#2332 = EDGE_CURVE('',#2333,#2335,#2337,.T.);
#2333 = VERTEX_POINT('',#2334);
#2334 = CARTESIAN_POINT('',(-1.508399640828,1.178399640828,2.22));
#2335 = VERTEX_POINT('',#2336);
#2336 = CARTESIAN_POINT('',(-2.108399640828,1.178399640828,2.22));
#2337 = LINE('',#2338,#2339);
#2338 = CARTESIAN_POINT('',(-1.508399640828,1.178399640828,2.22));
#2339 = VECTOR('',#2340,1.);
#2340 = DIRECTION('',(-1.,2.22044604925E-16,0.));
#2341 = ORIENTED_EDGE('',*,*,#2342,.T.);
#2342 = EDGE_CURVE('',#2335,#2343,#2345,.T.);
#2343 = VERTEX_POINT('',#2344);
#2344 = CARTESIAN_POINT('',(-2.108399640828,-1.178399640828,2.22));
#2345 = LINE('',#2346,#2347);
#2346 = CARTESIAN_POINT('',(-2.108399640828,1.178399640828,2.22));
#2347 = VECTOR('',#2348,1.);
#2348 = DIRECTION('',(-2.22044604925E-16,-1.,0.));
#2349 = ORIENTED_EDGE('',*,*,#2350,.T.);
#2350 = EDGE_CURVE('',#2343,#2351,#2353,.T.);
#2351 = VERTEX_POINT('',#2352);
#2352 = CARTESIAN_POINT('',(-1.508399640828,-1.178399640828,2.22));
#2353 = LINE('',#2354,#2355);
#2354 = CARTESIAN_POINT('',(-2.108399640828,-1.178399640828,2.22));
#2355 = VECTOR('',#2356,1.);
#2356 = DIRECTION('',(1.,-2.22044604925E-16,0.));
#2357 = ORIENTED_EDGE('',*,*,#2358,.T.);
#2358 = EDGE_CURVE('',#2351,#2333,#2359,.T.);
#2359 = LINE('',#2360,#2361);
#2360 = CARTESIAN_POINT('',(-1.508399640828,-1.178399640828,2.22));
#2361 = VECTOR('',#2362,1.);
#2362 = DIRECTION('',(2.22044604925E-16,1.,0.));
#2363 = PLANE('',#2364);
#2364 = AXIS2_PLACEMENT_3D('',#2365,#2366,#2367);
#2365 = CARTESIAN_POINT('',(2.194199820414,-1.264199820414,2.22));
#2366 = DIRECTION('',(0.,0.,-1.));
#2367 = DIRECTION('',(-0.866473406918,0.499223231735,0.));
#2368 = ADVANCED_FACE('',(#2369),#2386,.T.);
#2369 = FACE_BOUND('',#2370,.T.);
#2370 = EDGE_LOOP('',(#2371,#2379,#2384,#2385));
#2371 = ORIENTED_EDGE('',*,*,#2372,.T.);
#2372 = EDGE_CURVE('',#2129,#2373,#2375,.T.);
#2373 = VERTEX_POINT('',#2374);
#2374 = CARTESIAN_POINT('',(-1.1,1.279799853066,0.));
#2375 = LINE('',#2376,#2377);
#2376 = CARTESIAN_POINT('',(1.1,1.279799853066,0.));
#2377 = VECTOR('',#2378,1.);
#2378 = DIRECTION('',(-1.,2.22044604925E-16,0.));
#2379 = ORIENTED_EDGE('',*,*,#2380,.T.);
#2380 = EDGE_CURVE('',#2373,#2089,#2381,.T.);
#2381 = B_SPLINE_CURVE_WITH_KNOTS('',1,(#2382,#2383),.UNSPECIFIED.,.F.,
  .F.,(2,2),(0.,1.),.PIECEWISE_BEZIER_KNOTS.);
#2382 = CARTESIAN_POINT('',(-1.1,1.279799853066,0.));
#2383 = CARTESIAN_POINT('',(-1.1,1.295259344883,0.22));
#2384 = ORIENTED_EDGE('',*,*,#2088,.F.);
#2385 = ORIENTED_EDGE('',*,*,#2136,.F.);
#2386 = PLANE('',#2387);
#2387 = AXIS2_PLACEMENT_3D('',#2388,#2389,#2390);
#2388 = CARTESIAN_POINT('',(1.1,1.295259344883,0.22));
#2389 = DIRECTION('',(2.214984063823E-16,0.997540140447,
    -7.009756199374E-02));
#2390 = DIRECTION('',(-1.,2.22044604925E-16,-1.177128382009E-30));
#2391 = ADVANCED_FACE('',(#2392),#2403,.T.);
#2392 = FACE_BOUND('',#2393,.F.);
#2393 = EDGE_LOOP('',(#2394,#2395,#2396,#2402));
#2394 = ORIENTED_EDGE('',*,*,#2126,.T.);
#2395 = ORIENTED_EDGE('',*,*,#2372,.T.);
#2396 = ORIENTED_EDGE('',*,*,#2397,.T.);
#2397 = EDGE_CURVE('',#2373,#2253,#2398,.T.);
#2398 = LINE('',#2399,#2400);
#2399 = CARTESIAN_POINT('',(-1.1,1.279799853066,0.));
#2400 = VECTOR('',#2401,1.);
#2401 = DIRECTION('',(-2.22044604925E-16,-1.,0.));
#2402 = ORIENTED_EDGE('',*,*,#2252,.T.);
#2403 = PLANE('',#2404);
#2404 = AXIS2_PLACEMENT_3D('',#2405,#2406,#2407);
#2405 = CARTESIAN_POINT('',(1.1,-1.279799853066,0.));
#2406 = DIRECTION('',(0.,0.,-1.));
#2407 = DIRECTION('',(-0.651825367196,0.758369099238,0.));
#2408 = ADVANCED_FACE('',(#2409),#2477,.T.);
#2409 = FACE_BOUND('',#2410,.T.);
#2410 = EDGE_LOOP('',(#2411,#2422,#2430,#2439,#2447,#2455,#2461,#2462,
    #2463,#2471));
#2411 = ORIENTED_EDGE('',*,*,#2412,.F.);
#2412 = EDGE_CURVE('',#2413,#2415,#2417,.T.);
#2413 = VERTEX_POINT('',#2414);
#2414 = CARTESIAN_POINT('',(-2.5,0.75,0.146666666667));
#2415 = VERTEX_POINT('',#2416);
#2416 = CARTESIAN_POINT('',(-2.353333333333,0.75,-2.775557561563E-17));
#2417 = CIRCLE('',#2418,0.146666666667);
#2418 = AXIS2_PLACEMENT_3D('',#2419,#2420,#2421);
#2419 = CARTESIAN_POINT('',(-2.353333333333,0.75,0.146666666667));
#2420 = DIRECTION('',(-2.22044604925E-16,-1.,0.));
#2421 = DIRECTION('',(0.,0.,1.));
#2422 = ORIENTED_EDGE('',*,*,#2423,.T.);
#2423 = EDGE_CURVE('',#2413,#2424,#2426,.T.);
#2424 = VERTEX_POINT('',#2425);
#2425 = CARTESIAN_POINT('',(-2.5,0.75,0.842343333333));
#2426 = LINE('',#2427,#2428);
#2427 = CARTESIAN_POINT('',(-2.5,0.75,0.));
#2428 = VECTOR('',#2429,1.);
#2429 = DIRECTION('',(0.,0.,1.));
#2430 = ORIENTED_EDGE('',*,*,#2431,.T.);
#2431 = EDGE_CURVE('',#2424,#2432,#2434,.T.);
#2432 = VERTEX_POINT('',#2433);
#2433 = CARTESIAN_POINT('',(-2.353333333333,0.75,0.98901));
#2434 = CIRCLE('',#2435,0.146666666667);
#2435 = AXIS2_PLACEMENT_3D('',#2436,#2437,#2438);
#2436 = CARTESIAN_POINT('',(-2.353333333333,0.75,0.842343333333));
#2437 = DIRECTION('',(2.22044604925E-16,1.,-0.));
#2438 = DIRECTION('',(0.,0.,1.));
#2439 = ORIENTED_EDGE('',*,*,#2440,.T.);
#2440 = EDGE_CURVE('',#2432,#2441,#2443,.T.);
#2441 = VERTEX_POINT('',#2442);
#2442 = CARTESIAN_POINT('',(-2.28,0.75,0.98901));
#2443 = LINE('',#2444,#2445);
#2444 = CARTESIAN_POINT('',(-2.5,0.75,0.98901));
#2445 = VECTOR('',#2446,1.);
#2446 = DIRECTION('',(1.,-2.22044604925E-16,0.));
#2447 = ORIENTED_EDGE('',*,*,#2448,.F.);
#2448 = EDGE_CURVE('',#2449,#2441,#2451,.T.);
#2449 = VERTEX_POINT('',#2450);
#2450 = CARTESIAN_POINT('',(-2.28,0.75,0.2222));
#2451 = LINE('',#2452,#2453);
#2452 = CARTESIAN_POINT('',(-2.28,0.75,0.));
#2453 = VECTOR('',#2454,1.);
#2454 = DIRECTION('',(0.,0.,1.));
#2455 = ORIENTED_EDGE('',*,*,#2456,.T.);
#2456 = EDGE_CURVE('',#2449,#2212,#2457,.T.);
#2457 = LINE('',#2458,#2459);
#2458 = CARTESIAN_POINT('',(-2.28,0.75,0.2222));
#2459 = VECTOR('',#2460,1.);
#2460 = DIRECTION('',(1.,-2.22044604925E-16,0.));
#2461 = ORIENTED_EDGE('',*,*,#2211,.F.);
#2462 = ORIENTED_EDGE('',*,*,#2187,.F.);
#2463 = ORIENTED_EDGE('',*,*,#2464,.F.);
#2464 = EDGE_CURVE('',#2465,#2180,#2467,.T.);
#2465 = VERTEX_POINT('',#2466);
#2466 = CARTESIAN_POINT('',(-1.14,0.75,0.));
#2467 = LINE('',#2468,#2469);
#2468 = CARTESIAN_POINT('',(-1.14,0.75,0.));
#2469 = VECTOR('',#2470,1.);
#2470 = DIRECTION('',(0.,0.,1.));
#2471 = ORIENTED_EDGE('',*,*,#2472,.F.);
#2472 = EDGE_CURVE('',#2415,#2465,#2473,.T.);
#2473 = LINE('',#2474,#2475);
#2474 = CARTESIAN_POINT('',(-2.28,0.75,0.));
#2475 = VECTOR('',#2476,1.);
#2476 = DIRECTION('',(1.,-2.22044604925E-16,0.));
#2477 = PLANE('',#2478);
#2478 = AXIS2_PLACEMENT_3D('',#2479,#2480,#2481);
#2479 = CARTESIAN_POINT('',(-1.991067149606,0.75,0.303091083877));
#2480 = DIRECTION('',(2.22044604925E-16,1.,-7.960022943413E-32));
#2481 = DIRECTION('',(-1.,2.22044604925E-16,0.));
#2482 = ADVANCED_FACE('',(#2483),#2501,.T.);
#2483 = FACE_BOUND('',#2484,.T.);
#2484 = EDGE_LOOP('',(#2485,#2493,#2494,#2495));
#2485 = ORIENTED_EDGE('',*,*,#2486,.F.);
#2486 = EDGE_CURVE('',#2465,#2487,#2489,.T.);
#2487 = VERTEX_POINT('',#2488);
#2488 = CARTESIAN_POINT('',(-1.14,-0.75,0.));
#2489 = LINE('',#2490,#2491);
#2490 = CARTESIAN_POINT('',(-1.14,0.75,0.));
#2491 = VECTOR('',#2492,1.);
#2492 = DIRECTION('',(-2.22044604925E-16,-1.,0.));
#2493 = ORIENTED_EDGE('',*,*,#2464,.T.);
#2494 = ORIENTED_EDGE('',*,*,#2179,.F.);
#2495 = ORIENTED_EDGE('',*,*,#2496,.F.);
#2496 = EDGE_CURVE('',#2487,#2172,#2497,.T.);
#2497 = LINE('',#2498,#2499);
#2498 = CARTESIAN_POINT('',(-1.14,-0.75,0.));
#2499 = VECTOR('',#2500,1.);
#2500 = DIRECTION('',(0.,0.,1.));
#2501 = PLANE('',#2502);
#2502 = AXIS2_PLACEMENT_3D('',#2503,#2504,#2505);
#2503 = CARTESIAN_POINT('',(-1.14,0.75,0.));
#2504 = DIRECTION('',(1.,-2.22044604925E-16,0.));
#2505 = DIRECTION('',(-2.22044604925E-16,-1.,0.));
#2506 = ADVANCED_FACE('',(#2507),#2568,.T.);
#2507 = FACE_BOUND('',#2508,.T.);
#2508 = EDGE_LOOP('',(#2509,#2519,#2528,#2534,#2535,#2536,#2537,#2545,
    #2553,#2561));
#2509 = ORIENTED_EDGE('',*,*,#2510,.F.);
#2510 = EDGE_CURVE('',#2511,#2513,#2515,.T.);
#2511 = VERTEX_POINT('',#2512);
#2512 = CARTESIAN_POINT('',(-2.5,-0.75,0.146666666667));
#2513 = VERTEX_POINT('',#2514);
#2514 = CARTESIAN_POINT('',(-2.5,-0.75,0.842343333333));
#2515 = LINE('',#2516,#2517);
#2516 = CARTESIAN_POINT('',(-2.5,-0.75,0.));
#2517 = VECTOR('',#2518,1.);
#2518 = DIRECTION('',(0.,0.,1.));
#2519 = ORIENTED_EDGE('',*,*,#2520,.T.);
#2520 = EDGE_CURVE('',#2511,#2521,#2523,.T.);
#2521 = VERTEX_POINT('',#2522);
#2522 = CARTESIAN_POINT('',(-2.353333333333,-0.75,-2.775557561563E-17));
#2523 = CIRCLE('',#2524,0.146666666667);
#2524 = AXIS2_PLACEMENT_3D('',#2525,#2526,#2527);
#2525 = CARTESIAN_POINT('',(-2.353333333333,-0.75,0.146666666667));
#2526 = DIRECTION('',(-2.22044604925E-16,-1.,0.));
#2527 = DIRECTION('',(0.,0.,1.));
#2528 = ORIENTED_EDGE('',*,*,#2529,.F.);
#2529 = EDGE_CURVE('',#2487,#2521,#2530,.T.);
#2530 = LINE('',#2531,#2532);
#2531 = CARTESIAN_POINT('',(-2.28,-0.75,0.));
#2532 = VECTOR('',#2533,1.);
#2533 = DIRECTION('',(-1.,2.22044604925E-16,0.));
#2534 = ORIENTED_EDGE('',*,*,#2496,.T.);
#2535 = ORIENTED_EDGE('',*,*,#2171,.F.);
#2536 = ORIENTED_EDGE('',*,*,#2228,.T.);
#2537 = ORIENTED_EDGE('',*,*,#2538,.T.);
#2538 = EDGE_CURVE('',#2222,#2539,#2541,.T.);
#2539 = VERTEX_POINT('',#2540);
#2540 = CARTESIAN_POINT('',(-2.28,-0.75,0.2222));
#2541 = LINE('',#2542,#2543);
#2542 = CARTESIAN_POINT('',(-1.14,-0.75,0.2222));
#2543 = VECTOR('',#2544,1.);
#2544 = DIRECTION('',(-1.,2.22044604925E-16,0.));
#2545 = ORIENTED_EDGE('',*,*,#2546,.T.);
#2546 = EDGE_CURVE('',#2539,#2547,#2549,.T.);
#2547 = VERTEX_POINT('',#2548);
#2548 = CARTESIAN_POINT('',(-2.28,-0.75,0.98901));
#2549 = LINE('',#2550,#2551);
#2550 = CARTESIAN_POINT('',(-2.28,-0.75,0.));
#2551 = VECTOR('',#2552,1.);
#2552 = DIRECTION('',(0.,0.,1.));
#2553 = ORIENTED_EDGE('',*,*,#2554,.T.);
#2554 = EDGE_CURVE('',#2547,#2555,#2557,.T.);
#2555 = VERTEX_POINT('',#2556);
#2556 = CARTESIAN_POINT('',(-2.353333333333,-0.75,0.98901));
#2557 = LINE('',#2558,#2559);
#2558 = CARTESIAN_POINT('',(-2.28,-0.75,0.98901));
#2559 = VECTOR('',#2560,1.);
#2560 = DIRECTION('',(-1.,2.22044604925E-16,0.));
#2561 = ORIENTED_EDGE('',*,*,#2562,.F.);
#2562 = EDGE_CURVE('',#2513,#2555,#2563,.T.);
#2563 = CIRCLE('',#2564,0.146666666667);
#2564 = AXIS2_PLACEMENT_3D('',#2565,#2566,#2567);
#2565 = CARTESIAN_POINT('',(-2.353333333333,-0.75,0.842343333333));
#2566 = DIRECTION('',(2.22044604925E-16,1.,-0.));
#2567 = DIRECTION('',(0.,0.,1.));
#2568 = PLANE('',#2569);
#2569 = AXIS2_PLACEMENT_3D('',#2570,#2571,#2572);
#2570 = CARTESIAN_POINT('',(-1.991067149606,-0.75,0.303091083877));
#2571 = DIRECTION('',(-2.22044604925E-16,-1.,-0.));
#2572 = DIRECTION('',(0.,0.,-1.));
#2573 = ADVANCED_FACE('',(#2574),#2580,.T.);
#2574 = FACE_BOUND('',#2575,.T.);
#2575 = EDGE_LOOP('',(#2576,#2577,#2578,#2579));
#2576 = ORIENTED_EDGE('',*,*,#2397,.T.);
#2577 = ORIENTED_EDGE('',*,*,#2262,.T.);
#2578 = ORIENTED_EDGE('',*,*,#2156,.F.);
#2579 = ORIENTED_EDGE('',*,*,#2380,.F.);
#2580 = B_SPLINE_SURFACE_WITH_KNOTS('',1,1,(
    (#2581,#2582)
    ,(#2583,#2584
    )),.UNSPECIFIED.,.F.,.F.,.F.,(2,2),(2,2),(0.,2.590518689767),(0.,1.)
  ,.PIECEWISE_BEZIER_KNOTS.);
#2581 = CARTESIAN_POINT('',(-1.1,1.279799853066,0.));
#2582 = CARTESIAN_POINT('',(-1.1,1.295259344883,0.22));
#2583 = CARTESIAN_POINT('',(-1.1,-1.279799853066,0.));
#2584 = CARTESIAN_POINT('',(-1.1,-1.295259344883,0.22));
#2585 = ADVANCED_FACE('',(#2586),#2592,.T.);
#2586 = FACE_BOUND('',#2587,.T.);
#2587 = EDGE_LOOP('',(#2588,#2589,#2590,#2591));
#2588 = ORIENTED_EDGE('',*,*,#2238,.T.);
#2589 = ORIENTED_EDGE('',*,*,#2285,.T.);
#2590 = ORIENTED_EDGE('',*,*,#2323,.F.);
#2591 = ORIENTED_EDGE('',*,*,#2299,.F.);
#2592 = B_SPLINE_SURFACE_WITH_KNOTS('',1,1,(
    (#2593,#2594)
    ,(#2595,#2596
    )),.UNSPECIFIED.,.F.,.F.,.F.,(2,2),(2,2),(0.,2.7),(0.,1.),
  .PIECEWISE_BEZIER_KNOTS.);
#2593 = CARTESIAN_POINT('',(-2.28,1.35,0.999));
#2594 = CARTESIAN_POINT('',(-2.194199820414,1.264199820414,2.22));
#2595 = CARTESIAN_POINT('',(-2.28,-1.35,0.999));
#2596 = CARTESIAN_POINT('',(-2.194199820414,-1.264199820414,2.22));
#2597 = ADVANCED_FACE('',(#2598),#2609,.F.);
#2598 = FACE_BOUND('',#2599,.F.);
#2599 = EDGE_LOOP('',(#2600,#2601,#2602,#2608));
#2600 = ORIENTED_EDGE('',*,*,#2221,.F.);
#2601 = ORIENTED_EDGE('',*,*,#2538,.T.);
#2602 = ORIENTED_EDGE('',*,*,#2603,.T.);
#2603 = EDGE_CURVE('',#2539,#2449,#2604,.T.);
#2604 = LINE('',#2605,#2606);
#2605 = CARTESIAN_POINT('',(-2.28,-0.75,0.2222));
#2606 = VECTOR('',#2607,1.);
#2607 = DIRECTION('',(2.22044604925E-16,1.,0.));
#2608 = ORIENTED_EDGE('',*,*,#2456,.T.);
#2609 = PLANE('',#2610);
#2610 = AXIS2_PLACEMENT_3D('',#2611,#2612,#2613);
#2611 = CARTESIAN_POINT('',(-1.71,4.440892098501E-16,0.2222));
#2612 = DIRECTION('',(0.,-0.,-1.));
#2613 = DIRECTION('',(-2.22044604925E-16,-1.,0.));
#2614 = ADVANCED_FACE('',(#2615),#2638,.F.);
#2615 = FACE_BOUND('',#2616,.F.);
#2616 = EDGE_LOOP('',(#2617,#2627,#2632,#2633));
#2617 = ORIENTED_EDGE('',*,*,#2618,.T.);
#2618 = EDGE_CURVE('',#2619,#2621,#2623,.T.);
#2619 = VERTEX_POINT('',#2620);
#2620 = CARTESIAN_POINT('',(-1.508399640828,1.178399640828,2.2178));
#2621 = VERTEX_POINT('',#2622);
#2622 = CARTESIAN_POINT('',(-2.108399640828,1.178399640828,2.2178));
#2623 = LINE('',#2624,#2625);
#2624 = CARTESIAN_POINT('',(-1.508399640828,1.178399640828,2.2178));
#2625 = VECTOR('',#2626,1.);
#2626 = DIRECTION('',(-1.,2.22044604925E-16,0.));
#2627 = ORIENTED_EDGE('',*,*,#2628,.T.);
#2628 = EDGE_CURVE('',#2621,#2335,#2629,.T.);
#2629 = B_SPLINE_CURVE_WITH_KNOTS('',1,(#2630,#2631),.UNSPECIFIED.,.F.,
  .F.,(2,2),(0.,1.),.PIECEWISE_BEZIER_KNOTS.);
#2630 = CARTESIAN_POINT('',(-2.108399640828,1.178399640828,2.2178));
#2631 = CARTESIAN_POINT('',(-2.108399640828,1.178399640828,2.22));
#2632 = ORIENTED_EDGE('',*,*,#2332,.F.);
#2633 = ORIENTED_EDGE('',*,*,#2634,.F.);
#2634 = EDGE_CURVE('',#2619,#2333,#2635,.T.);
#2635 = B_SPLINE_CURVE_WITH_KNOTS('',1,(#2636,#2637),.UNSPECIFIED.,.F.,
  .F.,(2,2),(0.,1.),.PIECEWISE_BEZIER_KNOTS.);
#2636 = CARTESIAN_POINT('',(-1.508399640828,1.178399640828,2.2178));
#2637 = CARTESIAN_POINT('',(-1.508399640828,1.178399640828,2.22));
#2638 = PLANE('',#2639);
#2639 = AXIS2_PLACEMENT_3D('',#2640,#2641,#2642);
#2640 = CARTESIAN_POINT('',(-1.508399640828,1.178399640828,2.22));
#2641 = DIRECTION('',(2.22044604925E-16,1.,0.));
#2642 = DIRECTION('',(-1.,2.22044604925E-16,0.));
#2643 = ADVANCED_FACE('',(#2644),#2661,.F.);
#2644 = FACE_BOUND('',#2645,.F.);
#2645 = EDGE_LOOP('',(#2646,#2654,#2655,#2656));
#2646 = ORIENTED_EDGE('',*,*,#2647,.T.);
#2647 = EDGE_CURVE('',#2648,#2619,#2650,.T.);
#2648 = VERTEX_POINT('',#2649);
#2649 = CARTESIAN_POINT('',(-1.508399640828,-1.178399640828,2.2178));
#2650 = LINE('',#2651,#2652);
#2651 = CARTESIAN_POINT('',(-1.508399640828,-1.178399640828,2.2178));
#2652 = VECTOR('',#2653,1.);
#2653 = DIRECTION('',(2.22044604925E-16,1.,0.));
#2654 = ORIENTED_EDGE('',*,*,#2634,.T.);
#2655 = ORIENTED_EDGE('',*,*,#2358,.F.);
#2656 = ORIENTED_EDGE('',*,*,#2657,.F.);
#2657 = EDGE_CURVE('',#2648,#2351,#2658,.T.);
#2658 = B_SPLINE_CURVE_WITH_KNOTS('',1,(#2659,#2660),.UNSPECIFIED.,.F.,
  .F.,(2,2),(0.,1.),.PIECEWISE_BEZIER_KNOTS.);
#2659 = CARTESIAN_POINT('',(-1.508399640828,-1.178399640828,2.2178));
#2660 = CARTESIAN_POINT('',(-1.508399640828,-1.178399640828,2.22));
#2661 = PLANE('',#2662);
#2662 = AXIS2_PLACEMENT_3D('',#2663,#2664,#2665);
#2663 = CARTESIAN_POINT('',(-1.508399640828,-1.178399640828,2.22));
#2664 = DIRECTION('',(1.,-2.22044604925E-16,0.));
#2665 = DIRECTION('',(2.22044604925E-16,1.,0.));
#2666 = ADVANCED_FACE('',(#2667),#2684,.F.);
#2667 = FACE_BOUND('',#2668,.F.);
#2668 = EDGE_LOOP('',(#2669,#2677,#2678,#2679));
#2669 = ORIENTED_EDGE('',*,*,#2670,.T.);
#2670 = EDGE_CURVE('',#2671,#2648,#2673,.T.);
#2671 = VERTEX_POINT('',#2672);
#2672 = CARTESIAN_POINT('',(-2.108399640828,-1.178399640828,2.2178));
#2673 = LINE('',#2674,#2675);
#2674 = CARTESIAN_POINT('',(-2.108399640828,-1.178399640828,2.2178));
#2675 = VECTOR('',#2676,1.);
#2676 = DIRECTION('',(1.,-2.22044604925E-16,0.));
#2677 = ORIENTED_EDGE('',*,*,#2657,.T.);
#2678 = ORIENTED_EDGE('',*,*,#2350,.F.);
#2679 = ORIENTED_EDGE('',*,*,#2680,.F.);
#2680 = EDGE_CURVE('',#2671,#2343,#2681,.T.);
#2681 = B_SPLINE_CURVE_WITH_KNOTS('',1,(#2682,#2683),.UNSPECIFIED.,.F.,
  .F.,(2,2),(0.,1.),.PIECEWISE_BEZIER_KNOTS.);
#2682 = CARTESIAN_POINT('',(-2.108399640828,-1.178399640828,2.2178));
#2683 = CARTESIAN_POINT('',(-2.108399640828,-1.178399640828,2.22));
#2684 = PLANE('',#2685);
#2685 = AXIS2_PLACEMENT_3D('',#2686,#2687,#2688);
#2686 = CARTESIAN_POINT('',(-2.108399640828,-1.178399640828,2.22));
#2687 = DIRECTION('',(-2.22044604925E-16,-1.,0.));
#2688 = DIRECTION('',(1.,-2.22044604925E-16,0.));
#2689 = ADVANCED_FACE('',(#2690),#2701,.F.);
#2690 = FACE_BOUND('',#2691,.F.);
#2691 = EDGE_LOOP('',(#2692,#2698,#2699,#2700));
#2692 = ORIENTED_EDGE('',*,*,#2693,.T.);
#2693 = EDGE_CURVE('',#2621,#2671,#2694,.T.);
#2694 = LINE('',#2695,#2696);
#2695 = CARTESIAN_POINT('',(-2.108399640828,1.178399640828,2.2178));
#2696 = VECTOR('',#2697,1.);
#2697 = DIRECTION('',(-2.22044604925E-16,-1.,0.));
#2698 = ORIENTED_EDGE('',*,*,#2680,.T.);
#2699 = ORIENTED_EDGE('',*,*,#2342,.F.);
#2700 = ORIENTED_EDGE('',*,*,#2628,.F.);
#2701 = PLANE('',#2702);
#2702 = AXIS2_PLACEMENT_3D('',#2703,#2704,#2705);
#2703 = CARTESIAN_POINT('',(-2.108399640828,1.178399640828,2.22));
#2704 = DIRECTION('',(-1.,2.22044604925E-16,0.));
#2705 = DIRECTION('',(-2.22044604925E-16,-1.,0.));
#2706 = ADVANCED_FACE('',(#2707),#2723,.T.);
#2707 = FACE_BOUND('',#2708,.T.);
#2708 = EDGE_LOOP('',(#2709,#2715,#2716,#2722));
#2709 = ORIENTED_EDGE('',*,*,#2710,.T.);
#2710 = EDGE_CURVE('',#2511,#2413,#2711,.T.);
#2711 = LINE('',#2712,#2713);
#2712 = CARTESIAN_POINT('',(-2.5,-0.75,0.146666666667));
#2713 = VECTOR('',#2714,1.);
#2714 = DIRECTION('',(2.22044604925E-16,1.,0.));
#2715 = ORIENTED_EDGE('',*,*,#2412,.T.);
#2716 = ORIENTED_EDGE('',*,*,#2717,.F.);
#2717 = EDGE_CURVE('',#2521,#2415,#2718,.T.);
#2718 = LINE('',#2719,#2720);
#2719 = CARTESIAN_POINT('',(-2.353333333333,-0.75,-2.775557561563E-17));
#2720 = VECTOR('',#2721,1.);
#2721 = DIRECTION('',(2.22044604925E-16,1.,0.));
#2722 = ORIENTED_EDGE('',*,*,#2520,.F.);
#2723 = CYLINDRICAL_SURFACE('',#2724,0.146666666667);
#2724 = AXIS2_PLACEMENT_3D('',#2725,#2726,#2727);
#2725 = CARTESIAN_POINT('',(-2.353333333333,-0.75,0.146666666667));
#2726 = DIRECTION('',(2.22044604925E-16,1.,0.));
#2727 = DIRECTION('',(-1.,2.22044604925E-16,0.));
#2728 = ADVANCED_FACE('',(#2729),#2735,.T.);
#2729 = FACE_BOUND('',#2730,.T.);
#2730 = EDGE_LOOP('',(#2731,#2732,#2733,#2734));
#2731 = ORIENTED_EDGE('',*,*,#2529,.T.);
#2732 = ORIENTED_EDGE('',*,*,#2717,.T.);
#2733 = ORIENTED_EDGE('',*,*,#2472,.T.);
#2734 = ORIENTED_EDGE('',*,*,#2486,.T.);
#2735 = PLANE('',#2736);
#2736 = AXIS2_PLACEMENT_3D('',#2737,#2738,#2739);
#2737 = CARTESIAN_POINT('',(-1.746666666667,3.878379099357E-16,
    -7.671995716851E-18));
#2738 = DIRECTION('',(1.332277103521E-17,-2.579688262589E-33,-1.));
#2739 = DIRECTION('',(1.,-2.22044604925E-16,1.332277103521E-17));
#2740 = ADVANCED_FACE('',(#2741),#2752,.T.);
#2741 = FACE_BOUND('',#2742,.T.);
#2742 = EDGE_LOOP('',(#2743,#2744,#2745,#2751));
#2743 = ORIENTED_EDGE('',*,*,#2603,.T.);
#2744 = ORIENTED_EDGE('',*,*,#2448,.T.);
#2745 = ORIENTED_EDGE('',*,*,#2746,.T.);
#2746 = EDGE_CURVE('',#2441,#2547,#2747,.T.);
#2747 = LINE('',#2748,#2749);
#2748 = CARTESIAN_POINT('',(-2.28,0.75,0.98901));
#2749 = VECTOR('',#2750,1.);
#2750 = DIRECTION('',(-2.22044604925E-16,-1.,0.));
#2751 = ORIENTED_EDGE('',*,*,#2546,.F.);
#2752 = PLANE('',#2753);
#2753 = AXIS2_PLACEMENT_3D('',#2754,#2755,#2756);
#2754 = CARTESIAN_POINT('',(-2.28,0.75,0.));
#2755 = DIRECTION('',(1.,-2.22044604925E-16,0.));
#2756 = DIRECTION('',(-2.22044604925E-16,-1.,0.));
#2757 = ADVANCED_FACE('',(#2758),#2769,.F.);
#2758 = FACE_BOUND('',#2759,.F.);
#2759 = EDGE_LOOP('',(#2760,#2761,#2767,#2768));
#2760 = ORIENTED_EDGE('',*,*,#2554,.T.);
#2761 = ORIENTED_EDGE('',*,*,#2762,.T.);
#2762 = EDGE_CURVE('',#2555,#2432,#2763,.T.);
#2763 = LINE('',#2764,#2765);
#2764 = CARTESIAN_POINT('',(-2.353333333333,-0.75,0.98901));
#2765 = VECTOR('',#2766,1.);
#2766 = DIRECTION('',(2.22044604925E-16,1.,0.));
#2767 = ORIENTED_EDGE('',*,*,#2440,.T.);
#2768 = ORIENTED_EDGE('',*,*,#2746,.T.);
#2769 = PLANE('',#2770);
#2770 = AXIS2_PLACEMENT_3D('',#2771,#2772,#2773);
#2771 = CARTESIAN_POINT('',(-2.39,4.440892098501E-16,0.98901));
#2772 = DIRECTION('',(0.,-0.,-1.));
#2773 = DIRECTION('',(-2.22044604925E-16,-1.,0.));
#2774 = ADVANCED_FACE('',(#2775),#2786,.T.);
#2775 = FACE_BOUND('',#2776,.T.);
#2776 = EDGE_LOOP('',(#2777,#2778,#2779,#2780));
#2777 = ORIENTED_EDGE('',*,*,#2562,.T.);
#2778 = ORIENTED_EDGE('',*,*,#2762,.T.);
#2779 = ORIENTED_EDGE('',*,*,#2431,.F.);
#2780 = ORIENTED_EDGE('',*,*,#2781,.F.);
#2781 = EDGE_CURVE('',#2513,#2424,#2782,.T.);
#2782 = LINE('',#2783,#2784);
#2783 = CARTESIAN_POINT('',(-2.5,-0.75,0.842343333333));
#2784 = VECTOR('',#2785,1.);
#2785 = DIRECTION('',(2.22044604925E-16,1.,0.));
#2786 = CYLINDRICAL_SURFACE('',#2787,0.146666666667);
#2787 = AXIS2_PLACEMENT_3D('',#2788,#2789,#2790);
#2788 = CARTESIAN_POINT('',(-2.353333333333,-0.75,0.842343333333));
#2789 = DIRECTION('',(2.22044604925E-16,1.,0.));
#2790 = DIRECTION('',(-1.,2.22044604925E-16,0.));
#2791 = ADVANCED_FACE('',(#2792),#2798,.T.);
#2792 = FACE_BOUND('',#2793,.T.);
#2793 = EDGE_LOOP('',(#2794,#2795,#2796,#2797));
#2794 = ORIENTED_EDGE('',*,*,#2510,.T.);
#2795 = ORIENTED_EDGE('',*,*,#2781,.T.);
#2796 = ORIENTED_EDGE('',*,*,#2423,.F.);
#2797 = ORIENTED_EDGE('',*,*,#2710,.F.);
#2798 = PLANE('',#2799);
#2799 = AXIS2_PLACEMENT_3D('',#2800,#2801,#2802);
#2800 = CARTESIAN_POINT('',(-2.5,-0.75,0.));
#2801 = DIRECTION('',(-1.,2.22044604925E-16,0.));
#2802 = DIRECTION('',(2.22044604925E-16,1.,0.));
#2803 = ADVANCED_FACE('',(#2804),#2810,.F.);
#2804 = FACE_BOUND('',#2805,.T.);
#2805 = EDGE_LOOP('',(#2806,#2807,#2808,#2809));
#2806 = ORIENTED_EDGE('',*,*,#2647,.T.);
#2807 = ORIENTED_EDGE('',*,*,#2618,.T.);
#2808 = ORIENTED_EDGE('',*,*,#2693,.T.);
#2809 = ORIENTED_EDGE('',*,*,#2670,.T.);
#2810 = PLANE('',#2811);
#2811 = AXIS2_PLACEMENT_3D('',#2812,#2813,#2814);
#2812 = CARTESIAN_POINT('',(-1.508399640828,-1.178399640828,2.2178));
#2813 = DIRECTION('',(0.,0.,-1.));
#2814 = DIRECTION('',(-0.246713052972,0.969088576701,0.));
#2815 = ( GEOMETRIC_REPRESENTATION_CONTEXT(3) 
GLOBAL_UNCERTAINTY_ASSIGNED_CONTEXT((#2819)) 
GLOBAL_UNIT_ASSIGNED_CONTEXT((#2816,#2817,#2818)) REPRESENTATION_CONTEXT
('Context #1','3D Context with UNIT and UNCERTAINTY') );
#2816 = ( LENGTH_UNIT() NAMED_UNIT(*) SI_UNIT(.MILLI.,.METRE.) );
#2817 = ( NAMED_UNIT(*) PLANE_ANGLE_UNIT() SI_UNIT($,.RADIAN.) );
#2818 = ( NAMED_UNIT(*) SI_UNIT($,.STERADIAN.) SOLID_ANGLE_UNIT() );
#2819 = UNCERTAINTY_MEASURE_WITH_UNIT(LENGTH_MEASURE(1.E-07),#2816,
  'distance_accuracy_value','confusion accuracy');
#2820 = CONTEXT_DEPENDENT_SHAPE_REPRESENTATION(#2821,#2823);
#2821 = ( REPRESENTATION_RELATIONSHIP('','',#1606,#10) 
REPRESENTATION_RELATIONSHIP_WITH_TRANSFORMATION(#2822) 
SHAPE_REPRESENTATION_RELATIONSHIP() );
#2822 = ITEM_DEFINED_TRANSFORMATION('','',#11,#19);
#2823 = PRODUCT_DEFINITION_SHAPE('Placement','Placement of an item',
  #2824);
#2824 = NEXT_ASSEMBLY_USAGE_OCCURRENCE('2','D2','',#5,#1601,$);
#2825 = PRODUCT_RELATED_PRODUCT_CATEGORY('part',$,(#1603));
#2826 = SHAPE_DEFINITION_REPRESENTATION(#2827,#2833);
#2827 = PRODUCT_DEFINITION_SHAPE('','',#2828);
#2828 = PRODUCT_DEFINITION('design','',#2829,#2832);
#2829 = PRODUCT_DEFINITION_FORMATION('','',#2830);
#2830 = PRODUCT('','','',(
    #2831));
#2831 = PRODUCT_CONTEXT('',#2,'mechanical');
#2832 = PRODUCT_DEFINITION_CONTEXT('part definition',#2,'design');
#2833 = ADVANCED_BREP_SHAPE_REPRESENTATION('',(#11,#2834),#4894);
#2834 = MANIFOLD_SOLID_BREP('',#2835);
#2835 = CLOSED_SHELL('',(#2836,#2876,#2909,#2942,#2975,#3008,#3025,#3088
    ,#3105,#3122,#3185,#3248,#3265,#3328,#3346,#3364,#3389,#3413,#3438,
    #3669,#3686,#3704,#3716,#3741,#3758,#3776,#3788,#3813,#3830,#3842,
    #3854,#3885,#3909,#3933,#3950,#3981,#4005,#4029,#4046,#4077,#4101,
    #4125,#4142,#4173,#4197,#4221,#4238,#4269,#4293,#4317,#4334,#4367,
    #4392,#4417,#4434,#4467,#4492,#4517,#4534,#4567,#4592,#4617,#4634,
    #4667,#4692,#4717,#4734,#4767,#4792,#4817,#4834,#4846,#4858,#4870,
    #4882));
#2836 = ADVANCED_FACE('',(#2837),#2871,.F.);
#2837 = FACE_BOUND('',#2838,.F.);
#2838 = EDGE_LOOP('',(#2839,#2849,#2857,#2865));
#2839 = ORIENTED_EDGE('',*,*,#2840,.T.);
#2840 = EDGE_CURVE('',#2841,#2843,#2845,.T.);
#2841 = VERTEX_POINT('',#2842);
#2842 = CARTESIAN_POINT('',(13.35,3.15,15.52));
#2843 = VERTEX_POINT('',#2844);
#2844 = CARTESIAN_POINT('',(13.35,-15.35,15.52));
#2845 = LINE('',#2846,#2847);
#2846 = CARTESIAN_POINT('',(13.35,3.15,15.52));
#2847 = VECTOR('',#2848,1.);
#2848 = DIRECTION('',(1.110223024625E-16,-1.,0.));
#2849 = ORIENTED_EDGE('',*,*,#2850,.T.);
#2850 = EDGE_CURVE('',#2843,#2851,#2853,.T.);
#2851 = VERTEX_POINT('',#2852);
#2852 = CARTESIAN_POINT('',(-1.35,-15.35,15.52));
#2853 = LINE('',#2854,#2855);
#2854 = CARTESIAN_POINT('',(13.35,-15.35,15.52));
#2855 = VECTOR('',#2856,1.);
#2856 = DIRECTION('',(-1.,-1.110223024625E-16,0.));
#2857 = ORIENTED_EDGE('',*,*,#2858,.T.);
#2858 = EDGE_CURVE('',#2851,#2859,#2861,.T.);
#2859 = VERTEX_POINT('',#2860);
#2860 = CARTESIAN_POINT('',(-1.35,3.15,15.52));
#2861 = LINE('',#2862,#2863);
#2862 = CARTESIAN_POINT('',(-1.35,-15.35,15.52));
#2863 = VECTOR('',#2864,1.);
#2864 = DIRECTION('',(-1.110223024625E-16,1.,0.));
#2865 = ORIENTED_EDGE('',*,*,#2866,.T.);
#2866 = EDGE_CURVE('',#2859,#2841,#2867,.T.);
#2867 = LINE('',#2868,#2869);
#2868 = CARTESIAN_POINT('',(-1.35,3.15,15.52));
#2869 = VECTOR('',#2870,1.);
#2870 = DIRECTION('',(1.,1.110223024625E-16,0.));
#2871 = PLANE('',#2872);
#2872 = AXIS2_PLACEMENT_3D('',#2873,#2874,#2875);
#2873 = CARTESIAN_POINT('',(6.,-6.1,15.52));
#2874 = DIRECTION('',(-0.,0.,-1.));
#2875 = DIRECTION('',(-1.110223024625E-16,1.,0.));
#2876 = ADVANCED_FACE('',(#2877),#2904,.T.);
#2877 = FACE_BOUND('',#2878,.T.);
#2878 = EDGE_LOOP('',(#2879,#2880,#2889,#2897));
#2879 = ORIENTED_EDGE('',*,*,#2840,.T.);
#2880 = ORIENTED_EDGE('',*,*,#2881,.T.);
#2881 = EDGE_CURVE('',#2843,#2882,#2884,.T.);
#2882 = VERTEX_POINT('',#2883);
#2883 = CARTESIAN_POINT('',(13.6,-15.35,15.27));
#2884 = CIRCLE('',#2885,0.25);
#2885 = AXIS2_PLACEMENT_3D('',#2886,#2887,#2888);
#2886 = CARTESIAN_POINT('',(13.35,-15.35,15.27));
#2887 = DIRECTION('',(-1.110223024625E-16,1.,0.));
#2888 = DIRECTION('',(0.,0.,1.));
#2889 = ORIENTED_EDGE('',*,*,#2890,.F.);
#2890 = EDGE_CURVE('',#2891,#2882,#2893,.T.);
#2891 = VERTEX_POINT('',#2892);
#2892 = CARTESIAN_POINT('',(13.6,3.15,15.27));
#2893 = LINE('',#2894,#2895);
#2894 = CARTESIAN_POINT('',(13.6,3.15,15.27));
#2895 = VECTOR('',#2896,1.);
#2896 = DIRECTION('',(1.110223024625E-16,-1.,0.));
#2897 = ORIENTED_EDGE('',*,*,#2898,.F.);
#2898 = EDGE_CURVE('',#2841,#2891,#2899,.T.);
#2899 = CIRCLE('',#2900,0.25);
#2900 = AXIS2_PLACEMENT_3D('',#2901,#2902,#2903);
#2901 = CARTESIAN_POINT('',(13.35,3.15,15.27));
#2902 = DIRECTION('',(-1.110223024625E-16,1.,0.));
#2903 = DIRECTION('',(0.,0.,1.));
#2904 = CYLINDRICAL_SURFACE('',#2905,0.25);
#2905 = AXIS2_PLACEMENT_3D('',#2906,#2907,#2908);
#2906 = CARTESIAN_POINT('',(13.35,3.15,15.27));
#2907 = DIRECTION('',(1.110223024625E-16,-1.,0.));
#2908 = DIRECTION('',(0.,0.,1.));
#2909 = ADVANCED_FACE('',(#2910),#2937,.T.);
#2910 = FACE_BOUND('',#2911,.T.);
#2911 = EDGE_LOOP('',(#2912,#2913,#2922,#2930));
#2912 = ORIENTED_EDGE('',*,*,#2866,.T.);
#2913 = ORIENTED_EDGE('',*,*,#2914,.T.);
#2914 = EDGE_CURVE('',#2841,#2915,#2917,.T.);
#2915 = VERTEX_POINT('',#2916);
#2916 = CARTESIAN_POINT('',(13.35,3.4,15.27));
#2917 = CIRCLE('',#2918,0.25);
#2918 = AXIS2_PLACEMENT_3D('',#2919,#2920,#2921);
#2919 = CARTESIAN_POINT('',(13.35,3.15,15.27));
#2920 = DIRECTION('',(-1.,-1.110223024625E-16,0.));
#2921 = DIRECTION('',(0.,0.,1.));
#2922 = ORIENTED_EDGE('',*,*,#2923,.F.);
#2923 = EDGE_CURVE('',#2924,#2915,#2926,.T.);
#2924 = VERTEX_POINT('',#2925);
#2925 = CARTESIAN_POINT('',(-1.35,3.4,15.27));
#2926 = LINE('',#2927,#2928);
#2927 = CARTESIAN_POINT('',(-1.35,3.4,15.27));
#2928 = VECTOR('',#2929,1.);
#2929 = DIRECTION('',(1.,1.110223024625E-16,0.));
#2930 = ORIENTED_EDGE('',*,*,#2931,.F.);
#2931 = EDGE_CURVE('',#2859,#2924,#2932,.T.);
#2932 = CIRCLE('',#2933,0.25);
#2933 = AXIS2_PLACEMENT_3D('',#2934,#2935,#2936);
#2934 = CARTESIAN_POINT('',(-1.35,3.15,15.27));
#2935 = DIRECTION('',(-1.,-1.722546424199E-16,-0.));
#2936 = DIRECTION('',(-1.722546424199E-16,1.,0.));
#2937 = CYLINDRICAL_SURFACE('',#2938,0.25);
#2938 = AXIS2_PLACEMENT_3D('',#2939,#2940,#2941);
#2939 = CARTESIAN_POINT('',(-1.35,3.15,15.27));
#2940 = DIRECTION('',(1.,1.110223024625E-16,0.));
#2941 = DIRECTION('',(0.,-0.,1.));
#2942 = ADVANCED_FACE('',(#2943),#2970,.T.);
#2943 = FACE_BOUND('',#2944,.T.);
#2944 = EDGE_LOOP('',(#2945,#2946,#2955,#2963));
#2945 = ORIENTED_EDGE('',*,*,#2850,.T.);
#2946 = ORIENTED_EDGE('',*,*,#2947,.T.);
#2947 = EDGE_CURVE('',#2851,#2948,#2950,.T.);
#2948 = VERTEX_POINT('',#2949);
#2949 = CARTESIAN_POINT('',(-1.35,-15.6,15.27));
#2950 = CIRCLE('',#2951,0.25);
#2951 = AXIS2_PLACEMENT_3D('',#2952,#2953,#2954);
#2952 = CARTESIAN_POINT('',(-1.35,-15.35,15.27));
#2953 = DIRECTION('',(1.,1.110223024625E-16,-0.));
#2954 = DIRECTION('',(0.,0.,1.));
#2955 = ORIENTED_EDGE('',*,*,#2956,.F.);
#2956 = EDGE_CURVE('',#2957,#2948,#2959,.T.);
#2957 = VERTEX_POINT('',#2958);
#2958 = CARTESIAN_POINT('',(13.35,-15.6,15.27));
#2959 = LINE('',#2960,#2961);
#2960 = CARTESIAN_POINT('',(13.35,-15.6,15.27));
#2961 = VECTOR('',#2962,1.);
#2962 = DIRECTION('',(-1.,-1.110223024625E-16,0.));
#2963 = ORIENTED_EDGE('',*,*,#2964,.F.);
#2964 = EDGE_CURVE('',#2843,#2957,#2965,.T.);
#2965 = CIRCLE('',#2966,0.25);
#2966 = AXIS2_PLACEMENT_3D('',#2967,#2968,#2969);
#2967 = CARTESIAN_POINT('',(13.35,-15.35,15.27));
#2968 = DIRECTION('',(1.,1.722546424199E-16,0.));
#2969 = DIRECTION('',(1.722546424199E-16,-1.,0.));
#2970 = CYLINDRICAL_SURFACE('',#2971,0.25);
#2971 = AXIS2_PLACEMENT_3D('',#2972,#2973,#2974);
#2972 = CARTESIAN_POINT('',(13.35,-15.35,15.27));
#2973 = DIRECTION('',(-1.,-1.110223024625E-16,0.));
#2974 = DIRECTION('',(0.,0.,1.));
#2975 = ADVANCED_FACE('',(#2976),#3003,.T.);
#2976 = FACE_BOUND('',#2977,.T.);
#2977 = EDGE_LOOP('',(#2978,#2979,#2988,#2996));
#2978 = ORIENTED_EDGE('',*,*,#2858,.T.);
#2979 = ORIENTED_EDGE('',*,*,#2980,.T.);
#2980 = EDGE_CURVE('',#2859,#2981,#2983,.T.);
#2981 = VERTEX_POINT('',#2982);
#2982 = CARTESIAN_POINT('',(-1.6,3.15,15.27));
#2983 = CIRCLE('',#2984,0.25);
#2984 = AXIS2_PLACEMENT_3D('',#2985,#2986,#2987);
#2985 = CARTESIAN_POINT('',(-1.35,3.15,15.27));
#2986 = DIRECTION('',(1.110223024625E-16,-1.,0.));
#2987 = DIRECTION('',(0.,0.,1.));
#2988 = ORIENTED_EDGE('',*,*,#2989,.F.);
#2989 = EDGE_CURVE('',#2990,#2981,#2992,.T.);
#2990 = VERTEX_POINT('',#2991);
#2991 = CARTESIAN_POINT('',(-1.6,-15.35,15.27));
#2992 = LINE('',#2993,#2994);
#2993 = CARTESIAN_POINT('',(-1.6,-15.35,15.27));
#2994 = VECTOR('',#2995,1.);
#2995 = DIRECTION('',(-1.110223024625E-16,1.,0.));
#2996 = ORIENTED_EDGE('',*,*,#2997,.F.);
#2997 = EDGE_CURVE('',#2851,#2990,#2998,.T.);
#2998 = CIRCLE('',#2999,0.25);
#2999 = AXIS2_PLACEMENT_3D('',#3000,#3001,#3002);
#3000 = CARTESIAN_POINT('',(-1.35,-15.35,15.27));
#3001 = DIRECTION('',(1.722546424199E-16,-1.,0.));
#3002 = DIRECTION('',(-1.,-1.722546424199E-16,0.));
#3003 = CYLINDRICAL_SURFACE('',#3004,0.25);
#3004 = AXIS2_PLACEMENT_3D('',#3005,#3006,#3007);
#3005 = CARTESIAN_POINT('',(-1.35,-15.35,15.27));
#3006 = DIRECTION('',(-1.110223024625E-16,1.,0.));
#3007 = DIRECTION('',(0.,0.,1.));
#3008 = ADVANCED_FACE('',(#3009),#3020,.T.);
#3009 = FACE_BOUND('',#3010,.T.);
#3010 = EDGE_LOOP('',(#3011,#3012,#3013));
#3011 = ORIENTED_EDGE('',*,*,#2914,.F.);
#3012 = ORIENTED_EDGE('',*,*,#2898,.T.);
#3013 = ORIENTED_EDGE('',*,*,#3014,.F.);
#3014 = EDGE_CURVE('',#2915,#2891,#3015,.T.);
#3015 = CIRCLE('',#3016,0.25);
#3016 = AXIS2_PLACEMENT_3D('',#3017,#3018,#3019);
#3017 = CARTESIAN_POINT('',(13.35,3.15,15.27));
#3018 = DIRECTION('',(0.,0.,-1.));
#3019 = DIRECTION('',(-1.110223024625E-16,1.,0.));
#3020 = SPHERICAL_SURFACE('',#3021,0.25);
#3021 = AXIS2_PLACEMENT_3D('',#3022,#3023,#3024);
#3022 = CARTESIAN_POINT('',(13.35,3.15,15.27));
#3023 = DIRECTION('',(0.,0.,-1.));
#3024 = DIRECTION('',(-1.110223024625E-16,1.,0.));
#3025 = ADVANCED_FACE('',(#3026),#3083,.T.);
#3026 = FACE_BOUND('',#3027,.T.);
#3027 = EDGE_LOOP('',(#3028,#3036,#3044,#3052,#3060,#3068,#3076,#3082));
#3028 = ORIENTED_EDGE('',*,*,#3029,.F.);
#3029 = EDGE_CURVE('',#3030,#2882,#3032,.T.);
#3030 = VERTEX_POINT('',#3031);
#3031 = CARTESIAN_POINT('',(13.6,-15.35,2.E-02));
#3032 = LINE('',#3033,#3034);
#3033 = CARTESIAN_POINT('',(13.6,-15.35,2.E-02));
#3034 = VECTOR('',#3035,1.);
#3035 = DIRECTION('',(0.,0.,1.));
#3036 = ORIENTED_EDGE('',*,*,#3037,.F.);
#3037 = EDGE_CURVE('',#3038,#3030,#3040,.T.);
#3038 = VERTEX_POINT('',#3039);
#3039 = CARTESIAN_POINT('',(13.6,-15.1,2.E-02));
#3040 = LINE('',#3041,#3042);
#3041 = CARTESIAN_POINT('',(13.6,3.4,2.E-02));
#3042 = VECTOR('',#3043,1.);
#3043 = DIRECTION('',(1.110223024625E-16,-1.,0.));
#3044 = ORIENTED_EDGE('',*,*,#3045,.T.);
#3045 = EDGE_CURVE('',#3038,#3046,#3048,.T.);
#3046 = VERTEX_POINT('',#3047);
#3047 = CARTESIAN_POINT('',(13.6,-15.1,0.4));
#3048 = LINE('',#3049,#3050);
#3049 = CARTESIAN_POINT('',(13.6,-15.1,2.E-02));
#3050 = VECTOR('',#3051,1.);
#3051 = DIRECTION('',(0.,0.,1.));
#3052 = ORIENTED_EDGE('',*,*,#3053,.F.);
#3053 = EDGE_CURVE('',#3054,#3046,#3056,.T.);
#3054 = VERTEX_POINT('',#3055);
#3055 = CARTESIAN_POINT('',(13.6,2.9,0.4));
#3056 = LINE('',#3057,#3058);
#3057 = CARTESIAN_POINT('',(13.6,2.9,0.4));
#3058 = VECTOR('',#3059,1.);
#3059 = DIRECTION('',(1.110223024625E-16,-1.,0.));
#3060 = ORIENTED_EDGE('',*,*,#3061,.F.);
#3061 = EDGE_CURVE('',#3062,#3054,#3064,.T.);
#3062 = VERTEX_POINT('',#3063);
#3063 = CARTESIAN_POINT('',(13.6,2.9,2.E-02));
#3064 = LINE('',#3065,#3066);
#3065 = CARTESIAN_POINT('',(13.6,2.9,2.E-02));
#3066 = VECTOR('',#3067,1.);
#3067 = DIRECTION('',(0.,0.,1.));
#3068 = ORIENTED_EDGE('',*,*,#3069,.F.);
#3069 = EDGE_CURVE('',#3070,#3062,#3072,.T.);
#3070 = VERTEX_POINT('',#3071);
#3071 = CARTESIAN_POINT('',(13.6,3.15,2.E-02));
#3072 = LINE('',#3073,#3074);
#3073 = CARTESIAN_POINT('',(13.6,3.4,2.E-02));
#3074 = VECTOR('',#3075,1.);
#3075 = DIRECTION('',(1.110223024625E-16,-1.,0.));
#3076 = ORIENTED_EDGE('',*,*,#3077,.T.);
#3077 = EDGE_CURVE('',#3070,#2891,#3078,.T.);
#3078 = LINE('',#3079,#3080);
#3079 = CARTESIAN_POINT('',(13.6,3.15,2.E-02));
#3080 = VECTOR('',#3081,1.);
#3081 = DIRECTION('',(0.,0.,1.));
#3082 = ORIENTED_EDGE('',*,*,#2890,.T.);
#3083 = PLANE('',#3084);
#3084 = AXIS2_PLACEMENT_3D('',#3085,#3086,#3087);
#3085 = CARTESIAN_POINT('',(13.6,3.4,2.E-02));
#3086 = DIRECTION('',(1.,1.110223024625E-16,0.));
#3087 = DIRECTION('',(1.110223024625E-16,-1.,0.));
#3088 = ADVANCED_FACE('',(#3089),#3100,.T.);
#3089 = FACE_BOUND('',#3090,.T.);
#3090 = EDGE_LOOP('',(#3091,#3092,#3093));
#3091 = ORIENTED_EDGE('',*,*,#2881,.F.);
#3092 = ORIENTED_EDGE('',*,*,#2964,.T.);
#3093 = ORIENTED_EDGE('',*,*,#3094,.F.);
#3094 = EDGE_CURVE('',#2882,#2957,#3095,.T.);
#3095 = CIRCLE('',#3096,0.25);
#3096 = AXIS2_PLACEMENT_3D('',#3097,#3098,#3099);
#3097 = CARTESIAN_POINT('',(13.35,-15.35,15.27));
#3098 = DIRECTION('',(0.,0.,-1.));
#3099 = DIRECTION('',(1.,1.110223024625E-16,0.));
#3100 = SPHERICAL_SURFACE('',#3101,0.25);
#3101 = AXIS2_PLACEMENT_3D('',#3102,#3103,#3104);
#3102 = CARTESIAN_POINT('',(13.35,-15.35,15.27));
#3103 = DIRECTION('',(0.,0.,-1.));
#3104 = DIRECTION('',(1.,1.110223024625E-16,0.));
#3105 = ADVANCED_FACE('',(#3106),#3117,.T.);
#3106 = FACE_BOUND('',#3107,.T.);
#3107 = EDGE_LOOP('',(#3108,#3109,#3110));
#3108 = ORIENTED_EDGE('',*,*,#2980,.F.);
#3109 = ORIENTED_EDGE('',*,*,#2931,.T.);
#3110 = ORIENTED_EDGE('',*,*,#3111,.F.);
#3111 = EDGE_CURVE('',#2981,#2924,#3112,.T.);
#3112 = CIRCLE('',#3113,0.25);
#3113 = AXIS2_PLACEMENT_3D('',#3114,#3115,#3116);
#3114 = CARTESIAN_POINT('',(-1.35,3.15,15.27));
#3115 = DIRECTION('',(-0.,0.,-1.));
#3116 = DIRECTION('',(-1.,-1.110223024625E-16,0.));
#3117 = SPHERICAL_SURFACE('',#3118,0.25);
#3118 = AXIS2_PLACEMENT_3D('',#3119,#3120,#3121);
#3119 = CARTESIAN_POINT('',(-1.35,3.15,15.27));
#3120 = DIRECTION('',(0.,0.,-1.));
#3121 = DIRECTION('',(-1.,-1.110223024625E-16,-0.));
#3122 = ADVANCED_FACE('',(#3123),#3180,.T.);
#3123 = FACE_BOUND('',#3124,.T.);
#3124 = EDGE_LOOP('',(#3125,#3133,#3141,#3149,#3157,#3165,#3173,#3179));
#3125 = ORIENTED_EDGE('',*,*,#3126,.F.);
#3126 = EDGE_CURVE('',#3127,#2915,#3129,.T.);
#3127 = VERTEX_POINT('',#3128);
#3128 = CARTESIAN_POINT('',(13.35,3.4,2.E-02));
#3129 = LINE('',#3130,#3131);
#3130 = CARTESIAN_POINT('',(13.35,3.4,2.E-02));
#3131 = VECTOR('',#3132,1.);
#3132 = DIRECTION('',(0.,0.,1.));
#3133 = ORIENTED_EDGE('',*,*,#3134,.F.);
#3134 = EDGE_CURVE('',#3135,#3127,#3137,.T.);
#3135 = VERTEX_POINT('',#3136);
#3136 = CARTESIAN_POINT('',(13.1,3.4,2.E-02));
#3137 = LINE('',#3138,#3139);
#3138 = CARTESIAN_POINT('',(-1.6,3.4,2.E-02));
#3139 = VECTOR('',#3140,1.);
#3140 = DIRECTION('',(1.,1.110223024625E-16,0.));
#3141 = ORIENTED_EDGE('',*,*,#3142,.T.);
#3142 = EDGE_CURVE('',#3135,#3143,#3145,.T.);
#3143 = VERTEX_POINT('',#3144);
#3144 = CARTESIAN_POINT('',(13.1,3.4,0.4));
#3145 = LINE('',#3146,#3147);
#3146 = CARTESIAN_POINT('',(13.1,3.4,2.E-02));
#3147 = VECTOR('',#3148,1.);
#3148 = DIRECTION('',(0.,0.,1.));
#3149 = ORIENTED_EDGE('',*,*,#3150,.F.);
#3150 = EDGE_CURVE('',#3151,#3143,#3153,.T.);
#3151 = VERTEX_POINT('',#3152);
#3152 = CARTESIAN_POINT('',(-1.1,3.4,0.4));
#3153 = LINE('',#3154,#3155);
#3154 = CARTESIAN_POINT('',(-1.1,3.4,0.4));
#3155 = VECTOR('',#3156,1.);
#3156 = DIRECTION('',(1.,1.110223024625E-16,0.));
#3157 = ORIENTED_EDGE('',*,*,#3158,.F.);
#3158 = EDGE_CURVE('',#3159,#3151,#3161,.T.);
#3159 = VERTEX_POINT('',#3160);
#3160 = CARTESIAN_POINT('',(-1.1,3.4,2.E-02));
#3161 = LINE('',#3162,#3163);
#3162 = CARTESIAN_POINT('',(-1.1,3.4,2.E-02));
#3163 = VECTOR('',#3164,1.);
#3164 = DIRECTION('',(0.,0.,1.));
#3165 = ORIENTED_EDGE('',*,*,#3166,.F.);
#3166 = EDGE_CURVE('',#3167,#3159,#3169,.T.);
#3167 = VERTEX_POINT('',#3168);
#3168 = CARTESIAN_POINT('',(-1.35,3.4,2.E-02));
#3169 = LINE('',#3170,#3171);
#3170 = CARTESIAN_POINT('',(-1.6,3.4,2.E-02));
#3171 = VECTOR('',#3172,1.);
#3172 = DIRECTION('',(1.,1.110223024625E-16,0.));
#3173 = ORIENTED_EDGE('',*,*,#3174,.T.);
#3174 = EDGE_CURVE('',#3167,#2924,#3175,.T.);
#3175 = LINE('',#3176,#3177);
#3176 = CARTESIAN_POINT('',(-1.35,3.4,2.E-02));
#3177 = VECTOR('',#3178,1.);
#3178 = DIRECTION('',(0.,0.,1.));
#3179 = ORIENTED_EDGE('',*,*,#2923,.T.);
#3180 = PLANE('',#3181);
#3181 = AXIS2_PLACEMENT_3D('',#3182,#3183,#3184);
#3182 = CARTESIAN_POINT('',(-1.6,3.4,2.E-02));
#3183 = DIRECTION('',(-1.110223024625E-16,1.,0.));
#3184 = DIRECTION('',(1.,1.110223024625E-16,0.));
#3185 = ADVANCED_FACE('',(#3186),#3243,.T.);
#3186 = FACE_BOUND('',#3187,.T.);
#3187 = EDGE_LOOP('',(#3188,#3196,#3197,#3205,#3213,#3221,#3229,#3237));
#3188 = ORIENTED_EDGE('',*,*,#3189,.T.);
#3189 = EDGE_CURVE('',#3190,#2957,#3192,.T.);
#3190 = VERTEX_POINT('',#3191);
#3191 = CARTESIAN_POINT('',(13.35,-15.6,2.E-02));
#3192 = LINE('',#3193,#3194);
#3193 = CARTESIAN_POINT('',(13.35,-15.6,2.E-02));
#3194 = VECTOR('',#3195,1.);
#3195 = DIRECTION('',(0.,0.,1.));
#3196 = ORIENTED_EDGE('',*,*,#2956,.T.);
#3197 = ORIENTED_EDGE('',*,*,#3198,.F.);
#3198 = EDGE_CURVE('',#3199,#2948,#3201,.T.);
#3199 = VERTEX_POINT('',#3200);
#3200 = CARTESIAN_POINT('',(-1.35,-15.6,2.E-02));
#3201 = LINE('',#3202,#3203);
#3202 = CARTESIAN_POINT('',(-1.35,-15.6,2.E-02));
#3203 = VECTOR('',#3204,1.);
#3204 = DIRECTION('',(0.,0.,1.));
#3205 = ORIENTED_EDGE('',*,*,#3206,.F.);
#3206 = EDGE_CURVE('',#3207,#3199,#3209,.T.);
#3207 = VERTEX_POINT('',#3208);
#3208 = CARTESIAN_POINT('',(-1.1,-15.6,2.E-02));
#3209 = LINE('',#3210,#3211);
#3210 = CARTESIAN_POINT('',(13.6,-15.6,2.E-02));
#3211 = VECTOR('',#3212,1.);
#3212 = DIRECTION('',(-1.,-1.110223024625E-16,0.));
#3213 = ORIENTED_EDGE('',*,*,#3214,.F.);
#3214 = EDGE_CURVE('',#3215,#3207,#3217,.T.);
#3215 = VERTEX_POINT('',#3216);
#3216 = CARTESIAN_POINT('',(-1.1,-15.6,0.4));
#3217 = LINE('',#3218,#3219);
#3218 = CARTESIAN_POINT('',(-1.1,-15.6,2.E-02));
#3219 = VECTOR('',#3220,1.);
#3220 = DIRECTION('',(0.,-0.,-1.));
#3221 = ORIENTED_EDGE('',*,*,#3222,.T.);
#3222 = EDGE_CURVE('',#3215,#3223,#3225,.T.);
#3223 = VERTEX_POINT('',#3224);
#3224 = CARTESIAN_POINT('',(13.1,-15.6,0.4));
#3225 = LINE('',#3226,#3227);
#3226 = CARTESIAN_POINT('',(9.8,-15.6,0.4));
#3227 = VECTOR('',#3228,1.);
#3228 = DIRECTION('',(1.,1.110223024625E-16,0.));
#3229 = ORIENTED_EDGE('',*,*,#3230,.F.);
#3230 = EDGE_CURVE('',#3231,#3223,#3233,.T.);
#3231 = VERTEX_POINT('',#3232);
#3232 = CARTESIAN_POINT('',(13.1,-15.6,2.E-02));
#3233 = LINE('',#3234,#3235);
#3234 = CARTESIAN_POINT('',(13.1,-15.6,2.E-02));
#3235 = VECTOR('',#3236,1.);
#3236 = DIRECTION('',(0.,0.,1.));
#3237 = ORIENTED_EDGE('',*,*,#3238,.F.);
#3238 = EDGE_CURVE('',#3190,#3231,#3239,.T.);
#3239 = LINE('',#3240,#3241);
#3240 = CARTESIAN_POINT('',(13.6,-15.6,2.E-02));
#3241 = VECTOR('',#3242,1.);
#3242 = DIRECTION('',(-1.,-1.110223024625E-16,0.));
#3243 = PLANE('',#3244);
#3244 = AXIS2_PLACEMENT_3D('',#3245,#3246,#3247);
#3245 = CARTESIAN_POINT('',(13.6,-15.6,2.E-02));
#3246 = DIRECTION('',(1.110223024625E-16,-1.,0.));
#3247 = DIRECTION('',(-1.,-1.110223024625E-16,0.));
#3248 = ADVANCED_FACE('',(#3249),#3260,.T.);
#3249 = FACE_BOUND('',#3250,.T.);
#3250 = EDGE_LOOP('',(#3251,#3252,#3253));
#3251 = ORIENTED_EDGE('',*,*,#2947,.F.);
#3252 = ORIENTED_EDGE('',*,*,#2997,.T.);
#3253 = ORIENTED_EDGE('',*,*,#3254,.F.);
#3254 = EDGE_CURVE('',#2948,#2990,#3255,.T.);
#3255 = CIRCLE('',#3256,0.25);
#3256 = AXIS2_PLACEMENT_3D('',#3257,#3258,#3259);
#3257 = CARTESIAN_POINT('',(-1.35,-15.35,15.27));
#3258 = DIRECTION('',(0.,-0.,-1.));
#3259 = DIRECTION('',(1.110223024625E-16,-1.,0.));
#3260 = SPHERICAL_SURFACE('',#3261,0.25);
#3261 = AXIS2_PLACEMENT_3D('',#3262,#3263,#3264);
#3262 = CARTESIAN_POINT('',(-1.35,-15.35,15.27));
#3263 = DIRECTION('',(0.,0.,-1.));
#3264 = DIRECTION('',(1.110223024625E-16,-1.,0.));
#3265 = ADVANCED_FACE('',(#3266),#3323,.T.);
#3266 = FACE_BOUND('',#3267,.T.);
#3267 = EDGE_LOOP('',(#3268,#3276,#3277,#3285,#3293,#3301,#3309,#3317));
#3268 = ORIENTED_EDGE('',*,*,#3269,.T.);
#3269 = EDGE_CURVE('',#3270,#2990,#3272,.T.);
#3270 = VERTEX_POINT('',#3271);
#3271 = CARTESIAN_POINT('',(-1.6,-15.35,2.E-02));
#3272 = LINE('',#3273,#3274);
#3273 = CARTESIAN_POINT('',(-1.6,-15.35,2.E-02));
#3274 = VECTOR('',#3275,1.);
#3275 = DIRECTION('',(0.,0.,1.));
#3276 = ORIENTED_EDGE('',*,*,#2989,.T.);
#3277 = ORIENTED_EDGE('',*,*,#3278,.F.);
#3278 = EDGE_CURVE('',#3279,#2981,#3281,.T.);
#3279 = VERTEX_POINT('',#3280);
#3280 = CARTESIAN_POINT('',(-1.6,3.15,2.E-02));
#3281 = LINE('',#3282,#3283);
#3282 = CARTESIAN_POINT('',(-1.6,3.15,2.E-02));
#3283 = VECTOR('',#3284,1.);
#3284 = DIRECTION('',(0.,0.,1.));
#3285 = ORIENTED_EDGE('',*,*,#3286,.F.);
#3286 = EDGE_CURVE('',#3287,#3279,#3289,.T.);
#3287 = VERTEX_POINT('',#3288);
#3288 = CARTESIAN_POINT('',(-1.6,2.9,2.E-02));
#3289 = LINE('',#3290,#3291);
#3290 = CARTESIAN_POINT('',(-1.6,-15.6,2.E-02));
#3291 = VECTOR('',#3292,1.);
#3292 = DIRECTION('',(-1.110223024625E-16,1.,0.));
#3293 = ORIENTED_EDGE('',*,*,#3294,.F.);
#3294 = EDGE_CURVE('',#3295,#3287,#3297,.T.);
#3295 = VERTEX_POINT('',#3296);
#3296 = CARTESIAN_POINT('',(-1.6,2.9,0.4));
#3297 = LINE('',#3298,#3299);
#3298 = CARTESIAN_POINT('',(-1.6,2.9,2.E-02));
#3299 = VECTOR('',#3300,1.);
#3300 = DIRECTION('',(-0.,0.,-1.));
#3301 = ORIENTED_EDGE('',*,*,#3302,.T.);
#3302 = EDGE_CURVE('',#3295,#3303,#3305,.T.);
#3303 = VERTEX_POINT('',#3304);
#3304 = CARTESIAN_POINT('',(-1.6,-15.1,0.4));
#3305 = LINE('',#3306,#3307);
#3306 = CARTESIAN_POINT('',(-1.6,-10.85,0.4));
#3307 = VECTOR('',#3308,1.);
#3308 = DIRECTION('',(1.110223024625E-16,-1.,0.));
#3309 = ORIENTED_EDGE('',*,*,#3310,.F.);
#3310 = EDGE_CURVE('',#3311,#3303,#3313,.T.);
#3311 = VERTEX_POINT('',#3312);
#3312 = CARTESIAN_POINT('',(-1.6,-15.1,2.E-02));
#3313 = LINE('',#3314,#3315);
#3314 = CARTESIAN_POINT('',(-1.6,-15.1,2.E-02));
#3315 = VECTOR('',#3316,1.);
#3316 = DIRECTION('',(0.,0.,1.));
#3317 = ORIENTED_EDGE('',*,*,#3318,.F.);
#3318 = EDGE_CURVE('',#3270,#3311,#3319,.T.);
#3319 = LINE('',#3320,#3321);
#3320 = CARTESIAN_POINT('',(-1.6,-15.6,2.E-02));
#3321 = VECTOR('',#3322,1.);
#3322 = DIRECTION('',(-1.110223024625E-16,1.,0.));
#3323 = PLANE('',#3324);
#3324 = AXIS2_PLACEMENT_3D('',#3325,#3326,#3327);
#3325 = CARTESIAN_POINT('',(-1.6,-15.6,2.E-02));
#3326 = DIRECTION('',(-1.,-1.110223024625E-16,0.));
#3327 = DIRECTION('',(-1.110223024625E-16,1.,0.));
#3328 = ADVANCED_FACE('',(#3329),#3341,.T.);
#3329 = FACE_BOUND('',#3330,.T.);
#3330 = EDGE_LOOP('',(#3331,#3332,#3333,#3340));
#3331 = ORIENTED_EDGE('',*,*,#3014,.T.);
#3332 = ORIENTED_EDGE('',*,*,#3077,.F.);
#3333 = ORIENTED_EDGE('',*,*,#3334,.F.);
#3334 = EDGE_CURVE('',#3127,#3070,#3335,.T.);
#3335 = CIRCLE('',#3336,0.25);
#3336 = AXIS2_PLACEMENT_3D('',#3337,#3338,#3339);
#3337 = CARTESIAN_POINT('',(13.35,3.15,2.E-02));
#3338 = DIRECTION('',(-0.,0.,-1.));
#3339 = DIRECTION('',(-1.,-1.110223024625E-16,0.));
#3340 = ORIENTED_EDGE('',*,*,#3126,.T.);
#3341 = CYLINDRICAL_SURFACE('',#3342,0.25);
#3342 = AXIS2_PLACEMENT_3D('',#3343,#3344,#3345);
#3343 = CARTESIAN_POINT('',(13.35,3.15,2.E-02));
#3344 = DIRECTION('',(0.,0.,1.));
#3345 = DIRECTION('',(-1.110223024625E-16,1.,0.));
#3346 = ADVANCED_FACE('',(#3347),#3359,.T.);
#3347 = FACE_BOUND('',#3348,.T.);
#3348 = EDGE_LOOP('',(#3349,#3350,#3357,#3358));
#3349 = ORIENTED_EDGE('',*,*,#3189,.F.);
#3350 = ORIENTED_EDGE('',*,*,#3351,.T.);
#3351 = EDGE_CURVE('',#3190,#3030,#3352,.T.);
#3352 = CIRCLE('',#3353,0.25);
#3353 = AXIS2_PLACEMENT_3D('',#3354,#3355,#3356);
#3354 = CARTESIAN_POINT('',(13.35,-15.35,2.E-02));
#3355 = DIRECTION('',(0.,0.,1.));
#3356 = DIRECTION('',(-1.,-1.110223024625E-16,0.));
#3357 = ORIENTED_EDGE('',*,*,#3029,.T.);
#3358 = ORIENTED_EDGE('',*,*,#3094,.T.);
#3359 = CYLINDRICAL_SURFACE('',#3360,0.25);
#3360 = AXIS2_PLACEMENT_3D('',#3361,#3362,#3363);
#3361 = CARTESIAN_POINT('',(13.35,-15.35,2.E-02));
#3362 = DIRECTION('',(0.,0.,1.));
#3363 = DIRECTION('',(1.110223024625E-16,-1.,0.));
#3364 = ADVANCED_FACE('',(#3365),#3384,.T.);
#3365 = FACE_BOUND('',#3366,.T.);
#3366 = EDGE_LOOP('',(#3367,#3368,#3376,#3382,#3383));
#3367 = ORIENTED_EDGE('',*,*,#3238,.T.);
#3368 = ORIENTED_EDGE('',*,*,#3369,.F.);
#3369 = EDGE_CURVE('',#3370,#3231,#3372,.T.);
#3370 = VERTEX_POINT('',#3371);
#3371 = CARTESIAN_POINT('',(13.1,-15.1,2.E-02));
#3372 = LINE('',#3373,#3374);
#3373 = CARTESIAN_POINT('',(13.1,3.4,2.E-02));
#3374 = VECTOR('',#3375,1.);
#3375 = DIRECTION('',(1.110223024625E-16,-1.,0.));
#3376 = ORIENTED_EDGE('',*,*,#3377,.F.);
#3377 = EDGE_CURVE('',#3038,#3370,#3378,.T.);
#3378 = LINE('',#3379,#3380);
#3379 = CARTESIAN_POINT('',(13.6,-15.1,2.E-02));
#3380 = VECTOR('',#3381,1.);
#3381 = DIRECTION('',(-1.,-1.110223024625E-16,0.));
#3382 = ORIENTED_EDGE('',*,*,#3037,.T.);
#3383 = ORIENTED_EDGE('',*,*,#3351,.F.);
#3384 = PLANE('',#3385);
#3385 = AXIS2_PLACEMENT_3D('',#3386,#3387,#3388);
#3386 = CARTESIAN_POINT('',(6.,-6.1,2.E-02));
#3387 = DIRECTION('',(-0.,0.,-1.));
#3388 = DIRECTION('',(-1.110223024625E-16,1.,0.));
#3389 = ADVANCED_FACE('',(#3390),#3408,.F.);
#3390 = FACE_BOUND('',#3391,.F.);
#3391 = EDGE_LOOP('',(#3392,#3393,#3394,#3402));
#3392 = ORIENTED_EDGE('',*,*,#3377,.F.);
#3393 = ORIENTED_EDGE('',*,*,#3045,.T.);
#3394 = ORIENTED_EDGE('',*,*,#3395,.T.);
#3395 = EDGE_CURVE('',#3046,#3396,#3398,.T.);
#3396 = VERTEX_POINT('',#3397);
#3397 = CARTESIAN_POINT('',(13.1,-15.1,0.4));
#3398 = LINE('',#3399,#3400);
#3399 = CARTESIAN_POINT('',(13.6,-15.1,0.4));
#3400 = VECTOR('',#3401,1.);
#3401 = DIRECTION('',(-1.,-1.110223024625E-16,0.));
#3402 = ORIENTED_EDGE('',*,*,#3403,.F.);
#3403 = EDGE_CURVE('',#3370,#3396,#3404,.T.);
#3404 = LINE('',#3405,#3406);
#3405 = CARTESIAN_POINT('',(13.1,-15.1,2.E-02));
#3406 = VECTOR('',#3407,1.);
#3407 = DIRECTION('',(0.,0.,1.));
#3408 = PLANE('',#3409);
#3409 = AXIS2_PLACEMENT_3D('',#3410,#3411,#3412);
#3410 = CARTESIAN_POINT('',(13.6,-15.1,2.E-02));
#3411 = DIRECTION('',(1.110223024625E-16,-1.,0.));
#3412 = DIRECTION('',(-1.,-1.110223024625E-16,0.));
#3413 = ADVANCED_FACE('',(#3414),#3433,.T.);
#3414 = FACE_BOUND('',#3415,.T.);
#3415 = EDGE_LOOP('',(#3416,#3417,#3425,#3431,#3432));
#3416 = ORIENTED_EDGE('',*,*,#3069,.T.);
#3417 = ORIENTED_EDGE('',*,*,#3418,.F.);
#3418 = EDGE_CURVE('',#3419,#3062,#3421,.T.);
#3419 = VERTEX_POINT('',#3420);
#3420 = CARTESIAN_POINT('',(13.1,2.9,2.E-02));
#3421 = LINE('',#3422,#3423);
#3422 = CARTESIAN_POINT('',(-2.6,2.9,2.E-02));
#3423 = VECTOR('',#3424,1.);
#3424 = DIRECTION('',(1.,1.110223024625E-16,0.));
#3425 = ORIENTED_EDGE('',*,*,#3426,.F.);
#3426 = EDGE_CURVE('',#3135,#3419,#3427,.T.);
#3427 = LINE('',#3428,#3429);
#3428 = CARTESIAN_POINT('',(13.1,3.4,2.E-02));
#3429 = VECTOR('',#3430,1.);
#3430 = DIRECTION('',(1.110223024625E-16,-1.,0.));
#3431 = ORIENTED_EDGE('',*,*,#3134,.T.);
#3432 = ORIENTED_EDGE('',*,*,#3334,.T.);
#3433 = PLANE('',#3434);
#3434 = AXIS2_PLACEMENT_3D('',#3435,#3436,#3437);
#3435 = CARTESIAN_POINT('',(6.,-6.1,2.E-02));
#3436 = DIRECTION('',(-0.,0.,-1.));
#3437 = DIRECTION('',(-1.110223024625E-16,1.,0.));
#3438 = ADVANCED_FACE('',(#3439,#3494,#3528,#3562,#3596,#3630),#3664,.T.
  );
#3439 = FACE_BOUND('',#3440,.T.);
#3440 = EDGE_LOOP('',(#3441,#3442,#3448,#3449,#3457,#3463,#3464,#3472,
    #3478,#3479,#3487,#3493));
#3441 = ORIENTED_EDGE('',*,*,#3395,.T.);
#3442 = ORIENTED_EDGE('',*,*,#3443,.T.);
#3443 = EDGE_CURVE('',#3396,#3223,#3444,.T.);
#3444 = LINE('',#3445,#3446);
#3445 = CARTESIAN_POINT('',(13.1,3.4,0.4));
#3446 = VECTOR('',#3447,1.);
#3447 = DIRECTION('',(1.110223024625E-16,-1.,0.));
#3448 = ORIENTED_EDGE('',*,*,#3222,.F.);
#3449 = ORIENTED_EDGE('',*,*,#3450,.T.);
#3450 = EDGE_CURVE('',#3215,#3451,#3453,.T.);
#3451 = VERTEX_POINT('',#3452);
#3452 = CARTESIAN_POINT('',(-1.1,-15.1,0.4));
#3453 = LINE('',#3454,#3455);
#3454 = CARTESIAN_POINT('',(-1.1,-16.6,0.4));
#3455 = VECTOR('',#3456,1.);
#3456 = DIRECTION('',(-1.110223024625E-16,1.,0.));
#3457 = ORIENTED_EDGE('',*,*,#3458,.T.);
#3458 = EDGE_CURVE('',#3451,#3303,#3459,.T.);
#3459 = LINE('',#3460,#3461);
#3460 = CARTESIAN_POINT('',(13.6,-15.1,0.4));
#3461 = VECTOR('',#3462,1.);
#3462 = DIRECTION('',(-1.,-1.110223024625E-16,0.));
#3463 = ORIENTED_EDGE('',*,*,#3302,.F.);
#3464 = ORIENTED_EDGE('',*,*,#3465,.T.);
#3465 = EDGE_CURVE('',#3295,#3466,#3468,.T.);
#3466 = VERTEX_POINT('',#3467);
#3467 = CARTESIAN_POINT('',(-1.1,2.9,0.4));
#3468 = LINE('',#3469,#3470);
#3469 = CARTESIAN_POINT('',(-2.6,2.9,0.4));
#3470 = VECTOR('',#3471,1.);
#3471 = DIRECTION('',(1.,1.110223024625E-16,0.));
#3472 = ORIENTED_EDGE('',*,*,#3473,.T.);
#3473 = EDGE_CURVE('',#3466,#3151,#3474,.T.);
#3474 = LINE('',#3475,#3476);
#3475 = CARTESIAN_POINT('',(-1.1,-16.6,0.4));
#3476 = VECTOR('',#3477,1.);
#3477 = DIRECTION('',(-1.110223024625E-16,1.,0.));
#3478 = ORIENTED_EDGE('',*,*,#3150,.T.);
#3479 = ORIENTED_EDGE('',*,*,#3480,.T.);
#3480 = EDGE_CURVE('',#3143,#3481,#3483,.T.);
#3481 = VERTEX_POINT('',#3482);
#3482 = CARTESIAN_POINT('',(13.1,2.9,0.4));
#3483 = LINE('',#3484,#3485);
#3484 = CARTESIAN_POINT('',(13.1,3.4,0.4));
#3485 = VECTOR('',#3486,1.);
#3486 = DIRECTION('',(1.110223024625E-16,-1.,0.));
#3487 = ORIENTED_EDGE('',*,*,#3488,.T.);
#3488 = EDGE_CURVE('',#3481,#3054,#3489,.T.);
#3489 = LINE('',#3490,#3491);
#3490 = CARTESIAN_POINT('',(-2.6,2.9,0.4));
#3491 = VECTOR('',#3492,1.);
#3492 = DIRECTION('',(1.,1.110223024625E-16,0.));
#3493 = ORIENTED_EDGE('',*,*,#3053,.T.);
#3494 = FACE_BOUND('',#3495,.T.);
#3495 = EDGE_LOOP('',(#3496,#3506,#3514,#3522));
#3496 = ORIENTED_EDGE('',*,*,#3497,.F.);
#3497 = EDGE_CURVE('',#3498,#3500,#3502,.T.);
#3498 = VERTEX_POINT('',#3499);
#3499 = CARTESIAN_POINT('',(-0.2,-12.7,0.4));
#3500 = VERTEX_POINT('',#3501);
#3501 = CARTESIAN_POINT('',(-0.2,-11.7,0.4));
#3502 = LINE('',#3503,#3504);
#3503 = CARTESIAN_POINT('',(-0.2,-8.9,0.4));
#3504 = VECTOR('',#3505,1.);
#3505 = DIRECTION('',(-1.110223024625E-16,1.,0.));
#3506 = ORIENTED_EDGE('',*,*,#3507,.F.);
#3507 = EDGE_CURVE('',#3508,#3498,#3510,.T.);
#3508 = VERTEX_POINT('',#3509);
#3509 = CARTESIAN_POINT('',(0.2,-12.7,0.4));
#3510 = LINE('',#3511,#3512);
#3511 = CARTESIAN_POINT('',(2.65,-12.7,0.4));
#3512 = VECTOR('',#3513,1.);
#3513 = DIRECTION('',(-1.,-1.110223024625E-16,0.));
#3514 = ORIENTED_EDGE('',*,*,#3515,.F.);
#3515 = EDGE_CURVE('',#3516,#3508,#3518,.T.);
#3516 = VERTEX_POINT('',#3517);
#3517 = CARTESIAN_POINT('',(0.2,-11.7,0.4));
#3518 = LINE('',#3519,#3520);
#3519 = CARTESIAN_POINT('',(0.2,-9.4,0.4));
#3520 = VECTOR('',#3521,1.);
#3521 = DIRECTION('',(1.110223024625E-16,-1.,-0.));
#3522 = ORIENTED_EDGE('',*,*,#3523,.F.);
#3523 = EDGE_CURVE('',#3500,#3516,#3524,.T.);
#3524 = LINE('',#3525,#3526);
#3525 = CARTESIAN_POINT('',(2.85,-11.7,0.4));
#3526 = VECTOR('',#3527,1.);
#3527 = DIRECTION('',(1.,1.110223024625E-16,0.));
#3528 = FACE_BOUND('',#3529,.T.);
#3529 = EDGE_LOOP('',(#3530,#3540,#3548,#3556));
#3530 = ORIENTED_EDGE('',*,*,#3531,.F.);
#3531 = EDGE_CURVE('',#3532,#3534,#3536,.T.);
#3532 = VERTEX_POINT('',#3533);
#3533 = CARTESIAN_POINT('',(-0.25,-0.25,0.4));
#3534 = VERTEX_POINT('',#3535);
#3535 = CARTESIAN_POINT('',(-0.25,0.25,0.4));
#3536 = LINE('',#3537,#3538);
#3537 = CARTESIAN_POINT('',(-0.25,-2.925,0.4));
#3538 = VECTOR('',#3539,1.);
#3539 = DIRECTION('',(-1.110223024625E-16,1.,0.));
#3540 = ORIENTED_EDGE('',*,*,#3541,.F.);
#3541 = EDGE_CURVE('',#3542,#3532,#3544,.T.);
#3542 = VERTEX_POINT('',#3543);
#3543 = CARTESIAN_POINT('',(0.25,-0.25,0.4));
#3544 = LINE('',#3545,#3546);
#3545 = CARTESIAN_POINT('',(2.625,-0.25,0.4));
#3546 = VECTOR('',#3547,1.);
#3547 = DIRECTION('',(-1.,-1.110223024625E-16,0.));
#3548 = ORIENTED_EDGE('',*,*,#3549,.F.);
#3549 = EDGE_CURVE('',#3550,#3542,#3552,.T.);
#3550 = VERTEX_POINT('',#3551);
#3551 = CARTESIAN_POINT('',(0.25,0.25,0.4));
#3552 = LINE('',#3553,#3554);
#3553 = CARTESIAN_POINT('',(0.25,-3.175,0.4));
#3554 = VECTOR('',#3555,1.);
#3555 = DIRECTION('',(1.110223024625E-16,-1.,-0.));
#3556 = ORIENTED_EDGE('',*,*,#3557,.F.);
#3557 = EDGE_CURVE('',#3534,#3550,#3558,.T.);
#3558 = LINE('',#3559,#3560);
#3559 = CARTESIAN_POINT('',(2.875,0.25,0.4));
#3560 = VECTOR('',#3561,1.);
#3561 = DIRECTION('',(1.,1.110223024625E-16,0.));
#3562 = FACE_BOUND('',#3563,.T.);
#3563 = EDGE_LOOP('',(#3564,#3574,#3582,#3590));
#3564 = ORIENTED_EDGE('',*,*,#3565,.F.);
#3565 = EDGE_CURVE('',#3566,#3568,#3570,.T.);
#3566 = VERTEX_POINT('',#3567);
#3567 = CARTESIAN_POINT('',(11.8,-12.7,0.4));
#3568 = VERTEX_POINT('',#3569);
#3569 = CARTESIAN_POINT('',(11.8,-11.7,0.4));
#3570 = LINE('',#3571,#3572);
#3571 = CARTESIAN_POINT('',(11.8,-8.9,0.4));
#3572 = VECTOR('',#3573,1.);
#3573 = DIRECTION('',(-1.110223024625E-16,1.,0.));
#3574 = ORIENTED_EDGE('',*,*,#3575,.F.);
#3575 = EDGE_CURVE('',#3576,#3566,#3578,.T.);
#3576 = VERTEX_POINT('',#3577);
#3577 = CARTESIAN_POINT('',(12.2,-12.7,0.4));
#3578 = LINE('',#3579,#3580);
#3579 = CARTESIAN_POINT('',(8.65,-12.7,0.4));
#3580 = VECTOR('',#3581,1.);
#3581 = DIRECTION('',(-1.,-1.110223024625E-16,0.));
#3582 = ORIENTED_EDGE('',*,*,#3583,.F.);
#3583 = EDGE_CURVE('',#3584,#3576,#3586,.T.);
#3584 = VERTEX_POINT('',#3585);
#3585 = CARTESIAN_POINT('',(12.2,-11.7,0.4));
#3586 = LINE('',#3587,#3588);
#3587 = CARTESIAN_POINT('',(12.2,-9.4,0.4));
#3588 = VECTOR('',#3589,1.);
#3589 = DIRECTION('',(1.110223024625E-16,-1.,-0.));
#3590 = ORIENTED_EDGE('',*,*,#3591,.F.);
#3591 = EDGE_CURVE('',#3568,#3584,#3592,.T.);
#3592 = LINE('',#3593,#3594);
#3593 = CARTESIAN_POINT('',(8.85,-11.7,0.4));
#3594 = VECTOR('',#3595,1.);
#3595 = DIRECTION('',(1.,1.110223024625E-16,0.));
#3596 = FACE_BOUND('',#3597,.T.);
#3597 = EDGE_LOOP('',(#3598,#3608,#3616,#3624));
#3598 = ORIENTED_EDGE('',*,*,#3599,.F.);
#3599 = EDGE_CURVE('',#3600,#3602,#3604,.T.);
#3600 = VERTEX_POINT('',#3601);
#3601 = CARTESIAN_POINT('',(5.4,1.85,0.4));
#3602 = VERTEX_POINT('',#3603);
#3603 = CARTESIAN_POINT('',(5.4,2.15,0.4));
#3604 = LINE('',#3605,#3606);
#3605 = CARTESIAN_POINT('',(5.4,-1.975,0.4));
#3606 = VECTOR('',#3607,1.);
#3607 = DIRECTION('',(-1.110223024625E-16,1.,0.));
#3608 = ORIENTED_EDGE('',*,*,#3609,.F.);
#3609 = EDGE_CURVE('',#3610,#3600,#3612,.T.);
#3610 = VERTEX_POINT('',#3611);
#3611 = CARTESIAN_POINT('',(6.6,1.85,0.4));
#3612 = LINE('',#3613,#3614);
#3613 = CARTESIAN_POINT('',(5.45,1.85,0.4));
#3614 = VECTOR('',#3615,1.);
#3615 = DIRECTION('',(-1.,-1.110223024625E-16,0.));
#3616 = ORIENTED_EDGE('',*,*,#3617,.F.);
#3617 = EDGE_CURVE('',#3618,#3610,#3620,.T.);
#3618 = VERTEX_POINT('',#3619);
#3619 = CARTESIAN_POINT('',(6.6,2.15,0.4));
#3620 = LINE('',#3621,#3622);
#3621 = CARTESIAN_POINT('',(6.6,-2.125,0.4));
#3622 = VECTOR('',#3623,1.);
#3623 = DIRECTION('',(1.110223024625E-16,-1.,-0.));
#3624 = ORIENTED_EDGE('',*,*,#3625,.F.);
#3625 = EDGE_CURVE('',#3602,#3618,#3626,.T.);
#3626 = LINE('',#3627,#3628);
#3627 = CARTESIAN_POINT('',(6.05,2.15,0.4));
#3628 = VECTOR('',#3629,1.);
#3629 = DIRECTION('',(1.,1.110223024625E-16,0.));
#3630 = FACE_BOUND('',#3631,.T.);
#3631 = EDGE_LOOP('',(#3632,#3642,#3650,#3658));
#3632 = ORIENTED_EDGE('',*,*,#3633,.F.);
#3633 = EDGE_CURVE('',#3634,#3636,#3638,.T.);
#3634 = VERTEX_POINT('',#3635);
#3635 = CARTESIAN_POINT('',(11.75,-0.25,0.4));
#3636 = VERTEX_POINT('',#3637);
#3637 = CARTESIAN_POINT('',(11.75,0.25,0.4));
#3638 = LINE('',#3639,#3640);
#3639 = CARTESIAN_POINT('',(11.75,-2.925,0.4));
#3640 = VECTOR('',#3641,1.);
#3641 = DIRECTION('',(-1.110223024625E-16,1.,0.));
#3642 = ORIENTED_EDGE('',*,*,#3643,.F.);
#3643 = EDGE_CURVE('',#3644,#3634,#3646,.T.);
#3644 = VERTEX_POINT('',#3645);
#3645 = CARTESIAN_POINT('',(12.25,-0.25,0.4));
#3646 = LINE('',#3647,#3648);
#3647 = CARTESIAN_POINT('',(8.625,-0.25,0.4));
#3648 = VECTOR('',#3649,1.);
#3649 = DIRECTION('',(-1.,-1.110223024625E-16,0.));
#3650 = ORIENTED_EDGE('',*,*,#3651,.F.);
#3651 = EDGE_CURVE('',#3652,#3644,#3654,.T.);
#3652 = VERTEX_POINT('',#3653);
#3653 = CARTESIAN_POINT('',(12.25,0.25,0.4));
#3654 = LINE('',#3655,#3656);
#3655 = CARTESIAN_POINT('',(12.25,-3.175,0.4));
#3656 = VECTOR('',#3657,1.);
#3657 = DIRECTION('',(1.110223024625E-16,-1.,-0.));
#3658 = ORIENTED_EDGE('',*,*,#3659,.F.);
#3659 = EDGE_CURVE('',#3636,#3652,#3660,.T.);
#3660 = LINE('',#3661,#3662);
#3661 = CARTESIAN_POINT('',(8.875,0.25,0.4));
#3662 = VECTOR('',#3663,1.);
#3663 = DIRECTION('',(1.,1.110223024625E-16,0.));
#3664 = PLANE('',#3665);
#3665 = AXIS2_PLACEMENT_3D('',#3666,#3667,#3668);
#3666 = CARTESIAN_POINT('',(5.5,-6.1,0.4));
#3667 = DIRECTION('',(-0.,0.,-1.));
#3668 = DIRECTION('',(-1.110223024625E-16,1.,0.));
#3669 = ADVANCED_FACE('',(#3670),#3681,.F.);
#3670 = FACE_BOUND('',#3671,.F.);
#3671 = EDGE_LOOP('',(#3672,#3673,#3679,#3680));
#3672 = ORIENTED_EDGE('',*,*,#3418,.F.);
#3673 = ORIENTED_EDGE('',*,*,#3674,.F.);
#3674 = EDGE_CURVE('',#3481,#3419,#3675,.T.);
#3675 = LINE('',#3676,#3677);
#3676 = CARTESIAN_POINT('',(13.1,2.9,2.E-02));
#3677 = VECTOR('',#3678,1.);
#3678 = DIRECTION('',(0.,0.,-1.));
#3679 = ORIENTED_EDGE('',*,*,#3488,.T.);
#3680 = ORIENTED_EDGE('',*,*,#3061,.F.);
#3681 = PLANE('',#3682);
#3682 = AXIS2_PLACEMENT_3D('',#3683,#3684,#3685);
#3683 = CARTESIAN_POINT('',(-2.6,2.9,2.E-02));
#3684 = DIRECTION('',(-1.110223024625E-16,1.,0.));
#3685 = DIRECTION('',(1.,1.110223024625E-16,0.));
#3686 = ADVANCED_FACE('',(#3687),#3699,.T.);
#3687 = FACE_BOUND('',#3688,.T.);
#3688 = EDGE_LOOP('',(#3689,#3690,#3697,#3698));
#3689 = ORIENTED_EDGE('',*,*,#3174,.F.);
#3690 = ORIENTED_EDGE('',*,*,#3691,.T.);
#3691 = EDGE_CURVE('',#3167,#3279,#3692,.T.);
#3692 = CIRCLE('',#3693,0.25);
#3693 = AXIS2_PLACEMENT_3D('',#3694,#3695,#3696);
#3694 = CARTESIAN_POINT('',(-1.35,3.15,2.E-02));
#3695 = DIRECTION('',(0.,0.,1.));
#3696 = DIRECTION('',(-1.,-1.110223024625E-16,0.));
#3697 = ORIENTED_EDGE('',*,*,#3278,.T.);
#3698 = ORIENTED_EDGE('',*,*,#3111,.T.);
#3699 = CYLINDRICAL_SURFACE('',#3700,0.25);
#3700 = AXIS2_PLACEMENT_3D('',#3701,#3702,#3703);
#3701 = CARTESIAN_POINT('',(-1.35,3.15,2.E-02));
#3702 = DIRECTION('',(0.,0.,1.));
#3703 = DIRECTION('',(-1.110223024625E-16,1.,0.));
#3704 = ADVANCED_FACE('',(#3705),#3711,.F.);
#3705 = FACE_BOUND('',#3706,.F.);
#3706 = EDGE_LOOP('',(#3707,#3708,#3709,#3710));
#3707 = ORIENTED_EDGE('',*,*,#3426,.F.);
#3708 = ORIENTED_EDGE('',*,*,#3142,.T.);
#3709 = ORIENTED_EDGE('',*,*,#3480,.T.);
#3710 = ORIENTED_EDGE('',*,*,#3674,.T.);
#3711 = PLANE('',#3712);
#3712 = AXIS2_PLACEMENT_3D('',#3713,#3714,#3715);
#3713 = CARTESIAN_POINT('',(13.1,3.4,2.E-02));
#3714 = DIRECTION('',(1.,1.110223024625E-16,0.));
#3715 = DIRECTION('',(1.110223024625E-16,-1.,0.));
#3716 = ADVANCED_FACE('',(#3717),#3736,.T.);
#3717 = FACE_BOUND('',#3718,.T.);
#3718 = EDGE_LOOP('',(#3719,#3720,#3721,#3722,#3730));
#3719 = ORIENTED_EDGE('',*,*,#3286,.T.);
#3720 = ORIENTED_EDGE('',*,*,#3691,.F.);
#3721 = ORIENTED_EDGE('',*,*,#3166,.T.);
#3722 = ORIENTED_EDGE('',*,*,#3723,.F.);
#3723 = EDGE_CURVE('',#3724,#3159,#3726,.T.);
#3724 = VERTEX_POINT('',#3725);
#3725 = CARTESIAN_POINT('',(-1.1,2.9,2.E-02));
#3726 = LINE('',#3727,#3728);
#3727 = CARTESIAN_POINT('',(-1.1,-16.6,2.E-02));
#3728 = VECTOR('',#3729,1.);
#3729 = DIRECTION('',(-1.110223024625E-16,1.,0.));
#3730 = ORIENTED_EDGE('',*,*,#3731,.F.);
#3731 = EDGE_CURVE('',#3287,#3724,#3732,.T.);
#3732 = LINE('',#3733,#3734);
#3733 = CARTESIAN_POINT('',(-2.6,2.9,2.E-02));
#3734 = VECTOR('',#3735,1.);
#3735 = DIRECTION('',(1.,1.110223024625E-16,0.));
#3736 = PLANE('',#3737);
#3737 = AXIS2_PLACEMENT_3D('',#3738,#3739,#3740);
#3738 = CARTESIAN_POINT('',(6.,-6.1,2.E-02));
#3739 = DIRECTION('',(-0.,0.,-1.));
#3740 = DIRECTION('',(-1.110223024625E-16,1.,0.));
#3741 = ADVANCED_FACE('',(#3742),#3753,.F.);
#3742 = FACE_BOUND('',#3743,.F.);
#3743 = EDGE_LOOP('',(#3744,#3745,#3751,#3752));
#3744 = ORIENTED_EDGE('',*,*,#3723,.F.);
#3745 = ORIENTED_EDGE('',*,*,#3746,.T.);
#3746 = EDGE_CURVE('',#3724,#3466,#3747,.T.);
#3747 = LINE('',#3748,#3749);
#3748 = CARTESIAN_POINT('',(-1.1,2.9,2.E-02));
#3749 = VECTOR('',#3750,1.);
#3750 = DIRECTION('',(0.,0.,1.));
#3751 = ORIENTED_EDGE('',*,*,#3473,.T.);
#3752 = ORIENTED_EDGE('',*,*,#3158,.F.);
#3753 = PLANE('',#3754);
#3754 = AXIS2_PLACEMENT_3D('',#3755,#3756,#3757);
#3755 = CARTESIAN_POINT('',(-1.1,-16.6,2.E-02));
#3756 = DIRECTION('',(-1.,-1.110223024625E-16,0.));
#3757 = DIRECTION('',(-1.110223024625E-16,1.,0.));
#3758 = ADVANCED_FACE('',(#3759),#3771,.T.);
#3759 = FACE_BOUND('',#3760,.T.);
#3760 = EDGE_LOOP('',(#3761,#3762,#3769,#3770));
#3761 = ORIENTED_EDGE('',*,*,#3269,.F.);
#3762 = ORIENTED_EDGE('',*,*,#3763,.T.);
#3763 = EDGE_CURVE('',#3270,#3199,#3764,.T.);
#3764 = CIRCLE('',#3765,0.25);
#3765 = AXIS2_PLACEMENT_3D('',#3766,#3767,#3768);
#3766 = CARTESIAN_POINT('',(-1.35,-15.35,2.E-02));
#3767 = DIRECTION('',(0.,0.,1.));
#3768 = DIRECTION('',(-1.,-1.110223024625E-16,0.));
#3769 = ORIENTED_EDGE('',*,*,#3198,.T.);
#3770 = ORIENTED_EDGE('',*,*,#3254,.T.);
#3771 = CYLINDRICAL_SURFACE('',#3772,0.25);
#3772 = AXIS2_PLACEMENT_3D('',#3773,#3774,#3775);
#3773 = CARTESIAN_POINT('',(-1.35,-15.35,2.E-02));
#3774 = DIRECTION('',(0.,0.,1.));
#3775 = DIRECTION('',(-1.,-1.110223024625E-16,0.));
#3776 = ADVANCED_FACE('',(#3777),#3783,.F.);
#3777 = FACE_BOUND('',#3778,.F.);
#3778 = EDGE_LOOP('',(#3779,#3780,#3781,#3782));
#3779 = ORIENTED_EDGE('',*,*,#3369,.F.);
#3780 = ORIENTED_EDGE('',*,*,#3403,.T.);
#3781 = ORIENTED_EDGE('',*,*,#3443,.T.);
#3782 = ORIENTED_EDGE('',*,*,#3230,.F.);
#3783 = PLANE('',#3784);
#3784 = AXIS2_PLACEMENT_3D('',#3785,#3786,#3787);
#3785 = CARTESIAN_POINT('',(13.1,3.4,2.E-02));
#3786 = DIRECTION('',(1.,1.110223024625E-16,0.));
#3787 = DIRECTION('',(1.110223024625E-16,-1.,0.));
#3788 = ADVANCED_FACE('',(#3789),#3808,.T.);
#3789 = FACE_BOUND('',#3790,.T.);
#3790 = EDGE_LOOP('',(#3791,#3792,#3800,#3806,#3807));
#3791 = ORIENTED_EDGE('',*,*,#3318,.T.);
#3792 = ORIENTED_EDGE('',*,*,#3793,.F.);
#3793 = EDGE_CURVE('',#3794,#3311,#3796,.T.);
#3794 = VERTEX_POINT('',#3795);
#3795 = CARTESIAN_POINT('',(-1.1,-15.1,2.E-02));
#3796 = LINE('',#3797,#3798);
#3797 = CARTESIAN_POINT('',(13.6,-15.1,2.E-02));
#3798 = VECTOR('',#3799,1.);
#3799 = DIRECTION('',(-1.,-1.110223024625E-16,0.));
#3800 = ORIENTED_EDGE('',*,*,#3801,.F.);
#3801 = EDGE_CURVE('',#3207,#3794,#3802,.T.);
#3802 = LINE('',#3803,#3804);
#3803 = CARTESIAN_POINT('',(-1.1,-16.6,2.E-02));
#3804 = VECTOR('',#3805,1.);
#3805 = DIRECTION('',(-1.110223024625E-16,1.,0.));
#3806 = ORIENTED_EDGE('',*,*,#3206,.T.);
#3807 = ORIENTED_EDGE('',*,*,#3763,.F.);
#3808 = PLANE('',#3809);
#3809 = AXIS2_PLACEMENT_3D('',#3810,#3811,#3812);
#3810 = CARTESIAN_POINT('',(6.,-6.1,2.E-02));
#3811 = DIRECTION('',(-0.,0.,-1.));
#3812 = DIRECTION('',(-1.110223024625E-16,1.,0.));
#3813 = ADVANCED_FACE('',(#3814),#3825,.F.);
#3814 = FACE_BOUND('',#3815,.F.);
#3815 = EDGE_LOOP('',(#3816,#3817,#3818,#3819));
#3816 = ORIENTED_EDGE('',*,*,#3801,.F.);
#3817 = ORIENTED_EDGE('',*,*,#3214,.F.);
#3818 = ORIENTED_EDGE('',*,*,#3450,.T.);
#3819 = ORIENTED_EDGE('',*,*,#3820,.T.);
#3820 = EDGE_CURVE('',#3451,#3794,#3821,.T.);
#3821 = LINE('',#3822,#3823);
#3822 = CARTESIAN_POINT('',(-1.1,-15.1,2.E-02));
#3823 = VECTOR('',#3824,1.);
#3824 = DIRECTION('',(0.,-0.,-1.));
#3825 = PLANE('',#3826);
#3826 = AXIS2_PLACEMENT_3D('',#3827,#3828,#3829);
#3827 = CARTESIAN_POINT('',(-1.1,-16.6,2.E-02));
#3828 = DIRECTION('',(-1.,-1.110223024625E-16,0.));
#3829 = DIRECTION('',(-1.110223024625E-16,1.,0.));
#3830 = ADVANCED_FACE('',(#3831),#3837,.F.);
#3831 = FACE_BOUND('',#3832,.F.);
#3832 = EDGE_LOOP('',(#3833,#3834,#3835,#3836));
#3833 = ORIENTED_EDGE('',*,*,#3793,.F.);
#3834 = ORIENTED_EDGE('',*,*,#3820,.F.);
#3835 = ORIENTED_EDGE('',*,*,#3458,.T.);
#3836 = ORIENTED_EDGE('',*,*,#3310,.F.);
#3837 = PLANE('',#3838);
#3838 = AXIS2_PLACEMENT_3D('',#3839,#3840,#3841);
#3839 = CARTESIAN_POINT('',(13.6,-15.1,2.E-02));
#3840 = DIRECTION('',(1.110223024625E-16,-1.,0.));
#3841 = DIRECTION('',(-1.,-1.110223024625E-16,0.));
#3842 = ADVANCED_FACE('',(#3843),#3849,.F.);
#3843 = FACE_BOUND('',#3844,.F.);
#3844 = EDGE_LOOP('',(#3845,#3846,#3847,#3848));
#3845 = ORIENTED_EDGE('',*,*,#3731,.F.);
#3846 = ORIENTED_EDGE('',*,*,#3294,.F.);
#3847 = ORIENTED_EDGE('',*,*,#3465,.T.);
#3848 = ORIENTED_EDGE('',*,*,#3746,.F.);
#3849 = PLANE('',#3850);
#3850 = AXIS2_PLACEMENT_3D('',#3851,#3852,#3853);
#3851 = CARTESIAN_POINT('',(-2.6,2.9,2.E-02));
#3852 = DIRECTION('',(-1.110223024625E-16,1.,0.));
#3853 = DIRECTION('',(1.,1.110223024625E-16,0.));
#3854 = ADVANCED_FACE('',(#3855),#3880,.T.);
#3855 = FACE_BOUND('',#3856,.T.);
#3856 = EDGE_LOOP('',(#3857,#3858,#3866,#3874));
#3857 = ORIENTED_EDGE('',*,*,#3497,.T.);
#3858 = ORIENTED_EDGE('',*,*,#3859,.T.);
#3859 = EDGE_CURVE('',#3500,#3860,#3862,.T.);
#3860 = VERTEX_POINT('',#3861);
#3861 = CARTESIAN_POINT('',(-0.2,-11.7,-3.4));
#3862 = LINE('',#3863,#3864);
#3863 = CARTESIAN_POINT('',(-0.2,-11.7,0.5));
#3864 = VECTOR('',#3865,1.);
#3865 = DIRECTION('',(-0.,0.,-1.));
#3866 = ORIENTED_EDGE('',*,*,#3867,.T.);
#3867 = EDGE_CURVE('',#3860,#3868,#3870,.T.);
#3868 = VERTEX_POINT('',#3869);
#3869 = CARTESIAN_POINT('',(-0.2,-12.7,-3.4));
#3870 = LINE('',#3871,#3872);
#3871 = CARTESIAN_POINT('',(-0.2,-11.7,-3.4));
#3872 = VECTOR('',#3873,1.);
#3873 = DIRECTION('',(1.110223024625E-16,-1.,0.));
#3874 = ORIENTED_EDGE('',*,*,#3875,.F.);
#3875 = EDGE_CURVE('',#3498,#3868,#3876,.T.);
#3876 = LINE('',#3877,#3878);
#3877 = CARTESIAN_POINT('',(-0.2,-12.7,0.5));
#3878 = VECTOR('',#3879,1.);
#3879 = DIRECTION('',(-0.,0.,-1.));
#3880 = PLANE('',#3881);
#3881 = AXIS2_PLACEMENT_3D('',#3882,#3883,#3884);
#3882 = CARTESIAN_POINT('',(-0.2,-11.7,0.5));
#3883 = DIRECTION('',(-1.,-1.110223024625E-16,0.));
#3884 = DIRECTION('',(1.110223024625E-16,-1.,0.));
#3885 = ADVANCED_FACE('',(#3886),#3904,.T.);
#3886 = FACE_BOUND('',#3887,.T.);
#3887 = EDGE_LOOP('',(#3888,#3889,#3897,#3903));
#3888 = ORIENTED_EDGE('',*,*,#3523,.T.);
#3889 = ORIENTED_EDGE('',*,*,#3890,.T.);
#3890 = EDGE_CURVE('',#3516,#3891,#3893,.T.);
#3891 = VERTEX_POINT('',#3892);
#3892 = CARTESIAN_POINT('',(0.2,-11.7,-3.4));
#3893 = LINE('',#3894,#3895);
#3894 = CARTESIAN_POINT('',(0.2,-11.7,0.5));
#3895 = VECTOR('',#3896,1.);
#3896 = DIRECTION('',(-0.,0.,-1.));
#3897 = ORIENTED_EDGE('',*,*,#3898,.T.);
#3898 = EDGE_CURVE('',#3891,#3860,#3899,.T.);
#3899 = LINE('',#3900,#3901);
#3900 = CARTESIAN_POINT('',(0.2,-11.7,-3.4));
#3901 = VECTOR('',#3902,1.);
#3902 = DIRECTION('',(-1.,-1.110223024625E-16,0.));
#3903 = ORIENTED_EDGE('',*,*,#3859,.F.);
#3904 = PLANE('',#3905);
#3905 = AXIS2_PLACEMENT_3D('',#3906,#3907,#3908);
#3906 = CARTESIAN_POINT('',(0.2,-11.7,0.5));
#3907 = DIRECTION('',(-1.110223024625E-16,1.,0.));
#3908 = DIRECTION('',(-1.,-1.110223024625E-16,0.));
#3909 = ADVANCED_FACE('',(#3910),#3928,.T.);
#3910 = FACE_BOUND('',#3911,.T.);
#3911 = EDGE_LOOP('',(#3912,#3913,#3921,#3927));
#3912 = ORIENTED_EDGE('',*,*,#3515,.T.);
#3913 = ORIENTED_EDGE('',*,*,#3914,.T.);
#3914 = EDGE_CURVE('',#3508,#3915,#3917,.T.);
#3915 = VERTEX_POINT('',#3916);
#3916 = CARTESIAN_POINT('',(0.2,-12.7,-3.4));
#3917 = LINE('',#3918,#3919);
#3918 = CARTESIAN_POINT('',(0.2,-12.7,0.5));
#3919 = VECTOR('',#3920,1.);
#3920 = DIRECTION('',(-0.,0.,-1.));
#3921 = ORIENTED_EDGE('',*,*,#3922,.T.);
#3922 = EDGE_CURVE('',#3915,#3891,#3923,.T.);
#3923 = LINE('',#3924,#3925);
#3924 = CARTESIAN_POINT('',(0.2,-12.7,-3.4));
#3925 = VECTOR('',#3926,1.);
#3926 = DIRECTION('',(-1.110223024625E-16,1.,0.));
#3927 = ORIENTED_EDGE('',*,*,#3890,.F.);
#3928 = PLANE('',#3929);
#3929 = AXIS2_PLACEMENT_3D('',#3930,#3931,#3932);
#3930 = CARTESIAN_POINT('',(0.2,-12.7,0.5));
#3931 = DIRECTION('',(1.,1.110223024625E-16,0.));
#3932 = DIRECTION('',(-1.110223024625E-16,1.,0.));
#3933 = ADVANCED_FACE('',(#3934),#3945,.T.);
#3934 = FACE_BOUND('',#3935,.T.);
#3935 = EDGE_LOOP('',(#3936,#3937,#3938,#3944));
#3936 = ORIENTED_EDGE('',*,*,#3507,.T.);
#3937 = ORIENTED_EDGE('',*,*,#3875,.T.);
#3938 = ORIENTED_EDGE('',*,*,#3939,.T.);
#3939 = EDGE_CURVE('',#3868,#3915,#3940,.T.);
#3940 = LINE('',#3941,#3942);
#3941 = CARTESIAN_POINT('',(-0.2,-12.7,-3.4));
#3942 = VECTOR('',#3943,1.);
#3943 = DIRECTION('',(1.,1.110223024625E-16,0.));
#3944 = ORIENTED_EDGE('',*,*,#3914,.F.);
#3945 = PLANE('',#3946);
#3946 = AXIS2_PLACEMENT_3D('',#3947,#3948,#3949);
#3947 = CARTESIAN_POINT('',(-0.2,-12.7,0.5));
#3948 = DIRECTION('',(1.110223024625E-16,-1.,0.));
#3949 = DIRECTION('',(1.,1.110223024625E-16,0.));
#3950 = ADVANCED_FACE('',(#3951),#3976,.T.);
#3951 = FACE_BOUND('',#3952,.T.);
#3952 = EDGE_LOOP('',(#3953,#3954,#3962,#3970));
#3953 = ORIENTED_EDGE('',*,*,#3531,.T.);
#3954 = ORIENTED_EDGE('',*,*,#3955,.T.);
#3955 = EDGE_CURVE('',#3534,#3956,#3958,.T.);
#3956 = VERTEX_POINT('',#3957);
#3957 = CARTESIAN_POINT('',(-0.25,0.25,-3.38));
#3958 = LINE('',#3959,#3960);
#3959 = CARTESIAN_POINT('',(-0.25,0.25,0.5));
#3960 = VECTOR('',#3961,1.);
#3961 = DIRECTION('',(-0.,0.,-1.));
#3962 = ORIENTED_EDGE('',*,*,#3963,.T.);
#3963 = EDGE_CURVE('',#3956,#3964,#3966,.T.);
#3964 = VERTEX_POINT('',#3965);
#3965 = CARTESIAN_POINT('',(-0.25,-0.25,-3.38));
#3966 = LINE('',#3967,#3968);
#3967 = CARTESIAN_POINT('',(-0.25,0.25,-3.38));
#3968 = VECTOR('',#3969,1.);
#3969 = DIRECTION('',(1.110223024625E-16,-1.,0.));
#3970 = ORIENTED_EDGE('',*,*,#3971,.F.);
#3971 = EDGE_CURVE('',#3532,#3964,#3972,.T.);
#3972 = LINE('',#3973,#3974);
#3973 = CARTESIAN_POINT('',(-0.25,-0.25,0.5));
#3974 = VECTOR('',#3975,1.);
#3975 = DIRECTION('',(-0.,0.,-1.));
#3976 = PLANE('',#3977);
#3977 = AXIS2_PLACEMENT_3D('',#3978,#3979,#3980);
#3978 = CARTESIAN_POINT('',(-0.25,0.25,0.5));
#3979 = DIRECTION('',(-1.,-1.110223024625E-16,0.));
#3980 = DIRECTION('',(1.110223024625E-16,-1.,0.));
#3981 = ADVANCED_FACE('',(#3982),#4000,.T.);
#3982 = FACE_BOUND('',#3983,.T.);
#3983 = EDGE_LOOP('',(#3984,#3985,#3993,#3999));
#3984 = ORIENTED_EDGE('',*,*,#3557,.T.);
#3985 = ORIENTED_EDGE('',*,*,#3986,.T.);
#3986 = EDGE_CURVE('',#3550,#3987,#3989,.T.);
#3987 = VERTEX_POINT('',#3988);
#3988 = CARTESIAN_POINT('',(0.25,0.25,-3.38));
#3989 = LINE('',#3990,#3991);
#3990 = CARTESIAN_POINT('',(0.25,0.25,0.5));
#3991 = VECTOR('',#3992,1.);
#3992 = DIRECTION('',(-0.,0.,-1.));
#3993 = ORIENTED_EDGE('',*,*,#3994,.T.);
#3994 = EDGE_CURVE('',#3987,#3956,#3995,.T.);
#3995 = LINE('',#3996,#3997);
#3996 = CARTESIAN_POINT('',(0.25,0.25,-3.38));
#3997 = VECTOR('',#3998,1.);
#3998 = DIRECTION('',(-1.,-1.110223024625E-16,0.));
#3999 = ORIENTED_EDGE('',*,*,#3955,.F.);
#4000 = PLANE('',#4001);
#4001 = AXIS2_PLACEMENT_3D('',#4002,#4003,#4004);
#4002 = CARTESIAN_POINT('',(0.25,0.25,0.5));
#4003 = DIRECTION('',(-1.110223024625E-16,1.,0.));
#4004 = DIRECTION('',(-1.,-1.110223024625E-16,0.));
#4005 = ADVANCED_FACE('',(#4006),#4024,.T.);
#4006 = FACE_BOUND('',#4007,.T.);
#4007 = EDGE_LOOP('',(#4008,#4009,#4017,#4023));
#4008 = ORIENTED_EDGE('',*,*,#3549,.T.);
#4009 = ORIENTED_EDGE('',*,*,#4010,.T.);
#4010 = EDGE_CURVE('',#3542,#4011,#4013,.T.);
#4011 = VERTEX_POINT('',#4012);
#4012 = CARTESIAN_POINT('',(0.25,-0.25,-3.38));
#4013 = LINE('',#4014,#4015);
#4014 = CARTESIAN_POINT('',(0.25,-0.25,0.5));
#4015 = VECTOR('',#4016,1.);
#4016 = DIRECTION('',(-0.,0.,-1.));
#4017 = ORIENTED_EDGE('',*,*,#4018,.T.);
#4018 = EDGE_CURVE('',#4011,#3987,#4019,.T.);
#4019 = LINE('',#4020,#4021);
#4020 = CARTESIAN_POINT('',(0.25,-0.25,-3.38));
#4021 = VECTOR('',#4022,1.);
#4022 = DIRECTION('',(-1.110223024625E-16,1.,0.));
#4023 = ORIENTED_EDGE('',*,*,#3986,.F.);
#4024 = PLANE('',#4025);
#4025 = AXIS2_PLACEMENT_3D('',#4026,#4027,#4028);
#4026 = CARTESIAN_POINT('',(0.25,-0.25,0.5));
#4027 = DIRECTION('',(1.,1.110223024625E-16,0.));
#4028 = DIRECTION('',(-1.110223024625E-16,1.,0.));
#4029 = ADVANCED_FACE('',(#4030),#4041,.T.);
#4030 = FACE_BOUND('',#4031,.T.);
#4031 = EDGE_LOOP('',(#4032,#4033,#4034,#4040));
#4032 = ORIENTED_EDGE('',*,*,#3541,.T.);
#4033 = ORIENTED_EDGE('',*,*,#3971,.T.);
#4034 = ORIENTED_EDGE('',*,*,#4035,.T.);
#4035 = EDGE_CURVE('',#3964,#4011,#4036,.T.);
#4036 = LINE('',#4037,#4038);
#4037 = CARTESIAN_POINT('',(-0.25,-0.25,-3.38));
#4038 = VECTOR('',#4039,1.);
#4039 = DIRECTION('',(1.,1.110223024625E-16,0.));
#4040 = ORIENTED_EDGE('',*,*,#4010,.F.);
#4041 = PLANE('',#4042);
#4042 = AXIS2_PLACEMENT_3D('',#4043,#4044,#4045);
#4043 = CARTESIAN_POINT('',(-0.25,-0.25,0.5));
#4044 = DIRECTION('',(1.110223024625E-16,-1.,0.));
#4045 = DIRECTION('',(1.,1.110223024625E-16,0.));
#4046 = ADVANCED_FACE('',(#4047),#4072,.T.);
#4047 = FACE_BOUND('',#4048,.T.);
#4048 = EDGE_LOOP('',(#4049,#4050,#4058,#4066));
#4049 = ORIENTED_EDGE('',*,*,#3565,.T.);
#4050 = ORIENTED_EDGE('',*,*,#4051,.T.);
#4051 = EDGE_CURVE('',#3568,#4052,#4054,.T.);
#4052 = VERTEX_POINT('',#4053);
#4053 = CARTESIAN_POINT('',(11.8,-11.7,-3.4));
#4054 = LINE('',#4055,#4056);
#4055 = CARTESIAN_POINT('',(11.8,-11.7,0.5));
#4056 = VECTOR('',#4057,1.);
#4057 = DIRECTION('',(-0.,0.,-1.));
#4058 = ORIENTED_EDGE('',*,*,#4059,.T.);
#4059 = EDGE_CURVE('',#4052,#4060,#4062,.T.);
#4060 = VERTEX_POINT('',#4061);
#4061 = CARTESIAN_POINT('',(11.8,-12.7,-3.4));
#4062 = LINE('',#4063,#4064);
#4063 = CARTESIAN_POINT('',(11.8,-11.7,-3.4));
#4064 = VECTOR('',#4065,1.);
#4065 = DIRECTION('',(1.110223024625E-16,-1.,0.));
#4066 = ORIENTED_EDGE('',*,*,#4067,.F.);
#4067 = EDGE_CURVE('',#3566,#4060,#4068,.T.);
#4068 = LINE('',#4069,#4070);
#4069 = CARTESIAN_POINT('',(11.8,-12.7,0.5));
#4070 = VECTOR('',#4071,1.);
#4071 = DIRECTION('',(-0.,0.,-1.));
#4072 = PLANE('',#4073);
#4073 = AXIS2_PLACEMENT_3D('',#4074,#4075,#4076);
#4074 = CARTESIAN_POINT('',(11.8,-11.7,0.5));
#4075 = DIRECTION('',(-1.,-1.110223024625E-16,0.));
#4076 = DIRECTION('',(1.110223024625E-16,-1.,0.));
#4077 = ADVANCED_FACE('',(#4078),#4096,.T.);
#4078 = FACE_BOUND('',#4079,.T.);
#4079 = EDGE_LOOP('',(#4080,#4081,#4089,#4095));
#4080 = ORIENTED_EDGE('',*,*,#3591,.T.);
#4081 = ORIENTED_EDGE('',*,*,#4082,.T.);
#4082 = EDGE_CURVE('',#3584,#4083,#4085,.T.);
#4083 = VERTEX_POINT('',#4084);
#4084 = CARTESIAN_POINT('',(12.2,-11.7,-3.4));
#4085 = LINE('',#4086,#4087);
#4086 = CARTESIAN_POINT('',(12.2,-11.7,0.5));
#4087 = VECTOR('',#4088,1.);
#4088 = DIRECTION('',(-0.,0.,-1.));
#4089 = ORIENTED_EDGE('',*,*,#4090,.T.);
#4090 = EDGE_CURVE('',#4083,#4052,#4091,.T.);
#4091 = LINE('',#4092,#4093);
#4092 = CARTESIAN_POINT('',(12.2,-11.7,-3.4));
#4093 = VECTOR('',#4094,1.);
#4094 = DIRECTION('',(-1.,-1.110223024625E-16,0.));
#4095 = ORIENTED_EDGE('',*,*,#4051,.F.);
#4096 = PLANE('',#4097);
#4097 = AXIS2_PLACEMENT_3D('',#4098,#4099,#4100);
#4098 = CARTESIAN_POINT('',(12.2,-11.7,0.5));
#4099 = DIRECTION('',(-1.110223024625E-16,1.,0.));
#4100 = DIRECTION('',(-1.,-1.110223024625E-16,0.));
#4101 = ADVANCED_FACE('',(#4102),#4120,.T.);
#4102 = FACE_BOUND('',#4103,.T.);
#4103 = EDGE_LOOP('',(#4104,#4105,#4113,#4119));
#4104 = ORIENTED_EDGE('',*,*,#3583,.T.);
#4105 = ORIENTED_EDGE('',*,*,#4106,.T.);
#4106 = EDGE_CURVE('',#3576,#4107,#4109,.T.);
#4107 = VERTEX_POINT('',#4108);
#4108 = CARTESIAN_POINT('',(12.2,-12.7,-3.4));
#4109 = LINE('',#4110,#4111);
#4110 = CARTESIAN_POINT('',(12.2,-12.7,0.5));
#4111 = VECTOR('',#4112,1.);
#4112 = DIRECTION('',(-0.,0.,-1.));
#4113 = ORIENTED_EDGE('',*,*,#4114,.T.);
#4114 = EDGE_CURVE('',#4107,#4083,#4115,.T.);
#4115 = LINE('',#4116,#4117);
#4116 = CARTESIAN_POINT('',(12.2,-12.7,-3.4));
#4117 = VECTOR('',#4118,1.);
#4118 = DIRECTION('',(-1.110223024625E-16,1.,0.));
#4119 = ORIENTED_EDGE('',*,*,#4082,.F.);
#4120 = PLANE('',#4121);
#4121 = AXIS2_PLACEMENT_3D('',#4122,#4123,#4124);
#4122 = CARTESIAN_POINT('',(12.2,-12.7,0.5));
#4123 = DIRECTION('',(1.,1.110223024625E-16,0.));
#4124 = DIRECTION('',(-1.110223024625E-16,1.,0.));
#4125 = ADVANCED_FACE('',(#4126),#4137,.T.);
#4126 = FACE_BOUND('',#4127,.T.);
#4127 = EDGE_LOOP('',(#4128,#4129,#4130,#4136));
#4128 = ORIENTED_EDGE('',*,*,#3575,.T.);
#4129 = ORIENTED_EDGE('',*,*,#4067,.T.);
#4130 = ORIENTED_EDGE('',*,*,#4131,.T.);
#4131 = EDGE_CURVE('',#4060,#4107,#4132,.T.);
#4132 = LINE('',#4133,#4134);
#4133 = CARTESIAN_POINT('',(11.8,-12.7,-3.4));
#4134 = VECTOR('',#4135,1.);
#4135 = DIRECTION('',(1.,1.110223024625E-16,0.));
#4136 = ORIENTED_EDGE('',*,*,#4106,.F.);
#4137 = PLANE('',#4138);
#4138 = AXIS2_PLACEMENT_3D('',#4139,#4140,#4141);
#4139 = CARTESIAN_POINT('',(11.8,-12.7,0.5));
#4140 = DIRECTION('',(1.110223024625E-16,-1.,0.));
#4141 = DIRECTION('',(1.,1.110223024625E-16,0.));
#4142 = ADVANCED_FACE('',(#4143),#4168,.T.);
#4143 = FACE_BOUND('',#4144,.T.);
#4144 = EDGE_LOOP('',(#4145,#4146,#4154,#4162));
#4145 = ORIENTED_EDGE('',*,*,#3599,.T.);
#4146 = ORIENTED_EDGE('',*,*,#4147,.T.);
#4147 = EDGE_CURVE('',#3602,#4148,#4150,.T.);
#4148 = VERTEX_POINT('',#4149);
#4149 = CARTESIAN_POINT('',(5.4,2.15,-3.42));
#4150 = LINE('',#4151,#4152);
#4151 = CARTESIAN_POINT('',(5.4,2.15,0.5));
#4152 = VECTOR('',#4153,1.);
#4153 = DIRECTION('',(-0.,0.,-1.));
#4154 = ORIENTED_EDGE('',*,*,#4155,.T.);
#4155 = EDGE_CURVE('',#4148,#4156,#4158,.T.);
#4156 = VERTEX_POINT('',#4157);
#4157 = CARTESIAN_POINT('',(5.4,1.85,-3.42));
#4158 = LINE('',#4159,#4160);
#4159 = CARTESIAN_POINT('',(5.4,2.15,-3.42));
#4160 = VECTOR('',#4161,1.);
#4161 = DIRECTION('',(1.110223024625E-16,-1.,0.));
#4162 = ORIENTED_EDGE('',*,*,#4163,.F.);
#4163 = EDGE_CURVE('',#3600,#4156,#4164,.T.);
#4164 = LINE('',#4165,#4166);
#4165 = CARTESIAN_POINT('',(5.4,1.85,0.5));
#4166 = VECTOR('',#4167,1.);
#4167 = DIRECTION('',(-0.,0.,-1.));
#4168 = PLANE('',#4169);
#4169 = AXIS2_PLACEMENT_3D('',#4170,#4171,#4172);
#4170 = CARTESIAN_POINT('',(5.4,2.15,0.5));
#4171 = DIRECTION('',(-1.,-1.110223024625E-16,0.));
#4172 = DIRECTION('',(1.110223024625E-16,-1.,0.));
#4173 = ADVANCED_FACE('',(#4174),#4192,.T.);
#4174 = FACE_BOUND('',#4175,.T.);
#4175 = EDGE_LOOP('',(#4176,#4177,#4185,#4191));
#4176 = ORIENTED_EDGE('',*,*,#3625,.T.);
#4177 = ORIENTED_EDGE('',*,*,#4178,.T.);
#4178 = EDGE_CURVE('',#3618,#4179,#4181,.T.);
#4179 = VERTEX_POINT('',#4180);
#4180 = CARTESIAN_POINT('',(6.6,2.15,-3.42));
#4181 = LINE('',#4182,#4183);
#4182 = CARTESIAN_POINT('',(6.6,2.15,0.5));
#4183 = VECTOR('',#4184,1.);
#4184 = DIRECTION('',(-0.,0.,-1.));
#4185 = ORIENTED_EDGE('',*,*,#4186,.T.);
#4186 = EDGE_CURVE('',#4179,#4148,#4187,.T.);
#4187 = LINE('',#4188,#4189);
#4188 = CARTESIAN_POINT('',(6.6,2.15,-3.42));
#4189 = VECTOR('',#4190,1.);
#4190 = DIRECTION('',(-1.,-1.110223024625E-16,0.));
#4191 = ORIENTED_EDGE('',*,*,#4147,.F.);
#4192 = PLANE('',#4193);
#4193 = AXIS2_PLACEMENT_3D('',#4194,#4195,#4196);
#4194 = CARTESIAN_POINT('',(6.6,2.15,0.5));
#4195 = DIRECTION('',(-1.110223024625E-16,1.,0.));
#4196 = DIRECTION('',(-1.,-1.110223024625E-16,0.));
#4197 = ADVANCED_FACE('',(#4198),#4216,.T.);
#4198 = FACE_BOUND('',#4199,.T.);
#4199 = EDGE_LOOP('',(#4200,#4201,#4209,#4215));
#4200 = ORIENTED_EDGE('',*,*,#3617,.T.);
#4201 = ORIENTED_EDGE('',*,*,#4202,.T.);
#4202 = EDGE_CURVE('',#3610,#4203,#4205,.T.);
#4203 = VERTEX_POINT('',#4204);
#4204 = CARTESIAN_POINT('',(6.6,1.85,-3.42));
#4205 = LINE('',#4206,#4207);
#4206 = CARTESIAN_POINT('',(6.6,1.85,0.5));
#4207 = VECTOR('',#4208,1.);
#4208 = DIRECTION('',(-0.,0.,-1.));
#4209 = ORIENTED_EDGE('',*,*,#4210,.T.);
#4210 = EDGE_CURVE('',#4203,#4179,#4211,.T.);
#4211 = LINE('',#4212,#4213);
#4212 = CARTESIAN_POINT('',(6.6,1.85,-3.42));
#4213 = VECTOR('',#4214,1.);
#4214 = DIRECTION('',(-1.110223024625E-16,1.,0.));
#4215 = ORIENTED_EDGE('',*,*,#4178,.F.);
#4216 = PLANE('',#4217);
#4217 = AXIS2_PLACEMENT_3D('',#4218,#4219,#4220);
#4218 = CARTESIAN_POINT('',(6.6,1.85,0.5));
#4219 = DIRECTION('',(1.,1.110223024625E-16,0.));
#4220 = DIRECTION('',(-1.110223024625E-16,1.,0.));
#4221 = ADVANCED_FACE('',(#4222),#4233,.T.);
#4222 = FACE_BOUND('',#4223,.T.);
#4223 = EDGE_LOOP('',(#4224,#4225,#4226,#4232));
#4224 = ORIENTED_EDGE('',*,*,#3609,.T.);
#4225 = ORIENTED_EDGE('',*,*,#4163,.T.);
#4226 = ORIENTED_EDGE('',*,*,#4227,.T.);
#4227 = EDGE_CURVE('',#4156,#4203,#4228,.T.);
#4228 = LINE('',#4229,#4230);
#4229 = CARTESIAN_POINT('',(5.4,1.85,-3.42));
#4230 = VECTOR('',#4231,1.);
#4231 = DIRECTION('',(1.,1.110223024625E-16,0.));
#4232 = ORIENTED_EDGE('',*,*,#4202,.F.);
#4233 = PLANE('',#4234);
#4234 = AXIS2_PLACEMENT_3D('',#4235,#4236,#4237);
#4235 = CARTESIAN_POINT('',(5.4,1.85,0.5));
#4236 = DIRECTION('',(1.110223024625E-16,-1.,0.));
#4237 = DIRECTION('',(1.,1.110223024625E-16,0.));
#4238 = ADVANCED_FACE('',(#4239),#4264,.T.);
#4239 = FACE_BOUND('',#4240,.T.);
#4240 = EDGE_LOOP('',(#4241,#4242,#4250,#4258));
#4241 = ORIENTED_EDGE('',*,*,#3633,.T.);
#4242 = ORIENTED_EDGE('',*,*,#4243,.T.);
#4243 = EDGE_CURVE('',#3636,#4244,#4246,.T.);
#4244 = VERTEX_POINT('',#4245);
#4245 = CARTESIAN_POINT('',(11.75,0.25,-3.38));
#4246 = LINE('',#4247,#4248);
#4247 = CARTESIAN_POINT('',(11.75,0.25,0.5));
#4248 = VECTOR('',#4249,1.);
#4249 = DIRECTION('',(-0.,0.,-1.));
#4250 = ORIENTED_EDGE('',*,*,#4251,.T.);
#4251 = EDGE_CURVE('',#4244,#4252,#4254,.T.);
#4252 = VERTEX_POINT('',#4253);
#4253 = CARTESIAN_POINT('',(11.75,-0.25,-3.38));
#4254 = LINE('',#4255,#4256);
#4255 = CARTESIAN_POINT('',(11.75,0.25,-3.38));
#4256 = VECTOR('',#4257,1.);
#4257 = DIRECTION('',(1.110223024625E-16,-1.,0.));
#4258 = ORIENTED_EDGE('',*,*,#4259,.F.);
#4259 = EDGE_CURVE('',#3634,#4252,#4260,.T.);
#4260 = LINE('',#4261,#4262);
#4261 = CARTESIAN_POINT('',(11.75,-0.25,0.5));
#4262 = VECTOR('',#4263,1.);
#4263 = DIRECTION('',(-0.,0.,-1.));
#4264 = PLANE('',#4265);
#4265 = AXIS2_PLACEMENT_3D('',#4266,#4267,#4268);
#4266 = CARTESIAN_POINT('',(11.75,0.25,0.5));
#4267 = DIRECTION('',(-1.,-1.110223024625E-16,0.));
#4268 = DIRECTION('',(1.110223024625E-16,-1.,0.));
#4269 = ADVANCED_FACE('',(#4270),#4288,.T.);
#4270 = FACE_BOUND('',#4271,.T.);
#4271 = EDGE_LOOP('',(#4272,#4273,#4281,#4287));
#4272 = ORIENTED_EDGE('',*,*,#3659,.T.);
#4273 = ORIENTED_EDGE('',*,*,#4274,.T.);
#4274 = EDGE_CURVE('',#3652,#4275,#4277,.T.);
#4275 = VERTEX_POINT('',#4276);
#4276 = CARTESIAN_POINT('',(12.25,0.25,-3.38));
#4277 = LINE('',#4278,#4279);
#4278 = CARTESIAN_POINT('',(12.25,0.25,0.5));
#4279 = VECTOR('',#4280,1.);
#4280 = DIRECTION('',(-0.,0.,-1.));
#4281 = ORIENTED_EDGE('',*,*,#4282,.T.);
#4282 = EDGE_CURVE('',#4275,#4244,#4283,.T.);
#4283 = LINE('',#4284,#4285);
#4284 = CARTESIAN_POINT('',(12.25,0.25,-3.38));
#4285 = VECTOR('',#4286,1.);
#4286 = DIRECTION('',(-1.,-1.110223024625E-16,0.));
#4287 = ORIENTED_EDGE('',*,*,#4243,.F.);
#4288 = PLANE('',#4289);
#4289 = AXIS2_PLACEMENT_3D('',#4290,#4291,#4292);
#4290 = CARTESIAN_POINT('',(12.25,0.25,0.5));
#4291 = DIRECTION('',(-1.110223024625E-16,1.,0.));
#4292 = DIRECTION('',(-1.,-1.110223024625E-16,0.));
#4293 = ADVANCED_FACE('',(#4294),#4312,.T.);
#4294 = FACE_BOUND('',#4295,.T.);
#4295 = EDGE_LOOP('',(#4296,#4297,#4305,#4311));
#4296 = ORIENTED_EDGE('',*,*,#3651,.T.);
#4297 = ORIENTED_EDGE('',*,*,#4298,.T.);
#4298 = EDGE_CURVE('',#3644,#4299,#4301,.T.);
#4299 = VERTEX_POINT('',#4300);
#4300 = CARTESIAN_POINT('',(12.25,-0.25,-3.38));
#4301 = LINE('',#4302,#4303);
#4302 = CARTESIAN_POINT('',(12.25,-0.25,0.5));
#4303 = VECTOR('',#4304,1.);
#4304 = DIRECTION('',(-0.,0.,-1.));
#4305 = ORIENTED_EDGE('',*,*,#4306,.T.);
#4306 = EDGE_CURVE('',#4299,#4275,#4307,.T.);
#4307 = LINE('',#4308,#4309);
#4308 = CARTESIAN_POINT('',(12.25,-0.25,-3.38));
#4309 = VECTOR('',#4310,1.);
#4310 = DIRECTION('',(-1.110223024625E-16,1.,0.));
#4311 = ORIENTED_EDGE('',*,*,#4274,.F.);
#4312 = PLANE('',#4313);
#4313 = AXIS2_PLACEMENT_3D('',#4314,#4315,#4316);
#4314 = CARTESIAN_POINT('',(12.25,-0.25,0.5));
#4315 = DIRECTION('',(1.,1.110223024625E-16,0.));
#4316 = DIRECTION('',(-1.110223024625E-16,1.,0.));
#4317 = ADVANCED_FACE('',(#4318),#4329,.T.);
#4318 = FACE_BOUND('',#4319,.T.);
#4319 = EDGE_LOOP('',(#4320,#4321,#4322,#4328));
#4320 = ORIENTED_EDGE('',*,*,#3643,.T.);
#4321 = ORIENTED_EDGE('',*,*,#4259,.T.);
#4322 = ORIENTED_EDGE('',*,*,#4323,.T.);
#4323 = EDGE_CURVE('',#4252,#4299,#4324,.T.);
#4324 = LINE('',#4325,#4326);
#4325 = CARTESIAN_POINT('',(11.75,-0.25,-3.38));
#4326 = VECTOR('',#4327,1.);
#4327 = DIRECTION('',(1.,1.110223024625E-16,0.));
#4328 = ORIENTED_EDGE('',*,*,#4298,.F.);
#4329 = PLANE('',#4330);
#4330 = AXIS2_PLACEMENT_3D('',#4331,#4332,#4333);
#4331 = CARTESIAN_POINT('',(11.75,-0.25,0.5));
#4332 = DIRECTION('',(1.110223024625E-16,-1.,0.));
#4333 = DIRECTION('',(1.,1.110223024625E-16,0.));
#4334 = ADVANCED_FACE('',(#4335),#4362,.T.);
#4335 = FACE_BOUND('',#4336,.T.);
#4336 = EDGE_LOOP('',(#4337,#4346,#4354,#4361));
#4337 = ORIENTED_EDGE('',*,*,#4338,.T.);
#4338 = EDGE_CURVE('',#3860,#4339,#4341,.T.);
#4339 = VERTEX_POINT('',#4340);
#4340 = CARTESIAN_POINT('',(-0.12,-11.78,-3.48));
#4341 = ELLIPSE('',#4342,0.11313708499,8.E-02);
#4342 = AXIS2_PLACEMENT_3D('',#4343,#4344,#4345);
#4343 = CARTESIAN_POINT('',(-0.12,-11.78,-3.4));
#4344 = DIRECTION('',(-0.707106781187,-0.707106781187,0.));
#4345 = DIRECTION('',(0.707106781187,-0.707106781187,0.));
#4346 = ORIENTED_EDGE('',*,*,#4347,.T.);
#4347 = EDGE_CURVE('',#4339,#4348,#4350,.T.);
#4348 = VERTEX_POINT('',#4349);
#4349 = CARTESIAN_POINT('',(-0.12,-12.62,-3.48));
#4350 = LINE('',#4351,#4352);
#4351 = CARTESIAN_POINT('',(-0.12,-11.7,-3.48));
#4352 = VECTOR('',#4353,1.);
#4353 = DIRECTION('',(1.110223024625E-16,-1.,0.));
#4354 = ORIENTED_EDGE('',*,*,#4355,.F.);
#4355 = EDGE_CURVE('',#3868,#4348,#4356,.T.);
#4356 = ELLIPSE('',#4357,0.11313708499,8.E-02);
#4357 = AXIS2_PLACEMENT_3D('',#4358,#4359,#4360);
#4358 = CARTESIAN_POINT('',(-0.12,-12.62,-3.4));
#4359 = DIRECTION('',(0.707106781187,-0.707106781187,0.));
#4360 = DIRECTION('',(-0.707106781187,-0.707106781187,0.));
#4361 = ORIENTED_EDGE('',*,*,#3867,.F.);
#4362 = CYLINDRICAL_SURFACE('',#4363,8.E-02);
#4363 = AXIS2_PLACEMENT_3D('',#4364,#4365,#4366);
#4364 = CARTESIAN_POINT('',(-0.12,-11.7,-3.4));
#4365 = DIRECTION('',(1.110223024625E-16,-1.,0.));
#4366 = DIRECTION('',(-1.,-1.110223024625E-16,0.));
#4367 = ADVANCED_FACE('',(#4368),#4387,.T.);
#4368 = FACE_BOUND('',#4369,.T.);
#4369 = EDGE_LOOP('',(#4370,#4379,#4385,#4386));
#4370 = ORIENTED_EDGE('',*,*,#4371,.T.);
#4371 = EDGE_CURVE('',#3891,#4372,#4374,.T.);
#4372 = VERTEX_POINT('',#4373);
#4373 = CARTESIAN_POINT('',(0.12,-11.78,-3.48));
#4374 = ELLIPSE('',#4375,0.11313708499,8.E-02);
#4375 = AXIS2_PLACEMENT_3D('',#4376,#4377,#4378);
#4376 = CARTESIAN_POINT('',(0.12,-11.78,-3.4));
#4377 = DIRECTION('',(-0.707106781187,0.707106781187,0.));
#4378 = DIRECTION('',(0.707106781187,0.707106781187,0.));
#4379 = ORIENTED_EDGE('',*,*,#4380,.T.);
#4380 = EDGE_CURVE('',#4372,#4339,#4381,.T.);
#4381 = LINE('',#4382,#4383);
#4382 = CARTESIAN_POINT('',(0.2,-11.78,-3.48));
#4383 = VECTOR('',#4384,1.);
#4384 = DIRECTION('',(-1.,-1.110223024625E-16,0.));
#4385 = ORIENTED_EDGE('',*,*,#4338,.F.);
#4386 = ORIENTED_EDGE('',*,*,#3898,.F.);
#4387 = CYLINDRICAL_SURFACE('',#4388,8.E-02);
#4388 = AXIS2_PLACEMENT_3D('',#4389,#4390,#4391);
#4389 = CARTESIAN_POINT('',(0.2,-11.78,-3.4));
#4390 = DIRECTION('',(-1.,-1.110223024625E-16,0.));
#4391 = DIRECTION('',(-1.110223024625E-16,1.,0.));
#4392 = ADVANCED_FACE('',(#4393),#4412,.T.);
#4393 = FACE_BOUND('',#4394,.T.);
#4394 = EDGE_LOOP('',(#4395,#4404,#4410,#4411));
#4395 = ORIENTED_EDGE('',*,*,#4396,.T.);
#4396 = EDGE_CURVE('',#3915,#4397,#4399,.T.);
#4397 = VERTEX_POINT('',#4398);
#4398 = CARTESIAN_POINT('',(0.12,-12.62,-3.48));
#4399 = ELLIPSE('',#4400,0.11313708499,8.E-02);
#4400 = AXIS2_PLACEMENT_3D('',#4401,#4402,#4403);
#4401 = CARTESIAN_POINT('',(0.12,-12.62,-3.4));
#4402 = DIRECTION('',(0.707106781187,0.707106781187,0.));
#4403 = DIRECTION('',(0.707106781187,-0.707106781187,0.));
#4404 = ORIENTED_EDGE('',*,*,#4405,.T.);
#4405 = EDGE_CURVE('',#4397,#4372,#4406,.T.);
#4406 = LINE('',#4407,#4408);
#4407 = CARTESIAN_POINT('',(0.12,-12.7,-3.48));
#4408 = VECTOR('',#4409,1.);
#4409 = DIRECTION('',(-1.110223024625E-16,1.,0.));
#4410 = ORIENTED_EDGE('',*,*,#4371,.F.);
#4411 = ORIENTED_EDGE('',*,*,#3922,.F.);
#4412 = CYLINDRICAL_SURFACE('',#4413,8.E-02);
#4413 = AXIS2_PLACEMENT_3D('',#4414,#4415,#4416);
#4414 = CARTESIAN_POINT('',(0.12,-12.7,-3.4));
#4415 = DIRECTION('',(-1.110223024625E-16,1.,0.));
#4416 = DIRECTION('',(1.,1.110223024625E-16,0.));
#4417 = ADVANCED_FACE('',(#4418),#4429,.T.);
#4418 = FACE_BOUND('',#4419,.T.);
#4419 = EDGE_LOOP('',(#4420,#4421,#4427,#4428));
#4420 = ORIENTED_EDGE('',*,*,#4355,.T.);
#4421 = ORIENTED_EDGE('',*,*,#4422,.T.);
#4422 = EDGE_CURVE('',#4348,#4397,#4423,.T.);
#4423 = LINE('',#4424,#4425);
#4424 = CARTESIAN_POINT('',(-0.2,-12.62,-3.48));
#4425 = VECTOR('',#4426,1.);
#4426 = DIRECTION('',(1.,1.110223024625E-16,0.));
#4427 = ORIENTED_EDGE('',*,*,#4396,.F.);
#4428 = ORIENTED_EDGE('',*,*,#3939,.F.);
#4429 = CYLINDRICAL_SURFACE('',#4430,8.E-02);
#4430 = AXIS2_PLACEMENT_3D('',#4431,#4432,#4433);
#4431 = CARTESIAN_POINT('',(-0.2,-12.62,-3.4));
#4432 = DIRECTION('',(1.,1.110223024625E-16,0.));
#4433 = DIRECTION('',(1.110223024625E-16,-1.,0.));
#4434 = ADVANCED_FACE('',(#4435),#4462,.T.);
#4435 = FACE_BOUND('',#4436,.T.);
#4436 = EDGE_LOOP('',(#4437,#4446,#4454,#4461));
#4437 = ORIENTED_EDGE('',*,*,#4438,.T.);
#4438 = EDGE_CURVE('',#3956,#4439,#4441,.T.);
#4439 = VERTEX_POINT('',#4440);
#4440 = CARTESIAN_POINT('',(-0.15,0.15,-3.48));
#4441 = ELLIPSE('',#4442,0.141421356237,0.1);
#4442 = AXIS2_PLACEMENT_3D('',#4443,#4444,#4445);
#4443 = CARTESIAN_POINT('',(-0.15,0.15,-3.38));
#4444 = DIRECTION('',(-0.707106781187,-0.707106781187,0.));
#4445 = DIRECTION('',(0.707106781187,-0.707106781187,0.));
#4446 = ORIENTED_EDGE('',*,*,#4447,.T.);
#4447 = EDGE_CURVE('',#4439,#4448,#4450,.T.);
#4448 = VERTEX_POINT('',#4449);
#4449 = CARTESIAN_POINT('',(-0.15,-0.15,-3.48));
#4450 = LINE('',#4451,#4452);
#4451 = CARTESIAN_POINT('',(-0.15,0.25,-3.48));
#4452 = VECTOR('',#4453,1.);
#4453 = DIRECTION('',(1.110223024625E-16,-1.,0.));
#4454 = ORIENTED_EDGE('',*,*,#4455,.F.);
#4455 = EDGE_CURVE('',#3964,#4448,#4456,.T.);
#4456 = ELLIPSE('',#4457,0.141421356237,0.1);
#4457 = AXIS2_PLACEMENT_3D('',#4458,#4459,#4460);
#4458 = CARTESIAN_POINT('',(-0.15,-0.15,-3.38));
#4459 = DIRECTION('',(0.707106781187,-0.707106781187,0.));
#4460 = DIRECTION('',(-0.707106781187,-0.707106781187,0.));
#4461 = ORIENTED_EDGE('',*,*,#3963,.F.);
#4462 = CYLINDRICAL_SURFACE('',#4463,0.1);
#4463 = AXIS2_PLACEMENT_3D('',#4464,#4465,#4466);
#4464 = CARTESIAN_POINT('',(-0.15,0.25,-3.38));
#4465 = DIRECTION('',(1.110223024625E-16,-1.,0.));
#4466 = DIRECTION('',(-1.,-1.110223024625E-16,0.));
#4467 = ADVANCED_FACE('',(#4468),#4487,.T.);
#4468 = FACE_BOUND('',#4469,.T.);
#4469 = EDGE_LOOP('',(#4470,#4479,#4485,#4486));
#4470 = ORIENTED_EDGE('',*,*,#4471,.T.);
#4471 = EDGE_CURVE('',#3987,#4472,#4474,.T.);
#4472 = VERTEX_POINT('',#4473);
#4473 = CARTESIAN_POINT('',(0.15,0.15,-3.48));
#4474 = ELLIPSE('',#4475,0.141421356237,0.1);
#4475 = AXIS2_PLACEMENT_3D('',#4476,#4477,#4478);
#4476 = CARTESIAN_POINT('',(0.15,0.15,-3.38));
#4477 = DIRECTION('',(-0.707106781187,0.707106781187,0.));
#4478 = DIRECTION('',(0.707106781187,0.707106781187,0.));
#4479 = ORIENTED_EDGE('',*,*,#4480,.T.);
#4480 = EDGE_CURVE('',#4472,#4439,#4481,.T.);
#4481 = LINE('',#4482,#4483);
#4482 = CARTESIAN_POINT('',(0.25,0.15,-3.48));
#4483 = VECTOR('',#4484,1.);
#4484 = DIRECTION('',(-1.,-1.110223024625E-16,0.));
#4485 = ORIENTED_EDGE('',*,*,#4438,.F.);
#4486 = ORIENTED_EDGE('',*,*,#3994,.F.);
#4487 = CYLINDRICAL_SURFACE('',#4488,0.1);
#4488 = AXIS2_PLACEMENT_3D('',#4489,#4490,#4491);
#4489 = CARTESIAN_POINT('',(0.25,0.15,-3.38));
#4490 = DIRECTION('',(-1.,-1.110223024625E-16,0.));
#4491 = DIRECTION('',(-1.110223024625E-16,1.,0.));
#4492 = ADVANCED_FACE('',(#4493),#4512,.T.);
#4493 = FACE_BOUND('',#4494,.T.);
#4494 = EDGE_LOOP('',(#4495,#4504,#4510,#4511));
#4495 = ORIENTED_EDGE('',*,*,#4496,.T.);
#4496 = EDGE_CURVE('',#4011,#4497,#4499,.T.);
#4497 = VERTEX_POINT('',#4498);
#4498 = CARTESIAN_POINT('',(0.15,-0.15,-3.48));
#4499 = ELLIPSE('',#4500,0.141421356237,0.1);
#4500 = AXIS2_PLACEMENT_3D('',#4501,#4502,#4503);
#4501 = CARTESIAN_POINT('',(0.15,-0.15,-3.38));
#4502 = DIRECTION('',(0.707106781187,0.707106781187,0.));
#4503 = DIRECTION('',(0.707106781187,-0.707106781187,0.));
#4504 = ORIENTED_EDGE('',*,*,#4505,.T.);
#4505 = EDGE_CURVE('',#4497,#4472,#4506,.T.);
#4506 = LINE('',#4507,#4508);
#4507 = CARTESIAN_POINT('',(0.15,-0.25,-3.48));
#4508 = VECTOR('',#4509,1.);
#4509 = DIRECTION('',(-1.110223024625E-16,1.,0.));
#4510 = ORIENTED_EDGE('',*,*,#4471,.F.);
#4511 = ORIENTED_EDGE('',*,*,#4018,.F.);
#4512 = CYLINDRICAL_SURFACE('',#4513,0.1);
#4513 = AXIS2_PLACEMENT_3D('',#4514,#4515,#4516);
#4514 = CARTESIAN_POINT('',(0.15,-0.25,-3.38));
#4515 = DIRECTION('',(-1.110223024625E-16,1.,0.));
#4516 = DIRECTION('',(1.,1.110223024625E-16,0.));
#4517 = ADVANCED_FACE('',(#4518),#4529,.T.);
#4518 = FACE_BOUND('',#4519,.T.);
#4519 = EDGE_LOOP('',(#4520,#4521,#4527,#4528));
#4520 = ORIENTED_EDGE('',*,*,#4455,.T.);
#4521 = ORIENTED_EDGE('',*,*,#4522,.T.);
#4522 = EDGE_CURVE('',#4448,#4497,#4523,.T.);
#4523 = LINE('',#4524,#4525);
#4524 = CARTESIAN_POINT('',(-0.25,-0.15,-3.48));
#4525 = VECTOR('',#4526,1.);
#4526 = DIRECTION('',(1.,1.110223024625E-16,0.));
#4527 = ORIENTED_EDGE('',*,*,#4496,.F.);
#4528 = ORIENTED_EDGE('',*,*,#4035,.F.);
#4529 = CYLINDRICAL_SURFACE('',#4530,0.1);
#4530 = AXIS2_PLACEMENT_3D('',#4531,#4532,#4533);
#4531 = CARTESIAN_POINT('',(-0.25,-0.15,-3.38));
#4532 = DIRECTION('',(1.,1.110223024625E-16,0.));
#4533 = DIRECTION('',(1.110223024625E-16,-1.,0.));
#4534 = ADVANCED_FACE('',(#4535),#4562,.T.);
#4535 = FACE_BOUND('',#4536,.T.);
#4536 = EDGE_LOOP('',(#4537,#4546,#4554,#4561));
#4537 = ORIENTED_EDGE('',*,*,#4538,.T.);
#4538 = EDGE_CURVE('',#4052,#4539,#4541,.T.);
#4539 = VERTEX_POINT('',#4540);
#4540 = CARTESIAN_POINT('',(11.88,-11.78,-3.48));
#4541 = ELLIPSE('',#4542,0.11313708499,8.E-02);
#4542 = AXIS2_PLACEMENT_3D('',#4543,#4544,#4545);
#4543 = CARTESIAN_POINT('',(11.88,-11.78,-3.4));
#4544 = DIRECTION('',(-0.707106781187,-0.707106781187,0.));
#4545 = DIRECTION('',(0.707106781187,-0.707106781187,0.));
#4546 = ORIENTED_EDGE('',*,*,#4547,.T.);
#4547 = EDGE_CURVE('',#4539,#4548,#4550,.T.);
#4548 = VERTEX_POINT('',#4549);
#4549 = CARTESIAN_POINT('',(11.88,-12.62,-3.48));
#4550 = LINE('',#4551,#4552);
#4551 = CARTESIAN_POINT('',(11.88,-11.7,-3.48));
#4552 = VECTOR('',#4553,1.);
#4553 = DIRECTION('',(1.110223024625E-16,-1.,0.));
#4554 = ORIENTED_EDGE('',*,*,#4555,.F.);
#4555 = EDGE_CURVE('',#4060,#4548,#4556,.T.);
#4556 = ELLIPSE('',#4557,0.11313708499,8.E-02);
#4557 = AXIS2_PLACEMENT_3D('',#4558,#4559,#4560);
#4558 = CARTESIAN_POINT('',(11.88,-12.62,-3.4));
#4559 = DIRECTION('',(0.707106781187,-0.707106781187,0.));
#4560 = DIRECTION('',(-0.707106781187,-0.707106781187,0.));
#4561 = ORIENTED_EDGE('',*,*,#4059,.F.);
#4562 = CYLINDRICAL_SURFACE('',#4563,8.E-02);
#4563 = AXIS2_PLACEMENT_3D('',#4564,#4565,#4566);
#4564 = CARTESIAN_POINT('',(11.88,-11.7,-3.4));
#4565 = DIRECTION('',(1.110223024625E-16,-1.,0.));
#4566 = DIRECTION('',(-1.,-1.110223024625E-16,0.));
#4567 = ADVANCED_FACE('',(#4568),#4587,.T.);
#4568 = FACE_BOUND('',#4569,.T.);
#4569 = EDGE_LOOP('',(#4570,#4579,#4585,#4586));
#4570 = ORIENTED_EDGE('',*,*,#4571,.T.);
#4571 = EDGE_CURVE('',#4083,#4572,#4574,.T.);
#4572 = VERTEX_POINT('',#4573);
#4573 = CARTESIAN_POINT('',(12.12,-11.78,-3.48));
#4574 = ELLIPSE('',#4575,0.11313708499,8.E-02);
#4575 = AXIS2_PLACEMENT_3D('',#4576,#4577,#4578);
#4576 = CARTESIAN_POINT('',(12.12,-11.78,-3.4));
#4577 = DIRECTION('',(-0.707106781187,0.707106781187,0.));
#4578 = DIRECTION('',(0.707106781187,0.707106781187,0.));
#4579 = ORIENTED_EDGE('',*,*,#4580,.T.);
#4580 = EDGE_CURVE('',#4572,#4539,#4581,.T.);
#4581 = LINE('',#4582,#4583);
#4582 = CARTESIAN_POINT('',(12.2,-11.78,-3.48));
#4583 = VECTOR('',#4584,1.);
#4584 = DIRECTION('',(-1.,-1.110223024625E-16,0.));
#4585 = ORIENTED_EDGE('',*,*,#4538,.F.);
#4586 = ORIENTED_EDGE('',*,*,#4090,.F.);
#4587 = CYLINDRICAL_SURFACE('',#4588,8.E-02);
#4588 = AXIS2_PLACEMENT_3D('',#4589,#4590,#4591);
#4589 = CARTESIAN_POINT('',(12.2,-11.78,-3.4));
#4590 = DIRECTION('',(-1.,-1.110223024625E-16,0.));
#4591 = DIRECTION('',(-1.110223024625E-16,1.,0.));
#4592 = ADVANCED_FACE('',(#4593),#4612,.T.);
#4593 = FACE_BOUND('',#4594,.T.);
#4594 = EDGE_LOOP('',(#4595,#4604,#4610,#4611));
#4595 = ORIENTED_EDGE('',*,*,#4596,.T.);
#4596 = EDGE_CURVE('',#4107,#4597,#4599,.T.);
#4597 = VERTEX_POINT('',#4598);
#4598 = CARTESIAN_POINT('',(12.12,-12.62,-3.48));
#4599 = ELLIPSE('',#4600,0.11313708499,8.E-02);
#4600 = AXIS2_PLACEMENT_3D('',#4601,#4602,#4603);
#4601 = CARTESIAN_POINT('',(12.12,-12.62,-3.4));
#4602 = DIRECTION('',(0.707106781187,0.707106781187,0.));
#4603 = DIRECTION('',(0.707106781187,-0.707106781187,0.));
#4604 = ORIENTED_EDGE('',*,*,#4605,.T.);
#4605 = EDGE_CURVE('',#4597,#4572,#4606,.T.);
#4606 = LINE('',#4607,#4608);
#4607 = CARTESIAN_POINT('',(12.12,-12.7,-3.48));
#4608 = VECTOR('',#4609,1.);
#4609 = DIRECTION('',(-1.110223024625E-16,1.,0.));
#4610 = ORIENTED_EDGE('',*,*,#4571,.F.);
#4611 = ORIENTED_EDGE('',*,*,#4114,.F.);
#4612 = CYLINDRICAL_SURFACE('',#4613,8.E-02);
#4613 = AXIS2_PLACEMENT_3D('',#4614,#4615,#4616);
#4614 = CARTESIAN_POINT('',(12.12,-12.7,-3.4));
#4615 = DIRECTION('',(-1.110223024625E-16,1.,0.));
#4616 = DIRECTION('',(1.,1.110223024625E-16,0.));
#4617 = ADVANCED_FACE('',(#4618),#4629,.T.);
#4618 = FACE_BOUND('',#4619,.T.);
#4619 = EDGE_LOOP('',(#4620,#4621,#4627,#4628));
#4620 = ORIENTED_EDGE('',*,*,#4555,.T.);
#4621 = ORIENTED_EDGE('',*,*,#4622,.T.);
#4622 = EDGE_CURVE('',#4548,#4597,#4623,.T.);
#4623 = LINE('',#4624,#4625);
#4624 = CARTESIAN_POINT('',(11.8,-12.62,-3.48));
#4625 = VECTOR('',#4626,1.);
#4626 = DIRECTION('',(1.,1.110223024625E-16,0.));
#4627 = ORIENTED_EDGE('',*,*,#4596,.F.);
#4628 = ORIENTED_EDGE('',*,*,#4131,.F.);
#4629 = CYLINDRICAL_SURFACE('',#4630,8.E-02);
#4630 = AXIS2_PLACEMENT_3D('',#4631,#4632,#4633);
#4631 = CARTESIAN_POINT('',(11.8,-12.62,-3.4));
#4632 = DIRECTION('',(1.,1.110223024625E-16,0.));
#4633 = DIRECTION('',(1.110223024625E-16,-1.,0.));
#4634 = ADVANCED_FACE('',(#4635),#4662,.T.);
#4635 = FACE_BOUND('',#4636,.T.);
#4636 = EDGE_LOOP('',(#4637,#4646,#4654,#4661));
#4637 = ORIENTED_EDGE('',*,*,#4638,.T.);
#4638 = EDGE_CURVE('',#4148,#4639,#4641,.T.);
#4639 = VERTEX_POINT('',#4640);
#4640 = CARTESIAN_POINT('',(5.46,2.09,-3.48));
#4641 = ELLIPSE('',#4642,8.485281374239E-02,6.E-02);
#4642 = AXIS2_PLACEMENT_3D('',#4643,#4644,#4645);
#4643 = CARTESIAN_POINT('',(5.46,2.09,-3.42));
#4644 = DIRECTION('',(-0.707106781187,-0.707106781187,0.));
#4645 = DIRECTION('',(0.707106781187,-0.707106781187,0.));
#4646 = ORIENTED_EDGE('',*,*,#4647,.T.);
#4647 = EDGE_CURVE('',#4639,#4648,#4650,.T.);
#4648 = VERTEX_POINT('',#4649);
#4649 = CARTESIAN_POINT('',(5.46,1.91,-3.48));
#4650 = LINE('',#4651,#4652);
#4651 = CARTESIAN_POINT('',(5.46,2.15,-3.48));
#4652 = VECTOR('',#4653,1.);
#4653 = DIRECTION('',(1.110223024625E-16,-1.,0.));
#4654 = ORIENTED_EDGE('',*,*,#4655,.F.);
#4655 = EDGE_CURVE('',#4156,#4648,#4656,.T.);
#4656 = ELLIPSE('',#4657,8.485281374239E-02,6.E-02);
#4657 = AXIS2_PLACEMENT_3D('',#4658,#4659,#4660);
#4658 = CARTESIAN_POINT('',(5.46,1.91,-3.42));
#4659 = DIRECTION('',(0.707106781187,-0.707106781187,0.));
#4660 = DIRECTION('',(-0.707106781187,-0.707106781187,0.));
#4661 = ORIENTED_EDGE('',*,*,#4155,.F.);
#4662 = CYLINDRICAL_SURFACE('',#4663,6.E-02);
#4663 = AXIS2_PLACEMENT_3D('',#4664,#4665,#4666);
#4664 = CARTESIAN_POINT('',(5.46,2.15,-3.42));
#4665 = DIRECTION('',(1.110223024625E-16,-1.,0.));
#4666 = DIRECTION('',(-1.,-1.110223024625E-16,0.));
#4667 = ADVANCED_FACE('',(#4668),#4687,.T.);
#4668 = FACE_BOUND('',#4669,.T.);
#4669 = EDGE_LOOP('',(#4670,#4679,#4685,#4686));
#4670 = ORIENTED_EDGE('',*,*,#4671,.T.);
#4671 = EDGE_CURVE('',#4179,#4672,#4674,.T.);
#4672 = VERTEX_POINT('',#4673);
#4673 = CARTESIAN_POINT('',(6.54,2.09,-3.48));
#4674 = ELLIPSE('',#4675,8.485281374239E-02,6.E-02);
#4675 = AXIS2_PLACEMENT_3D('',#4676,#4677,#4678);
#4676 = CARTESIAN_POINT('',(6.54,2.09,-3.42));
#4677 = DIRECTION('',(-0.707106781187,0.707106781187,0.));
#4678 = DIRECTION('',(0.707106781187,0.707106781187,0.));
#4679 = ORIENTED_EDGE('',*,*,#4680,.T.);
#4680 = EDGE_CURVE('',#4672,#4639,#4681,.T.);
#4681 = LINE('',#4682,#4683);
#4682 = CARTESIAN_POINT('',(6.6,2.09,-3.48));
#4683 = VECTOR('',#4684,1.);
#4684 = DIRECTION('',(-1.,-1.110223024625E-16,0.));
#4685 = ORIENTED_EDGE('',*,*,#4638,.F.);
#4686 = ORIENTED_EDGE('',*,*,#4186,.F.);
#4687 = CYLINDRICAL_SURFACE('',#4688,6.E-02);
#4688 = AXIS2_PLACEMENT_3D('',#4689,#4690,#4691);
#4689 = CARTESIAN_POINT('',(6.6,2.09,-3.42));
#4690 = DIRECTION('',(-1.,-1.110223024625E-16,0.));
#4691 = DIRECTION('',(-1.110223024625E-16,1.,0.));
#4692 = ADVANCED_FACE('',(#4693),#4712,.T.);
#4693 = FACE_BOUND('',#4694,.T.);
#4694 = EDGE_LOOP('',(#4695,#4704,#4710,#4711));
#4695 = ORIENTED_EDGE('',*,*,#4696,.T.);
#4696 = EDGE_CURVE('',#4203,#4697,#4699,.T.);
#4697 = VERTEX_POINT('',#4698);
#4698 = CARTESIAN_POINT('',(6.54,1.91,-3.48));
#4699 = ELLIPSE('',#4700,8.485281374239E-02,6.E-02);
#4700 = AXIS2_PLACEMENT_3D('',#4701,#4702,#4703);
#4701 = CARTESIAN_POINT('',(6.54,1.91,-3.42));
#4702 = DIRECTION('',(0.707106781187,0.707106781187,0.));
#4703 = DIRECTION('',(0.707106781187,-0.707106781187,0.));
#4704 = ORIENTED_EDGE('',*,*,#4705,.T.);
#4705 = EDGE_CURVE('',#4697,#4672,#4706,.T.);
#4706 = LINE('',#4707,#4708);
#4707 = CARTESIAN_POINT('',(6.54,1.85,-3.48));
#4708 = VECTOR('',#4709,1.);
#4709 = DIRECTION('',(-1.110223024625E-16,1.,0.));
#4710 = ORIENTED_EDGE('',*,*,#4671,.F.);
#4711 = ORIENTED_EDGE('',*,*,#4210,.F.);
#4712 = CYLINDRICAL_SURFACE('',#4713,6.E-02);
#4713 = AXIS2_PLACEMENT_3D('',#4714,#4715,#4716);
#4714 = CARTESIAN_POINT('',(6.54,1.85,-3.42));
#4715 = DIRECTION('',(-1.110223024625E-16,1.,0.));
#4716 = DIRECTION('',(1.,1.110223024625E-16,0.));
#4717 = ADVANCED_FACE('',(#4718),#4729,.T.);
#4718 = FACE_BOUND('',#4719,.T.);
#4719 = EDGE_LOOP('',(#4720,#4721,#4727,#4728));
#4720 = ORIENTED_EDGE('',*,*,#4655,.T.);
#4721 = ORIENTED_EDGE('',*,*,#4722,.T.);
#4722 = EDGE_CURVE('',#4648,#4697,#4723,.T.);
#4723 = LINE('',#4724,#4725);
#4724 = CARTESIAN_POINT('',(5.4,1.91,-3.48));
#4725 = VECTOR('',#4726,1.);
#4726 = DIRECTION('',(1.,1.110223024625E-16,0.));
#4727 = ORIENTED_EDGE('',*,*,#4696,.F.);
#4728 = ORIENTED_EDGE('',*,*,#4227,.F.);
#4729 = CYLINDRICAL_SURFACE('',#4730,6.E-02);
#4730 = AXIS2_PLACEMENT_3D('',#4731,#4732,#4733);
#4731 = CARTESIAN_POINT('',(5.4,1.91,-3.42));
#4732 = DIRECTION('',(1.,1.110223024625E-16,0.));
#4733 = DIRECTION('',(1.110223024625E-16,-1.,0.));
#4734 = ADVANCED_FACE('',(#4735),#4762,.T.);
#4735 = FACE_BOUND('',#4736,.T.);
#4736 = EDGE_LOOP('',(#4737,#4746,#4754,#4761));
#4737 = ORIENTED_EDGE('',*,*,#4738,.T.);
#4738 = EDGE_CURVE('',#4244,#4739,#4741,.T.);
#4739 = VERTEX_POINT('',#4740);
#4740 = CARTESIAN_POINT('',(11.85,0.15,-3.48));
#4741 = ELLIPSE('',#4742,0.141421356237,0.1);
#4742 = AXIS2_PLACEMENT_3D('',#4743,#4744,#4745);
#4743 = CARTESIAN_POINT('',(11.85,0.15,-3.38));
#4744 = DIRECTION('',(-0.707106781187,-0.707106781187,0.));
#4745 = DIRECTION('',(0.707106781187,-0.707106781187,0.));
#4746 = ORIENTED_EDGE('',*,*,#4747,.T.);
#4747 = EDGE_CURVE('',#4739,#4748,#4750,.T.);
#4748 = VERTEX_POINT('',#4749);
#4749 = CARTESIAN_POINT('',(11.85,-0.15,-3.48));
#4750 = LINE('',#4751,#4752);
#4751 = CARTESIAN_POINT('',(11.85,0.25,-3.48));
#4752 = VECTOR('',#4753,1.);
#4753 = DIRECTION('',(1.110223024625E-16,-1.,0.));
#4754 = ORIENTED_EDGE('',*,*,#4755,.F.);
#4755 = EDGE_CURVE('',#4252,#4748,#4756,.T.);
#4756 = ELLIPSE('',#4757,0.141421356237,0.1);
#4757 = AXIS2_PLACEMENT_3D('',#4758,#4759,#4760);
#4758 = CARTESIAN_POINT('',(11.85,-0.15,-3.38));
#4759 = DIRECTION('',(0.707106781187,-0.707106781187,0.));
#4760 = DIRECTION('',(-0.707106781187,-0.707106781187,0.));
#4761 = ORIENTED_EDGE('',*,*,#4251,.F.);
#4762 = CYLINDRICAL_SURFACE('',#4763,0.1);
#4763 = AXIS2_PLACEMENT_3D('',#4764,#4765,#4766);
#4764 = CARTESIAN_POINT('',(11.85,0.25,-3.38));
#4765 = DIRECTION('',(1.110223024625E-16,-1.,0.));
#4766 = DIRECTION('',(-1.,-1.110223024625E-16,0.));
#4767 = ADVANCED_FACE('',(#4768),#4787,.T.);
#4768 = FACE_BOUND('',#4769,.T.);
#4769 = EDGE_LOOP('',(#4770,#4779,#4785,#4786));
#4770 = ORIENTED_EDGE('',*,*,#4771,.T.);
#4771 = EDGE_CURVE('',#4275,#4772,#4774,.T.);
#4772 = VERTEX_POINT('',#4773);
#4773 = CARTESIAN_POINT('',(12.15,0.15,-3.48));
#4774 = ELLIPSE('',#4775,0.141421356237,0.1);
#4775 = AXIS2_PLACEMENT_3D('',#4776,#4777,#4778);
#4776 = CARTESIAN_POINT('',(12.15,0.15,-3.38));
#4777 = DIRECTION('',(-0.707106781187,0.707106781187,0.));
#4778 = DIRECTION('',(0.707106781187,0.707106781187,0.));
#4779 = ORIENTED_EDGE('',*,*,#4780,.T.);
#4780 = EDGE_CURVE('',#4772,#4739,#4781,.T.);
#4781 = LINE('',#4782,#4783);
#4782 = CARTESIAN_POINT('',(12.25,0.15,-3.48));
#4783 = VECTOR('',#4784,1.);
#4784 = DIRECTION('',(-1.,-1.110223024625E-16,0.));
#4785 = ORIENTED_EDGE('',*,*,#4738,.F.);
#4786 = ORIENTED_EDGE('',*,*,#4282,.F.);
#4787 = CYLINDRICAL_SURFACE('',#4788,0.1);
#4788 = AXIS2_PLACEMENT_3D('',#4789,#4790,#4791);
#4789 = CARTESIAN_POINT('',(12.25,0.15,-3.38));
#4790 = DIRECTION('',(-1.,-1.110223024625E-16,0.));
#4791 = DIRECTION('',(-1.110223024625E-16,1.,0.));
#4792 = ADVANCED_FACE('',(#4793),#4812,.T.);
#4793 = FACE_BOUND('',#4794,.T.);
#4794 = EDGE_LOOP('',(#4795,#4804,#4810,#4811));
#4795 = ORIENTED_EDGE('',*,*,#4796,.T.);
#4796 = EDGE_CURVE('',#4299,#4797,#4799,.T.);
#4797 = VERTEX_POINT('',#4798);
#4798 = CARTESIAN_POINT('',(12.15,-0.15,-3.48));
#4799 = ELLIPSE('',#4800,0.141421356237,0.1);
#4800 = AXIS2_PLACEMENT_3D('',#4801,#4802,#4803);
#4801 = CARTESIAN_POINT('',(12.15,-0.15,-3.38));
#4802 = DIRECTION('',(0.707106781187,0.707106781187,0.));
#4803 = DIRECTION('',(0.707106781187,-0.707106781187,0.));
#4804 = ORIENTED_EDGE('',*,*,#4805,.T.);
#4805 = EDGE_CURVE('',#4797,#4772,#4806,.T.);
#4806 = LINE('',#4807,#4808);
#4807 = CARTESIAN_POINT('',(12.15,-0.25,-3.48));
#4808 = VECTOR('',#4809,1.);
#4809 = DIRECTION('',(-1.110223024625E-16,1.,0.));
#4810 = ORIENTED_EDGE('',*,*,#4771,.F.);
#4811 = ORIENTED_EDGE('',*,*,#4306,.F.);
#4812 = CYLINDRICAL_SURFACE('',#4813,0.1);
#4813 = AXIS2_PLACEMENT_3D('',#4814,#4815,#4816);
#4814 = CARTESIAN_POINT('',(12.15,-0.25,-3.38));
#4815 = DIRECTION('',(-1.110223024625E-16,1.,0.));
#4816 = DIRECTION('',(1.,1.110223024625E-16,0.));
#4817 = ADVANCED_FACE('',(#4818),#4829,.T.);
#4818 = FACE_BOUND('',#4819,.T.);
#4819 = EDGE_LOOP('',(#4820,#4821,#4827,#4828));
#4820 = ORIENTED_EDGE('',*,*,#4755,.T.);
#4821 = ORIENTED_EDGE('',*,*,#4822,.T.);
#4822 = EDGE_CURVE('',#4748,#4797,#4823,.T.);
#4823 = LINE('',#4824,#4825);
#4824 = CARTESIAN_POINT('',(11.75,-0.15,-3.48));
#4825 = VECTOR('',#4826,1.);
#4826 = DIRECTION('',(1.,1.110223024625E-16,0.));
#4827 = ORIENTED_EDGE('',*,*,#4796,.F.);
#4828 = ORIENTED_EDGE('',*,*,#4323,.F.);
#4829 = CYLINDRICAL_SURFACE('',#4830,0.1);
#4830 = AXIS2_PLACEMENT_3D('',#4831,#4832,#4833);
#4831 = CARTESIAN_POINT('',(11.75,-0.15,-3.38));
#4832 = DIRECTION('',(1.,1.110223024625E-16,0.));
#4833 = DIRECTION('',(1.110223024625E-16,-1.,0.));
#4834 = ADVANCED_FACE('',(#4835),#4841,.F.);
#4835 = FACE_BOUND('',#4836,.F.);
#4836 = EDGE_LOOP('',(#4837,#4838,#4839,#4840));
#4837 = ORIENTED_EDGE('',*,*,#4347,.T.);
#4838 = ORIENTED_EDGE('',*,*,#4422,.T.);
#4839 = ORIENTED_EDGE('',*,*,#4405,.T.);
#4840 = ORIENTED_EDGE('',*,*,#4380,.T.);
#4841 = PLANE('',#4842);
#4842 = AXIS2_PLACEMENT_3D('',#4843,#4844,#4845);
#4843 = CARTESIAN_POINT('',(1.354472090043E-15,-12.2,-3.48));
#4844 = DIRECTION('',(0.,0.,1.));
#4845 = DIRECTION('',(1.110223024625E-16,-1.,0.));
#4846 = ADVANCED_FACE('',(#4847),#4853,.F.);
#4847 = FACE_BOUND('',#4848,.F.);
#4848 = EDGE_LOOP('',(#4849,#4850,#4851,#4852));
#4849 = ORIENTED_EDGE('',*,*,#4447,.T.);
#4850 = ORIENTED_EDGE('',*,*,#4522,.T.);
#4851 = ORIENTED_EDGE('',*,*,#4505,.T.);
#4852 = ORIENTED_EDGE('',*,*,#4480,.T.);
#4853 = PLANE('',#4854);
#4854 = AXIS2_PLACEMENT_3D('',#4855,#4856,#4857);
#4855 = CARTESIAN_POINT('',(0.,0.,-3.48));
#4856 = DIRECTION('',(0.,0.,1.));
#4857 = DIRECTION('',(1.110223024625E-16,-1.,0.));
#4858 = ADVANCED_FACE('',(#4859),#4865,.F.);
#4859 = FACE_BOUND('',#4860,.F.);
#4860 = EDGE_LOOP('',(#4861,#4862,#4863,#4864));
#4861 = ORIENTED_EDGE('',*,*,#4547,.T.);
#4862 = ORIENTED_EDGE('',*,*,#4622,.T.);
#4863 = ORIENTED_EDGE('',*,*,#4605,.T.);
#4864 = ORIENTED_EDGE('',*,*,#4580,.T.);
#4865 = PLANE('',#4866);
#4866 = AXIS2_PLACEMENT_3D('',#4867,#4868,#4869);
#4867 = CARTESIAN_POINT('',(12.,-12.2,-3.48));
#4868 = DIRECTION('',(0.,0.,1.));
#4869 = DIRECTION('',(1.110223024625E-16,-1.,0.));
#4870 = ADVANCED_FACE('',(#4871),#4877,.F.);
#4871 = FACE_BOUND('',#4872,.F.);
#4872 = EDGE_LOOP('',(#4873,#4874,#4875,#4876));
#4873 = ORIENTED_EDGE('',*,*,#4647,.T.);
#4874 = ORIENTED_EDGE('',*,*,#4722,.T.);
#4875 = ORIENTED_EDGE('',*,*,#4705,.T.);
#4876 = ORIENTED_EDGE('',*,*,#4680,.T.);
#4877 = PLANE('',#4878);
#4878 = AXIS2_PLACEMENT_3D('',#4879,#4880,#4881);
#4879 = CARTESIAN_POINT('',(6.,2.,-3.48));
#4880 = DIRECTION('',(0.,0.,1.));
#4881 = DIRECTION('',(1.110223024625E-16,-1.,0.));
#4882 = ADVANCED_FACE('',(#4883),#4889,.F.);
#4883 = FACE_BOUND('',#4884,.F.);
#4884 = EDGE_LOOP('',(#4885,#4886,#4887,#4888));
#4885 = ORIENTED_EDGE('',*,*,#4747,.T.);
#4886 = ORIENTED_EDGE('',*,*,#4822,.T.);
#4887 = ORIENTED_EDGE('',*,*,#4805,.T.);
#4888 = ORIENTED_EDGE('',*,*,#4780,.T.);
#4889 = PLANE('',#4890);
#4890 = AXIS2_PLACEMENT_3D('',#4891,#4892,#4893);
#4891 = CARTESIAN_POINT('',(12.,1.33226762955E-15,-3.48));
#4892 = DIRECTION('',(0.,0.,1.));
#4893 = DIRECTION('',(1.110223024625E-16,-1.,0.));
#4894 = ( GEOMETRIC_REPRESENTATION_CONTEXT(3) 
GLOBAL_UNCERTAINTY_ASSIGNED_CONTEXT((#4898)) 
GLOBAL_UNIT_ASSIGNED_CONTEXT((#4895,#4896,#4897)) REPRESENTATION_CONTEXT
('Context #1','3D Context with UNIT and UNCERTAINTY') );
#4895 = ( LENGTH_UNIT() NAMED_UNIT(*) SI_UNIT(.MILLI.,.METRE.) );
#4896 = ( NAMED_UNIT(*) PLANE_ANGLE_UNIT() SI_UNIT($,.RADIAN.) );
#4897 = ( NAMED_UNIT(*) SI_UNIT($,.STERADIAN.) SOLID_ANGLE_UNIT() );
#4898 = UNCERTAINTY_MEASURE_WITH_UNIT(LENGTH_MEASURE(1.E-07),#4895,
  'distance_accuracy_value','confusion accuracy');
#4899 = CONTEXT_DEPENDENT_SHAPE_REPRESENTATION(#4900,#4902);
#4900 = ( REPRESENTATION_RELATIONSHIP('','',#2833,#10) 
REPRESENTATION_RELATIONSHIP_WITH_TRANSFORMATION(#4901) 
SHAPE_REPRESENTATION_RELATIONSHIP() );
#4901 = ITEM_DEFINED_TRANSFORMATION('','',#11,#23);
#4902 = PRODUCT_DEFINITION_SHAPE('Placement','Placement of an item',
  #4903);
#4903 = NEXT_ASSEMBLY_USAGE_OCCURRENCE('3','K1','',#5,#2828,$);
#4904 = PRODUCT_RELATED_PRODUCT_CATEGORY('part',$,(#2830));
#4905 = SHAPE_DEFINITION_REPRESENTATION(#4906,#4912);
#4906 = PRODUCT_DEFINITION_SHAPE('','',#4907);
#4907 = PRODUCT_DEFINITION('design','',#4908,#4911);
#4908 = PRODUCT_DEFINITION_FORMATION('','',#4909);
#4909 = PRODUCT('','','',(#4910));
#4910 = PRODUCT_CONTEXT('',#2,'mechanical');
#4911 = PRODUCT_DEFINITION_CONTEXT('part definition',#2,'design');
#4912 = ADVANCED_BREP_SHAPE_REPRESENTATION('',(#11,#4913),#5703);
#4913 = MANIFOLD_SOLID_BREP('',#4914);
#4914 = CLOSED_SHELL('',(#4915,#4955,#5038,#5063,#5088,#5155,#5172,#5189
    ,#5238,#5255,#5272,#5321,#5338,#5407,#5438,#5462,#5531,#5555,#5572,
    #5589,#5606,#5623,#5640,#5657,#5674,#5691));
#4915 = ADVANCED_FACE('',(#4916),#4950,.F.);
#4916 = FACE_BOUND('',#4917,.F.);
#4917 = EDGE_LOOP('',(#4918,#4928,#4936,#4944));
#4918 = ORIENTED_EDGE('',*,*,#4919,.F.);
#4919 = EDGE_CURVE('',#4920,#4922,#4924,.T.);
#4920 = VERTEX_POINT('',#4921);
#4921 = CARTESIAN_POINT('',(-0.8,-0.4,4.5E-02));
#4922 = VERTEX_POINT('',#4923);
#4923 = CARTESIAN_POINT('',(-0.8,-0.4,0.405));
#4924 = LINE('',#4925,#4926);
#4925 = CARTESIAN_POINT('',(-0.8,-0.4,0.));
#4926 = VECTOR('',#4927,1.);
#4927 = DIRECTION('',(0.,0.,1.));
#4928 = ORIENTED_EDGE('',*,*,#4929,.T.);
#4929 = EDGE_CURVE('',#4920,#4930,#4932,.T.);
#4930 = VERTEX_POINT('',#4931);
#4931 = CARTESIAN_POINT('',(-0.8,0.4,4.5E-02));
#4932 = LINE('',#4933,#4934);
#4933 = CARTESIAN_POINT('',(-0.8,-0.4,4.5E-02));
#4934 = VECTOR('',#4935,1.);
#4935 = DIRECTION('',(0.,1.,0.));
#4936 = ORIENTED_EDGE('',*,*,#4937,.T.);
#4937 = EDGE_CURVE('',#4930,#4938,#4940,.T.);
#4938 = VERTEX_POINT('',#4939);
#4939 = CARTESIAN_POINT('',(-0.8,0.4,0.405));
#4940 = LINE('',#4941,#4942);
#4941 = CARTESIAN_POINT('',(-0.8,0.4,0.));
#4942 = VECTOR('',#4943,1.);
#4943 = DIRECTION('',(0.,0.,1.));
#4944 = ORIENTED_EDGE('',*,*,#4945,.F.);
#4945 = EDGE_CURVE('',#4922,#4938,#4946,.T.);
#4946 = LINE('',#4947,#4948);
#4947 = CARTESIAN_POINT('',(-0.8,-0.4,0.405));
#4948 = VECTOR('',#4949,1.);
#4949 = DIRECTION('',(0.,1.,0.));
#4950 = PLANE('',#4951);
#4951 = AXIS2_PLACEMENT_3D('',#4952,#4953,#4954);
#4952 = CARTESIAN_POINT('',(-0.8,-0.4,0.));
#4953 = DIRECTION('',(1.,0.,0.));
#4954 = DIRECTION('',(0.,0.,1.));
#4955 = ADVANCED_FACE('',(#4956),#5033,.F.);
#4956 = FACE_BOUND('',#4957,.F.);
#4957 = EDGE_LOOP('',(#4958,#4968,#4975,#4976,#4985,#4993,#5002,#5010,
    #5018,#5026));
#4958 = ORIENTED_EDGE('',*,*,#4959,.F.);
#4959 = EDGE_CURVE('',#4960,#4962,#4964,.T.);
#4960 = VERTEX_POINT('',#4961);
#4961 = CARTESIAN_POINT('',(-0.755,-0.4,-2.775557561563E-17));
#4962 = VERTEX_POINT('',#4963);
#4963 = CARTESIAN_POINT('',(-0.545,-0.4,-2.775557561563E-17));
#4964 = LINE('',#4965,#4966);
#4965 = CARTESIAN_POINT('',(-0.8,-0.4,0.));
#4966 = VECTOR('',#4967,1.);
#4967 = DIRECTION('',(1.,0.,0.));
#4968 = ORIENTED_EDGE('',*,*,#4969,.F.);
#4969 = EDGE_CURVE('',#4920,#4960,#4970,.T.);
#4970 = CIRCLE('',#4971,4.5E-02);
#4971 = AXIS2_PLACEMENT_3D('',#4972,#4973,#4974);
#4972 = CARTESIAN_POINT('',(-0.755,-0.4,4.5E-02));
#4973 = DIRECTION('',(0.,-1.,0.));
#4974 = DIRECTION('',(0.,0.,1.));
#4975 = ORIENTED_EDGE('',*,*,#4919,.T.);
#4976 = ORIENTED_EDGE('',*,*,#4977,.T.);
#4977 = EDGE_CURVE('',#4922,#4978,#4980,.T.);
#4978 = VERTEX_POINT('',#4979);
#4979 = CARTESIAN_POINT('',(-0.755,-0.4,0.45));
#4980 = CIRCLE('',#4981,4.5E-02);
#4981 = AXIS2_PLACEMENT_3D('',#4982,#4983,#4984);
#4982 = CARTESIAN_POINT('',(-0.755,-0.4,0.405));
#4983 = DIRECTION('',(0.,1.,0.));
#4984 = DIRECTION('',(0.,-0.,1.));
#4985 = ORIENTED_EDGE('',*,*,#4986,.T.);
#4986 = EDGE_CURVE('',#4978,#4987,#4989,.T.);
#4987 = VERTEX_POINT('',#4988);
#4988 = CARTESIAN_POINT('',(-0.545,-0.4,0.45));
#4989 = LINE('',#4990,#4991);
#4990 = CARTESIAN_POINT('',(-0.8,-0.4,0.45));
#4991 = VECTOR('',#4992,1.);
#4992 = DIRECTION('',(1.,0.,0.));
#4993 = ORIENTED_EDGE('',*,*,#4994,.F.);
#4994 = EDGE_CURVE('',#4995,#4987,#4997,.T.);
#4995 = VERTEX_POINT('',#4996);
#4996 = CARTESIAN_POINT('',(-0.5,-0.4,0.405));
#4997 = CIRCLE('',#4998,4.5E-02);
#4998 = AXIS2_PLACEMENT_3D('',#4999,#5000,#5001);
#4999 = CARTESIAN_POINT('',(-0.545,-0.4,0.405));
#5000 = DIRECTION('',(0.,-1.,0.));
#5001 = DIRECTION('',(0.,0.,1.));
#5002 = ORIENTED_EDGE('',*,*,#5003,.F.);
#5003 = EDGE_CURVE('',#5004,#4995,#5006,.T.);
#5004 = VERTEX_POINT('',#5005);
#5005 = CARTESIAN_POINT('',(-0.755,-0.4,0.405));
#5006 = LINE('',#5007,#5008);
#5007 = CARTESIAN_POINT('',(-0.755,-0.4,0.405));
#5008 = VECTOR('',#5009,1.);
#5009 = DIRECTION('',(1.,0.,0.));
#5010 = ORIENTED_EDGE('',*,*,#5011,.F.);
#5011 = EDGE_CURVE('',#5012,#5004,#5014,.T.);
#5012 = VERTEX_POINT('',#5013);
#5013 = CARTESIAN_POINT('',(-0.755,-0.4,4.5E-02));
#5014 = LINE('',#5015,#5016);
#5015 = CARTESIAN_POINT('',(-0.755,-0.4,4.5E-02));
#5016 = VECTOR('',#5017,1.);
#5017 = DIRECTION('',(0.,0.,1.));
#5018 = ORIENTED_EDGE('',*,*,#5019,.T.);
#5019 = EDGE_CURVE('',#5012,#5020,#5022,.T.);
#5020 = VERTEX_POINT('',#5021);
#5021 = CARTESIAN_POINT('',(-0.5,-0.4,4.5E-02));
#5022 = LINE('',#5023,#5024);
#5023 = CARTESIAN_POINT('',(-0.755,-0.4,4.5E-02));
#5024 = VECTOR('',#5025,1.);
#5025 = DIRECTION('',(1.,0.,0.));
#5026 = ORIENTED_EDGE('',*,*,#5027,.T.);
#5027 = EDGE_CURVE('',#5020,#4962,#5028,.T.);
#5028 = CIRCLE('',#5029,4.5E-02);
#5029 = AXIS2_PLACEMENT_3D('',#5030,#5031,#5032);
#5030 = CARTESIAN_POINT('',(-0.545,-0.4,4.5E-02));
#5031 = DIRECTION('',(0.,1.,0.));
#5032 = DIRECTION('',(0.,-0.,1.));
#5033 = PLANE('',#5034);
#5034 = AXIS2_PLACEMENT_3D('',#5035,#5036,#5037);
#5035 = CARTESIAN_POINT('',(-0.8,-0.4,0.));
#5036 = DIRECTION('',(0.,1.,0.));
#5037 = DIRECTION('',(0.,-0.,1.));
#5038 = ADVANCED_FACE('',(#5039),#5058,.T.);
#5039 = FACE_BOUND('',#5040,.T.);
#5040 = EDGE_LOOP('',(#5041,#5042,#5051,#5057));
#5041 = ORIENTED_EDGE('',*,*,#4929,.T.);
#5042 = ORIENTED_EDGE('',*,*,#5043,.T.);
#5043 = EDGE_CURVE('',#4930,#5044,#5046,.T.);
#5044 = VERTEX_POINT('',#5045);
#5045 = CARTESIAN_POINT('',(-0.755,0.4,-2.775557561563E-17));
#5046 = CIRCLE('',#5047,4.5E-02);
#5047 = AXIS2_PLACEMENT_3D('',#5048,#5049,#5050);
#5048 = CARTESIAN_POINT('',(-0.755,0.4,4.5E-02));
#5049 = DIRECTION('',(0.,-1.,0.));
#5050 = DIRECTION('',(0.,0.,1.));
#5051 = ORIENTED_EDGE('',*,*,#5052,.F.);
#5052 = EDGE_CURVE('',#4960,#5044,#5053,.T.);
#5053 = LINE('',#5054,#5055);
#5054 = CARTESIAN_POINT('',(-0.755,-0.4,-2.775557561563E-17));
#5055 = VECTOR('',#5056,1.);
#5056 = DIRECTION('',(0.,1.,0.));
#5057 = ORIENTED_EDGE('',*,*,#4969,.F.);
#5058 = CYLINDRICAL_SURFACE('',#5059,4.5E-02);
#5059 = AXIS2_PLACEMENT_3D('',#5060,#5061,#5062);
#5060 = CARTESIAN_POINT('',(-0.755,-0.4,4.5E-02));
#5061 = DIRECTION('',(0.,1.,0.));
#5062 = DIRECTION('',(-1.,0.,0.));
#5063 = ADVANCED_FACE('',(#5064),#5083,.T.);
#5064 = FACE_BOUND('',#5065,.T.);
#5065 = EDGE_LOOP('',(#5066,#5067,#5075,#5082));
#5066 = ORIENTED_EDGE('',*,*,#4977,.T.);
#5067 = ORIENTED_EDGE('',*,*,#5068,.T.);
#5068 = EDGE_CURVE('',#4978,#5069,#5071,.T.);
#5069 = VERTEX_POINT('',#5070);
#5070 = CARTESIAN_POINT('',(-0.755,0.4,0.45));
#5071 = LINE('',#5072,#5073);
#5072 = CARTESIAN_POINT('',(-0.755,-0.4,0.45));
#5073 = VECTOR('',#5074,1.);
#5074 = DIRECTION('',(0.,1.,0.));
#5075 = ORIENTED_EDGE('',*,*,#5076,.F.);
#5076 = EDGE_CURVE('',#4938,#5069,#5077,.T.);
#5077 = CIRCLE('',#5078,4.5E-02);
#5078 = AXIS2_PLACEMENT_3D('',#5079,#5080,#5081);
#5079 = CARTESIAN_POINT('',(-0.755,0.4,0.405));
#5080 = DIRECTION('',(0.,1.,0.));
#5081 = DIRECTION('',(0.,-0.,1.));
#5082 = ORIENTED_EDGE('',*,*,#4945,.F.);
#5083 = CYLINDRICAL_SURFACE('',#5084,4.5E-02);
#5084 = AXIS2_PLACEMENT_3D('',#5085,#5086,#5087);
#5085 = CARTESIAN_POINT('',(-0.755,-0.4,0.405));
#5086 = DIRECTION('',(0.,1.,0.));
#5087 = DIRECTION('',(-1.,0.,0.));
#5088 = ADVANCED_FACE('',(#5089),#5150,.T.);
#5089 = FACE_BOUND('',#5090,.T.);
#5090 = EDGE_LOOP('',(#5091,#5099,#5100,#5101,#5102,#5110,#5119,#5127,
    #5135,#5143));
#5091 = ORIENTED_EDGE('',*,*,#5092,.F.);
#5092 = EDGE_CURVE('',#5044,#5093,#5095,.T.);
#5093 = VERTEX_POINT('',#5094);
#5094 = CARTESIAN_POINT('',(-0.545,0.4,-2.775557561563E-17));
#5095 = LINE('',#5096,#5097);
#5096 = CARTESIAN_POINT('',(-0.8,0.4,0.));
#5097 = VECTOR('',#5098,1.);
#5098 = DIRECTION('',(1.,0.,0.));
#5099 = ORIENTED_EDGE('',*,*,#5043,.F.);
#5100 = ORIENTED_EDGE('',*,*,#4937,.T.);
#5101 = ORIENTED_EDGE('',*,*,#5076,.T.);
#5102 = ORIENTED_EDGE('',*,*,#5103,.T.);
#5103 = EDGE_CURVE('',#5069,#5104,#5106,.T.);
#5104 = VERTEX_POINT('',#5105);
#5105 = CARTESIAN_POINT('',(-0.545,0.4,0.45));
#5106 = LINE('',#5107,#5108);
#5107 = CARTESIAN_POINT('',(-0.8,0.4,0.45));
#5108 = VECTOR('',#5109,1.);
#5109 = DIRECTION('',(1.,0.,0.));
#5110 = ORIENTED_EDGE('',*,*,#5111,.F.);
#5111 = EDGE_CURVE('',#5112,#5104,#5114,.T.);
#5112 = VERTEX_POINT('',#5113);
#5113 = CARTESIAN_POINT('',(-0.5,0.4,0.405));
#5114 = CIRCLE('',#5115,4.5E-02);
#5115 = AXIS2_PLACEMENT_3D('',#5116,#5117,#5118);
#5116 = CARTESIAN_POINT('',(-0.545,0.4,0.405));
#5117 = DIRECTION('',(0.,-1.,0.));
#5118 = DIRECTION('',(0.,0.,1.));
#5119 = ORIENTED_EDGE('',*,*,#5120,.F.);
#5120 = EDGE_CURVE('',#5121,#5112,#5123,.T.);
#5121 = VERTEX_POINT('',#5122);
#5122 = CARTESIAN_POINT('',(-0.755,0.4,0.405));
#5123 = LINE('',#5124,#5125);
#5124 = CARTESIAN_POINT('',(-0.755,0.4,0.405));
#5125 = VECTOR('',#5126,1.);
#5126 = DIRECTION('',(1.,0.,0.));
#5127 = ORIENTED_EDGE('',*,*,#5128,.F.);
#5128 = EDGE_CURVE('',#5129,#5121,#5131,.T.);
#5129 = VERTEX_POINT('',#5130);
#5130 = CARTESIAN_POINT('',(-0.755,0.4,4.5E-02));
#5131 = LINE('',#5132,#5133);
#5132 = CARTESIAN_POINT('',(-0.755,0.4,4.5E-02));
#5133 = VECTOR('',#5134,1.);
#5134 = DIRECTION('',(0.,0.,1.));
#5135 = ORIENTED_EDGE('',*,*,#5136,.T.);
#5136 = EDGE_CURVE('',#5129,#5137,#5139,.T.);
#5137 = VERTEX_POINT('',#5138);
#5138 = CARTESIAN_POINT('',(-0.5,0.4,4.5E-02));
#5139 = LINE('',#5140,#5141);
#5140 = CARTESIAN_POINT('',(-0.755,0.4,4.5E-02));
#5141 = VECTOR('',#5142,1.);
#5142 = DIRECTION('',(1.,0.,0.));
#5143 = ORIENTED_EDGE('',*,*,#5144,.T.);
#5144 = EDGE_CURVE('',#5137,#5093,#5145,.T.);
#5145 = CIRCLE('',#5146,4.5E-02);
#5146 = AXIS2_PLACEMENT_3D('',#5147,#5148,#5149);
#5147 = CARTESIAN_POINT('',(-0.545,0.4,4.5E-02));
#5148 = DIRECTION('',(0.,1.,0.));
#5149 = DIRECTION('',(0.,-0.,1.));
#5150 = PLANE('',#5151);
#5151 = AXIS2_PLACEMENT_3D('',#5152,#5153,#5154);
#5152 = CARTESIAN_POINT('',(-0.8,0.4,0.));
#5153 = DIRECTION('',(0.,1.,0.));
#5154 = DIRECTION('',(0.,-0.,1.));
#5155 = ADVANCED_FACE('',(#5156),#5167,.F.);
#5156 = FACE_BOUND('',#5157,.F.);
#5157 = EDGE_LOOP('',(#5158,#5159,#5160,#5161));
#5158 = ORIENTED_EDGE('',*,*,#5092,.F.);
#5159 = ORIENTED_EDGE('',*,*,#5052,.F.);
#5160 = ORIENTED_EDGE('',*,*,#4959,.T.);
#5161 = ORIENTED_EDGE('',*,*,#5162,.T.);
#5162 = EDGE_CURVE('',#4962,#5093,#5163,.T.);
#5163 = LINE('',#5164,#5165);
#5164 = CARTESIAN_POINT('',(-0.545,-0.4,-2.775557561563E-17));
#5165 = VECTOR('',#5166,1.);
#5166 = DIRECTION('',(0.,1.,0.));
#5167 = PLANE('',#5168);
#5168 = AXIS2_PLACEMENT_3D('',#5169,#5170,#5171);
#5169 = CARTESIAN_POINT('',(-0.8,-0.4,0.));
#5170 = DIRECTION('',(0.,0.,1.));
#5171 = DIRECTION('',(1.,0.,-0.));
#5172 = ADVANCED_FACE('',(#5173),#5184,.T.);
#5173 = FACE_BOUND('',#5174,.T.);
#5174 = EDGE_LOOP('',(#5175,#5176,#5177,#5178));
#5175 = ORIENTED_EDGE('',*,*,#5027,.T.);
#5176 = ORIENTED_EDGE('',*,*,#5162,.T.);
#5177 = ORIENTED_EDGE('',*,*,#5144,.F.);
#5178 = ORIENTED_EDGE('',*,*,#5179,.F.);
#5179 = EDGE_CURVE('',#5020,#5137,#5180,.T.);
#5180 = LINE('',#5181,#5182);
#5181 = CARTESIAN_POINT('',(-0.5,-0.4,4.5E-02));
#5182 = VECTOR('',#5183,1.);
#5183 = DIRECTION('',(0.,1.,0.));
#5184 = CYLINDRICAL_SURFACE('',#5185,4.5E-02);
#5185 = AXIS2_PLACEMENT_3D('',#5186,#5187,#5188);
#5186 = CARTESIAN_POINT('',(-0.545,-0.4,4.5E-02));
#5187 = DIRECTION('',(0.,1.,0.));
#5188 = DIRECTION('',(1.,0.,0.));
#5189 = ADVANCED_FACE('',(#5190),#5233,.F.);
#5190 = FACE_BOUND('',#5191,.F.);
#5191 = EDGE_LOOP('',(#5192,#5193,#5194,#5195,#5203,#5211,#5219,#5227));
#5192 = ORIENTED_EDGE('',*,*,#5019,.F.);
#5193 = ORIENTED_EDGE('',*,*,#5011,.T.);
#5194 = ORIENTED_EDGE('',*,*,#5003,.T.);
#5195 = ORIENTED_EDGE('',*,*,#5196,.T.);
#5196 = EDGE_CURVE('',#4995,#5197,#5199,.T.);
#5197 = VERTEX_POINT('',#5198);
#5198 = CARTESIAN_POINT('',(0.5,-0.4,0.405));
#5199 = LINE('',#5200,#5201);
#5200 = CARTESIAN_POINT('',(-0.5,-0.4,0.405));
#5201 = VECTOR('',#5202,1.);
#5202 = DIRECTION('',(1.,0.,0.));
#5203 = ORIENTED_EDGE('',*,*,#5204,.T.);
#5204 = EDGE_CURVE('',#5197,#5205,#5207,.T.);
#5205 = VERTEX_POINT('',#5206);
#5206 = CARTESIAN_POINT('',(0.755,-0.4,0.405));
#5207 = LINE('',#5208,#5209);
#5208 = CARTESIAN_POINT('',(-0.755,-0.4,0.405));
#5209 = VECTOR('',#5210,1.);
#5210 = DIRECTION('',(1.,0.,0.));
#5211 = ORIENTED_EDGE('',*,*,#5212,.F.);
#5212 = EDGE_CURVE('',#5213,#5205,#5215,.T.);
#5213 = VERTEX_POINT('',#5214);
#5214 = CARTESIAN_POINT('',(0.755,-0.4,4.5E-02));
#5215 = LINE('',#5216,#5217);
#5216 = CARTESIAN_POINT('',(0.755,-0.4,4.5E-02));
#5217 = VECTOR('',#5218,1.);
#5218 = DIRECTION('',(0.,0.,1.));
#5219 = ORIENTED_EDGE('',*,*,#5220,.F.);
#5220 = EDGE_CURVE('',#5221,#5213,#5223,.T.);
#5221 = VERTEX_POINT('',#5222);
#5222 = CARTESIAN_POINT('',(0.5,-0.4,4.5E-02));
#5223 = LINE('',#5224,#5225);
#5224 = CARTESIAN_POINT('',(-0.755,-0.4,4.5E-02));
#5225 = VECTOR('',#5226,1.);
#5226 = DIRECTION('',(1.,0.,0.));
#5227 = ORIENTED_EDGE('',*,*,#5228,.F.);
#5228 = EDGE_CURVE('',#5020,#5221,#5229,.T.);
#5229 = LINE('',#5230,#5231);
#5230 = CARTESIAN_POINT('',(-0.755,-0.4,4.5E-02));
#5231 = VECTOR('',#5232,1.);
#5232 = DIRECTION('',(1.,0.,0.));
#5233 = PLANE('',#5234);
#5234 = AXIS2_PLACEMENT_3D('',#5235,#5236,#5237);
#5235 = CARTESIAN_POINT('',(-0.755,-0.4,4.5E-02));
#5236 = DIRECTION('',(0.,1.,0.));
#5237 = DIRECTION('',(0.,-0.,1.));
#5238 = ADVANCED_FACE('',(#5239),#5250,.T.);
#5239 = FACE_BOUND('',#5240,.T.);
#5240 = EDGE_LOOP('',(#5241,#5242,#5243,#5244));
#5241 = ORIENTED_EDGE('',*,*,#5103,.F.);
#5242 = ORIENTED_EDGE('',*,*,#5068,.F.);
#5243 = ORIENTED_EDGE('',*,*,#4986,.T.);
#5244 = ORIENTED_EDGE('',*,*,#5245,.T.);
#5245 = EDGE_CURVE('',#4987,#5104,#5246,.T.);
#5246 = LINE('',#5247,#5248);
#5247 = CARTESIAN_POINT('',(-0.545,-0.4,0.45));
#5248 = VECTOR('',#5249,1.);
#5249 = DIRECTION('',(0.,1.,0.));
#5250 = PLANE('',#5251);
#5251 = AXIS2_PLACEMENT_3D('',#5252,#5253,#5254);
#5252 = CARTESIAN_POINT('',(-0.8,-0.4,0.45));
#5253 = DIRECTION('',(0.,0.,1.));
#5254 = DIRECTION('',(1.,0.,-0.));
#5255 = ADVANCED_FACE('',(#5256),#5267,.T.);
#5256 = FACE_BOUND('',#5257,.T.);
#5257 = EDGE_LOOP('',(#5258,#5264,#5265,#5266));
#5258 = ORIENTED_EDGE('',*,*,#5259,.T.);
#5259 = EDGE_CURVE('',#4995,#5112,#5260,.T.);
#5260 = LINE('',#5261,#5262);
#5261 = CARTESIAN_POINT('',(-0.5,-0.4,0.405));
#5262 = VECTOR('',#5263,1.);
#5263 = DIRECTION('',(0.,1.,0.));
#5264 = ORIENTED_EDGE('',*,*,#5111,.T.);
#5265 = ORIENTED_EDGE('',*,*,#5245,.F.);
#5266 = ORIENTED_EDGE('',*,*,#4994,.F.);
#5267 = CYLINDRICAL_SURFACE('',#5268,4.5E-02);
#5268 = AXIS2_PLACEMENT_3D('',#5269,#5270,#5271);
#5269 = CARTESIAN_POINT('',(-0.545,-0.4,0.405));
#5270 = DIRECTION('',(0.,1.,0.));
#5271 = DIRECTION('',(1.,0.,0.));
#5272 = ADVANCED_FACE('',(#5273),#5316,.T.);
#5273 = FACE_BOUND('',#5274,.T.);
#5274 = EDGE_LOOP('',(#5275,#5276,#5277,#5278,#5286,#5294,#5302,#5310));
#5275 = ORIENTED_EDGE('',*,*,#5136,.F.);
#5276 = ORIENTED_EDGE('',*,*,#5128,.T.);
#5277 = ORIENTED_EDGE('',*,*,#5120,.T.);
#5278 = ORIENTED_EDGE('',*,*,#5279,.T.);
#5279 = EDGE_CURVE('',#5112,#5280,#5282,.T.);
#5280 = VERTEX_POINT('',#5281);
#5281 = CARTESIAN_POINT('',(0.5,0.4,0.405));
#5282 = LINE('',#5283,#5284);
#5283 = CARTESIAN_POINT('',(-0.5,0.4,0.405));
#5284 = VECTOR('',#5285,1.);
#5285 = DIRECTION('',(1.,0.,0.));
#5286 = ORIENTED_EDGE('',*,*,#5287,.T.);
#5287 = EDGE_CURVE('',#5280,#5288,#5290,.T.);
#5288 = VERTEX_POINT('',#5289);
#5289 = CARTESIAN_POINT('',(0.755,0.4,0.405));
#5290 = LINE('',#5291,#5292);
#5291 = CARTESIAN_POINT('',(-0.755,0.4,0.405));
#5292 = VECTOR('',#5293,1.);
#5293 = DIRECTION('',(1.,0.,0.));
#5294 = ORIENTED_EDGE('',*,*,#5295,.F.);
#5295 = EDGE_CURVE('',#5296,#5288,#5298,.T.);
#5296 = VERTEX_POINT('',#5297);
#5297 = CARTESIAN_POINT('',(0.755,0.4,4.5E-02));
#5298 = LINE('',#5299,#5300);
#5299 = CARTESIAN_POINT('',(0.755,0.4,4.5E-02));
#5300 = VECTOR('',#5301,1.);
#5301 = DIRECTION('',(0.,0.,1.));
#5302 = ORIENTED_EDGE('',*,*,#5303,.F.);
#5303 = EDGE_CURVE('',#5304,#5296,#5306,.T.);
#5304 = VERTEX_POINT('',#5305);
#5305 = CARTESIAN_POINT('',(0.5,0.4,4.5E-02));
#5306 = LINE('',#5307,#5308);
#5307 = CARTESIAN_POINT('',(-0.755,0.4,4.5E-02));
#5308 = VECTOR('',#5309,1.);
#5309 = DIRECTION('',(1.,0.,0.));
#5310 = ORIENTED_EDGE('',*,*,#5311,.F.);
#5311 = EDGE_CURVE('',#5137,#5304,#5312,.T.);
#5312 = LINE('',#5313,#5314);
#5313 = CARTESIAN_POINT('',(-0.755,0.4,4.5E-02));
#5314 = VECTOR('',#5315,1.);
#5315 = DIRECTION('',(1.,0.,0.));
#5316 = PLANE('',#5317);
#5317 = AXIS2_PLACEMENT_3D('',#5318,#5319,#5320);
#5318 = CARTESIAN_POINT('',(-0.755,0.4,4.5E-02));
#5319 = DIRECTION('',(0.,1.,0.));
#5320 = DIRECTION('',(0.,-0.,1.));
#5321 = ADVANCED_FACE('',(#5322),#5333,.F.);
#5322 = FACE_BOUND('',#5323,.F.);
#5323 = EDGE_LOOP('',(#5324,#5325,#5326,#5332));
#5324 = ORIENTED_EDGE('',*,*,#5179,.F.);
#5325 = ORIENTED_EDGE('',*,*,#5228,.T.);
#5326 = ORIENTED_EDGE('',*,*,#5327,.T.);
#5327 = EDGE_CURVE('',#5221,#5304,#5328,.T.);
#5328 = LINE('',#5329,#5330);
#5329 = CARTESIAN_POINT('',(0.5,-0.4,4.5E-02));
#5330 = VECTOR('',#5331,1.);
#5331 = DIRECTION('',(0.,1.,0.));
#5332 = ORIENTED_EDGE('',*,*,#5311,.F.);
#5333 = PLANE('',#5334);
#5334 = AXIS2_PLACEMENT_3D('',#5335,#5336,#5337);
#5335 = CARTESIAN_POINT('',(-0.755,-0.4,4.5E-02));
#5336 = DIRECTION('',(0.,0.,1.));
#5337 = DIRECTION('',(1.,0.,-0.));
#5338 = ADVANCED_FACE('',(#5339),#5402,.F.);
#5339 = FACE_BOUND('',#5340,.F.);
#5340 = EDGE_LOOP('',(#5341,#5351,#5358,#5359,#5360,#5361,#5370,#5378,
    #5387,#5395));
#5341 = ORIENTED_EDGE('',*,*,#5342,.F.);
#5342 = EDGE_CURVE('',#5343,#5345,#5347,.T.);
#5343 = VERTEX_POINT('',#5344);
#5344 = CARTESIAN_POINT('',(0.545,-0.4,-2.775557561563E-17));
#5345 = VERTEX_POINT('',#5346);
#5346 = CARTESIAN_POINT('',(0.755,-0.4,-2.775557561563E-17));
#5347 = LINE('',#5348,#5349);
#5348 = CARTESIAN_POINT('',(0.5,-0.4,0.));
#5349 = VECTOR('',#5350,1.);
#5350 = DIRECTION('',(1.,0.,0.));
#5351 = ORIENTED_EDGE('',*,*,#5352,.F.);
#5352 = EDGE_CURVE('',#5221,#5343,#5353,.T.);
#5353 = CIRCLE('',#5354,4.5E-02);
#5354 = AXIS2_PLACEMENT_3D('',#5355,#5356,#5357);
#5355 = CARTESIAN_POINT('',(0.545,-0.4,4.5E-02));
#5356 = DIRECTION('',(0.,-1.,0.));
#5357 = DIRECTION('',(0.,0.,1.));
#5358 = ORIENTED_EDGE('',*,*,#5220,.T.);
#5359 = ORIENTED_EDGE('',*,*,#5212,.T.);
#5360 = ORIENTED_EDGE('',*,*,#5204,.F.);
#5361 = ORIENTED_EDGE('',*,*,#5362,.T.);
#5362 = EDGE_CURVE('',#5197,#5363,#5365,.T.);
#5363 = VERTEX_POINT('',#5364);
#5364 = CARTESIAN_POINT('',(0.545,-0.4,0.45));
#5365 = CIRCLE('',#5366,4.5E-02);
#5366 = AXIS2_PLACEMENT_3D('',#5367,#5368,#5369);
#5367 = CARTESIAN_POINT('',(0.545,-0.4,0.405));
#5368 = DIRECTION('',(0.,1.,0.));
#5369 = DIRECTION('',(0.,-0.,1.));
#5370 = ORIENTED_EDGE('',*,*,#5371,.T.);
#5371 = EDGE_CURVE('',#5363,#5372,#5374,.T.);
#5372 = VERTEX_POINT('',#5373);
#5373 = CARTESIAN_POINT('',(0.755,-0.4,0.45));
#5374 = LINE('',#5375,#5376);
#5375 = CARTESIAN_POINT('',(0.5,-0.4,0.45));
#5376 = VECTOR('',#5377,1.);
#5377 = DIRECTION('',(1.,0.,0.));
#5378 = ORIENTED_EDGE('',*,*,#5379,.F.);
#5379 = EDGE_CURVE('',#5380,#5372,#5382,.T.);
#5380 = VERTEX_POINT('',#5381);
#5381 = CARTESIAN_POINT('',(0.8,-0.4,0.405));
#5382 = CIRCLE('',#5383,4.5E-02);
#5383 = AXIS2_PLACEMENT_3D('',#5384,#5385,#5386);
#5384 = CARTESIAN_POINT('',(0.755,-0.4,0.405));
#5385 = DIRECTION('',(0.,-1.,0.));
#5386 = DIRECTION('',(0.,0.,1.));
#5387 = ORIENTED_EDGE('',*,*,#5388,.F.);
#5388 = EDGE_CURVE('',#5389,#5380,#5391,.T.);
#5389 = VERTEX_POINT('',#5390);
#5390 = CARTESIAN_POINT('',(0.8,-0.4,4.5E-02));
#5391 = LINE('',#5392,#5393);
#5392 = CARTESIAN_POINT('',(0.8,-0.4,0.));
#5393 = VECTOR('',#5394,1.);
#5394 = DIRECTION('',(0.,0.,1.));
#5395 = ORIENTED_EDGE('',*,*,#5396,.T.);
#5396 = EDGE_CURVE('',#5389,#5345,#5397,.T.);
#5397 = CIRCLE('',#5398,4.5E-02);
#5398 = AXIS2_PLACEMENT_3D('',#5399,#5400,#5401);
#5399 = CARTESIAN_POINT('',(0.755,-0.4,4.5E-02));
#5400 = DIRECTION('',(0.,1.,0.));
#5401 = DIRECTION('',(0.,-0.,1.));
#5402 = PLANE('',#5403);
#5403 = AXIS2_PLACEMENT_3D('',#5404,#5405,#5406);
#5404 = CARTESIAN_POINT('',(0.5,-0.4,0.));
#5405 = DIRECTION('',(0.,1.,0.));
#5406 = DIRECTION('',(0.,-0.,1.));
#5407 = ADVANCED_FACE('',(#5408),#5433,.F.);
#5408 = FACE_BOUND('',#5409,.F.);
#5409 = EDGE_LOOP('',(#5410,#5411,#5419,#5427));
#5410 = ORIENTED_EDGE('',*,*,#5196,.F.);
#5411 = ORIENTED_EDGE('',*,*,#5412,.T.);
#5412 = EDGE_CURVE('',#4995,#5413,#5415,.T.);
#5413 = VERTEX_POINT('',#5414);
#5414 = CARTESIAN_POINT('',(-0.5,-0.4,0.45));
#5415 = LINE('',#5416,#5417);
#5416 = CARTESIAN_POINT('',(-0.5,-0.4,0.405));
#5417 = VECTOR('',#5418,1.);
#5418 = DIRECTION('',(0.,0.,1.));
#5419 = ORIENTED_EDGE('',*,*,#5420,.T.);
#5420 = EDGE_CURVE('',#5413,#5421,#5423,.T.);
#5421 = VERTEX_POINT('',#5422);
#5422 = CARTESIAN_POINT('',(0.5,-0.4,0.45));
#5423 = LINE('',#5424,#5425);
#5424 = CARTESIAN_POINT('',(-0.5,-0.4,0.45));
#5425 = VECTOR('',#5426,1.);
#5426 = DIRECTION('',(1.,0.,0.));
#5427 = ORIENTED_EDGE('',*,*,#5428,.F.);
#5428 = EDGE_CURVE('',#5197,#5421,#5429,.T.);
#5429 = LINE('',#5430,#5431);
#5430 = CARTESIAN_POINT('',(0.5,-0.4,0.405));
#5431 = VECTOR('',#5432,1.);
#5432 = DIRECTION('',(0.,0.,1.));
#5433 = PLANE('',#5434);
#5434 = AXIS2_PLACEMENT_3D('',#5435,#5436,#5437);
#5435 = CARTESIAN_POINT('',(-0.5,-0.4,0.405));
#5436 = DIRECTION('',(0.,1.,0.));
#5437 = DIRECTION('',(0.,-0.,1.));
#5438 = ADVANCED_FACE('',(#5439),#5457,.F.);
#5439 = FACE_BOUND('',#5440,.F.);
#5440 = EDGE_LOOP('',(#5441,#5442,#5443,#5451));
#5441 = ORIENTED_EDGE('',*,*,#5412,.F.);
#5442 = ORIENTED_EDGE('',*,*,#5259,.T.);
#5443 = ORIENTED_EDGE('',*,*,#5444,.T.);
#5444 = EDGE_CURVE('',#5112,#5445,#5447,.T.);
#5445 = VERTEX_POINT('',#5446);
#5446 = CARTESIAN_POINT('',(-0.5,0.4,0.45));
#5447 = LINE('',#5448,#5449);
#5448 = CARTESIAN_POINT('',(-0.5,0.4,0.405));
#5449 = VECTOR('',#5450,1.);
#5450 = DIRECTION('',(0.,0.,1.));
#5451 = ORIENTED_EDGE('',*,*,#5452,.F.);
#5452 = EDGE_CURVE('',#5413,#5445,#5453,.T.);
#5453 = LINE('',#5454,#5455);
#5454 = CARTESIAN_POINT('',(-0.5,-0.4,0.45));
#5455 = VECTOR('',#5456,1.);
#5456 = DIRECTION('',(0.,1.,0.));
#5457 = PLANE('',#5458);
#5458 = AXIS2_PLACEMENT_3D('',#5459,#5460,#5461);
#5459 = CARTESIAN_POINT('',(-0.5,-0.4,0.405));
#5460 = DIRECTION('',(1.,0.,0.));
#5461 = DIRECTION('',(0.,0.,1.));
#5462 = ADVANCED_FACE('',(#5463),#5526,.T.);
#5463 = FACE_BOUND('',#5464,.T.);
#5464 = EDGE_LOOP('',(#5465,#5475,#5482,#5483,#5484,#5485,#5494,#5502,
    #5511,#5519));
#5465 = ORIENTED_EDGE('',*,*,#5466,.F.);
#5466 = EDGE_CURVE('',#5467,#5469,#5471,.T.);
#5467 = VERTEX_POINT('',#5468);
#5468 = CARTESIAN_POINT('',(0.545,0.4,-2.775557561563E-17));
#5469 = VERTEX_POINT('',#5470);
#5470 = CARTESIAN_POINT('',(0.755,0.4,-2.775557561563E-17));
#5471 = LINE('',#5472,#5473);
#5472 = CARTESIAN_POINT('',(0.5,0.4,0.));
#5473 = VECTOR('',#5474,1.);
#5474 = DIRECTION('',(1.,0.,0.));
#5475 = ORIENTED_EDGE('',*,*,#5476,.F.);
#5476 = EDGE_CURVE('',#5304,#5467,#5477,.T.);
#5477 = CIRCLE('',#5478,4.5E-02);
#5478 = AXIS2_PLACEMENT_3D('',#5479,#5480,#5481);
#5479 = CARTESIAN_POINT('',(0.545,0.4,4.5E-02));
#5480 = DIRECTION('',(0.,-1.,0.));
#5481 = DIRECTION('',(0.,0.,1.));
#5482 = ORIENTED_EDGE('',*,*,#5303,.T.);
#5483 = ORIENTED_EDGE('',*,*,#5295,.T.);
#5484 = ORIENTED_EDGE('',*,*,#5287,.F.);
#5485 = ORIENTED_EDGE('',*,*,#5486,.T.);
#5486 = EDGE_CURVE('',#5280,#5487,#5489,.T.);
#5487 = VERTEX_POINT('',#5488);
#5488 = CARTESIAN_POINT('',(0.545,0.4,0.45));
#5489 = CIRCLE('',#5490,4.5E-02);
#5490 = AXIS2_PLACEMENT_3D('',#5491,#5492,#5493);
#5491 = CARTESIAN_POINT('',(0.545,0.4,0.405));
#5492 = DIRECTION('',(0.,1.,0.));
#5493 = DIRECTION('',(0.,-0.,1.));
#5494 = ORIENTED_EDGE('',*,*,#5495,.T.);
#5495 = EDGE_CURVE('',#5487,#5496,#5498,.T.);
#5496 = VERTEX_POINT('',#5497);
#5497 = CARTESIAN_POINT('',(0.755,0.4,0.45));
#5498 = LINE('',#5499,#5500);
#5499 = CARTESIAN_POINT('',(0.5,0.4,0.45));
#5500 = VECTOR('',#5501,1.);
#5501 = DIRECTION('',(1.,0.,0.));
#5502 = ORIENTED_EDGE('',*,*,#5503,.F.);
#5503 = EDGE_CURVE('',#5504,#5496,#5506,.T.);
#5504 = VERTEX_POINT('',#5505);
#5505 = CARTESIAN_POINT('',(0.8,0.4,0.405));
#5506 = CIRCLE('',#5507,4.5E-02);
#5507 = AXIS2_PLACEMENT_3D('',#5508,#5509,#5510);
#5508 = CARTESIAN_POINT('',(0.755,0.4,0.405));
#5509 = DIRECTION('',(0.,-1.,0.));
#5510 = DIRECTION('',(0.,0.,1.));
#5511 = ORIENTED_EDGE('',*,*,#5512,.F.);
#5512 = EDGE_CURVE('',#5513,#5504,#5515,.T.);
#5513 = VERTEX_POINT('',#5514);
#5514 = CARTESIAN_POINT('',(0.8,0.4,4.5E-02));
#5515 = LINE('',#5516,#5517);
#5516 = CARTESIAN_POINT('',(0.8,0.4,0.));
#5517 = VECTOR('',#5518,1.);
#5518 = DIRECTION('',(0.,0.,1.));
#5519 = ORIENTED_EDGE('',*,*,#5520,.T.);
#5520 = EDGE_CURVE('',#5513,#5469,#5521,.T.);
#5521 = CIRCLE('',#5522,4.5E-02);
#5522 = AXIS2_PLACEMENT_3D('',#5523,#5524,#5525);
#5523 = CARTESIAN_POINT('',(0.755,0.4,4.5E-02));
#5524 = DIRECTION('',(0.,1.,0.));
#5525 = DIRECTION('',(0.,-0.,1.));
#5526 = PLANE('',#5527);
#5527 = AXIS2_PLACEMENT_3D('',#5528,#5529,#5530);
#5528 = CARTESIAN_POINT('',(0.5,0.4,0.));
#5529 = DIRECTION('',(0.,1.,0.));
#5530 = DIRECTION('',(0.,-0.,1.));
#5531 = ADVANCED_FACE('',(#5532),#5550,.T.);
#5532 = FACE_BOUND('',#5533,.T.);
#5533 = EDGE_LOOP('',(#5534,#5535,#5536,#5544));
#5534 = ORIENTED_EDGE('',*,*,#5279,.F.);
#5535 = ORIENTED_EDGE('',*,*,#5444,.T.);
#5536 = ORIENTED_EDGE('',*,*,#5537,.T.);
#5537 = EDGE_CURVE('',#5445,#5538,#5540,.T.);
#5538 = VERTEX_POINT('',#5539);
#5539 = CARTESIAN_POINT('',(0.5,0.4,0.45));
#5540 = LINE('',#5541,#5542);
#5541 = CARTESIAN_POINT('',(-0.5,0.4,0.45));
#5542 = VECTOR('',#5543,1.);
#5543 = DIRECTION('',(1.,0.,0.));
#5544 = ORIENTED_EDGE('',*,*,#5545,.F.);
#5545 = EDGE_CURVE('',#5280,#5538,#5546,.T.);
#5546 = LINE('',#5547,#5548);
#5547 = CARTESIAN_POINT('',(0.5,0.4,0.405));
#5548 = VECTOR('',#5549,1.);
#5549 = DIRECTION('',(0.,0.,1.));
#5550 = PLANE('',#5551);
#5551 = AXIS2_PLACEMENT_3D('',#5552,#5553,#5554);
#5552 = CARTESIAN_POINT('',(-0.5,0.4,0.405));
#5553 = DIRECTION('',(0.,1.,0.));
#5554 = DIRECTION('',(0.,-0.,1.));
#5555 = ADVANCED_FACE('',(#5556),#5567,.T.);
#5556 = FACE_BOUND('',#5557,.T.);
#5557 = EDGE_LOOP('',(#5558,#5559,#5560,#5566));
#5558 = ORIENTED_EDGE('',*,*,#5327,.T.);
#5559 = ORIENTED_EDGE('',*,*,#5476,.T.);
#5560 = ORIENTED_EDGE('',*,*,#5561,.F.);
#5561 = EDGE_CURVE('',#5343,#5467,#5562,.T.);
#5562 = LINE('',#5563,#5564);
#5563 = CARTESIAN_POINT('',(0.545,-0.4,-2.775557561563E-17));
#5564 = VECTOR('',#5565,1.);
#5565 = DIRECTION('',(0.,1.,0.));
#5566 = ORIENTED_EDGE('',*,*,#5352,.F.);
#5567 = CYLINDRICAL_SURFACE('',#5568,4.5E-02);
#5568 = AXIS2_PLACEMENT_3D('',#5569,#5570,#5571);
#5569 = CARTESIAN_POINT('',(0.545,-0.4,4.5E-02));
#5570 = DIRECTION('',(0.,1.,0.));
#5571 = DIRECTION('',(-1.,0.,0.));
#5572 = ADVANCED_FACE('',(#5573),#5584,.F.);
#5573 = FACE_BOUND('',#5574,.F.);
#5574 = EDGE_LOOP('',(#5575,#5576,#5577,#5578));
#5575 = ORIENTED_EDGE('',*,*,#5466,.F.);
#5576 = ORIENTED_EDGE('',*,*,#5561,.F.);
#5577 = ORIENTED_EDGE('',*,*,#5342,.T.);
#5578 = ORIENTED_EDGE('',*,*,#5579,.T.);
#5579 = EDGE_CURVE('',#5345,#5469,#5580,.T.);
#5580 = LINE('',#5581,#5582);
#5581 = CARTESIAN_POINT('',(0.755,-0.4,-2.775557561563E-17));
#5582 = VECTOR('',#5583,1.);
#5583 = DIRECTION('',(0.,1.,0.));
#5584 = PLANE('',#5585);
#5585 = AXIS2_PLACEMENT_3D('',#5586,#5587,#5588);
#5586 = CARTESIAN_POINT('',(0.5,-0.4,0.));
#5587 = DIRECTION('',(0.,0.,1.));
#5588 = DIRECTION('',(1.,0.,-0.));
#5589 = ADVANCED_FACE('',(#5590),#5601,.T.);
#5590 = FACE_BOUND('',#5591,.T.);
#5591 = EDGE_LOOP('',(#5592,#5593,#5594,#5595));
#5592 = ORIENTED_EDGE('',*,*,#5396,.T.);
#5593 = ORIENTED_EDGE('',*,*,#5579,.T.);
#5594 = ORIENTED_EDGE('',*,*,#5520,.F.);
#5595 = ORIENTED_EDGE('',*,*,#5596,.F.);
#5596 = EDGE_CURVE('',#5389,#5513,#5597,.T.);
#5597 = LINE('',#5598,#5599);
#5598 = CARTESIAN_POINT('',(0.8,-0.4,4.5E-02));
#5599 = VECTOR('',#5600,1.);
#5600 = DIRECTION('',(0.,1.,0.));
#5601 = CYLINDRICAL_SURFACE('',#5602,4.5E-02);
#5602 = AXIS2_PLACEMENT_3D('',#5603,#5604,#5605);
#5603 = CARTESIAN_POINT('',(0.755,-0.4,4.5E-02));
#5604 = DIRECTION('',(0.,1.,0.));
#5605 = DIRECTION('',(1.,0.,0.));
#5606 = ADVANCED_FACE('',(#5607),#5618,.T.);
#5607 = FACE_BOUND('',#5608,.T.);
#5608 = EDGE_LOOP('',(#5609,#5610,#5611,#5612));
#5609 = ORIENTED_EDGE('',*,*,#5388,.F.);
#5610 = ORIENTED_EDGE('',*,*,#5596,.T.);
#5611 = ORIENTED_EDGE('',*,*,#5512,.T.);
#5612 = ORIENTED_EDGE('',*,*,#5613,.F.);
#5613 = EDGE_CURVE('',#5380,#5504,#5614,.T.);
#5614 = LINE('',#5615,#5616);
#5615 = CARTESIAN_POINT('',(0.8,-0.4,0.405));
#5616 = VECTOR('',#5617,1.);
#5617 = DIRECTION('',(0.,1.,0.));
#5618 = PLANE('',#5619);
#5619 = AXIS2_PLACEMENT_3D('',#5620,#5621,#5622);
#5620 = CARTESIAN_POINT('',(0.8,-0.4,0.));
#5621 = DIRECTION('',(1.,0.,0.));
#5622 = DIRECTION('',(0.,0.,1.));
#5623 = ADVANCED_FACE('',(#5624),#5635,.T.);
#5624 = FACE_BOUND('',#5625,.T.);
#5625 = EDGE_LOOP('',(#5626,#5627,#5628,#5634));
#5626 = ORIENTED_EDGE('',*,*,#5613,.T.);
#5627 = ORIENTED_EDGE('',*,*,#5503,.T.);
#5628 = ORIENTED_EDGE('',*,*,#5629,.F.);
#5629 = EDGE_CURVE('',#5372,#5496,#5630,.T.);
#5630 = LINE('',#5631,#5632);
#5631 = CARTESIAN_POINT('',(0.755,-0.4,0.45));
#5632 = VECTOR('',#5633,1.);
#5633 = DIRECTION('',(0.,1.,0.));
#5634 = ORIENTED_EDGE('',*,*,#5379,.F.);
#5635 = CYLINDRICAL_SURFACE('',#5636,4.5E-02);
#5636 = AXIS2_PLACEMENT_3D('',#5637,#5638,#5639);
#5637 = CARTESIAN_POINT('',(0.755,-0.4,0.405));
#5638 = DIRECTION('',(0.,1.,0.));
#5639 = DIRECTION('',(1.,0.,0.));
#5640 = ADVANCED_FACE('',(#5641),#5652,.T.);
#5641 = FACE_BOUND('',#5642,.T.);
#5642 = EDGE_LOOP('',(#5643,#5644,#5650,#5651));
#5643 = ORIENTED_EDGE('',*,*,#5495,.F.);
#5644 = ORIENTED_EDGE('',*,*,#5645,.F.);
#5645 = EDGE_CURVE('',#5363,#5487,#5646,.T.);
#5646 = LINE('',#5647,#5648);
#5647 = CARTESIAN_POINT('',(0.545,-0.4,0.45));
#5648 = VECTOR('',#5649,1.);
#5649 = DIRECTION('',(0.,1.,0.));
#5650 = ORIENTED_EDGE('',*,*,#5371,.T.);
#5651 = ORIENTED_EDGE('',*,*,#5629,.T.);
#5652 = PLANE('',#5653);
#5653 = AXIS2_PLACEMENT_3D('',#5654,#5655,#5656);
#5654 = CARTESIAN_POINT('',(0.5,-0.4,0.45));
#5655 = DIRECTION('',(0.,0.,1.));
#5656 = DIRECTION('',(1.,0.,-0.));
#5657 = ADVANCED_FACE('',(#5658),#5669,.T.);
#5658 = FACE_BOUND('',#5659,.T.);
#5659 = EDGE_LOOP('',(#5660,#5661,#5662,#5663));
#5660 = ORIENTED_EDGE('',*,*,#5362,.T.);
#5661 = ORIENTED_EDGE('',*,*,#5645,.T.);
#5662 = ORIENTED_EDGE('',*,*,#5486,.F.);
#5663 = ORIENTED_EDGE('',*,*,#5664,.F.);
#5664 = EDGE_CURVE('',#5197,#5280,#5665,.T.);
#5665 = LINE('',#5666,#5667);
#5666 = CARTESIAN_POINT('',(0.5,-0.4,0.405));
#5667 = VECTOR('',#5668,1.);
#5668 = DIRECTION('',(0.,1.,0.));
#5669 = CYLINDRICAL_SURFACE('',#5670,4.5E-02);
#5670 = AXIS2_PLACEMENT_3D('',#5671,#5672,#5673);
#5671 = CARTESIAN_POINT('',(0.545,-0.4,0.405));
#5672 = DIRECTION('',(0.,1.,0.));
#5673 = DIRECTION('',(-1.,0.,0.));
#5674 = ADVANCED_FACE('',(#5675),#5686,.T.);
#5675 = FACE_BOUND('',#5676,.T.);
#5676 = EDGE_LOOP('',(#5677,#5678,#5679,#5680));
#5677 = ORIENTED_EDGE('',*,*,#5428,.F.);
#5678 = ORIENTED_EDGE('',*,*,#5664,.T.);
#5679 = ORIENTED_EDGE('',*,*,#5545,.T.);
#5680 = ORIENTED_EDGE('',*,*,#5681,.F.);
#5681 = EDGE_CURVE('',#5421,#5538,#5682,.T.);
#5682 = LINE('',#5683,#5684);
#5683 = CARTESIAN_POINT('',(0.5,-0.4,0.45));
#5684 = VECTOR('',#5685,1.);
#5685 = DIRECTION('',(0.,1.,0.));
#5686 = PLANE('',#5687);
#5687 = AXIS2_PLACEMENT_3D('',#5688,#5689,#5690);
#5688 = CARTESIAN_POINT('',(0.5,-0.4,0.405));
#5689 = DIRECTION('',(1.,0.,0.));
#5690 = DIRECTION('',(0.,0.,1.));
#5691 = ADVANCED_FACE('',(#5692),#5698,.T.);
#5692 = FACE_BOUND('',#5693,.T.);
#5693 = EDGE_LOOP('',(#5694,#5695,#5696,#5697));
#5694 = ORIENTED_EDGE('',*,*,#5452,.F.);
#5695 = ORIENTED_EDGE('',*,*,#5420,.T.);
#5696 = ORIENTED_EDGE('',*,*,#5681,.T.);
#5697 = ORIENTED_EDGE('',*,*,#5537,.F.);
#5698 = PLANE('',#5699);
#5699 = AXIS2_PLACEMENT_3D('',#5700,#5701,#5702);
#5700 = CARTESIAN_POINT('',(-0.5,-0.4,0.45));
#5701 = DIRECTION('',(0.,0.,1.));
#5702 = DIRECTION('',(1.,0.,-0.));
#5703 = ( GEOMETRIC_REPRESENTATION_CONTEXT(3) 
GLOBAL_UNCERTAINTY_ASSIGNED_CONTEXT((#5707)) 
GLOBAL_UNIT_ASSIGNED_CONTEXT((#5704,#5705,#5706)) REPRESENTATION_CONTEXT
('Context #1','3D Context with UNIT and UNCERTAINTY') );
#5704 = ( LENGTH_UNIT() NAMED_UNIT(*) SI_UNIT(.MILLI.,.METRE.) );
#5705 = ( NAMED_UNIT(*) PLANE_ANGLE_UNIT() SI_UNIT($,.RADIAN.) );
#5706 = ( NAMED_UNIT(*) SI_UNIT($,.STERADIAN.) SOLID_ANGLE_UNIT() );
#5707 = UNCERTAINTY_MEASURE_WITH_UNIT(LENGTH_MEASURE(1.E-07),#5704,
  'distance_accuracy_value','confusion accuracy');
#5708 = CONTEXT_DEPENDENT_SHAPE_REPRESENTATION(#5709,#5711);
#5709 = ( REPRESENTATION_RELATIONSHIP('','',#4912,#10) 
REPRESENTATION_RELATIONSHIP_WITH_TRANSFORMATION(#5710) 
SHAPE_REPRESENTATION_RELATIONSHIP() );
#5710 = ITEM_DEFINED_TRANSFORMATION('','',#11,#27);
#5711 = PRODUCT_DEFINITION_SHAPE('Placement','Placement of an item',
  #5712);
#5712 = NEXT_ASSEMBLY_USAGE_OCCURRENCE('4','R2','',#5,#4907,$);
#5713 = PRODUCT_RELATED_PRODUCT_CATEGORY('part',$,(#4909));
#5714 = CONTEXT_DEPENDENT_SHAPE_REPRESENTATION(#5715,#5717);
#5715 = ( REPRESENTATION_RELATIONSHIP('','',#4912,#10) 
REPRESENTATION_RELATIONSHIP_WITH_TRANSFORMATION(#5716) 
SHAPE_REPRESENTATION_RELATIONSHIP() );
#5716 = ITEM_DEFINED_TRANSFORMATION('','',#11,#31);
#5717 = PRODUCT_DEFINITION_SHAPE('Placement','Placement of an item',
  #5718);
#5718 = NEXT_ASSEMBLY_USAGE_OCCURRENCE('5','R1','',#5,#4907,$);
#5719 = SHAPE_DEFINITION_REPRESENTATION(#5720,#5726);
#5720 = PRODUCT_DEFINITION_SHAPE('','',#5721);
#5721 = PRODUCT_DEFINITION('design','',#5722,#5725);
#5722 = PRODUCT_DEFINITION_FORMATION('','',#5723);
#5723 = PRODUCT('','','',(#5724));
#5724 = PRODUCT_CONTEXT('',#2,'mechanical');
#5725 = PRODUCT_DEFINITION_CONTEXT('part definition',#2,'design');
#5726 = ADVANCED_BREP_SHAPE_REPRESENTATION('',(#11,#5727),#7709);
#5727 = MANIFOLD_SOLID_BREP('',#5728);
#5728 = CLOSED_SHELL('',(#5729,#5767,#5830,#5853,#5882,#5905,#5960,#5999
    ,#6022,#6045,#6062,#6085,#6173,#6189,#6219,#6252,#6283,#6316,#6333,
    #6350,#6383,#6413,#6436,#6459,#6476,#6505,#6559,#6582,#6605,#6628,
    #6667,#6689,#6733,#6808,#6832,#6900,#6917,#6992,#7016,#7084,#7159,
    #7183,#7251,#7268,#7285,#7331,#7347,#7363,#7380,#7392,#7409,#7426,
    #7443,#7460,#7477,#7494,#7506,#7523,#7540,#7557,#7574,#7591,#7603,
    #7620,#7637,#7654,#7671,#7688,#7700));
#5729 = ADVANCED_FACE('',(#5730),#5762,.F.);
#5730 = FACE_BOUND('',#5731,.F.);
#5731 = EDGE_LOOP('',(#5732,#5742,#5749,#5757));
#5732 = ORIENTED_EDGE('',*,*,#5733,.T.);
#5733 = EDGE_CURVE('',#5734,#5736,#5738,.T.);
#5734 = VERTEX_POINT('',#5735);
#5735 = CARTESIAN_POINT('',(-0.571621551758,1.433243103516,0.1));
#5736 = VERTEX_POINT('',#5737);
#5737 = CARTESIAN_POINT('',(0.571621551758,1.433243103516,0.1));
#5738 = LINE('',#5739,#5740);
#5739 = CARTESIAN_POINT('',(-0.571621551758,1.433243103516,0.1));
#5740 = VECTOR('',#5741,1.);
#5741 = DIRECTION('',(1.,1.110223024625E-16,0.));
#5742 = ORIENTED_EDGE('',*,*,#5743,.T.);
#5743 = EDGE_CURVE('',#5736,#5744,#5746,.T.);
#5744 = VERTEX_POINT('',#5745);
#5745 = CARTESIAN_POINT('',(0.605,1.5,0.575));
#5746 = B_SPLINE_CURVE_WITH_KNOTS('',1,(#5747,#5748),.UNSPECIFIED.,.F.,
  .F.,(2,2),(0.,1.),.PIECEWISE_BEZIER_KNOTS.);
#5747 = CARTESIAN_POINT('',(0.571621551758,1.433243103516,0.1));
#5748 = CARTESIAN_POINT('',(0.605,1.5,0.575));
#5749 = ORIENTED_EDGE('',*,*,#5750,.F.);
#5750 = EDGE_CURVE('',#5751,#5744,#5753,.T.);
#5751 = VERTEX_POINT('',#5752);
#5752 = CARTESIAN_POINT('',(-0.605,1.5,0.575));
#5753 = LINE('',#5754,#5755);
#5754 = CARTESIAN_POINT('',(-0.605,1.5,0.575));
#5755 = VECTOR('',#5756,1.);
#5756 = DIRECTION('',(1.,1.110223024625E-16,0.));
#5757 = ORIENTED_EDGE('',*,*,#5758,.F.);
#5758 = EDGE_CURVE('',#5734,#5751,#5759,.T.);
#5759 = B_SPLINE_CURVE_WITH_KNOTS('',1,(#5760,#5761),.UNSPECIFIED.,.F.,
  .F.,(2,2),(0.,1.),.PIECEWISE_BEZIER_KNOTS.);
#5760 = CARTESIAN_POINT('',(-0.571621551758,1.433243103516,0.1));
#5761 = CARTESIAN_POINT('',(-0.605,1.5,0.575));
#5762 = B_SPLINE_SURFACE_WITH_KNOTS('',1,1,(
    (#5763,#5764)
    ,(#5765,#5766
    )),.UNSPECIFIED.,.F.,.F.,.F.,(2,2),(2,2),(0.,1.21),(0.,1.),
  .PIECEWISE_BEZIER_KNOTS.);
#5763 = CARTESIAN_POINT('',(-0.571621551758,1.433243103516,0.1));
#5764 = CARTESIAN_POINT('',(-0.605,1.5,0.575));
#5765 = CARTESIAN_POINT('',(0.571621551758,1.433243103516,0.1));
#5766 = CARTESIAN_POINT('',(0.605,1.5,0.575));
#5767 = ADVANCED_FACE('',(#5768),#5825,.T.);
#5768 = FACE_BOUND('',#5769,.T.);
#5769 = EDGE_LOOP('',(#5770,#5771,#5779,#5787,#5795,#5803,#5811,#5819));
#5770 = ORIENTED_EDGE('',*,*,#5733,.T.);
#5771 = ORIENTED_EDGE('',*,*,#5772,.T.);
#5772 = EDGE_CURVE('',#5736,#5773,#5775,.T.);
#5773 = VERTEX_POINT('',#5774);
#5774 = CARTESIAN_POINT('',(0.633243103516,1.371621551758,0.1));
#5775 = LINE('',#5776,#5777);
#5776 = CARTESIAN_POINT('',(0.571621551758,1.433243103516,0.1));
#5777 = VECTOR('',#5778,1.);
#5778 = DIRECTION('',(0.707106781187,-0.707106781187,0.));
#5779 = ORIENTED_EDGE('',*,*,#5780,.T.);
#5780 = EDGE_CURVE('',#5773,#5781,#5783,.T.);
#5781 = VERTEX_POINT('',#5782);
#5782 = CARTESIAN_POINT('',(0.633243103516,-1.371621551758,0.1));
#5783 = LINE('',#5784,#5785);
#5784 = CARTESIAN_POINT('',(0.633243103516,1.371621551758,0.1));
#5785 = VECTOR('',#5786,1.);
#5786 = DIRECTION('',(1.110223024625E-16,-1.,0.));
#5787 = ORIENTED_EDGE('',*,*,#5788,.T.);
#5788 = EDGE_CURVE('',#5781,#5789,#5791,.T.);
#5789 = VERTEX_POINT('',#5790);
#5790 = CARTESIAN_POINT('',(0.571621551758,-1.433243103516,0.1));
#5791 = LINE('',#5792,#5793);
#5792 = CARTESIAN_POINT('',(0.633243103516,-1.371621551758,0.1));
#5793 = VECTOR('',#5794,1.);
#5794 = DIRECTION('',(-0.707106781187,-0.707106781187,0.));
#5795 = ORIENTED_EDGE('',*,*,#5796,.T.);
#5796 = EDGE_CURVE('',#5789,#5797,#5799,.T.);
#5797 = VERTEX_POINT('',#5798);
#5798 = CARTESIAN_POINT('',(-0.571621551758,-1.433243103516,0.1));
#5799 = LINE('',#5800,#5801);
#5800 = CARTESIAN_POINT('',(0.571621551758,-1.433243103516,0.1));
#5801 = VECTOR('',#5802,1.);
#5802 = DIRECTION('',(-1.,-1.110223024625E-16,0.));
#5803 = ORIENTED_EDGE('',*,*,#5804,.T.);
#5804 = EDGE_CURVE('',#5797,#5805,#5807,.T.);
#5805 = VERTEX_POINT('',#5806);
#5806 = CARTESIAN_POINT('',(-0.633243103516,-1.371621551758,0.1));
#5807 = LINE('',#5808,#5809);
#5808 = CARTESIAN_POINT('',(-0.571621551758,-1.433243103516,0.1));
#5809 = VECTOR('',#5810,1.);
#5810 = DIRECTION('',(-0.707106781187,0.707106781187,0.));
#5811 = ORIENTED_EDGE('',*,*,#5812,.T.);
#5812 = EDGE_CURVE('',#5805,#5813,#5815,.T.);
#5813 = VERTEX_POINT('',#5814);
#5814 = CARTESIAN_POINT('',(-0.633243103516,1.371621551758,0.1));
#5815 = LINE('',#5816,#5817);
#5816 = CARTESIAN_POINT('',(-0.633243103516,-1.371621551758,0.1));
#5817 = VECTOR('',#5818,1.);
#5818 = DIRECTION('',(-1.110223024625E-16,1.,0.));
#5819 = ORIENTED_EDGE('',*,*,#5820,.T.);
#5820 = EDGE_CURVE('',#5813,#5734,#5821,.T.);
#5821 = LINE('',#5822,#5823);
#5822 = CARTESIAN_POINT('',(-0.633243103516,1.371621551758,0.1));
#5823 = VECTOR('',#5824,1.);
#5824 = DIRECTION('',(0.707106781187,0.707106781187,0.));
#5825 = PLANE('',#5826);
#5826 = AXIS2_PLACEMENT_3D('',#5827,#5828,#5829);
#5827 = CARTESIAN_POINT('',(-0.571621551758,1.433243103516,0.1));
#5828 = DIRECTION('',(0.,0.,-1.));
#5829 = DIRECTION('',(0.370454302632,-0.928850692879,0.));
#5830 = ADVANCED_FACE('',(#5831),#5848,.F.);
#5831 = FACE_BOUND('',#5832,.F.);
#5832 = EDGE_LOOP('',(#5833,#5834,#5841,#5847));
#5833 = ORIENTED_EDGE('',*,*,#5772,.T.);
#5834 = ORIENTED_EDGE('',*,*,#5835,.T.);
#5835 = EDGE_CURVE('',#5773,#5836,#5838,.T.);
#5836 = VERTEX_POINT('',#5837);
#5837 = CARTESIAN_POINT('',(0.7,1.405,0.575));
#5838 = B_SPLINE_CURVE_WITH_KNOTS('',1,(#5839,#5840),.UNSPECIFIED.,.F.,
  .F.,(2,2),(0.,1.),.PIECEWISE_BEZIER_KNOTS.);
#5839 = CARTESIAN_POINT('',(0.633243103516,1.371621551758,0.1));
#5840 = CARTESIAN_POINT('',(0.7,1.405,0.575));
#5841 = ORIENTED_EDGE('',*,*,#5842,.F.);
#5842 = EDGE_CURVE('',#5744,#5836,#5843,.T.);
#5843 = LINE('',#5844,#5845);
#5844 = CARTESIAN_POINT('',(0.605,1.5,0.575));
#5845 = VECTOR('',#5846,1.);
#5846 = DIRECTION('',(0.707106781187,-0.707106781187,0.));
#5847 = ORIENTED_EDGE('',*,*,#5743,.F.);
#5848 = B_SPLINE_SURFACE_WITH_KNOTS('',1,1,(
    (#5849,#5850)
    ,(#5851,#5852
    )),.UNSPECIFIED.,.F.,.F.,.F.,(2,2),(2,2),(0.,0.134350288425),(0.,1.)
  ,.PIECEWISE_BEZIER_KNOTS.);
#5849 = CARTESIAN_POINT('',(0.571621551758,1.433243103516,0.1));
#5850 = CARTESIAN_POINT('',(0.605,1.5,0.575));
#5851 = CARTESIAN_POINT('',(0.633243103516,1.371621551758,0.1));
#5852 = CARTESIAN_POINT('',(0.7,1.405,0.575));
#5853 = ADVANCED_FACE('',(#5854),#5877,.F.);
#5854 = FACE_BOUND('',#5855,.F.);
#5855 = EDGE_LOOP('',(#5856,#5857,#5864,#5872));
#5856 = ORIENTED_EDGE('',*,*,#5750,.T.);
#5857 = ORIENTED_EDGE('',*,*,#5858,.T.);
#5858 = EDGE_CURVE('',#5744,#5859,#5861,.T.);
#5859 = VERTEX_POINT('',#5860);
#5860 = CARTESIAN_POINT('',(0.605,1.5,0.725));
#5861 = B_SPLINE_CURVE_WITH_KNOTS('',1,(#5862,#5863),.UNSPECIFIED.,.F.,
  .F.,(2,2),(0.,1.),.PIECEWISE_BEZIER_KNOTS.);
#5862 = CARTESIAN_POINT('',(0.605,1.5,0.575));
#5863 = CARTESIAN_POINT('',(0.605,1.5,0.725));
#5864 = ORIENTED_EDGE('',*,*,#5865,.F.);
#5865 = EDGE_CURVE('',#5866,#5859,#5868,.T.);
#5866 = VERTEX_POINT('',#5867);
#5867 = CARTESIAN_POINT('',(-0.605,1.5,0.725));
#5868 = LINE('',#5869,#5870);
#5869 = CARTESIAN_POINT('',(-0.605,1.5,0.725));
#5870 = VECTOR('',#5871,1.);
#5871 = DIRECTION('',(1.,1.110223024625E-16,0.));
#5872 = ORIENTED_EDGE('',*,*,#5873,.F.);
#5873 = EDGE_CURVE('',#5751,#5866,#5874,.T.);
#5874 = B_SPLINE_CURVE_WITH_KNOTS('',1,(#5875,#5876),.UNSPECIFIED.,.F.,
  .F.,(2,2),(0.,1.),.PIECEWISE_BEZIER_KNOTS.);
#5875 = CARTESIAN_POINT('',(-0.605,1.5,0.575));
#5876 = CARTESIAN_POINT('',(-0.605,1.5,0.725));
#5877 = PLANE('',#5878);
#5878 = AXIS2_PLACEMENT_3D('',#5879,#5880,#5881);
#5879 = CARTESIAN_POINT('',(-0.605,1.5,0.725));
#5880 = DIRECTION('',(1.110223024625E-16,-1.,0.));
#5881 = DIRECTION('',(1.,1.110223024625E-16,0.));
#5882 = ADVANCED_FACE('',(#5883),#5900,.F.);
#5883 = FACE_BOUND('',#5884,.F.);
#5884 = EDGE_LOOP('',(#5885,#5886,#5887,#5895));
#5885 = ORIENTED_EDGE('',*,*,#5820,.T.);
#5886 = ORIENTED_EDGE('',*,*,#5758,.T.);
#5887 = ORIENTED_EDGE('',*,*,#5888,.F.);
#5888 = EDGE_CURVE('',#5889,#5751,#5891,.T.);
#5889 = VERTEX_POINT('',#5890);
#5890 = CARTESIAN_POINT('',(-0.7,1.405,0.575));
#5891 = LINE('',#5892,#5893);
#5892 = CARTESIAN_POINT('',(-0.7,1.405,0.575));
#5893 = VECTOR('',#5894,1.);
#5894 = DIRECTION('',(0.707106781187,0.707106781187,0.));
#5895 = ORIENTED_EDGE('',*,*,#5896,.F.);
#5896 = EDGE_CURVE('',#5813,#5889,#5897,.T.);
#5897 = B_SPLINE_CURVE_WITH_KNOTS('',1,(#5898,#5899),.UNSPECIFIED.,.F.,
  .F.,(2,2),(0.,1.),.PIECEWISE_BEZIER_KNOTS.);
#5898 = CARTESIAN_POINT('',(-0.633243103516,1.371621551758,0.1));
#5899 = CARTESIAN_POINT('',(-0.7,1.405,0.575));
#5900 = B_SPLINE_SURFACE_WITH_KNOTS('',1,1,(
    (#5901,#5902)
    ,(#5903,#5904
    )),.UNSPECIFIED.,.F.,.F.,.F.,(2,2),(2,2),(0.,0.134350288425),(0.,1.)
  ,.PIECEWISE_BEZIER_KNOTS.);
#5901 = CARTESIAN_POINT('',(-0.633243103516,1.371621551758,0.1));
#5902 = CARTESIAN_POINT('',(-0.7,1.405,0.575));
#5903 = CARTESIAN_POINT('',(-0.571621551758,1.433243103516,0.1));
#5904 = CARTESIAN_POINT('',(-0.605,1.5,0.575));
#5905 = ADVANCED_FACE('',(#5906),#5955,.F.);
#5906 = FACE_BOUND('',#5907,.F.);
#5907 = EDGE_LOOP('',(#5908,#5909,#5910,#5918,#5926,#5934,#5942,#5950));
#5908 = ORIENTED_EDGE('',*,*,#5812,.T.);
#5909 = ORIENTED_EDGE('',*,*,#5896,.T.);
#5910 = ORIENTED_EDGE('',*,*,#5911,.F.);
#5911 = EDGE_CURVE('',#5912,#5889,#5914,.T.);
#5912 = VERTEX_POINT('',#5913);
#5913 = CARTESIAN_POINT('',(-0.7,1.15,0.575));
#5914 = LINE('',#5915,#5916);
#5915 = CARTESIAN_POINT('',(-0.7,-1.405,0.575));
#5916 = VECTOR('',#5917,1.);
#5917 = DIRECTION('',(-1.110223024625E-16,1.,0.));
#5918 = ORIENTED_EDGE('',*,*,#5919,.F.);
#5919 = EDGE_CURVE('',#5920,#5912,#5922,.T.);
#5920 = VERTEX_POINT('',#5921);
#5921 = CARTESIAN_POINT('',(-0.7,0.75,0.575));
#5922 = LINE('',#5923,#5924);
#5923 = CARTESIAN_POINT('',(-0.7,0.75,0.575));
#5924 = VECTOR('',#5925,1.);
#5925 = DIRECTION('',(1.144237745222E-17,1.,0.));
#5926 = ORIENTED_EDGE('',*,*,#5927,.F.);
#5927 = EDGE_CURVE('',#5928,#5920,#5930,.T.);
#5928 = VERTEX_POINT('',#5929);
#5929 = CARTESIAN_POINT('',(-0.7,-0.75,0.575));
#5930 = LINE('',#5931,#5932);
#5931 = CARTESIAN_POINT('',(-0.7,-1.405,0.575));
#5932 = VECTOR('',#5933,1.);
#5933 = DIRECTION('',(-1.110223024625E-16,1.,0.));
#5934 = ORIENTED_EDGE('',*,*,#5935,.F.);
#5935 = EDGE_CURVE('',#5936,#5928,#5938,.T.);
#5936 = VERTEX_POINT('',#5937);
#5937 = CARTESIAN_POINT('',(-0.7,-1.15,0.575));
#5938 = LINE('',#5939,#5940);
#5939 = CARTESIAN_POINT('',(-0.7,-1.15,0.575));
#5940 = VECTOR('',#5941,1.);
#5941 = DIRECTION('',(1.144237745222E-17,1.,0.));
#5942 = ORIENTED_EDGE('',*,*,#5943,.F.);
#5943 = EDGE_CURVE('',#5944,#5936,#5946,.T.);
#5944 = VERTEX_POINT('',#5945);
#5945 = CARTESIAN_POINT('',(-0.7,-1.405,0.575));
#5946 = LINE('',#5947,#5948);
#5947 = CARTESIAN_POINT('',(-0.7,-1.405,0.575));
#5948 = VECTOR('',#5949,1.);
#5949 = DIRECTION('',(-1.110223024625E-16,1.,0.));
#5950 = ORIENTED_EDGE('',*,*,#5951,.F.);
#5951 = EDGE_CURVE('',#5805,#5944,#5952,.T.);
#5952 = B_SPLINE_CURVE_WITH_KNOTS('',1,(#5953,#5954),.UNSPECIFIED.,.F.,
  .F.,(2,2),(0.,1.),.PIECEWISE_BEZIER_KNOTS.);
#5953 = CARTESIAN_POINT('',(-0.633243103516,-1.371621551758,0.1));
#5954 = CARTESIAN_POINT('',(-0.7,-1.405,0.575));
#5955 = B_SPLINE_SURFACE_WITH_KNOTS('',1,1,(
    (#5956,#5957)
    ,(#5958,#5959
    )),.UNSPECIFIED.,.F.,.F.,.F.,(2,2),(2,2),(0.,2.81),(0.,1.),
  .PIECEWISE_BEZIER_KNOTS.);
#5956 = CARTESIAN_POINT('',(-0.633243103516,-1.371621551758,0.1));
#5957 = CARTESIAN_POINT('',(-0.7,-1.405,0.575));
#5958 = CARTESIAN_POINT('',(-0.633243103516,1.371621551758,0.1));
#5959 = CARTESIAN_POINT('',(-0.7,1.405,0.575));
#5960 = ADVANCED_FACE('',(#5961),#5994,.F.);
#5961 = FACE_BOUND('',#5962,.F.);
#5962 = EDGE_LOOP('',(#5963,#5964,#5971,#5979,#5987,#5993));
#5963 = ORIENTED_EDGE('',*,*,#5780,.T.);
#5964 = ORIENTED_EDGE('',*,*,#5965,.T.);
#5965 = EDGE_CURVE('',#5781,#5966,#5968,.T.);
#5966 = VERTEX_POINT('',#5967);
#5967 = CARTESIAN_POINT('',(0.7,-1.405,0.575));
#5968 = B_SPLINE_CURVE_WITH_KNOTS('',1,(#5969,#5970),.UNSPECIFIED.,.F.,
  .F.,(2,2),(0.,1.),.PIECEWISE_BEZIER_KNOTS.);
#5969 = CARTESIAN_POINT('',(0.633243103516,-1.371621551758,0.1));
#5970 = CARTESIAN_POINT('',(0.7,-1.405,0.575));
#5971 = ORIENTED_EDGE('',*,*,#5972,.F.);
#5972 = EDGE_CURVE('',#5973,#5966,#5975,.T.);
#5973 = VERTEX_POINT('',#5974);
#5974 = CARTESIAN_POINT('',(0.7,-0.2,0.575));
#5975 = LINE('',#5976,#5977);
#5976 = CARTESIAN_POINT('',(0.7,1.405,0.575));
#5977 = VECTOR('',#5978,1.);
#5978 = DIRECTION('',(1.110223024625E-16,-1.,0.));
#5979 = ORIENTED_EDGE('',*,*,#5980,.F.);
#5980 = EDGE_CURVE('',#5981,#5973,#5983,.T.);
#5981 = VERTEX_POINT('',#5982);
#5982 = CARTESIAN_POINT('',(0.7,0.2,0.575));
#5983 = LINE('',#5984,#5985);
#5984 = CARTESIAN_POINT('',(0.7,0.2,0.575));
#5985 = VECTOR('',#5986,1.);
#5986 = DIRECTION('',(1.110223024625E-16,-1.,0.));
#5987 = ORIENTED_EDGE('',*,*,#5988,.F.);
#5988 = EDGE_CURVE('',#5836,#5981,#5989,.T.);
#5989 = LINE('',#5990,#5991);
#5990 = CARTESIAN_POINT('',(0.7,1.405,0.575));
#5991 = VECTOR('',#5992,1.);
#5992 = DIRECTION('',(1.110223024625E-16,-1.,0.));
#5993 = ORIENTED_EDGE('',*,*,#5835,.F.);
#5994 = B_SPLINE_SURFACE_WITH_KNOTS('',1,1,(
    (#5995,#5996)
    ,(#5997,#5998
    )),.UNSPECIFIED.,.F.,.F.,.F.,(2,2),(2,2),(0.,2.81),(0.,1.),
  .PIECEWISE_BEZIER_KNOTS.);
#5995 = CARTESIAN_POINT('',(0.633243103516,1.371621551758,0.1));
#5996 = CARTESIAN_POINT('',(0.7,1.405,0.575));
#5997 = CARTESIAN_POINT('',(0.633243103516,-1.371621551758,0.1));
#5998 = CARTESIAN_POINT('',(0.7,-1.405,0.575));
#5999 = ADVANCED_FACE('',(#6000),#6017,.F.);
#6000 = FACE_BOUND('',#6001,.F.);
#6001 = EDGE_LOOP('',(#6002,#6003,#6004,#6012));
#6002 = ORIENTED_EDGE('',*,*,#5804,.T.);
#6003 = ORIENTED_EDGE('',*,*,#5951,.T.);
#6004 = ORIENTED_EDGE('',*,*,#6005,.F.);
#6005 = EDGE_CURVE('',#6006,#5944,#6008,.T.);
#6006 = VERTEX_POINT('',#6007);
#6007 = CARTESIAN_POINT('',(-0.605,-1.5,0.575));
#6008 = LINE('',#6009,#6010);
#6009 = CARTESIAN_POINT('',(-0.605,-1.5,0.575));
#6010 = VECTOR('',#6011,1.);
#6011 = DIRECTION('',(-0.707106781187,0.707106781187,0.));
#6012 = ORIENTED_EDGE('',*,*,#6013,.F.);
#6013 = EDGE_CURVE('',#5797,#6006,#6014,.T.);
#6014 = B_SPLINE_CURVE_WITH_KNOTS('',1,(#6015,#6016),.UNSPECIFIED.,.F.,
  .F.,(2,2),(0.,1.),.PIECEWISE_BEZIER_KNOTS.);
#6015 = CARTESIAN_POINT('',(-0.571621551758,-1.433243103516,0.1));
#6016 = CARTESIAN_POINT('',(-0.605,-1.5,0.575));
#6017 = B_SPLINE_SURFACE_WITH_KNOTS('',1,1,(
    (#6018,#6019)
    ,(#6020,#6021
    )),.UNSPECIFIED.,.F.,.F.,.F.,(2,2),(2,2),(0.,0.134350288425),(0.,1.)
  ,.PIECEWISE_BEZIER_KNOTS.);
#6018 = CARTESIAN_POINT('',(-0.571621551758,-1.433243103516,0.1));
#6019 = CARTESIAN_POINT('',(-0.605,-1.5,0.575));
#6020 = CARTESIAN_POINT('',(-0.633243103516,-1.371621551758,0.1));
#6021 = CARTESIAN_POINT('',(-0.7,-1.405,0.575));
#6022 = ADVANCED_FACE('',(#6023),#6040,.F.);
#6023 = FACE_BOUND('',#6024,.F.);
#6024 = EDGE_LOOP('',(#6025,#6026,#6033,#6039));
#6025 = ORIENTED_EDGE('',*,*,#5788,.T.);
#6026 = ORIENTED_EDGE('',*,*,#6027,.T.);
#6027 = EDGE_CURVE('',#5789,#6028,#6030,.T.);
#6028 = VERTEX_POINT('',#6029);
#6029 = CARTESIAN_POINT('',(0.605,-1.5,0.575));
#6030 = B_SPLINE_CURVE_WITH_KNOTS('',1,(#6031,#6032),.UNSPECIFIED.,.F.,
  .F.,(2,2),(0.,1.),.PIECEWISE_BEZIER_KNOTS.);
#6031 = CARTESIAN_POINT('',(0.571621551758,-1.433243103516,0.1));
#6032 = CARTESIAN_POINT('',(0.605,-1.5,0.575));
#6033 = ORIENTED_EDGE('',*,*,#6034,.F.);
#6034 = EDGE_CURVE('',#5966,#6028,#6035,.T.);
#6035 = LINE('',#6036,#6037);
#6036 = CARTESIAN_POINT('',(0.7,-1.405,0.575));
#6037 = VECTOR('',#6038,1.);
#6038 = DIRECTION('',(-0.707106781187,-0.707106781187,0.));
#6039 = ORIENTED_EDGE('',*,*,#5965,.F.);
#6040 = B_SPLINE_SURFACE_WITH_KNOTS('',1,1,(
    (#6041,#6042)
    ,(#6043,#6044
    )),.UNSPECIFIED.,.F.,.F.,.F.,(2,2),(2,2),(0.,0.134350288425),(0.,1.)
  ,.PIECEWISE_BEZIER_KNOTS.);
#6041 = CARTESIAN_POINT('',(0.633243103516,-1.371621551758,0.1));
#6042 = CARTESIAN_POINT('',(0.7,-1.405,0.575));
#6043 = CARTESIAN_POINT('',(0.571621551758,-1.433243103516,0.1));
#6044 = CARTESIAN_POINT('',(0.605,-1.5,0.575));
#6045 = ADVANCED_FACE('',(#6046),#6057,.F.);
#6046 = FACE_BOUND('',#6047,.F.);
#6047 = EDGE_LOOP('',(#6048,#6049,#6050,#6056));
#6048 = ORIENTED_EDGE('',*,*,#5796,.T.);
#6049 = ORIENTED_EDGE('',*,*,#6013,.T.);
#6050 = ORIENTED_EDGE('',*,*,#6051,.F.);
#6051 = EDGE_CURVE('',#6028,#6006,#6052,.T.);
#6052 = LINE('',#6053,#6054);
#6053 = CARTESIAN_POINT('',(0.605,-1.5,0.575));
#6054 = VECTOR('',#6055,1.);
#6055 = DIRECTION('',(-1.,-1.110223024625E-16,0.));
#6056 = ORIENTED_EDGE('',*,*,#6027,.F.);
#6057 = B_SPLINE_SURFACE_WITH_KNOTS('',1,1,(
    (#6058,#6059)
    ,(#6060,#6061
    )),.UNSPECIFIED.,.F.,.F.,.F.,(2,2),(2,2),(0.,1.21),(0.,1.),
  .PIECEWISE_BEZIER_KNOTS.);
#6058 = CARTESIAN_POINT('',(0.571621551758,-1.433243103516,0.1));
#6059 = CARTESIAN_POINT('',(0.605,-1.5,0.575));
#6060 = CARTESIAN_POINT('',(-0.571621551758,-1.433243103516,0.1));
#6061 = CARTESIAN_POINT('',(-0.605,-1.5,0.575));
#6062 = ADVANCED_FACE('',(#6063),#6080,.F.);
#6063 = FACE_BOUND('',#6064,.F.);
#6064 = EDGE_LOOP('',(#6065,#6066,#6073,#6079));
#6065 = ORIENTED_EDGE('',*,*,#5842,.T.);
#6066 = ORIENTED_EDGE('',*,*,#6067,.T.);
#6067 = EDGE_CURVE('',#5836,#6068,#6070,.T.);
#6068 = VERTEX_POINT('',#6069);
#6069 = CARTESIAN_POINT('',(0.7,1.405,0.725));
#6070 = B_SPLINE_CURVE_WITH_KNOTS('',1,(#6071,#6072),.UNSPECIFIED.,.F.,
  .F.,(2,2),(0.,1.),.PIECEWISE_BEZIER_KNOTS.);
#6071 = CARTESIAN_POINT('',(0.7,1.405,0.575));
#6072 = CARTESIAN_POINT('',(0.7,1.405,0.725));
#6073 = ORIENTED_EDGE('',*,*,#6074,.F.);
#6074 = EDGE_CURVE('',#5859,#6068,#6075,.T.);
#6075 = LINE('',#6076,#6077);
#6076 = CARTESIAN_POINT('',(0.605,1.5,0.725));
#6077 = VECTOR('',#6078,1.);
#6078 = DIRECTION('',(0.707106781187,-0.707106781187,0.));
#6079 = ORIENTED_EDGE('',*,*,#5858,.F.);
#6080 = PLANE('',#6081);
#6081 = AXIS2_PLACEMENT_3D('',#6082,#6083,#6084);
#6082 = CARTESIAN_POINT('',(0.605,1.5,0.725));
#6083 = DIRECTION('',(-0.707106781187,-0.707106781187,0.));
#6084 = DIRECTION('',(0.707106781187,-0.707106781187,0.));
#6085 = ADVANCED_FACE('',(#6086),#6168,.F.);
#6086 = FACE_BOUND('',#6087,.F.);
#6087 = EDGE_LOOP('',(#6088,#6096,#6097,#6098,#6106,#6114,#6122,#6130,
    #6138,#6146,#6154,#6162));
#6088 = ORIENTED_EDGE('',*,*,#6089,.T.);
#6089 = EDGE_CURVE('',#6090,#5866,#6092,.T.);
#6090 = VERTEX_POINT('',#6091);
#6091 = CARTESIAN_POINT('',(-0.7,1.405,0.725));
#6092 = LINE('',#6093,#6094);
#6093 = CARTESIAN_POINT('',(-0.7,1.405,0.725));
#6094 = VECTOR('',#6095,1.);
#6095 = DIRECTION('',(0.707106781187,0.707106781187,0.));
#6096 = ORIENTED_EDGE('',*,*,#5865,.T.);
#6097 = ORIENTED_EDGE('',*,*,#6074,.T.);
#6098 = ORIENTED_EDGE('',*,*,#6099,.T.);
#6099 = EDGE_CURVE('',#6068,#6100,#6102,.T.);
#6100 = VERTEX_POINT('',#6101);
#6101 = CARTESIAN_POINT('',(0.7,0.2,0.725));
#6102 = LINE('',#6103,#6104);
#6103 = CARTESIAN_POINT('',(0.7,1.405,0.725));
#6104 = VECTOR('',#6105,1.);
#6105 = DIRECTION('',(1.110223024625E-16,-1.,0.));
#6106 = ORIENTED_EDGE('',*,*,#6107,.T.);
#6107 = EDGE_CURVE('',#6100,#6108,#6110,.T.);
#6108 = VERTEX_POINT('',#6109);
#6109 = CARTESIAN_POINT('',(0.675,0.2,0.725));
#6110 = LINE('',#6111,#6112);
#6111 = CARTESIAN_POINT('',(0.7,0.2,0.725));
#6112 = VECTOR('',#6113,1.);
#6113 = DIRECTION('',(-1.,-1.110223024625E-16,0.));
#6114 = ORIENTED_EDGE('',*,*,#6115,.F.);
#6115 = EDGE_CURVE('',#6116,#6108,#6118,.T.);
#6116 = VERTEX_POINT('',#6117);
#6117 = CARTESIAN_POINT('',(0.675,1.3925,0.725));
#6118 = LINE('',#6119,#6120);
#6119 = CARTESIAN_POINT('',(0.675,1.3925,0.725));
#6120 = VECTOR('',#6121,1.);
#6121 = DIRECTION('',(1.110223024625E-16,-1.,0.));
#6122 = ORIENTED_EDGE('',*,*,#6123,.F.);
#6123 = EDGE_CURVE('',#6124,#6116,#6126,.T.);
#6124 = VERTEX_POINT('',#6125);
#6125 = CARTESIAN_POINT('',(0.5925,1.475,0.725));
#6126 = LINE('',#6127,#6128);
#6127 = CARTESIAN_POINT('',(0.5925,1.475,0.725));
#6128 = VECTOR('',#6129,1.);
#6129 = DIRECTION('',(0.707106781187,-0.707106781187,0.));
#6130 = ORIENTED_EDGE('',*,*,#6131,.F.);
#6131 = EDGE_CURVE('',#6132,#6124,#6134,.T.);
#6132 = VERTEX_POINT('',#6133);
#6133 = CARTESIAN_POINT('',(-0.5925,1.475,0.725));
#6134 = LINE('',#6135,#6136);
#6135 = CARTESIAN_POINT('',(-0.5925,1.475,0.725));
#6136 = VECTOR('',#6137,1.);
#6137 = DIRECTION('',(1.,1.110223024625E-16,0.));
#6138 = ORIENTED_EDGE('',*,*,#6139,.F.);
#6139 = EDGE_CURVE('',#6140,#6132,#6142,.T.);
#6140 = VERTEX_POINT('',#6141);
#6141 = CARTESIAN_POINT('',(-0.675,1.3925,0.725));
#6142 = LINE('',#6143,#6144);
#6143 = CARTESIAN_POINT('',(-0.675,1.3925,0.725));
#6144 = VECTOR('',#6145,1.);
#6145 = DIRECTION('',(0.707106781187,0.707106781187,0.));
#6146 = ORIENTED_EDGE('',*,*,#6147,.F.);
#6147 = EDGE_CURVE('',#6148,#6140,#6150,.T.);
#6148 = VERTEX_POINT('',#6149);
#6149 = CARTESIAN_POINT('',(-0.675,1.15,0.725));
#6150 = LINE('',#6151,#6152);
#6151 = CARTESIAN_POINT('',(-0.675,-1.3925,0.725));
#6152 = VECTOR('',#6153,1.);
#6153 = DIRECTION('',(-1.110223024625E-16,1.,0.));
#6154 = ORIENTED_EDGE('',*,*,#6155,.F.);
#6155 = EDGE_CURVE('',#6156,#6148,#6158,.T.);
#6156 = VERTEX_POINT('',#6157);
#6157 = CARTESIAN_POINT('',(-0.7,1.15,0.725));
#6158 = LINE('',#6159,#6160);
#6159 = CARTESIAN_POINT('',(-0.7,1.15,0.725));
#6160 = VECTOR('',#6161,1.);
#6161 = DIRECTION('',(1.,-1.144237745222E-17,0.));
#6162 = ORIENTED_EDGE('',*,*,#6163,.T.);
#6163 = EDGE_CURVE('',#6156,#6090,#6164,.T.);
#6164 = LINE('',#6165,#6166);
#6165 = CARTESIAN_POINT('',(-0.7,-1.405,0.725));
#6166 = VECTOR('',#6167,1.);
#6167 = DIRECTION('',(-1.110223024625E-16,1.,0.));
#6168 = PLANE('',#6169);
#6169 = AXIS2_PLACEMENT_3D('',#6170,#6171,#6172);
#6170 = CARTESIAN_POINT('',(-1.486299604971E-16,1.4875,0.725));
#6171 = DIRECTION('',(1.022886882533E-31,-6.310887241768E-27,-1.));
#6172 = DIRECTION('',(1.,1.217738924546E-16,1.022886882525E-31));
#6173 = ADVANCED_FACE('',(#6174),#6184,.F.);
#6174 = FACE_BOUND('',#6175,.F.);
#6175 = EDGE_LOOP('',(#6176,#6177,#6178,#6179));
#6176 = ORIENTED_EDGE('',*,*,#5888,.T.);
#6177 = ORIENTED_EDGE('',*,*,#5873,.T.);
#6178 = ORIENTED_EDGE('',*,*,#6089,.F.);
#6179 = ORIENTED_EDGE('',*,*,#6180,.F.);
#6180 = EDGE_CURVE('',#5889,#6090,#6181,.T.);
#6181 = B_SPLINE_CURVE_WITH_KNOTS('',1,(#6182,#6183),.UNSPECIFIED.,.F.,
  .F.,(2,2),(0.,1.),.PIECEWISE_BEZIER_KNOTS.);
#6182 = CARTESIAN_POINT('',(-0.7,1.405,0.575));
#6183 = CARTESIAN_POINT('',(-0.7,1.405,0.725));
#6184 = PLANE('',#6185);
#6185 = AXIS2_PLACEMENT_3D('',#6186,#6187,#6188);
#6186 = CARTESIAN_POINT('',(-0.7,1.405,0.725));
#6187 = DIRECTION('',(0.707106781187,-0.707106781187,0.));
#6188 = DIRECTION('',(0.707106781187,0.707106781187,0.));
#6189 = ADVANCED_FACE('',(#6190),#6214,.F.);
#6190 = FACE_BOUND('',#6191,.F.);
#6191 = EDGE_LOOP('',(#6192,#6199,#6200,#6208));
#6192 = ORIENTED_EDGE('',*,*,#6193,.F.);
#6193 = EDGE_CURVE('',#5944,#6194,#6196,.T.);
#6194 = VERTEX_POINT('',#6195);
#6195 = CARTESIAN_POINT('',(-0.7,-1.405,0.725));
#6196 = B_SPLINE_CURVE_WITH_KNOTS('',1,(#6197,#6198),.UNSPECIFIED.,.F.,
  .F.,(2,2),(0.,1.),.PIECEWISE_BEZIER_KNOTS.);
#6197 = CARTESIAN_POINT('',(-0.7,-1.405,0.575));
#6198 = CARTESIAN_POINT('',(-0.7,-1.405,0.725));
#6199 = ORIENTED_EDGE('',*,*,#5943,.T.);
#6200 = ORIENTED_EDGE('',*,*,#6201,.T.);
#6201 = EDGE_CURVE('',#5936,#6202,#6204,.T.);
#6202 = VERTEX_POINT('',#6203);
#6203 = CARTESIAN_POINT('',(-0.7,-1.15,0.725));
#6204 = LINE('',#6205,#6206);
#6205 = CARTESIAN_POINT('',(-0.7,-1.15,0.529763586955));
#6206 = VECTOR('',#6207,1.);
#6207 = DIRECTION('',(0.,0.,1.));
#6208 = ORIENTED_EDGE('',*,*,#6209,.F.);
#6209 = EDGE_CURVE('',#6194,#6202,#6210,.T.);
#6210 = LINE('',#6211,#6212);
#6211 = CARTESIAN_POINT('',(-0.7,-1.405,0.725));
#6212 = VECTOR('',#6213,1.);
#6213 = DIRECTION('',(-1.110223024625E-16,1.,0.));
#6214 = PLANE('',#6215);
#6215 = AXIS2_PLACEMENT_3D('',#6216,#6217,#6218);
#6216 = CARTESIAN_POINT('',(-0.7,-1.405,0.725));
#6217 = DIRECTION('',(1.,1.110223024625E-16,0.));
#6218 = DIRECTION('',(-1.110223024625E-16,1.,0.));
#6219 = ADVANCED_FACE('',(#6220),#6247,.F.);
#6220 = FACE_BOUND('',#6221,.F.);
#6221 = EDGE_LOOP('',(#6222,#6223,#6232,#6240));
#6222 = ORIENTED_EDGE('',*,*,#5935,.T.);
#6223 = ORIENTED_EDGE('',*,*,#6224,.T.);
#6224 = EDGE_CURVE('',#5928,#6225,#6227,.T.);
#6225 = VERTEX_POINT('',#6226);
#6226 = CARTESIAN_POINT('',(-0.798480775301,-0.75,0.492364817767));
#6227 = CIRCLE('',#6228,0.1);
#6228 = AXIS2_PLACEMENT_3D('',#6229,#6230,#6231);
#6229 = CARTESIAN_POINT('',(-0.7,-0.75,0.475));
#6230 = DIRECTION('',(-1.144237745222E-17,-1.,-5.473822126269E-48));
#6231 = DIRECTION('',(2.22044604925E-15,-2.540718180781E-32,1.));
#6232 = ORIENTED_EDGE('',*,*,#6233,.F.);
#6233 = EDGE_CURVE('',#6234,#6225,#6236,.T.);
#6234 = VERTEX_POINT('',#6235);
#6235 = CARTESIAN_POINT('',(-0.798480775301,-1.15,0.492364817767));
#6236 = LINE('',#6237,#6238);
#6237 = CARTESIAN_POINT('',(-0.798480775301,-1.15,0.492364817767));
#6238 = VECTOR('',#6239,1.);
#6239 = DIRECTION('',(1.144237745222E-17,1.,0.));
#6240 = ORIENTED_EDGE('',*,*,#6241,.F.);
#6241 = EDGE_CURVE('',#5936,#6234,#6242,.T.);
#6242 = CIRCLE('',#6243,0.1);
#6243 = AXIS2_PLACEMENT_3D('',#6244,#6245,#6246);
#6244 = CARTESIAN_POINT('',(-0.7,-1.15,0.475));
#6245 = DIRECTION('',(-1.144237745222E-17,-1.,-5.473822126269E-48));
#6246 = DIRECTION('',(2.22044604925E-15,-2.540718180781E-32,1.));
#6247 = CYLINDRICAL_SURFACE('',#6248,0.1);
#6248 = AXIS2_PLACEMENT_3D('',#6249,#6250,#6251);
#6249 = CARTESIAN_POINT('',(-0.7,-1.15,0.475));
#6250 = DIRECTION('',(-1.144237745222E-17,-1.,0.));
#6251 = DIRECTION('',(2.22044604925E-15,-2.540718180781E-32,1.));
#6252 = ADVANCED_FACE('',(#6253),#6278,.F.);
#6253 = FACE_BOUND('',#6254,.F.);
#6254 = EDGE_LOOP('',(#6255,#6263,#6264,#6272));
#6255 = ORIENTED_EDGE('',*,*,#6256,.F.);
#6256 = EDGE_CURVE('',#5928,#6257,#6259,.T.);
#6257 = VERTEX_POINT('',#6258);
#6258 = CARTESIAN_POINT('',(-0.7,-0.75,0.725));
#6259 = LINE('',#6260,#6261);
#6260 = CARTESIAN_POINT('',(-0.7,-0.75,0.529763586955));
#6261 = VECTOR('',#6262,1.);
#6262 = DIRECTION('',(0.,0.,1.));
#6263 = ORIENTED_EDGE('',*,*,#5927,.T.);
#6264 = ORIENTED_EDGE('',*,*,#6265,.T.);
#6265 = EDGE_CURVE('',#5920,#6266,#6268,.T.);
#6266 = VERTEX_POINT('',#6267);
#6267 = CARTESIAN_POINT('',(-0.7,0.75,0.725));
#6268 = LINE('',#6269,#6270);
#6269 = CARTESIAN_POINT('',(-0.7,0.75,0.529763586955));
#6270 = VECTOR('',#6271,1.);
#6271 = DIRECTION('',(0.,0.,1.));
#6272 = ORIENTED_EDGE('',*,*,#6273,.F.);
#6273 = EDGE_CURVE('',#6257,#6266,#6274,.T.);
#6274 = LINE('',#6275,#6276);
#6275 = CARTESIAN_POINT('',(-0.7,-1.405,0.725));
#6276 = VECTOR('',#6277,1.);
#6277 = DIRECTION('',(-1.110223024625E-16,1.,0.));
#6278 = PLANE('',#6279);
#6279 = AXIS2_PLACEMENT_3D('',#6280,#6281,#6282);
#6280 = CARTESIAN_POINT('',(-0.7,-1.405,0.725));
#6281 = DIRECTION('',(1.,1.110223024625E-16,0.));
#6282 = DIRECTION('',(-1.110223024625E-16,1.,0.));
#6283 = ADVANCED_FACE('',(#6284),#6311,.F.);
#6284 = FACE_BOUND('',#6285,.F.);
#6285 = EDGE_LOOP('',(#6286,#6287,#6296,#6304));
#6286 = ORIENTED_EDGE('',*,*,#5919,.T.);
#6287 = ORIENTED_EDGE('',*,*,#6288,.T.);
#6288 = EDGE_CURVE('',#5912,#6289,#6291,.T.);
#6289 = VERTEX_POINT('',#6290);
#6290 = CARTESIAN_POINT('',(-0.798480775301,1.15,0.492364817767));
#6291 = CIRCLE('',#6292,0.1);
#6292 = AXIS2_PLACEMENT_3D('',#6293,#6294,#6295);
#6293 = CARTESIAN_POINT('',(-0.7,1.15,0.475));
#6294 = DIRECTION('',(-1.144237745222E-17,-1.,-5.473822126269E-48));
#6295 = DIRECTION('',(2.22044604925E-15,-2.540718180781E-32,1.));
#6296 = ORIENTED_EDGE('',*,*,#6297,.F.);
#6297 = EDGE_CURVE('',#6298,#6289,#6300,.T.);
#6298 = VERTEX_POINT('',#6299);
#6299 = CARTESIAN_POINT('',(-0.798480775301,0.75,0.492364817767));
#6300 = LINE('',#6301,#6302);
#6301 = CARTESIAN_POINT('',(-0.798480775301,0.75,0.492364817767));
#6302 = VECTOR('',#6303,1.);
#6303 = DIRECTION('',(1.144237745222E-17,1.,0.));
#6304 = ORIENTED_EDGE('',*,*,#6305,.F.);
#6305 = EDGE_CURVE('',#5920,#6298,#6306,.T.);
#6306 = CIRCLE('',#6307,0.1);
#6307 = AXIS2_PLACEMENT_3D('',#6308,#6309,#6310);
#6308 = CARTESIAN_POINT('',(-0.7,0.75,0.475));
#6309 = DIRECTION('',(-1.144237745222E-17,-1.,-5.473822126269E-48));
#6310 = DIRECTION('',(2.22044604925E-15,-2.540718180781E-32,1.));
#6311 = CYLINDRICAL_SURFACE('',#6312,0.1);
#6312 = AXIS2_PLACEMENT_3D('',#6313,#6314,#6315);
#6313 = CARTESIAN_POINT('',(-0.7,0.75,0.475));
#6314 = DIRECTION('',(-1.144237745222E-17,-1.,0.));
#6315 = DIRECTION('',(2.22044604925E-15,-2.540718180781E-32,1.));
#6316 = ADVANCED_FACE('',(#6317),#6328,.F.);
#6317 = FACE_BOUND('',#6318,.F.);
#6318 = EDGE_LOOP('',(#6319,#6325,#6326,#6327));
#6319 = ORIENTED_EDGE('',*,*,#6320,.F.);
#6320 = EDGE_CURVE('',#5912,#6156,#6321,.T.);
#6321 = LINE('',#6322,#6323);
#6322 = CARTESIAN_POINT('',(-0.7,1.15,0.529763586955));
#6323 = VECTOR('',#6324,1.);
#6324 = DIRECTION('',(0.,0.,1.));
#6325 = ORIENTED_EDGE('',*,*,#5911,.T.);
#6326 = ORIENTED_EDGE('',*,*,#6180,.T.);
#6327 = ORIENTED_EDGE('',*,*,#6163,.F.);
#6328 = PLANE('',#6329);
#6329 = AXIS2_PLACEMENT_3D('',#6330,#6331,#6332);
#6330 = CARTESIAN_POINT('',(-0.7,-1.405,0.725));
#6331 = DIRECTION('',(1.,1.110223024625E-16,0.));
#6332 = DIRECTION('',(-1.110223024625E-16,1.,0.));
#6333 = ADVANCED_FACE('',(#6334),#6345,.F.);
#6334 = FACE_BOUND('',#6335,.F.);
#6335 = EDGE_LOOP('',(#6336,#6337,#6338,#6344));
#6336 = ORIENTED_EDGE('',*,*,#6067,.F.);
#6337 = ORIENTED_EDGE('',*,*,#5988,.T.);
#6338 = ORIENTED_EDGE('',*,*,#6339,.T.);
#6339 = EDGE_CURVE('',#5981,#6100,#6340,.T.);
#6340 = LINE('',#6341,#6342);
#6341 = CARTESIAN_POINT('',(0.7,0.2,0.529763586955));
#6342 = VECTOR('',#6343,1.);
#6343 = DIRECTION('',(0.,0.,1.));
#6344 = ORIENTED_EDGE('',*,*,#6099,.F.);
#6345 = PLANE('',#6346);
#6346 = AXIS2_PLACEMENT_3D('',#6347,#6348,#6349);
#6347 = CARTESIAN_POINT('',(0.7,1.405,0.725));
#6348 = DIRECTION('',(-1.,-1.110223024625E-16,0.));
#6349 = DIRECTION('',(1.110223024625E-16,-1.,0.));
#6350 = ADVANCED_FACE('',(#6351),#6378,.F.);
#6351 = FACE_BOUND('',#6352,.F.);
#6352 = EDGE_LOOP('',(#6353,#6354,#6363,#6371));
#6353 = ORIENTED_EDGE('',*,*,#5980,.T.);
#6354 = ORIENTED_EDGE('',*,*,#6355,.T.);
#6355 = EDGE_CURVE('',#5973,#6356,#6358,.T.);
#6356 = VERTEX_POINT('',#6357);
#6357 = CARTESIAN_POINT('',(0.798480775301,-0.2,0.492364817767));
#6358 = CIRCLE('',#6359,0.1);
#6359 = AXIS2_PLACEMENT_3D('',#6360,#6361,#6362);
#6360 = CARTESIAN_POINT('',(0.7,-0.2,0.475));
#6361 = DIRECTION('',(-1.110223024625E-16,1.,0.));
#6362 = DIRECTION('',(-2.22044604925E-15,-2.465190328815E-31,1.));
#6363 = ORIENTED_EDGE('',*,*,#6364,.F.);
#6364 = EDGE_CURVE('',#6365,#6356,#6367,.T.);
#6365 = VERTEX_POINT('',#6366);
#6366 = CARTESIAN_POINT('',(0.798480775301,0.2,0.492364817767));
#6367 = LINE('',#6368,#6369);
#6368 = CARTESIAN_POINT('',(0.798480775301,0.2,0.492364817767));
#6369 = VECTOR('',#6370,1.);
#6370 = DIRECTION('',(1.110223024625E-16,-1.,0.));
#6371 = ORIENTED_EDGE('',*,*,#6372,.F.);
#6372 = EDGE_CURVE('',#5981,#6365,#6373,.T.);
#6373 = CIRCLE('',#6374,0.1);
#6374 = AXIS2_PLACEMENT_3D('',#6375,#6376,#6377);
#6375 = CARTESIAN_POINT('',(0.7,0.2,0.475));
#6376 = DIRECTION('',(-1.110223024625E-16,1.,0.));
#6377 = DIRECTION('',(-2.22044604925E-15,-2.465190328815E-31,1.));
#6378 = CYLINDRICAL_SURFACE('',#6379,0.1);
#6379 = AXIS2_PLACEMENT_3D('',#6380,#6381,#6382);
#6380 = CARTESIAN_POINT('',(0.7,0.2,0.475));
#6381 = DIRECTION('',(-1.110223024625E-16,1.,0.));
#6382 = DIRECTION('',(-2.22044604925E-15,-2.465190328815E-31,1.));
#6383 = ADVANCED_FACE('',(#6384),#6408,.F.);
#6384 = FACE_BOUND('',#6385,.F.);
#6385 = EDGE_LOOP('',(#6386,#6394,#6395,#6402));
#6386 = ORIENTED_EDGE('',*,*,#6387,.F.);
#6387 = EDGE_CURVE('',#5973,#6388,#6390,.T.);
#6388 = VERTEX_POINT('',#6389);
#6389 = CARTESIAN_POINT('',(0.7,-0.2,0.725));
#6390 = LINE('',#6391,#6392);
#6391 = CARTESIAN_POINT('',(0.7,-0.2,0.529763586955));
#6392 = VECTOR('',#6393,1.);
#6393 = DIRECTION('',(0.,0.,1.));
#6394 = ORIENTED_EDGE('',*,*,#5972,.T.);
#6395 = ORIENTED_EDGE('',*,*,#6396,.T.);
#6396 = EDGE_CURVE('',#5966,#6397,#6399,.T.);
#6397 = VERTEX_POINT('',#6398);
#6398 = CARTESIAN_POINT('',(0.7,-1.405,0.725));
#6399 = B_SPLINE_CURVE_WITH_KNOTS('',1,(#6400,#6401),.UNSPECIFIED.,.F.,
  .F.,(2,2),(0.,1.),.PIECEWISE_BEZIER_KNOTS.);
#6400 = CARTESIAN_POINT('',(0.7,-1.405,0.575));
#6401 = CARTESIAN_POINT('',(0.7,-1.405,0.725));
#6402 = ORIENTED_EDGE('',*,*,#6403,.F.);
#6403 = EDGE_CURVE('',#6388,#6397,#6404,.T.);
#6404 = LINE('',#6405,#6406);
#6405 = CARTESIAN_POINT('',(0.7,1.405,0.725));
#6406 = VECTOR('',#6407,1.);
#6407 = DIRECTION('',(1.110223024625E-16,-1.,0.));
#6408 = PLANE('',#6409);
#6409 = AXIS2_PLACEMENT_3D('',#6410,#6411,#6412);
#6410 = CARTESIAN_POINT('',(0.7,1.405,0.725));
#6411 = DIRECTION('',(-1.,-1.110223024625E-16,0.));
#6412 = DIRECTION('',(1.110223024625E-16,-1.,0.));
#6413 = ADVANCED_FACE('',(#6414),#6431,.F.);
#6414 = FACE_BOUND('',#6415,.F.);
#6415 = EDGE_LOOP('',(#6416,#6417,#6418,#6426));
#6416 = ORIENTED_EDGE('',*,*,#6005,.T.);
#6417 = ORIENTED_EDGE('',*,*,#6193,.T.);
#6418 = ORIENTED_EDGE('',*,*,#6419,.F.);
#6419 = EDGE_CURVE('',#6420,#6194,#6422,.T.);
#6420 = VERTEX_POINT('',#6421);
#6421 = CARTESIAN_POINT('',(-0.605,-1.5,0.725));
#6422 = LINE('',#6423,#6424);
#6423 = CARTESIAN_POINT('',(-0.605,-1.5,0.725));
#6424 = VECTOR('',#6425,1.);
#6425 = DIRECTION('',(-0.707106781187,0.707106781187,0.));
#6426 = ORIENTED_EDGE('',*,*,#6427,.F.);
#6427 = EDGE_CURVE('',#6006,#6420,#6428,.T.);
#6428 = B_SPLINE_CURVE_WITH_KNOTS('',1,(#6429,#6430),.UNSPECIFIED.,.F.,
  .F.,(2,2),(0.,1.),.PIECEWISE_BEZIER_KNOTS.);
#6429 = CARTESIAN_POINT('',(-0.605,-1.5,0.575));
#6430 = CARTESIAN_POINT('',(-0.605,-1.5,0.725));
#6431 = PLANE('',#6432);
#6432 = AXIS2_PLACEMENT_3D('',#6433,#6434,#6435);
#6433 = CARTESIAN_POINT('',(-0.605,-1.5,0.725));
#6434 = DIRECTION('',(0.707106781187,0.707106781187,0.));
#6435 = DIRECTION('',(-0.707106781187,0.707106781187,0.));
#6436 = ADVANCED_FACE('',(#6437),#6454,.F.);
#6437 = FACE_BOUND('',#6438,.F.);
#6438 = EDGE_LOOP('',(#6439,#6440,#6447,#6453));
#6439 = ORIENTED_EDGE('',*,*,#6034,.T.);
#6440 = ORIENTED_EDGE('',*,*,#6441,.T.);
#6441 = EDGE_CURVE('',#6028,#6442,#6444,.T.);
#6442 = VERTEX_POINT('',#6443);
#6443 = CARTESIAN_POINT('',(0.605,-1.5,0.725));
#6444 = B_SPLINE_CURVE_WITH_KNOTS('',1,(#6445,#6446),.UNSPECIFIED.,.F.,
  .F.,(2,2),(0.,1.),.PIECEWISE_BEZIER_KNOTS.);
#6445 = CARTESIAN_POINT('',(0.605,-1.5,0.575));
#6446 = CARTESIAN_POINT('',(0.605,-1.5,0.725));
#6447 = ORIENTED_EDGE('',*,*,#6448,.F.);
#6448 = EDGE_CURVE('',#6397,#6442,#6449,.T.);
#6449 = LINE('',#6450,#6451);
#6450 = CARTESIAN_POINT('',(0.7,-1.405,0.725));
#6451 = VECTOR('',#6452,1.);
#6452 = DIRECTION('',(-0.707106781187,-0.707106781187,0.));
#6453 = ORIENTED_EDGE('',*,*,#6396,.F.);
#6454 = PLANE('',#6455);
#6455 = AXIS2_PLACEMENT_3D('',#6456,#6457,#6458);
#6456 = CARTESIAN_POINT('',(0.7,-1.405,0.725));
#6457 = DIRECTION('',(-0.707106781187,0.707106781187,0.));
#6458 = DIRECTION('',(-0.707106781187,-0.707106781187,0.));
#6459 = ADVANCED_FACE('',(#6460),#6471,.F.);
#6460 = FACE_BOUND('',#6461,.F.);
#6461 = EDGE_LOOP('',(#6462,#6463,#6464,#6470));
#6462 = ORIENTED_EDGE('',*,*,#6051,.T.);
#6463 = ORIENTED_EDGE('',*,*,#6427,.T.);
#6464 = ORIENTED_EDGE('',*,*,#6465,.F.);
#6465 = EDGE_CURVE('',#6442,#6420,#6466,.T.);
#6466 = LINE('',#6467,#6468);
#6467 = CARTESIAN_POINT('',(0.605,-1.5,0.725));
#6468 = VECTOR('',#6469,1.);
#6469 = DIRECTION('',(-1.,-1.110223024625E-16,0.));
#6470 = ORIENTED_EDGE('',*,*,#6441,.F.);
#6471 = PLANE('',#6472);
#6472 = AXIS2_PLACEMENT_3D('',#6473,#6474,#6475);
#6473 = CARTESIAN_POINT('',(0.605,-1.5,0.725));
#6474 = DIRECTION('',(-1.110223024625E-16,1.,0.));
#6475 = DIRECTION('',(-1.,-1.110223024625E-16,0.));
#6476 = ADVANCED_FACE('',(#6477),#6500,.F.);
#6477 = FACE_BOUND('',#6478,.F.);
#6478 = EDGE_LOOP('',(#6479,#6487,#6493,#6494));
#6479 = ORIENTED_EDGE('',*,*,#6480,.F.);
#6480 = EDGE_CURVE('',#6266,#6481,#6483,.T.);
#6481 = VERTEX_POINT('',#6482);
#6482 = CARTESIAN_POINT('',(-0.675,0.75,0.725));
#6483 = LINE('',#6484,#6485);
#6484 = CARTESIAN_POINT('',(-0.7,0.75,0.725));
#6485 = VECTOR('',#6486,1.);
#6486 = DIRECTION('',(1.,-1.144237745222E-17,0.));
#6487 = ORIENTED_EDGE('',*,*,#6488,.T.);
#6488 = EDGE_CURVE('',#6266,#6156,#6489,.T.);
#6489 = LINE('',#6490,#6491);
#6490 = CARTESIAN_POINT('',(-0.7,0.75,0.725));
#6491 = VECTOR('',#6492,1.);
#6492 = DIRECTION('',(1.144237745222E-17,1.,0.));
#6493 = ORIENTED_EDGE('',*,*,#6155,.T.);
#6494 = ORIENTED_EDGE('',*,*,#6495,.F.);
#6495 = EDGE_CURVE('',#6481,#6148,#6496,.T.);
#6496 = LINE('',#6497,#6498);
#6497 = CARTESIAN_POINT('',(-0.675,-1.3925,0.725));
#6498 = VECTOR('',#6499,1.);
#6499 = DIRECTION('',(-1.110223024625E-16,1.,0.));
#6500 = PLANE('',#6501);
#6501 = AXIS2_PLACEMENT_3D('',#6502,#6503,#6504);
#6502 = CARTESIAN_POINT('',(-0.7,0.75,0.725));
#6503 = DIRECTION('',(0.,0.,-1.));
#6504 = DIRECTION('',(1.,-1.144237745222E-17,0.));
#6505 = ADVANCED_FACE('',(#6506),#6554,.F.);
#6506 = FACE_BOUND('',#6507,.F.);
#6507 = EDGE_LOOP('',(#6508,#6518,#6526,#6532,#6533,#6534,#6541,#6549));
#6508 = ORIENTED_EDGE('',*,*,#6509,.T.);
#6509 = EDGE_CURVE('',#6510,#6512,#6514,.T.);
#6510 = VERTEX_POINT('',#6511);
#6511 = CARTESIAN_POINT('',(-0.675,-1.3925,0.725));
#6512 = VERTEX_POINT('',#6513);
#6513 = CARTESIAN_POINT('',(-0.675,-1.15,0.725));
#6514 = LINE('',#6515,#6516);
#6515 = CARTESIAN_POINT('',(-0.675,-1.3925,0.725));
#6516 = VECTOR('',#6517,1.);
#6517 = DIRECTION('',(-1.110223024625E-16,1.,0.));
#6518 = ORIENTED_EDGE('',*,*,#6519,.T.);
#6519 = EDGE_CURVE('',#6512,#6520,#6522,.T.);
#6520 = VERTEX_POINT('',#6521);
#6521 = CARTESIAN_POINT('',(-0.675,-0.75,0.725));
#6522 = LINE('',#6523,#6524);
#6523 = CARTESIAN_POINT('',(-0.675,-1.3925,0.725));
#6524 = VECTOR('',#6525,1.);
#6525 = DIRECTION('',(-1.110223024625E-16,1.,0.));
#6526 = ORIENTED_EDGE('',*,*,#6527,.T.);
#6527 = EDGE_CURVE('',#6520,#6481,#6528,.T.);
#6528 = LINE('',#6529,#6530);
#6529 = CARTESIAN_POINT('',(-0.675,-1.3925,0.725));
#6530 = VECTOR('',#6531,1.);
#6531 = DIRECTION('',(-1.110223024625E-16,1.,0.));
#6532 = ORIENTED_EDGE('',*,*,#6495,.T.);
#6533 = ORIENTED_EDGE('',*,*,#6147,.T.);
#6534 = ORIENTED_EDGE('',*,*,#6535,.T.);
#6535 = EDGE_CURVE('',#6140,#6536,#6538,.T.);
#6536 = VERTEX_POINT('',#6537);
#6537 = CARTESIAN_POINT('',(-0.608243103516,1.359121551758,1.2));
#6538 = B_SPLINE_CURVE_WITH_KNOTS('',1,(#6539,#6540),.UNSPECIFIED.,.F.,
  .F.,(2,2),(0.,1.),.PIECEWISE_BEZIER_KNOTS.);
#6539 = CARTESIAN_POINT('',(-0.675,1.3925,0.725));
#6540 = CARTESIAN_POINT('',(-0.608243103516,1.359121551758,1.2));
#6541 = ORIENTED_EDGE('',*,*,#6542,.F.);
#6542 = EDGE_CURVE('',#6543,#6536,#6545,.T.);
#6543 = VERTEX_POINT('',#6544);
#6544 = CARTESIAN_POINT('',(-0.608243103516,-1.359121551758,1.2));
#6545 = LINE('',#6546,#6547);
#6546 = CARTESIAN_POINT('',(-0.608243103516,-1.359121551758,1.2));
#6547 = VECTOR('',#6548,1.);
#6548 = DIRECTION('',(-1.110223024625E-16,1.,0.));
#6549 = ORIENTED_EDGE('',*,*,#6550,.F.);
#6550 = EDGE_CURVE('',#6510,#6543,#6551,.T.);
#6551 = B_SPLINE_CURVE_WITH_KNOTS('',1,(#6552,#6553),.UNSPECIFIED.,.F.,
  .F.,(2,2),(0.,1.),.PIECEWISE_BEZIER_KNOTS.);
#6552 = CARTESIAN_POINT('',(-0.675,-1.3925,0.725));
#6553 = CARTESIAN_POINT('',(-0.608243103516,-1.359121551758,1.2));
#6554 = B_SPLINE_SURFACE_WITH_KNOTS('',1,1,(
    (#6555,#6556)
    ,(#6557,#6558
    )),.UNSPECIFIED.,.F.,.F.,.F.,(2,2),(2,2),(0.,2.785),(0.,1.),
  .PIECEWISE_BEZIER_KNOTS.);
#6555 = CARTESIAN_POINT('',(-0.675,-1.3925,0.725));
#6556 = CARTESIAN_POINT('',(-0.608243103516,-1.359121551758,1.2));
#6557 = CARTESIAN_POINT('',(-0.675,1.3925,0.725));
#6558 = CARTESIAN_POINT('',(-0.608243103516,1.359121551758,1.2));
#6559 = ADVANCED_FACE('',(#6560),#6577,.F.);
#6560 = FACE_BOUND('',#6561,.F.);
#6561 = EDGE_LOOP('',(#6562,#6563,#6570,#6576));
#6562 = ORIENTED_EDGE('',*,*,#6139,.T.);
#6563 = ORIENTED_EDGE('',*,*,#6564,.T.);
#6564 = EDGE_CURVE('',#6132,#6565,#6567,.T.);
#6565 = VERTEX_POINT('',#6566);
#6566 = CARTESIAN_POINT('',(-0.559121551758,1.408243103516,1.2));
#6567 = B_SPLINE_CURVE_WITH_KNOTS('',1,(#6568,#6569),.UNSPECIFIED.,.F.,
  .F.,(2,2),(0.,1.),.PIECEWISE_BEZIER_KNOTS.);
#6568 = CARTESIAN_POINT('',(-0.5925,1.475,0.725));
#6569 = CARTESIAN_POINT('',(-0.559121551758,1.408243103516,1.2));
#6570 = ORIENTED_EDGE('',*,*,#6571,.F.);
#6571 = EDGE_CURVE('',#6536,#6565,#6572,.T.);
#6572 = LINE('',#6573,#6574);
#6573 = CARTESIAN_POINT('',(-0.608243103516,1.359121551758,1.2));
#6574 = VECTOR('',#6575,1.);
#6575 = DIRECTION('',(0.707106781187,0.707106781187,0.));
#6576 = ORIENTED_EDGE('',*,*,#6535,.F.);
#6577 = B_SPLINE_SURFACE_WITH_KNOTS('',1,1,(
    (#6578,#6579)
    ,(#6580,#6581
    )),.UNSPECIFIED.,.F.,.F.,.F.,(2,2),(2,2),(0.,0.116672618896),(0.,1.)
  ,.PIECEWISE_BEZIER_KNOTS.);
#6578 = CARTESIAN_POINT('',(-0.675,1.3925,0.725));
#6579 = CARTESIAN_POINT('',(-0.608243103516,1.359121551758,1.2));
#6580 = CARTESIAN_POINT('',(-0.5925,1.475,0.725));
#6581 = CARTESIAN_POINT('',(-0.559121551758,1.408243103516,1.2));
#6582 = ADVANCED_FACE('',(#6583),#6600,.F.);
#6583 = FACE_BOUND('',#6584,.F.);
#6584 = EDGE_LOOP('',(#6585,#6586,#6593,#6599));
#6585 = ORIENTED_EDGE('',*,*,#6131,.T.);
#6586 = ORIENTED_EDGE('',*,*,#6587,.T.);
#6587 = EDGE_CURVE('',#6124,#6588,#6590,.T.);
#6588 = VERTEX_POINT('',#6589);
#6589 = CARTESIAN_POINT('',(0.559121551758,1.408243103516,1.2));
#6590 = B_SPLINE_CURVE_WITH_KNOTS('',1,(#6591,#6592),.UNSPECIFIED.,.F.,
  .F.,(2,2),(0.,1.),.PIECEWISE_BEZIER_KNOTS.);
#6591 = CARTESIAN_POINT('',(0.5925,1.475,0.725));
#6592 = CARTESIAN_POINT('',(0.559121551758,1.408243103516,1.2));
#6593 = ORIENTED_EDGE('',*,*,#6594,.F.);
#6594 = EDGE_CURVE('',#6565,#6588,#6595,.T.);
#6595 = LINE('',#6596,#6597);
#6596 = CARTESIAN_POINT('',(-0.559121551758,1.408243103516,1.2));
#6597 = VECTOR('',#6598,1.);
#6598 = DIRECTION('',(1.,1.110223024625E-16,0.));
#6599 = ORIENTED_EDGE('',*,*,#6564,.F.);
#6600 = B_SPLINE_SURFACE_WITH_KNOTS('',1,1,(
    (#6601,#6602)
    ,(#6603,#6604
    )),.UNSPECIFIED.,.F.,.F.,.F.,(2,2),(2,2),(0.,1.185),(0.,1.),
  .PIECEWISE_BEZIER_KNOTS.);
#6601 = CARTESIAN_POINT('',(-0.5925,1.475,0.725));
#6602 = CARTESIAN_POINT('',(-0.559121551758,1.408243103516,1.2));
#6603 = CARTESIAN_POINT('',(0.5925,1.475,0.725));
#6604 = CARTESIAN_POINT('',(0.559121551758,1.408243103516,1.2));
#6605 = ADVANCED_FACE('',(#6606),#6623,.F.);
#6606 = FACE_BOUND('',#6607,.F.);
#6607 = EDGE_LOOP('',(#6608,#6609,#6616,#6622));
#6608 = ORIENTED_EDGE('',*,*,#6123,.T.);
#6609 = ORIENTED_EDGE('',*,*,#6610,.T.);
#6610 = EDGE_CURVE('',#6116,#6611,#6613,.T.);
#6611 = VERTEX_POINT('',#6612);
#6612 = CARTESIAN_POINT('',(0.608243103516,1.359121551758,1.2));
#6613 = B_SPLINE_CURVE_WITH_KNOTS('',1,(#6614,#6615),.UNSPECIFIED.,.F.,
  .F.,(2,2),(0.,1.),.PIECEWISE_BEZIER_KNOTS.);
#6614 = CARTESIAN_POINT('',(0.675,1.3925,0.725));
#6615 = CARTESIAN_POINT('',(0.608243103516,1.359121551758,1.2));
#6616 = ORIENTED_EDGE('',*,*,#6617,.F.);
#6617 = EDGE_CURVE('',#6588,#6611,#6618,.T.);
#6618 = LINE('',#6619,#6620);
#6619 = CARTESIAN_POINT('',(0.559121551758,1.408243103516,1.2));
#6620 = VECTOR('',#6621,1.);
#6621 = DIRECTION('',(0.707106781187,-0.707106781187,0.));
#6622 = ORIENTED_EDGE('',*,*,#6587,.F.);
#6623 = B_SPLINE_SURFACE_WITH_KNOTS('',1,1,(
    (#6624,#6625)
    ,(#6626,#6627
    )),.UNSPECIFIED.,.F.,.F.,.F.,(2,2),(2,2),(0.,0.116672618896),(0.,1.)
  ,.PIECEWISE_BEZIER_KNOTS.);
#6624 = CARTESIAN_POINT('',(0.5925,1.475,0.725));
#6625 = CARTESIAN_POINT('',(0.559121551758,1.408243103516,1.2));
#6626 = CARTESIAN_POINT('',(0.675,1.3925,0.725));
#6627 = CARTESIAN_POINT('',(0.608243103516,1.359121551758,1.2));
#6628 = ADVANCED_FACE('',(#6629),#6662,.F.);
#6629 = FACE_BOUND('',#6630,.F.);
#6630 = EDGE_LOOP('',(#6631,#6632,#6640,#6648,#6655,#6661));
#6631 = ORIENTED_EDGE('',*,*,#6115,.T.);
#6632 = ORIENTED_EDGE('',*,*,#6633,.T.);
#6633 = EDGE_CURVE('',#6108,#6634,#6636,.T.);
#6634 = VERTEX_POINT('',#6635);
#6635 = CARTESIAN_POINT('',(0.675,-0.2,0.725));
#6636 = LINE('',#6637,#6638);
#6637 = CARTESIAN_POINT('',(0.675,1.3925,0.725));
#6638 = VECTOR('',#6639,1.);
#6639 = DIRECTION('',(1.110223024625E-16,-1.,0.));
#6640 = ORIENTED_EDGE('',*,*,#6641,.T.);
#6641 = EDGE_CURVE('',#6634,#6642,#6644,.T.);
#6642 = VERTEX_POINT('',#6643);
#6643 = CARTESIAN_POINT('',(0.675,-1.3925,0.725));
#6644 = LINE('',#6645,#6646);
#6645 = CARTESIAN_POINT('',(0.675,1.3925,0.725));
#6646 = VECTOR('',#6647,1.);
#6647 = DIRECTION('',(1.110223024625E-16,-1.,0.));
#6648 = ORIENTED_EDGE('',*,*,#6649,.T.);
#6649 = EDGE_CURVE('',#6642,#6650,#6652,.T.);
#6650 = VERTEX_POINT('',#6651);
#6651 = CARTESIAN_POINT('',(0.608243103516,-1.359121551758,1.2));
#6652 = B_SPLINE_CURVE_WITH_KNOTS('',1,(#6653,#6654),.UNSPECIFIED.,.F.,
  .F.,(2,2),(0.,1.),.PIECEWISE_BEZIER_KNOTS.);
#6653 = CARTESIAN_POINT('',(0.675,-1.3925,0.725));
#6654 = CARTESIAN_POINT('',(0.608243103516,-1.359121551758,1.2));
#6655 = ORIENTED_EDGE('',*,*,#6656,.F.);
#6656 = EDGE_CURVE('',#6611,#6650,#6657,.T.);
#6657 = LINE('',#6658,#6659);
#6658 = CARTESIAN_POINT('',(0.608243103516,1.359121551758,1.2));
#6659 = VECTOR('',#6660,1.);
#6660 = DIRECTION('',(1.110223024625E-16,-1.,0.));
#6661 = ORIENTED_EDGE('',*,*,#6610,.F.);
#6662 = B_SPLINE_SURFACE_WITH_KNOTS('',1,1,(
    (#6663,#6664)
    ,(#6665,#6666
    )),.UNSPECIFIED.,.F.,.F.,.F.,(2,2),(2,2),(0.,2.785),(0.,1.),
  .PIECEWISE_BEZIER_KNOTS.);
#6663 = CARTESIAN_POINT('',(0.675,1.3925,0.725));
#6664 = CARTESIAN_POINT('',(0.608243103516,1.359121551758,1.2));
#6665 = CARTESIAN_POINT('',(0.675,-1.3925,0.725));
#6666 = CARTESIAN_POINT('',(0.608243103516,-1.359121551758,1.2));
#6667 = ADVANCED_FACE('',(#6668),#6684,.F.);
#6668 = FACE_BOUND('',#6669,.F.);
#6669 = EDGE_LOOP('',(#6670,#6671,#6677,#6683));
#6670 = ORIENTED_EDGE('',*,*,#6107,.F.);
#6671 = ORIENTED_EDGE('',*,*,#6672,.T.);
#6672 = EDGE_CURVE('',#6100,#6388,#6673,.T.);
#6673 = LINE('',#6674,#6675);
#6674 = CARTESIAN_POINT('',(0.7,0.2,0.725));
#6675 = VECTOR('',#6676,1.);
#6676 = DIRECTION('',(1.110223024625E-16,-1.,0.));
#6677 = ORIENTED_EDGE('',*,*,#6678,.T.);
#6678 = EDGE_CURVE('',#6388,#6634,#6679,.T.);
#6679 = LINE('',#6680,#6681);
#6680 = CARTESIAN_POINT('',(0.7,-0.2,0.725));
#6681 = VECTOR('',#6682,1.);
#6682 = DIRECTION('',(-1.,-1.110223024625E-16,0.));
#6683 = ORIENTED_EDGE('',*,*,#6633,.F.);
#6684 = PLANE('',#6685);
#6685 = AXIS2_PLACEMENT_3D('',#6686,#6687,#6688);
#6686 = CARTESIAN_POINT('',(0.7,0.2,0.725));
#6687 = DIRECTION('',(0.,0.,-1.));
#6688 = DIRECTION('',(-1.,-1.110223024625E-16,-0.));
#6689 = ADVANCED_FACE('',(#6690),#6728,.F.);
#6690 = FACE_BOUND('',#6691,.F.);
#6691 = EDGE_LOOP('',(#6692,#6693,#6694,#6695,#6696,#6697,#6698,#6704,
    #6705,#6713,#6721,#6727));
#6692 = ORIENTED_EDGE('',*,*,#6678,.F.);
#6693 = ORIENTED_EDGE('',*,*,#6403,.T.);
#6694 = ORIENTED_EDGE('',*,*,#6448,.T.);
#6695 = ORIENTED_EDGE('',*,*,#6465,.T.);
#6696 = ORIENTED_EDGE('',*,*,#6419,.T.);
#6697 = ORIENTED_EDGE('',*,*,#6209,.T.);
#6698 = ORIENTED_EDGE('',*,*,#6699,.T.);
#6699 = EDGE_CURVE('',#6202,#6512,#6700,.T.);
#6700 = LINE('',#6701,#6702);
#6701 = CARTESIAN_POINT('',(-0.7,-1.15,0.725));
#6702 = VECTOR('',#6703,1.);
#6703 = DIRECTION('',(1.,-1.144237745222E-17,0.));
#6704 = ORIENTED_EDGE('',*,*,#6509,.F.);
#6705 = ORIENTED_EDGE('',*,*,#6706,.F.);
#6706 = EDGE_CURVE('',#6707,#6510,#6709,.T.);
#6707 = VERTEX_POINT('',#6708);
#6708 = CARTESIAN_POINT('',(-0.5925,-1.475,0.725));
#6709 = LINE('',#6710,#6711);
#6710 = CARTESIAN_POINT('',(-0.5925,-1.475,0.725));
#6711 = VECTOR('',#6712,1.);
#6712 = DIRECTION('',(-0.707106781187,0.707106781187,0.));
#6713 = ORIENTED_EDGE('',*,*,#6714,.F.);
#6714 = EDGE_CURVE('',#6715,#6707,#6717,.T.);
#6715 = VERTEX_POINT('',#6716);
#6716 = CARTESIAN_POINT('',(0.5925,-1.475,0.725));
#6717 = LINE('',#6718,#6719);
#6718 = CARTESIAN_POINT('',(0.5925,-1.475,0.725));
#6719 = VECTOR('',#6720,1.);
#6720 = DIRECTION('',(-1.,-1.110223024625E-16,0.));
#6721 = ORIENTED_EDGE('',*,*,#6722,.F.);
#6722 = EDGE_CURVE('',#6642,#6715,#6723,.T.);
#6723 = LINE('',#6724,#6725);
#6724 = CARTESIAN_POINT('',(0.675,-1.3925,0.725));
#6725 = VECTOR('',#6726,1.);
#6726 = DIRECTION('',(-0.707106781187,-0.707106781187,0.));
#6727 = ORIENTED_EDGE('',*,*,#6641,.F.);
#6728 = PLANE('',#6729);
#6729 = AXIS2_PLACEMENT_3D('',#6730,#6731,#6732);
#6730 = CARTESIAN_POINT('',(-1.486299604971E-16,1.4875,0.725));
#6731 = DIRECTION('',(1.022886882533E-31,-6.310887241768E-27,-1.));
#6732 = DIRECTION('',(1.,1.217738924546E-16,1.022886882525E-31));
#6733 = ADVANCED_FACE('',(#6734),#6803,.F.);
#6734 = FACE_BOUND('',#6735,.F.);
#6735 = EDGE_LOOP('',(#6736,#6737,#6738,#6746,#6755,#6763,#6771,#6779,
    #6788,#6796));
#6736 = ORIENTED_EDGE('',*,*,#6201,.F.);
#6737 = ORIENTED_EDGE('',*,*,#6241,.T.);
#6738 = ORIENTED_EDGE('',*,*,#6739,.T.);
#6739 = EDGE_CURVE('',#6234,#6740,#6742,.T.);
#6740 = VERTEX_POINT('',#6741);
#6741 = CARTESIAN_POINT('',(-0.843471632406,-1.15,0.206587955583));
#6742 = LINE('',#6743,#6744);
#6743 = CARTESIAN_POINT('',(-0.798480775301,-1.15,0.492364817767));
#6744 = VECTOR('',#6745,1.);
#6745 = DIRECTION('',(-0.155518033909,1.779496044609E-18,-0.987833053268
    ));
#6746 = ORIENTED_EDGE('',*,*,#6747,.T.);
#6747 = EDGE_CURVE('',#6740,#6748,#6750,.T.);
#6748 = VERTEX_POINT('',#6749);
#6749 = CARTESIAN_POINT('',(-1.089673570659,-1.15,5.551115123126E-17));
#6750 = CIRCLE('',#6751,0.25);
#6751 = AXIS2_PLACEMENT_3D('',#6752,#6753,#6754);
#6752 = CARTESIAN_POINT('',(-1.089673570659,-1.15,0.25));
#6753 = DIRECTION('',(1.144237745222E-17,1.,3.851859888774E-34));
#6754 = DIRECTION('',(0.984807753012,-1.126854202784E-17,-0.173648177667
    ));
#6755 = ORIENTED_EDGE('',*,*,#6756,.T.);
#6756 = EDGE_CURVE('',#6748,#6757,#6759,.T.);
#6757 = VERTEX_POINT('',#6758);
#6758 = CARTESIAN_POINT('',(-1.25,-1.15,5.551115123126E-17));
#6759 = LINE('',#6760,#6761);
#6760 = CARTESIAN_POINT('',(-1.089673570659,-1.15,5.551115123126E-17));
#6761 = VECTOR('',#6762,1.);
#6762 = DIRECTION('',(-1.,1.144237745222E-17,0.));
#6763 = ORIENTED_EDGE('',*,*,#6764,.T.);
#6764 = EDGE_CURVE('',#6757,#6765,#6767,.T.);
#6765 = VERTEX_POINT('',#6766);
#6766 = CARTESIAN_POINT('',(-1.25,-1.15,0.15));
#6767 = LINE('',#6768,#6769);
#6768 = CARTESIAN_POINT('',(-1.25,-1.15,5.551115123126E-17));
#6769 = VECTOR('',#6770,1.);
#6770 = DIRECTION('',(0.,0.,1.));
#6771 = ORIENTED_EDGE('',*,*,#6772,.T.);
#6772 = EDGE_CURVE('',#6765,#6773,#6775,.T.);
#6773 = VERTEX_POINT('',#6774);
#6774 = CARTESIAN_POINT('',(-1.089673570659,-1.15,0.15));
#6775 = LINE('',#6776,#6777);
#6776 = CARTESIAN_POINT('',(-1.25,-1.15,0.15));
#6777 = VECTOR('',#6778,1.);
#6778 = DIRECTION('',(1.,-1.144237745222E-17,0.));
#6779 = ORIENTED_EDGE('',*,*,#6780,.T.);
#6780 = EDGE_CURVE('',#6773,#6781,#6783,.T.);
#6781 = VERTEX_POINT('',#6782);
#6782 = CARTESIAN_POINT('',(-0.991192795358,-1.15,0.232635182233));
#6783 = CIRCLE('',#6784,0.1);
#6784 = AXIS2_PLACEMENT_3D('',#6785,#6786,#6787);
#6785 = CARTESIAN_POINT('',(-1.089673570659,-1.15,0.25));
#6786 = DIRECTION('',(-1.144237745222E-17,-1.,1.094764425254E-47));
#6787 = DIRECTION('',(-2.22044604925E-15,2.540718180781E-32,-1.));
#6788 = ORIENTED_EDGE('',*,*,#6789,.T.);
#6789 = EDGE_CURVE('',#6781,#6790,#6792,.T.);
#6790 = VERTEX_POINT('',#6791);
#6791 = CARTESIAN_POINT('',(-0.946201938253,-1.15,0.518412044417));
#6792 = LINE('',#6793,#6794);
#6793 = CARTESIAN_POINT('',(-0.991192795358,-1.15,0.232635182233));
#6794 = VECTOR('',#6795,1.);
#6795 = DIRECTION('',(0.155518033909,-1.779496044609E-18,0.987833053268)
  );
#6796 = ORIENTED_EDGE('',*,*,#6797,.T.);
#6797 = EDGE_CURVE('',#6790,#6202,#6798,.T.);
#6798 = CIRCLE('',#6799,0.25);
#6799 = AXIS2_PLACEMENT_3D('',#6800,#6801,#6802);
#6800 = CARTESIAN_POINT('',(-0.7,-1.15,0.475));
#6801 = DIRECTION('',(1.144237745222E-17,1.,0.));
#6802 = DIRECTION('',(-0.984807753012,1.126854202784E-17,0.173648177667)
  );
#6803 = PLANE('',#6804);
#6804 = AXIS2_PLACEMENT_3D('',#6805,#6806,#6807);
#6805 = CARTESIAN_POINT('',(-0.931323080229,-1.15,0.33452717391));
#6806 = DIRECTION('',(1.144237745222E-17,1.,0.));
#6807 = DIRECTION('',(0.,-0.,1.));
#6808 = ADVANCED_FACE('',(#6809),#6827,.F.);
#6809 = FACE_BOUND('',#6810,.F.);
#6810 = EDGE_LOOP('',(#6811,#6812,#6820,#6826));
#6811 = ORIENTED_EDGE('',*,*,#6233,.T.);
#6812 = ORIENTED_EDGE('',*,*,#6813,.T.);
#6813 = EDGE_CURVE('',#6225,#6814,#6816,.T.);
#6814 = VERTEX_POINT('',#6815);
#6815 = CARTESIAN_POINT('',(-0.843471632406,-0.75,0.206587955583));
#6816 = LINE('',#6817,#6818);
#6817 = CARTESIAN_POINT('',(-0.798480775301,-0.75,0.492364817767));
#6818 = VECTOR('',#6819,1.);
#6819 = DIRECTION('',(-0.155518033909,1.779496044609E-18,-0.987833053268
    ));
#6820 = ORIENTED_EDGE('',*,*,#6821,.F.);
#6821 = EDGE_CURVE('',#6740,#6814,#6822,.T.);
#6822 = LINE('',#6823,#6824);
#6823 = CARTESIAN_POINT('',(-0.843471632406,-1.15,0.206587955583));
#6824 = VECTOR('',#6825,1.);
#6825 = DIRECTION('',(1.144237745222E-17,1.,0.));
#6826 = ORIENTED_EDGE('',*,*,#6739,.F.);
#6827 = PLANE('',#6828);
#6828 = AXIS2_PLACEMENT_3D('',#6829,#6830,#6831);
#6829 = CARTESIAN_POINT('',(-0.798480775301,-1.15,0.492364817767));
#6830 = DIRECTION('',(-0.987833053268,1.130315865527E-17,0.155518033909)
  );
#6831 = DIRECTION('',(-0.155518033909,1.779496044609E-18,-0.987833053268
    ));
#6832 = ADVANCED_FACE('',(#6833),#6895,.T.);
#6833 = FACE_BOUND('',#6834,.T.);
#6834 = EDGE_LOOP('',(#6835,#6836,#6837,#6838,#6847,#6855,#6863,#6871,
    #6880,#6888));
#6835 = ORIENTED_EDGE('',*,*,#6256,.F.);
#6836 = ORIENTED_EDGE('',*,*,#6224,.T.);
#6837 = ORIENTED_EDGE('',*,*,#6813,.T.);
#6838 = ORIENTED_EDGE('',*,*,#6839,.T.);
#6839 = EDGE_CURVE('',#6814,#6840,#6842,.T.);
#6840 = VERTEX_POINT('',#6841);
#6841 = CARTESIAN_POINT('',(-1.089673570659,-0.75,5.551115123126E-17));
#6842 = CIRCLE('',#6843,0.25);
#6843 = AXIS2_PLACEMENT_3D('',#6844,#6845,#6846);
#6844 = CARTESIAN_POINT('',(-1.089673570659,-0.75,0.25));
#6845 = DIRECTION('',(1.144237745222E-17,1.,3.851859888774E-34));
#6846 = DIRECTION('',(0.984807753012,-1.126854202784E-17,-0.173648177667
    ));
#6847 = ORIENTED_EDGE('',*,*,#6848,.T.);
#6848 = EDGE_CURVE('',#6840,#6849,#6851,.T.);
#6849 = VERTEX_POINT('',#6850);
#6850 = CARTESIAN_POINT('',(-1.25,-0.75,5.551115123126E-17));
#6851 = LINE('',#6852,#6853);
#6852 = CARTESIAN_POINT('',(-1.089673570659,-0.75,5.551115123126E-17));
#6853 = VECTOR('',#6854,1.);
#6854 = DIRECTION('',(-1.,1.144237745222E-17,0.));
#6855 = ORIENTED_EDGE('',*,*,#6856,.T.);
#6856 = EDGE_CURVE('',#6849,#6857,#6859,.T.);
#6857 = VERTEX_POINT('',#6858);
#6858 = CARTESIAN_POINT('',(-1.25,-0.75,0.15));
#6859 = LINE('',#6860,#6861);
#6860 = CARTESIAN_POINT('',(-1.25,-0.75,5.551115123126E-17));
#6861 = VECTOR('',#6862,1.);
#6862 = DIRECTION('',(0.,0.,1.));
#6863 = ORIENTED_EDGE('',*,*,#6864,.T.);
#6864 = EDGE_CURVE('',#6857,#6865,#6867,.T.);
#6865 = VERTEX_POINT('',#6866);
#6866 = CARTESIAN_POINT('',(-1.089673570659,-0.75,0.15));
#6867 = LINE('',#6868,#6869);
#6868 = CARTESIAN_POINT('',(-1.25,-0.75,0.15));
#6869 = VECTOR('',#6870,1.);
#6870 = DIRECTION('',(1.,-1.144237745222E-17,0.));
#6871 = ORIENTED_EDGE('',*,*,#6872,.T.);
#6872 = EDGE_CURVE('',#6865,#6873,#6875,.T.);
#6873 = VERTEX_POINT('',#6874);
#6874 = CARTESIAN_POINT('',(-0.991192795358,-0.75,0.232635182233));
#6875 = CIRCLE('',#6876,0.1);
#6876 = AXIS2_PLACEMENT_3D('',#6877,#6878,#6879);
#6877 = CARTESIAN_POINT('',(-1.089673570659,-0.75,0.25));
#6878 = DIRECTION('',(-1.144237745222E-17,-1.,1.094764425254E-47));
#6879 = DIRECTION('',(-2.22044604925E-15,2.540718180781E-32,-1.));
#6880 = ORIENTED_EDGE('',*,*,#6881,.T.);
#6881 = EDGE_CURVE('',#6873,#6882,#6884,.T.);
#6882 = VERTEX_POINT('',#6883);
#6883 = CARTESIAN_POINT('',(-0.946201938253,-0.75,0.518412044417));
#6884 = LINE('',#6885,#6886);
#6885 = CARTESIAN_POINT('',(-0.991192795358,-0.75,0.232635182233));
#6886 = VECTOR('',#6887,1.);
#6887 = DIRECTION('',(0.155518033909,-1.779496044609E-18,0.987833053268)
  );
#6888 = ORIENTED_EDGE('',*,*,#6889,.T.);
#6889 = EDGE_CURVE('',#6882,#6257,#6890,.T.);
#6890 = CIRCLE('',#6891,0.25);
#6891 = AXIS2_PLACEMENT_3D('',#6892,#6893,#6894);
#6892 = CARTESIAN_POINT('',(-0.7,-0.75,0.475));
#6893 = DIRECTION('',(1.144237745222E-17,1.,0.));
#6894 = DIRECTION('',(-0.984807753012,1.126854202784E-17,0.173648177667)
  );
#6895 = PLANE('',#6896);
#6896 = AXIS2_PLACEMENT_3D('',#6897,#6898,#6899);
#6897 = CARTESIAN_POINT('',(-0.931323080229,-0.75,0.33452717391));
#6898 = DIRECTION('',(1.144237745222E-17,1.,0.));
#6899 = DIRECTION('',(0.,-0.,1.));
#6900 = ADVANCED_FACE('',(#6901),#6912,.F.);
#6901 = FACE_BOUND('',#6902,.F.);
#6902 = EDGE_LOOP('',(#6903,#6904,#6905,#6906));
#6903 = ORIENTED_EDGE('',*,*,#6273,.T.);
#6904 = ORIENTED_EDGE('',*,*,#6480,.T.);
#6905 = ORIENTED_EDGE('',*,*,#6527,.F.);
#6906 = ORIENTED_EDGE('',*,*,#6907,.F.);
#6907 = EDGE_CURVE('',#6257,#6520,#6908,.T.);
#6908 = LINE('',#6909,#6910);
#6909 = CARTESIAN_POINT('',(-0.7,-0.75,0.725));
#6910 = VECTOR('',#6911,1.);
#6911 = DIRECTION('',(1.,-1.144237745222E-17,0.));
#6912 = PLANE('',#6913);
#6913 = AXIS2_PLACEMENT_3D('',#6914,#6915,#6916);
#6914 = CARTESIAN_POINT('',(-1.486299604971E-16,1.4875,0.725));
#6915 = DIRECTION('',(1.022886882533E-31,-6.310887241768E-27,-1.));
#6916 = DIRECTION('',(1.,1.217738924546E-16,1.022886882525E-31));
#6917 = ADVANCED_FACE('',(#6918),#6987,.F.);
#6918 = FACE_BOUND('',#6919,.F.);
#6919 = EDGE_LOOP('',(#6920,#6921,#6922,#6930,#6939,#6947,#6955,#6963,
    #6972,#6980));
#6920 = ORIENTED_EDGE('',*,*,#6265,.F.);
#6921 = ORIENTED_EDGE('',*,*,#6305,.T.);
#6922 = ORIENTED_EDGE('',*,*,#6923,.T.);
#6923 = EDGE_CURVE('',#6298,#6924,#6926,.T.);
#6924 = VERTEX_POINT('',#6925);
#6925 = CARTESIAN_POINT('',(-0.843471632406,0.75,0.206587955583));
#6926 = LINE('',#6927,#6928);
#6927 = CARTESIAN_POINT('',(-0.798480775301,0.75,0.492364817767));
#6928 = VECTOR('',#6929,1.);
#6929 = DIRECTION('',(-0.155518033909,1.779496044609E-18,-0.987833053268
    ));
#6930 = ORIENTED_EDGE('',*,*,#6931,.T.);
#6931 = EDGE_CURVE('',#6924,#6932,#6934,.T.);
#6932 = VERTEX_POINT('',#6933);
#6933 = CARTESIAN_POINT('',(-1.089673570659,0.75,5.551115123126E-17));
#6934 = CIRCLE('',#6935,0.25);
#6935 = AXIS2_PLACEMENT_3D('',#6936,#6937,#6938);
#6936 = CARTESIAN_POINT('',(-1.089673570659,0.75,0.25));
#6937 = DIRECTION('',(1.144237745222E-17,1.,3.851859888774E-34));
#6938 = DIRECTION('',(0.984807753012,-1.126854202784E-17,-0.173648177667
    ));
#6939 = ORIENTED_EDGE('',*,*,#6940,.T.);
#6940 = EDGE_CURVE('',#6932,#6941,#6943,.T.);
#6941 = VERTEX_POINT('',#6942);
#6942 = CARTESIAN_POINT('',(-1.25,0.75,5.551115123126E-17));
#6943 = LINE('',#6944,#6945);
#6944 = CARTESIAN_POINT('',(-1.089673570659,0.75,5.551115123126E-17));
#6945 = VECTOR('',#6946,1.);
#6946 = DIRECTION('',(-1.,1.144237745222E-17,0.));
#6947 = ORIENTED_EDGE('',*,*,#6948,.T.);
#6948 = EDGE_CURVE('',#6941,#6949,#6951,.T.);
#6949 = VERTEX_POINT('',#6950);
#6950 = CARTESIAN_POINT('',(-1.25,0.75,0.15));
#6951 = LINE('',#6952,#6953);
#6952 = CARTESIAN_POINT('',(-1.25,0.75,5.551115123126E-17));
#6953 = VECTOR('',#6954,1.);
#6954 = DIRECTION('',(0.,0.,1.));
#6955 = ORIENTED_EDGE('',*,*,#6956,.T.);
#6956 = EDGE_CURVE('',#6949,#6957,#6959,.T.);
#6957 = VERTEX_POINT('',#6958);
#6958 = CARTESIAN_POINT('',(-1.089673570659,0.75,0.15));
#6959 = LINE('',#6960,#6961);
#6960 = CARTESIAN_POINT('',(-1.25,0.75,0.15));
#6961 = VECTOR('',#6962,1.);
#6962 = DIRECTION('',(1.,-1.144237745222E-17,0.));
#6963 = ORIENTED_EDGE('',*,*,#6964,.T.);
#6964 = EDGE_CURVE('',#6957,#6965,#6967,.T.);
#6965 = VERTEX_POINT('',#6966);
#6966 = CARTESIAN_POINT('',(-0.991192795358,0.75,0.232635182233));
#6967 = CIRCLE('',#6968,0.1);
#6968 = AXIS2_PLACEMENT_3D('',#6969,#6970,#6971);
#6969 = CARTESIAN_POINT('',(-1.089673570659,0.75,0.25));
#6970 = DIRECTION('',(-1.144237745222E-17,-1.,1.094764425254E-47));
#6971 = DIRECTION('',(-2.22044604925E-15,2.540718180781E-32,-1.));
#6972 = ORIENTED_EDGE('',*,*,#6973,.T.);
#6973 = EDGE_CURVE('',#6965,#6974,#6976,.T.);
#6974 = VERTEX_POINT('',#6975);
#6975 = CARTESIAN_POINT('',(-0.946201938253,0.75,0.518412044417));
#6976 = LINE('',#6977,#6978);
#6977 = CARTESIAN_POINT('',(-0.991192795358,0.75,0.232635182233));
#6978 = VECTOR('',#6979,1.);
#6979 = DIRECTION('',(0.155518033909,-1.779496044609E-18,0.987833053268)
  );
#6980 = ORIENTED_EDGE('',*,*,#6981,.T.);
#6981 = EDGE_CURVE('',#6974,#6266,#6982,.T.);
#6982 = CIRCLE('',#6983,0.25);
#6983 = AXIS2_PLACEMENT_3D('',#6984,#6985,#6986);
#6984 = CARTESIAN_POINT('',(-0.7,0.75,0.475));
#6985 = DIRECTION('',(1.144237745222E-17,1.,0.));
#6986 = DIRECTION('',(-0.984807753012,1.126854202784E-17,0.173648177667)
  );
#6987 = PLANE('',#6988);
#6988 = AXIS2_PLACEMENT_3D('',#6989,#6990,#6991);
#6989 = CARTESIAN_POINT('',(-0.931323080229,0.75,0.33452717391));
#6990 = DIRECTION('',(1.144237745222E-17,1.,0.));
#6991 = DIRECTION('',(0.,-0.,1.));
#6992 = ADVANCED_FACE('',(#6993),#7011,.F.);
#6993 = FACE_BOUND('',#6994,.F.);
#6994 = EDGE_LOOP('',(#6995,#6996,#7004,#7010));
#6995 = ORIENTED_EDGE('',*,*,#6297,.T.);
#6996 = ORIENTED_EDGE('',*,*,#6997,.T.);
#6997 = EDGE_CURVE('',#6289,#6998,#7000,.T.);
#6998 = VERTEX_POINT('',#6999);
#6999 = CARTESIAN_POINT('',(-0.843471632406,1.15,0.206587955583));
#7000 = LINE('',#7001,#7002);
#7001 = CARTESIAN_POINT('',(-0.798480775301,1.15,0.492364817767));
#7002 = VECTOR('',#7003,1.);
#7003 = DIRECTION('',(-0.155518033909,1.779496044609E-18,-0.987833053268
    ));
#7004 = ORIENTED_EDGE('',*,*,#7005,.F.);
#7005 = EDGE_CURVE('',#6924,#6998,#7006,.T.);
#7006 = LINE('',#7007,#7008);
#7007 = CARTESIAN_POINT('',(-0.843471632406,0.75,0.206587955583));
#7008 = VECTOR('',#7009,1.);
#7009 = DIRECTION('',(1.144237745222E-17,1.,0.));
#7010 = ORIENTED_EDGE('',*,*,#6923,.F.);
#7011 = PLANE('',#7012);
#7012 = AXIS2_PLACEMENT_3D('',#7013,#7014,#7015);
#7013 = CARTESIAN_POINT('',(-0.798480775301,0.75,0.492364817767));
#7014 = DIRECTION('',(-0.987833053268,1.130315865527E-17,0.155518033909)
  );
#7015 = DIRECTION('',(-0.155518033909,1.779496044609E-18,-0.987833053268
    ));
#7016 = ADVANCED_FACE('',(#7017),#7079,.T.);
#7017 = FACE_BOUND('',#7018,.T.);
#7018 = EDGE_LOOP('',(#7019,#7020,#7021,#7022,#7031,#7039,#7047,#7055,
    #7064,#7072));
#7019 = ORIENTED_EDGE('',*,*,#6320,.F.);
#7020 = ORIENTED_EDGE('',*,*,#6288,.T.);
#7021 = ORIENTED_EDGE('',*,*,#6997,.T.);
#7022 = ORIENTED_EDGE('',*,*,#7023,.T.);
#7023 = EDGE_CURVE('',#6998,#7024,#7026,.T.);
#7024 = VERTEX_POINT('',#7025);
#7025 = CARTESIAN_POINT('',(-1.089673570659,1.15,5.551115123126E-17));
#7026 = CIRCLE('',#7027,0.25);
#7027 = AXIS2_PLACEMENT_3D('',#7028,#7029,#7030);
#7028 = CARTESIAN_POINT('',(-1.089673570659,1.15,0.25));
#7029 = DIRECTION('',(1.144237745222E-17,1.,3.851859888774E-34));
#7030 = DIRECTION('',(0.984807753012,-1.126854202784E-17,-0.173648177667
    ));
#7031 = ORIENTED_EDGE('',*,*,#7032,.T.);
#7032 = EDGE_CURVE('',#7024,#7033,#7035,.T.);
#7033 = VERTEX_POINT('',#7034);
#7034 = CARTESIAN_POINT('',(-1.25,1.15,5.551115123126E-17));
#7035 = LINE('',#7036,#7037);
#7036 = CARTESIAN_POINT('',(-1.089673570659,1.15,5.551115123126E-17));
#7037 = VECTOR('',#7038,1.);
#7038 = DIRECTION('',(-1.,1.144237745222E-17,0.));
#7039 = ORIENTED_EDGE('',*,*,#7040,.T.);
#7040 = EDGE_CURVE('',#7033,#7041,#7043,.T.);
#7041 = VERTEX_POINT('',#7042);
#7042 = CARTESIAN_POINT('',(-1.25,1.15,0.15));
#7043 = LINE('',#7044,#7045);
#7044 = CARTESIAN_POINT('',(-1.25,1.15,5.551115123126E-17));
#7045 = VECTOR('',#7046,1.);
#7046 = DIRECTION('',(0.,0.,1.));
#7047 = ORIENTED_EDGE('',*,*,#7048,.T.);
#7048 = EDGE_CURVE('',#7041,#7049,#7051,.T.);
#7049 = VERTEX_POINT('',#7050);
#7050 = CARTESIAN_POINT('',(-1.089673570659,1.15,0.15));
#7051 = LINE('',#7052,#7053);
#7052 = CARTESIAN_POINT('',(-1.25,1.15,0.15));
#7053 = VECTOR('',#7054,1.);
#7054 = DIRECTION('',(1.,-1.144237745222E-17,0.));
#7055 = ORIENTED_EDGE('',*,*,#7056,.T.);
#7056 = EDGE_CURVE('',#7049,#7057,#7059,.T.);
#7057 = VERTEX_POINT('',#7058);
#7058 = CARTESIAN_POINT('',(-0.991192795358,1.15,0.232635182233));
#7059 = CIRCLE('',#7060,0.1);
#7060 = AXIS2_PLACEMENT_3D('',#7061,#7062,#7063);
#7061 = CARTESIAN_POINT('',(-1.089673570659,1.15,0.25));
#7062 = DIRECTION('',(-1.144237745222E-17,-1.,1.094764425254E-47));
#7063 = DIRECTION('',(-2.22044604925E-15,2.540718180781E-32,-1.));
#7064 = ORIENTED_EDGE('',*,*,#7065,.T.);
#7065 = EDGE_CURVE('',#7057,#7066,#7068,.T.);
#7066 = VERTEX_POINT('',#7067);
#7067 = CARTESIAN_POINT('',(-0.946201938253,1.15,0.518412044417));
#7068 = LINE('',#7069,#7070);
#7069 = CARTESIAN_POINT('',(-0.991192795358,1.15,0.232635182233));
#7070 = VECTOR('',#7071,1.);
#7071 = DIRECTION('',(0.155518033909,-1.779496044609E-18,0.987833053268)
  );
#7072 = ORIENTED_EDGE('',*,*,#7073,.T.);
#7073 = EDGE_CURVE('',#7066,#6156,#7074,.T.);
#7074 = CIRCLE('',#7075,0.25);
#7075 = AXIS2_PLACEMENT_3D('',#7076,#7077,#7078);
#7076 = CARTESIAN_POINT('',(-0.7,1.15,0.475));
#7077 = DIRECTION('',(1.144237745222E-17,1.,0.));
#7078 = DIRECTION('',(-0.984807753012,1.126854202784E-17,0.173648177667)
  );
#7079 = PLANE('',#7080);
#7080 = AXIS2_PLACEMENT_3D('',#7081,#7082,#7083);
#7081 = CARTESIAN_POINT('',(-0.931323080229,1.15,0.33452717391));
#7082 = DIRECTION('',(1.144237745222E-17,1.,0.));
#7083 = DIRECTION('',(0.,-0.,1.));
#7084 = ADVANCED_FACE('',(#7085),#7154,.F.);
#7085 = FACE_BOUND('',#7086,.F.);
#7086 = EDGE_LOOP('',(#7087,#7088,#7089,#7097,#7106,#7114,#7122,#7130,
    #7139,#7147));
#7087 = ORIENTED_EDGE('',*,*,#6339,.F.);
#7088 = ORIENTED_EDGE('',*,*,#6372,.T.);
#7089 = ORIENTED_EDGE('',*,*,#7090,.T.);
#7090 = EDGE_CURVE('',#6365,#7091,#7093,.T.);
#7091 = VERTEX_POINT('',#7092);
#7092 = CARTESIAN_POINT('',(0.843471632406,0.2,0.206587955583));
#7093 = LINE('',#7094,#7095);
#7094 = CARTESIAN_POINT('',(0.798480775301,0.2,0.492364817767));
#7095 = VECTOR('',#7096,1.);
#7096 = DIRECTION('',(0.155518033909,1.726597019897E-17,-0.987833053268)
  );
#7097 = ORIENTED_EDGE('',*,*,#7098,.T.);
#7098 = EDGE_CURVE('',#7091,#7099,#7101,.T.);
#7099 = VERTEX_POINT('',#7100);
#7100 = CARTESIAN_POINT('',(1.089673570659,0.2,5.551115123126E-17));
#7101 = CIRCLE('',#7102,0.25);
#7102 = AXIS2_PLACEMENT_3D('',#7103,#7104,#7105);
#7103 = CARTESIAN_POINT('',(1.089673570659,0.2,0.25));
#7104 = DIRECTION('',(1.110223024625E-16,-1.,0.));
#7105 = DIRECTION('',(-0.984807753012,-1.093356242223E-16,
    -0.173648177667));
#7106 = ORIENTED_EDGE('',*,*,#7107,.T.);
#7107 = EDGE_CURVE('',#7099,#7108,#7110,.T.);
#7108 = VERTEX_POINT('',#7109);
#7109 = CARTESIAN_POINT('',(1.25,0.2,5.551115123126E-17));
#7110 = LINE('',#7111,#7112);
#7111 = CARTESIAN_POINT('',(1.089673570659,0.2,5.551115123126E-17));
#7112 = VECTOR('',#7113,1.);
#7113 = DIRECTION('',(1.,1.110223024625E-16,0.));
#7114 = ORIENTED_EDGE('',*,*,#7115,.T.);
#7115 = EDGE_CURVE('',#7108,#7116,#7118,.T.);
#7116 = VERTEX_POINT('',#7117);
#7117 = CARTESIAN_POINT('',(1.25,0.2,0.15));
#7118 = LINE('',#7119,#7120);
#7119 = CARTESIAN_POINT('',(1.25,0.2,5.551115123126E-17));
#7120 = VECTOR('',#7121,1.);
#7121 = DIRECTION('',(0.,0.,1.));
#7122 = ORIENTED_EDGE('',*,*,#7123,.T.);
#7123 = EDGE_CURVE('',#7116,#7124,#7126,.T.);
#7124 = VERTEX_POINT('',#7125);
#7125 = CARTESIAN_POINT('',(1.089673570659,0.2,0.15));
#7126 = LINE('',#7127,#7128);
#7127 = CARTESIAN_POINT('',(1.25,0.2,0.15));
#7128 = VECTOR('',#7129,1.);
#7129 = DIRECTION('',(-1.,-1.110223024625E-16,0.));
#7130 = ORIENTED_EDGE('',*,*,#7131,.T.);
#7131 = EDGE_CURVE('',#7124,#7132,#7134,.T.);
#7132 = VERTEX_POINT('',#7133);
#7133 = CARTESIAN_POINT('',(0.991192795358,0.2,0.232635182233));
#7134 = CIRCLE('',#7135,0.1);
#7135 = AXIS2_PLACEMENT_3D('',#7136,#7137,#7138);
#7136 = CARTESIAN_POINT('',(1.089673570659,0.2,0.25));
#7137 = DIRECTION('',(-1.110223024625E-16,1.,0.));
#7138 = DIRECTION('',(2.22044604925E-15,2.465190328815E-31,-1.));
#7139 = ORIENTED_EDGE('',*,*,#7140,.T.);
#7140 = EDGE_CURVE('',#7132,#7141,#7143,.T.);
#7141 = VERTEX_POINT('',#7142);
#7142 = CARTESIAN_POINT('',(0.946201938253,0.2,0.518412044417));
#7143 = LINE('',#7144,#7145);
#7144 = CARTESIAN_POINT('',(0.991192795358,0.2,0.232635182233));
#7145 = VECTOR('',#7146,1.);
#7146 = DIRECTION('',(-0.155518033909,-1.726597019897E-17,0.987833053268
    ));
#7147 = ORIENTED_EDGE('',*,*,#7148,.T.);
#7148 = EDGE_CURVE('',#7141,#6100,#7149,.T.);
#7149 = CIRCLE('',#7150,0.25);
#7150 = AXIS2_PLACEMENT_3D('',#7151,#7152,#7153);
#7151 = CARTESIAN_POINT('',(0.7,0.2,0.475));
#7152 = DIRECTION('',(1.110223024625E-16,-1.,0.));
#7153 = DIRECTION('',(0.984807753012,1.093356242223E-16,0.173648177667)
  );
#7154 = PLANE('',#7155);
#7155 = AXIS2_PLACEMENT_3D('',#7156,#7157,#7158);
#7156 = CARTESIAN_POINT('',(0.931323080229,0.2,0.33452717391));
#7157 = DIRECTION('',(1.110223024625E-16,-1.,0.));
#7158 = DIRECTION('',(0.,0.,1.));
#7159 = ADVANCED_FACE('',(#7160),#7178,.F.);
#7160 = FACE_BOUND('',#7161,.F.);
#7161 = EDGE_LOOP('',(#7162,#7163,#7171,#7177));
#7162 = ORIENTED_EDGE('',*,*,#6364,.T.);
#7163 = ORIENTED_EDGE('',*,*,#7164,.T.);
#7164 = EDGE_CURVE('',#6356,#7165,#7167,.T.);
#7165 = VERTEX_POINT('',#7166);
#7166 = CARTESIAN_POINT('',(0.843471632406,-0.2,0.206587955583));
#7167 = LINE('',#7168,#7169);
#7168 = CARTESIAN_POINT('',(0.798480775301,-0.2,0.492364817767));
#7169 = VECTOR('',#7170,1.);
#7170 = DIRECTION('',(0.155518033909,1.726597019897E-17,-0.987833053268)
  );
#7171 = ORIENTED_EDGE('',*,*,#7172,.F.);
#7172 = EDGE_CURVE('',#7091,#7165,#7173,.T.);
#7173 = LINE('',#7174,#7175);
#7174 = CARTESIAN_POINT('',(0.843471632406,0.2,0.206587955583));
#7175 = VECTOR('',#7176,1.);
#7176 = DIRECTION('',(1.110223024625E-16,-1.,0.));
#7177 = ORIENTED_EDGE('',*,*,#7090,.F.);
#7178 = PLANE('',#7179);
#7179 = AXIS2_PLACEMENT_3D('',#7180,#7181,#7182);
#7180 = CARTESIAN_POINT('',(0.798480775301,0.2,0.492364817767));
#7181 = DIRECTION('',(0.987833053268,1.096715000224E-16,0.155518033909)
  );
#7182 = DIRECTION('',(0.155518033909,1.726597019897E-17,-0.987833053268)
  );
#7183 = ADVANCED_FACE('',(#7184),#7246,.T.);
#7184 = FACE_BOUND('',#7185,.T.);
#7185 = EDGE_LOOP('',(#7186,#7187,#7188,#7189,#7198,#7206,#7214,#7222,
    #7231,#7239));
#7186 = ORIENTED_EDGE('',*,*,#6387,.F.);
#7187 = ORIENTED_EDGE('',*,*,#6355,.T.);
#7188 = ORIENTED_EDGE('',*,*,#7164,.T.);
#7189 = ORIENTED_EDGE('',*,*,#7190,.T.);
#7190 = EDGE_CURVE('',#7165,#7191,#7193,.T.);
#7191 = VERTEX_POINT('',#7192);
#7192 = CARTESIAN_POINT('',(1.089673570659,-0.2,5.551115123126E-17));
#7193 = CIRCLE('',#7194,0.25);
#7194 = AXIS2_PLACEMENT_3D('',#7195,#7196,#7197);
#7195 = CARTESIAN_POINT('',(1.089673570659,-0.2,0.25));
#7196 = DIRECTION('',(1.110223024625E-16,-1.,0.));
#7197 = DIRECTION('',(-0.984807753012,-1.093356242223E-16,
    -0.173648177667));
#7198 = ORIENTED_EDGE('',*,*,#7199,.T.);
#7199 = EDGE_CURVE('',#7191,#7200,#7202,.T.);
#7200 = VERTEX_POINT('',#7201);
#7201 = CARTESIAN_POINT('',(1.25,-0.2,5.551115123126E-17));
#7202 = LINE('',#7203,#7204);
#7203 = CARTESIAN_POINT('',(1.089673570659,-0.2,5.551115123126E-17));
#7204 = VECTOR('',#7205,1.);
#7205 = DIRECTION('',(1.,1.110223024625E-16,0.));
#7206 = ORIENTED_EDGE('',*,*,#7207,.T.);
#7207 = EDGE_CURVE('',#7200,#7208,#7210,.T.);
#7208 = VERTEX_POINT('',#7209);
#7209 = CARTESIAN_POINT('',(1.25,-0.2,0.15));
#7210 = LINE('',#7211,#7212);
#7211 = CARTESIAN_POINT('',(1.25,-0.2,5.551115123126E-17));
#7212 = VECTOR('',#7213,1.);
#7213 = DIRECTION('',(0.,0.,1.));
#7214 = ORIENTED_EDGE('',*,*,#7215,.T.);
#7215 = EDGE_CURVE('',#7208,#7216,#7218,.T.);
#7216 = VERTEX_POINT('',#7217);
#7217 = CARTESIAN_POINT('',(1.089673570659,-0.2,0.15));
#7218 = LINE('',#7219,#7220);
#7219 = CARTESIAN_POINT('',(1.25,-0.2,0.15));
#7220 = VECTOR('',#7221,1.);
#7221 = DIRECTION('',(-1.,-1.110223024625E-16,0.));
#7222 = ORIENTED_EDGE('',*,*,#7223,.T.);
#7223 = EDGE_CURVE('',#7216,#7224,#7226,.T.);
#7224 = VERTEX_POINT('',#7225);
#7225 = CARTESIAN_POINT('',(0.991192795358,-0.2,0.232635182233));
#7226 = CIRCLE('',#7227,0.1);
#7227 = AXIS2_PLACEMENT_3D('',#7228,#7229,#7230);
#7228 = CARTESIAN_POINT('',(1.089673570659,-0.2,0.25));
#7229 = DIRECTION('',(-1.110223024625E-16,1.,0.));
#7230 = DIRECTION('',(2.22044604925E-15,2.465190328815E-31,-1.));
#7231 = ORIENTED_EDGE('',*,*,#7232,.T.);
#7232 = EDGE_CURVE('',#7224,#7233,#7235,.T.);
#7233 = VERTEX_POINT('',#7234);
#7234 = CARTESIAN_POINT('',(0.946201938253,-0.2,0.518412044417));
#7235 = LINE('',#7236,#7237);
#7236 = CARTESIAN_POINT('',(0.991192795358,-0.2,0.232635182233));
#7237 = VECTOR('',#7238,1.);
#7238 = DIRECTION('',(-0.155518033909,-1.726597019897E-17,0.987833053268
    ));
#7239 = ORIENTED_EDGE('',*,*,#7240,.T.);
#7240 = EDGE_CURVE('',#7233,#6388,#7241,.T.);
#7241 = CIRCLE('',#7242,0.25);
#7242 = AXIS2_PLACEMENT_3D('',#7243,#7244,#7245);
#7243 = CARTESIAN_POINT('',(0.7,-0.2,0.475));
#7244 = DIRECTION('',(1.110223024625E-16,-1.,0.));
#7245 = DIRECTION('',(0.984807753012,1.093356242223E-16,0.173648177667)
  );
#7246 = PLANE('',#7247);
#7247 = AXIS2_PLACEMENT_3D('',#7248,#7249,#7250);
#7248 = CARTESIAN_POINT('',(0.931323080229,-0.2,0.33452717391));
#7249 = DIRECTION('',(1.110223024625E-16,-1.,0.));
#7250 = DIRECTION('',(0.,0.,1.));
#7251 = ADVANCED_FACE('',(#7252),#7263,.T.);
#7252 = FACE_BOUND('',#7253,.T.);
#7253 = EDGE_LOOP('',(#7254,#7255,#7256,#7257));
#7254 = ORIENTED_EDGE('',*,*,#6981,.T.);
#7255 = ORIENTED_EDGE('',*,*,#6488,.T.);
#7256 = ORIENTED_EDGE('',*,*,#7073,.F.);
#7257 = ORIENTED_EDGE('',*,*,#7258,.F.);
#7258 = EDGE_CURVE('',#6974,#7066,#7259,.T.);
#7259 = LINE('',#7260,#7261);
#7260 = CARTESIAN_POINT('',(-0.946201938253,0.75,0.518412044417));
#7261 = VECTOR('',#7262,1.);
#7262 = DIRECTION('',(1.144237745222E-17,1.,0.));
#7263 = CYLINDRICAL_SURFACE('',#7264,0.25);
#7264 = AXIS2_PLACEMENT_3D('',#7265,#7266,#7267);
#7265 = CARTESIAN_POINT('',(-0.7,0.75,0.475));
#7266 = DIRECTION('',(-1.144237745222E-17,-1.,0.));
#7267 = DIRECTION('',(-0.984807753012,1.126854202784E-17,0.173648177667)
  );
#7268 = ADVANCED_FACE('',(#7269),#7280,.F.);
#7269 = FACE_BOUND('',#7270,.F.);
#7270 = EDGE_LOOP('',(#7271,#7272,#7278,#7279));
#7271 = ORIENTED_EDGE('',*,*,#6699,.F.);
#7272 = ORIENTED_EDGE('',*,*,#7273,.T.);
#7273 = EDGE_CURVE('',#6202,#6257,#7274,.T.);
#7274 = LINE('',#7275,#7276);
#7275 = CARTESIAN_POINT('',(-0.7,-1.15,0.725));
#7276 = VECTOR('',#7277,1.);
#7277 = DIRECTION('',(1.144237745222E-17,1.,0.));
#7278 = ORIENTED_EDGE('',*,*,#6907,.T.);
#7279 = ORIENTED_EDGE('',*,*,#6519,.F.);
#7280 = PLANE('',#7281);
#7281 = AXIS2_PLACEMENT_3D('',#7282,#7283,#7284);
#7282 = CARTESIAN_POINT('',(-0.7,-1.15,0.725));
#7283 = DIRECTION('',(0.,0.,-1.));
#7284 = DIRECTION('',(1.,-1.144237745222E-17,0.));
#7285 = ADVANCED_FACE('',(#7286,#7315),#7326,.T.);
#7286 = FACE_BOUND('',#7287,.T.);
#7287 = EDGE_LOOP('',(#7288,#7289,#7290,#7291,#7299,#7307,#7313,#7314));
#7288 = ORIENTED_EDGE('',*,*,#6594,.F.);
#7289 = ORIENTED_EDGE('',*,*,#6571,.F.);
#7290 = ORIENTED_EDGE('',*,*,#6542,.F.);
#7291 = ORIENTED_EDGE('',*,*,#7292,.F.);
#7292 = EDGE_CURVE('',#7293,#6543,#7295,.T.);
#7293 = VERTEX_POINT('',#7294);
#7294 = CARTESIAN_POINT('',(-0.559121551758,-1.408243103516,1.2));
#7295 = LINE('',#7296,#7297);
#7296 = CARTESIAN_POINT('',(-0.559121551758,-1.408243103516,1.2));
#7297 = VECTOR('',#7298,1.);
#7298 = DIRECTION('',(-0.707106781187,0.707106781187,0.));
#7299 = ORIENTED_EDGE('',*,*,#7300,.F.);
#7300 = EDGE_CURVE('',#7301,#7293,#7303,.T.);
#7301 = VERTEX_POINT('',#7302);
#7302 = CARTESIAN_POINT('',(0.559121551758,-1.408243103516,1.2));
#7303 = LINE('',#7304,#7305);
#7304 = CARTESIAN_POINT('',(0.559121551758,-1.408243103516,1.2));
#7305 = VECTOR('',#7306,1.);
#7306 = DIRECTION('',(-1.,-1.110223024625E-16,0.));
#7307 = ORIENTED_EDGE('',*,*,#7308,.F.);
#7308 = EDGE_CURVE('',#6650,#7301,#7309,.T.);
#7309 = LINE('',#7310,#7311);
#7310 = CARTESIAN_POINT('',(0.608243103516,-1.359121551758,1.2));
#7311 = VECTOR('',#7312,1.);
#7312 = DIRECTION('',(-0.707106781187,-0.707106781187,0.));
#7313 = ORIENTED_EDGE('',*,*,#6656,.F.);
#7314 = ORIENTED_EDGE('',*,*,#6617,.F.);
#7315 = FACE_BOUND('',#7316,.T.);
#7316 = EDGE_LOOP('',(#7317));
#7317 = ORIENTED_EDGE('',*,*,#7318,.T.);
#7318 = EDGE_CURVE('',#7319,#7319,#7321,.T.);
#7319 = VERTEX_POINT('',#7320);
#7320 = CARTESIAN_POINT('',(-0.428243103516,1.178243103516,1.2));
#7321 = CIRCLE('',#7322,5.E-02);
#7322 = AXIS2_PLACEMENT_3D('',#7323,#7324,#7325);
#7323 = CARTESIAN_POINT('',(-0.428243103516,1.228243103516,1.2));
#7324 = DIRECTION('',(0.,-0.,-1.));
#7325 = DIRECTION('',(1.110223024625E-16,-1.,0.));
#7326 = PLANE('',#7327);
#7327 = AXIS2_PLACEMENT_3D('',#7328,#7329,#7330);
#7328 = CARTESIAN_POINT('',(-0.559121551758,1.408243103516,1.2));
#7329 = DIRECTION('',(0.,0.,1.));
#7330 = DIRECTION('',(0.369013679242,-0.929423963825,0.));
#7331 = ADVANCED_FACE('',(#7332),#7342,.F.);
#7332 = FACE_BOUND('',#7333,.F.);
#7333 = EDGE_LOOP('',(#7334,#7335,#7336,#7337));
#7334 = ORIENTED_EDGE('',*,*,#6706,.T.);
#7335 = ORIENTED_EDGE('',*,*,#6550,.T.);
#7336 = ORIENTED_EDGE('',*,*,#7292,.F.);
#7337 = ORIENTED_EDGE('',*,*,#7338,.F.);
#7338 = EDGE_CURVE('',#6707,#7293,#7339,.T.);
#7339 = B_SPLINE_CURVE_WITH_KNOTS('',1,(#7340,#7341),.UNSPECIFIED.,.F.,
  .F.,(2,2),(0.,1.),.PIECEWISE_BEZIER_KNOTS.);
#7340 = CARTESIAN_POINT('',(-0.5925,-1.475,0.725));
#7341 = CARTESIAN_POINT('',(-0.559121551758,-1.408243103516,1.2));
#7342 = B_SPLINE_SURFACE_WITH_KNOTS('',1,1,(
    (#7343,#7344)
    ,(#7345,#7346
    )),.UNSPECIFIED.,.F.,.F.,.F.,(2,2),(2,2),(0.,0.116672618896),(0.,1.)
  ,.PIECEWISE_BEZIER_KNOTS.);
#7343 = CARTESIAN_POINT('',(-0.5925,-1.475,0.725));
#7344 = CARTESIAN_POINT('',(-0.559121551758,-1.408243103516,1.2));
#7345 = CARTESIAN_POINT('',(-0.675,-1.3925,0.725));
#7346 = CARTESIAN_POINT('',(-0.608243103516,-1.359121551758,1.2));
#7347 = ADVANCED_FACE('',(#7348),#7358,.F.);
#7348 = FACE_BOUND('',#7349,.F.);
#7349 = EDGE_LOOP('',(#7350,#7351,#7356,#7357));
#7350 = ORIENTED_EDGE('',*,*,#6722,.T.);
#7351 = ORIENTED_EDGE('',*,*,#7352,.T.);
#7352 = EDGE_CURVE('',#6715,#7301,#7353,.T.);
#7353 = B_SPLINE_CURVE_WITH_KNOTS('',1,(#7354,#7355),.UNSPECIFIED.,.F.,
  .F.,(2,2),(0.,1.),.PIECEWISE_BEZIER_KNOTS.);
#7354 = CARTESIAN_POINT('',(0.5925,-1.475,0.725));
#7355 = CARTESIAN_POINT('',(0.559121551758,-1.408243103516,1.2));
#7356 = ORIENTED_EDGE('',*,*,#7308,.F.);
#7357 = ORIENTED_EDGE('',*,*,#6649,.F.);
#7358 = B_SPLINE_SURFACE_WITH_KNOTS('',1,1,(
    (#7359,#7360)
    ,(#7361,#7362
    )),.UNSPECIFIED.,.F.,.F.,.F.,(2,2),(2,2),(0.,0.116672618896),(0.,1.)
  ,.PIECEWISE_BEZIER_KNOTS.);
#7359 = CARTESIAN_POINT('',(0.675,-1.3925,0.725));
#7360 = CARTESIAN_POINT('',(0.608243103516,-1.359121551758,1.2));
#7361 = CARTESIAN_POINT('',(0.5925,-1.475,0.725));
#7362 = CARTESIAN_POINT('',(0.559121551758,-1.408243103516,1.2));
#7363 = ADVANCED_FACE('',(#7364),#7375,.T.);
#7364 = FACE_BOUND('',#7365,.T.);
#7365 = EDGE_LOOP('',(#7366,#7367,#7368,#7369));
#7366 = ORIENTED_EDGE('',*,*,#7148,.T.);
#7367 = ORIENTED_EDGE('',*,*,#6672,.T.);
#7368 = ORIENTED_EDGE('',*,*,#7240,.F.);
#7369 = ORIENTED_EDGE('',*,*,#7370,.F.);
#7370 = EDGE_CURVE('',#7141,#7233,#7371,.T.);
#7371 = LINE('',#7372,#7373);
#7372 = CARTESIAN_POINT('',(0.946201938253,0.2,0.518412044417));
#7373 = VECTOR('',#7374,1.);
#7374 = DIRECTION('',(1.110223024625E-16,-1.,0.));
#7375 = CYLINDRICAL_SURFACE('',#7376,0.25);
#7376 = AXIS2_PLACEMENT_3D('',#7377,#7378,#7379);
#7377 = CARTESIAN_POINT('',(0.7,0.2,0.475));
#7378 = DIRECTION('',(-1.110223024625E-16,1.,0.));
#7379 = DIRECTION('',(0.984807753012,1.093356242223E-16,0.173648177667)
  );
#7380 = ADVANCED_FACE('',(#7381),#7387,.F.);
#7381 = FACE_BOUND('',#7382,.F.);
#7382 = EDGE_LOOP('',(#7383,#7384,#7385,#7386));
#7383 = ORIENTED_EDGE('',*,*,#6714,.T.);
#7384 = ORIENTED_EDGE('',*,*,#7338,.T.);
#7385 = ORIENTED_EDGE('',*,*,#7300,.F.);
#7386 = ORIENTED_EDGE('',*,*,#7352,.F.);
#7387 = B_SPLINE_SURFACE_WITH_KNOTS('',1,1,(
    (#7388,#7389)
    ,(#7390,#7391
    )),.UNSPECIFIED.,.F.,.F.,.F.,(2,2),(2,2),(0.,1.185),(0.,1.),
  .PIECEWISE_BEZIER_KNOTS.);
#7388 = CARTESIAN_POINT('',(0.5925,-1.475,0.725));
#7389 = CARTESIAN_POINT('',(0.559121551758,-1.408243103516,1.2));
#7390 = CARTESIAN_POINT('',(-0.5925,-1.475,0.725));
#7391 = CARTESIAN_POINT('',(-0.559121551758,-1.408243103516,1.2));
#7392 = ADVANCED_FACE('',(#7393),#7404,.T.);
#7393 = FACE_BOUND('',#7394,.T.);
#7394 = EDGE_LOOP('',(#7395,#7396,#7397,#7398));
#7395 = ORIENTED_EDGE('',*,*,#6797,.T.);
#7396 = ORIENTED_EDGE('',*,*,#7273,.T.);
#7397 = ORIENTED_EDGE('',*,*,#6889,.F.);
#7398 = ORIENTED_EDGE('',*,*,#7399,.F.);
#7399 = EDGE_CURVE('',#6790,#6882,#7400,.T.);
#7400 = LINE('',#7401,#7402);
#7401 = CARTESIAN_POINT('',(-0.946201938253,-1.15,0.518412044417));
#7402 = VECTOR('',#7403,1.);
#7403 = DIRECTION('',(1.144237745222E-17,1.,0.));
#7404 = CYLINDRICAL_SURFACE('',#7405,0.25);
#7405 = AXIS2_PLACEMENT_3D('',#7406,#7407,#7408);
#7406 = CARTESIAN_POINT('',(-0.7,-1.15,0.475));
#7407 = DIRECTION('',(-1.144237745222E-17,-1.,0.));
#7408 = DIRECTION('',(-0.984807753012,1.126854202784E-17,0.173648177667)
  );
#7409 = ADVANCED_FACE('',(#7410),#7421,.F.);
#7410 = FACE_BOUND('',#7411,.F.);
#7411 = EDGE_LOOP('',(#7412,#7418,#7419,#7420));
#7412 = ORIENTED_EDGE('',*,*,#7413,.T.);
#7413 = EDGE_CURVE('',#6781,#6873,#7414,.T.);
#7414 = LINE('',#7415,#7416);
#7415 = CARTESIAN_POINT('',(-0.991192795358,-1.15,0.232635182233));
#7416 = VECTOR('',#7417,1.);
#7417 = DIRECTION('',(1.144237745222E-17,1.,0.));
#7418 = ORIENTED_EDGE('',*,*,#6881,.T.);
#7419 = ORIENTED_EDGE('',*,*,#7399,.F.);
#7420 = ORIENTED_EDGE('',*,*,#6789,.F.);
#7421 = PLANE('',#7422);
#7422 = AXIS2_PLACEMENT_3D('',#7423,#7424,#7425);
#7423 = CARTESIAN_POINT('',(-0.991192795358,-1.15,0.232635182233));
#7424 = DIRECTION('',(0.987833053268,-1.130315865527E-17,-0.155518033909
    ));
#7425 = DIRECTION('',(0.155518033909,-1.779496044609E-18,0.987833053268)
  );
#7426 = ADVANCED_FACE('',(#7427),#7438,.F.);
#7427 = FACE_BOUND('',#7428,.F.);
#7428 = EDGE_LOOP('',(#7429,#7435,#7436,#7437));
#7429 = ORIENTED_EDGE('',*,*,#7430,.T.);
#7430 = EDGE_CURVE('',#6773,#6865,#7431,.T.);
#7431 = LINE('',#7432,#7433);
#7432 = CARTESIAN_POINT('',(-1.089673570659,-1.15,0.15));
#7433 = VECTOR('',#7434,1.);
#7434 = DIRECTION('',(1.144237745222E-17,1.,0.));
#7435 = ORIENTED_EDGE('',*,*,#6872,.T.);
#7436 = ORIENTED_EDGE('',*,*,#7413,.F.);
#7437 = ORIENTED_EDGE('',*,*,#6780,.F.);
#7438 = CYLINDRICAL_SURFACE('',#7439,0.1);
#7439 = AXIS2_PLACEMENT_3D('',#7440,#7441,#7442);
#7440 = CARTESIAN_POINT('',(-1.089673570659,-1.15,0.25));
#7441 = DIRECTION('',(-1.144237745222E-17,-1.,0.));
#7442 = DIRECTION('',(-2.22044604925E-15,2.540718180781E-32,-1.));
#7443 = ADVANCED_FACE('',(#7444),#7455,.F.);
#7444 = FACE_BOUND('',#7445,.F.);
#7445 = EDGE_LOOP('',(#7446,#7452,#7453,#7454));
#7446 = ORIENTED_EDGE('',*,*,#7447,.T.);
#7447 = EDGE_CURVE('',#6765,#6857,#7448,.T.);
#7448 = LINE('',#7449,#7450);
#7449 = CARTESIAN_POINT('',(-1.25,-1.15,0.15));
#7450 = VECTOR('',#7451,1.);
#7451 = DIRECTION('',(1.144237745222E-17,1.,0.));
#7452 = ORIENTED_EDGE('',*,*,#6864,.T.);
#7453 = ORIENTED_EDGE('',*,*,#7430,.F.);
#7454 = ORIENTED_EDGE('',*,*,#6772,.F.);
#7455 = PLANE('',#7456);
#7456 = AXIS2_PLACEMENT_3D('',#7457,#7458,#7459);
#7457 = CARTESIAN_POINT('',(-1.25,-1.15,0.15));
#7458 = DIRECTION('',(0.,0.,-1.));
#7459 = DIRECTION('',(1.,-1.144237745222E-17,0.));
#7460 = ADVANCED_FACE('',(#7461),#7472,.F.);
#7461 = FACE_BOUND('',#7462,.F.);
#7462 = EDGE_LOOP('',(#7463,#7469,#7470,#7471));
#7463 = ORIENTED_EDGE('',*,*,#7464,.T.);
#7464 = EDGE_CURVE('',#6757,#6849,#7465,.T.);
#7465 = LINE('',#7466,#7467);
#7466 = CARTESIAN_POINT('',(-1.25,-1.15,5.551115123126E-17));
#7467 = VECTOR('',#7468,1.);
#7468 = DIRECTION('',(1.144237745222E-17,1.,0.));
#7469 = ORIENTED_EDGE('',*,*,#6856,.T.);
#7470 = ORIENTED_EDGE('',*,*,#7447,.F.);
#7471 = ORIENTED_EDGE('',*,*,#6764,.F.);
#7472 = PLANE('',#7473);
#7473 = AXIS2_PLACEMENT_3D('',#7474,#7475,#7476);
#7474 = CARTESIAN_POINT('',(-1.25,-1.15,5.551115123126E-17));
#7475 = DIRECTION('',(1.,-1.144237745222E-17,0.));
#7476 = DIRECTION('',(0.,0.,1.));
#7477 = ADVANCED_FACE('',(#7478),#7489,.F.);
#7478 = FACE_BOUND('',#7479,.F.);
#7479 = EDGE_LOOP('',(#7480,#7486,#7487,#7488));
#7480 = ORIENTED_EDGE('',*,*,#7481,.T.);
#7481 = EDGE_CURVE('',#6748,#6840,#7482,.T.);
#7482 = LINE('',#7483,#7484);
#7483 = CARTESIAN_POINT('',(-1.089673570659,-1.15,5.551115123126E-17));
#7484 = VECTOR('',#7485,1.);
#7485 = DIRECTION('',(1.144237745222E-17,1.,0.));
#7486 = ORIENTED_EDGE('',*,*,#6848,.T.);
#7487 = ORIENTED_EDGE('',*,*,#7464,.F.);
#7488 = ORIENTED_EDGE('',*,*,#6756,.F.);
#7489 = PLANE('',#7490);
#7490 = AXIS2_PLACEMENT_3D('',#7491,#7492,#7493);
#7491 = CARTESIAN_POINT('',(-1.089673570659,-1.15,5.551115123126E-17));
#7492 = DIRECTION('',(0.,0.,1.));
#7493 = DIRECTION('',(-1.,1.144237745222E-17,0.));
#7494 = ADVANCED_FACE('',(#7495),#7501,.T.);
#7495 = FACE_BOUND('',#7496,.T.);
#7496 = EDGE_LOOP('',(#7497,#7498,#7499,#7500));
#7497 = ORIENTED_EDGE('',*,*,#6747,.T.);
#7498 = ORIENTED_EDGE('',*,*,#7481,.T.);
#7499 = ORIENTED_EDGE('',*,*,#6839,.F.);
#7500 = ORIENTED_EDGE('',*,*,#6821,.F.);
#7501 = CYLINDRICAL_SURFACE('',#7502,0.25);
#7502 = AXIS2_PLACEMENT_3D('',#7503,#7504,#7505);
#7503 = CARTESIAN_POINT('',(-1.089673570659,-1.15,0.25));
#7504 = DIRECTION('',(-1.144237745222E-17,-1.,0.));
#7505 = DIRECTION('',(0.984807753012,-1.126854202784E-17,-0.173648177667
    ));
#7506 = ADVANCED_FACE('',(#7507),#7518,.F.);
#7507 = FACE_BOUND('',#7508,.F.);
#7508 = EDGE_LOOP('',(#7509,#7515,#7516,#7517));
#7509 = ORIENTED_EDGE('',*,*,#7510,.T.);
#7510 = EDGE_CURVE('',#6965,#7057,#7511,.T.);
#7511 = LINE('',#7512,#7513);
#7512 = CARTESIAN_POINT('',(-0.991192795358,0.75,0.232635182233));
#7513 = VECTOR('',#7514,1.);
#7514 = DIRECTION('',(1.144237745222E-17,1.,0.));
#7515 = ORIENTED_EDGE('',*,*,#7065,.T.);
#7516 = ORIENTED_EDGE('',*,*,#7258,.F.);
#7517 = ORIENTED_EDGE('',*,*,#6973,.F.);
#7518 = PLANE('',#7519);
#7519 = AXIS2_PLACEMENT_3D('',#7520,#7521,#7522);
#7520 = CARTESIAN_POINT('',(-0.991192795358,0.75,0.232635182233));
#7521 = DIRECTION('',(0.987833053268,-1.130315865527E-17,-0.155518033909
    ));
#7522 = DIRECTION('',(0.155518033909,-1.779496044609E-18,0.987833053268)
  );
#7523 = ADVANCED_FACE('',(#7524),#7535,.F.);
#7524 = FACE_BOUND('',#7525,.F.);
#7525 = EDGE_LOOP('',(#7526,#7532,#7533,#7534));
#7526 = ORIENTED_EDGE('',*,*,#7527,.T.);
#7527 = EDGE_CURVE('',#6957,#7049,#7528,.T.);
#7528 = LINE('',#7529,#7530);
#7529 = CARTESIAN_POINT('',(-1.089673570659,0.75,0.15));
#7530 = VECTOR('',#7531,1.);
#7531 = DIRECTION('',(1.144237745222E-17,1.,0.));
#7532 = ORIENTED_EDGE('',*,*,#7056,.T.);
#7533 = ORIENTED_EDGE('',*,*,#7510,.F.);
#7534 = ORIENTED_EDGE('',*,*,#6964,.F.);
#7535 = CYLINDRICAL_SURFACE('',#7536,0.1);
#7536 = AXIS2_PLACEMENT_3D('',#7537,#7538,#7539);
#7537 = CARTESIAN_POINT('',(-1.089673570659,0.75,0.25));
#7538 = DIRECTION('',(-1.144237745222E-17,-1.,0.));
#7539 = DIRECTION('',(-2.22044604925E-15,2.540718180781E-32,-1.));
#7540 = ADVANCED_FACE('',(#7541),#7552,.F.);
#7541 = FACE_BOUND('',#7542,.F.);
#7542 = EDGE_LOOP('',(#7543,#7549,#7550,#7551));
#7543 = ORIENTED_EDGE('',*,*,#7544,.T.);
#7544 = EDGE_CURVE('',#6949,#7041,#7545,.T.);
#7545 = LINE('',#7546,#7547);
#7546 = CARTESIAN_POINT('',(-1.25,0.75,0.15));
#7547 = VECTOR('',#7548,1.);
#7548 = DIRECTION('',(1.144237745222E-17,1.,0.));
#7549 = ORIENTED_EDGE('',*,*,#7048,.T.);
#7550 = ORIENTED_EDGE('',*,*,#7527,.F.);
#7551 = ORIENTED_EDGE('',*,*,#6956,.F.);
#7552 = PLANE('',#7553);
#7553 = AXIS2_PLACEMENT_3D('',#7554,#7555,#7556);
#7554 = CARTESIAN_POINT('',(-1.25,0.75,0.15));
#7555 = DIRECTION('',(0.,0.,-1.));
#7556 = DIRECTION('',(1.,-1.144237745222E-17,0.));
#7557 = ADVANCED_FACE('',(#7558),#7569,.F.);
#7558 = FACE_BOUND('',#7559,.F.);
#7559 = EDGE_LOOP('',(#7560,#7566,#7567,#7568));
#7560 = ORIENTED_EDGE('',*,*,#7561,.T.);
#7561 = EDGE_CURVE('',#6941,#7033,#7562,.T.);
#7562 = LINE('',#7563,#7564);
#7563 = CARTESIAN_POINT('',(-1.25,0.75,5.551115123126E-17));
#7564 = VECTOR('',#7565,1.);
#7565 = DIRECTION('',(1.144237745222E-17,1.,0.));
#7566 = ORIENTED_EDGE('',*,*,#7040,.T.);
#7567 = ORIENTED_EDGE('',*,*,#7544,.F.);
#7568 = ORIENTED_EDGE('',*,*,#6948,.F.);
#7569 = PLANE('',#7570);
#7570 = AXIS2_PLACEMENT_3D('',#7571,#7572,#7573);
#7571 = CARTESIAN_POINT('',(-1.25,0.75,5.551115123126E-17));
#7572 = DIRECTION('',(1.,-1.144237745222E-17,0.));
#7573 = DIRECTION('',(0.,0.,1.));
#7574 = ADVANCED_FACE('',(#7575),#7586,.F.);
#7575 = FACE_BOUND('',#7576,.F.);
#7576 = EDGE_LOOP('',(#7577,#7583,#7584,#7585));
#7577 = ORIENTED_EDGE('',*,*,#7578,.T.);
#7578 = EDGE_CURVE('',#6932,#7024,#7579,.T.);
#7579 = LINE('',#7580,#7581);
#7580 = CARTESIAN_POINT('',(-1.089673570659,0.75,5.551115123126E-17));
#7581 = VECTOR('',#7582,1.);
#7582 = DIRECTION('',(1.144237745222E-17,1.,0.));
#7583 = ORIENTED_EDGE('',*,*,#7032,.T.);
#7584 = ORIENTED_EDGE('',*,*,#7561,.F.);
#7585 = ORIENTED_EDGE('',*,*,#6940,.F.);
#7586 = PLANE('',#7587);
#7587 = AXIS2_PLACEMENT_3D('',#7588,#7589,#7590);
#7588 = CARTESIAN_POINT('',(-1.089673570659,0.75,5.551115123126E-17));
#7589 = DIRECTION('',(0.,0.,1.));
#7590 = DIRECTION('',(-1.,1.144237745222E-17,0.));
#7591 = ADVANCED_FACE('',(#7592),#7598,.T.);
#7592 = FACE_BOUND('',#7593,.T.);
#7593 = EDGE_LOOP('',(#7594,#7595,#7596,#7597));
#7594 = ORIENTED_EDGE('',*,*,#6931,.T.);
#7595 = ORIENTED_EDGE('',*,*,#7578,.T.);
#7596 = ORIENTED_EDGE('',*,*,#7023,.F.);
#7597 = ORIENTED_EDGE('',*,*,#7005,.F.);
#7598 = CYLINDRICAL_SURFACE('',#7599,0.25);
#7599 = AXIS2_PLACEMENT_3D('',#7600,#7601,#7602);
#7600 = CARTESIAN_POINT('',(-1.089673570659,0.75,0.25));
#7601 = DIRECTION('',(-1.144237745222E-17,-1.,0.));
#7602 = DIRECTION('',(0.984807753012,-1.126854202784E-17,-0.173648177667
    ));
#7603 = ADVANCED_FACE('',(#7604),#7615,.F.);
#7604 = FACE_BOUND('',#7605,.F.);
#7605 = EDGE_LOOP('',(#7606,#7612,#7613,#7614));
#7606 = ORIENTED_EDGE('',*,*,#7607,.T.);
#7607 = EDGE_CURVE('',#7132,#7224,#7608,.T.);
#7608 = LINE('',#7609,#7610);
#7609 = CARTESIAN_POINT('',(0.991192795358,0.2,0.232635182233));
#7610 = VECTOR('',#7611,1.);
#7611 = DIRECTION('',(1.110223024625E-16,-1.,0.));
#7612 = ORIENTED_EDGE('',*,*,#7232,.T.);
#7613 = ORIENTED_EDGE('',*,*,#7370,.F.);
#7614 = ORIENTED_EDGE('',*,*,#7140,.F.);
#7615 = PLANE('',#7616);
#7616 = AXIS2_PLACEMENT_3D('',#7617,#7618,#7619);
#7617 = CARTESIAN_POINT('',(0.991192795358,0.2,0.232635182233));
#7618 = DIRECTION('',(-0.987833053268,-1.096715000224E-16,
    -0.155518033909));
#7619 = DIRECTION('',(-0.155518033909,-1.726597019897E-17,0.987833053268
    ));
#7620 = ADVANCED_FACE('',(#7621),#7632,.F.);
#7621 = FACE_BOUND('',#7622,.F.);
#7622 = EDGE_LOOP('',(#7623,#7629,#7630,#7631));
#7623 = ORIENTED_EDGE('',*,*,#7624,.T.);
#7624 = EDGE_CURVE('',#7124,#7216,#7625,.T.);
#7625 = LINE('',#7626,#7627);
#7626 = CARTESIAN_POINT('',(1.089673570659,0.2,0.15));
#7627 = VECTOR('',#7628,1.);
#7628 = DIRECTION('',(1.110223024625E-16,-1.,0.));
#7629 = ORIENTED_EDGE('',*,*,#7223,.T.);
#7630 = ORIENTED_EDGE('',*,*,#7607,.F.);
#7631 = ORIENTED_EDGE('',*,*,#7131,.F.);
#7632 = CYLINDRICAL_SURFACE('',#7633,0.1);
#7633 = AXIS2_PLACEMENT_3D('',#7634,#7635,#7636);
#7634 = CARTESIAN_POINT('',(1.089673570659,0.2,0.25));
#7635 = DIRECTION('',(-1.110223024625E-16,1.,0.));
#7636 = DIRECTION('',(2.22044604925E-15,2.465190328815E-31,-1.));
#7637 = ADVANCED_FACE('',(#7638),#7649,.F.);
#7638 = FACE_BOUND('',#7639,.F.);
#7639 = EDGE_LOOP('',(#7640,#7646,#7647,#7648));
#7640 = ORIENTED_EDGE('',*,*,#7641,.T.);
#7641 = EDGE_CURVE('',#7116,#7208,#7642,.T.);
#7642 = LINE('',#7643,#7644);
#7643 = CARTESIAN_POINT('',(1.25,0.2,0.15));
#7644 = VECTOR('',#7645,1.);
#7645 = DIRECTION('',(1.110223024625E-16,-1.,0.));
#7646 = ORIENTED_EDGE('',*,*,#7215,.T.);
#7647 = ORIENTED_EDGE('',*,*,#7624,.F.);
#7648 = ORIENTED_EDGE('',*,*,#7123,.F.);
#7649 = PLANE('',#7650);
#7650 = AXIS2_PLACEMENT_3D('',#7651,#7652,#7653);
#7651 = CARTESIAN_POINT('',(1.25,0.2,0.15));
#7652 = DIRECTION('',(0.,0.,-1.));
#7653 = DIRECTION('',(-1.,-1.110223024625E-16,-0.));
#7654 = ADVANCED_FACE('',(#7655),#7666,.F.);
#7655 = FACE_BOUND('',#7656,.F.);
#7656 = EDGE_LOOP('',(#7657,#7663,#7664,#7665));
#7657 = ORIENTED_EDGE('',*,*,#7658,.T.);
#7658 = EDGE_CURVE('',#7108,#7200,#7659,.T.);
#7659 = LINE('',#7660,#7661);
#7660 = CARTESIAN_POINT('',(1.25,0.2,5.551115123126E-17));
#7661 = VECTOR('',#7662,1.);
#7662 = DIRECTION('',(1.110223024625E-16,-1.,0.));
#7663 = ORIENTED_EDGE('',*,*,#7207,.T.);
#7664 = ORIENTED_EDGE('',*,*,#7641,.F.);
#7665 = ORIENTED_EDGE('',*,*,#7115,.F.);
#7666 = PLANE('',#7667);
#7667 = AXIS2_PLACEMENT_3D('',#7668,#7669,#7670);
#7668 = CARTESIAN_POINT('',(1.25,0.2,5.551115123126E-17));
#7669 = DIRECTION('',(-1.,-1.110223024625E-16,0.));
#7670 = DIRECTION('',(0.,0.,1.));
#7671 = ADVANCED_FACE('',(#7672),#7683,.F.);
#7672 = FACE_BOUND('',#7673,.F.);
#7673 = EDGE_LOOP('',(#7674,#7680,#7681,#7682));
#7674 = ORIENTED_EDGE('',*,*,#7675,.T.);
#7675 = EDGE_CURVE('',#7099,#7191,#7676,.T.);
#7676 = LINE('',#7677,#7678);
#7677 = CARTESIAN_POINT('',(1.089673570659,0.2,5.551115123126E-17));
#7678 = VECTOR('',#7679,1.);
#7679 = DIRECTION('',(1.110223024625E-16,-1.,0.));
#7680 = ORIENTED_EDGE('',*,*,#7199,.T.);
#7681 = ORIENTED_EDGE('',*,*,#7658,.F.);
#7682 = ORIENTED_EDGE('',*,*,#7107,.F.);
#7683 = PLANE('',#7684);
#7684 = AXIS2_PLACEMENT_3D('',#7685,#7686,#7687);
#7685 = CARTESIAN_POINT('',(1.089673570659,0.2,5.551115123126E-17));
#7686 = DIRECTION('',(0.,0.,1.));
#7687 = DIRECTION('',(1.,1.110223024625E-16,-0.));
#7688 = ADVANCED_FACE('',(#7689),#7695,.T.);
#7689 = FACE_BOUND('',#7690,.T.);
#7690 = EDGE_LOOP('',(#7691,#7692,#7693,#7694));
#7691 = ORIENTED_EDGE('',*,*,#7098,.T.);
#7692 = ORIENTED_EDGE('',*,*,#7675,.T.);
#7693 = ORIENTED_EDGE('',*,*,#7190,.F.);
#7694 = ORIENTED_EDGE('',*,*,#7172,.F.);
#7695 = CYLINDRICAL_SURFACE('',#7696,0.25);
#7696 = AXIS2_PLACEMENT_3D('',#7697,#7698,#7699);
#7697 = CARTESIAN_POINT('',(1.089673570659,0.2,0.25));
#7698 = DIRECTION('',(-1.110223024625E-16,1.,0.));
#7699 = DIRECTION('',(-0.984807753012,-1.093356242223E-16,
    -0.173648177667));
#7700 = ADVANCED_FACE('',(#7701),#7704,.F.);
#7701 = FACE_BOUND('',#7702,.T.);
#7702 = EDGE_LOOP('',(#7703));
#7703 = ORIENTED_EDGE('',*,*,#7318,.F.);
#7704 = PLANE('',#7705);
#7705 = AXIS2_PLACEMENT_3D('',#7706,#7707,#7708);
#7706 = CARTESIAN_POINT('',(-0.428243103516,1.228243103516,1.2));
#7707 = DIRECTION('',(0.,0.,-1.));
#7708 = DIRECTION('',(1.110223024625E-16,-1.,0.));
#7709 = ( GEOMETRIC_REPRESENTATION_CONTEXT(3) 
GLOBAL_UNCERTAINTY_ASSIGNED_CONTEXT((#7713)) 
GLOBAL_UNIT_ASSIGNED_CONTEXT((#7710,#7711,#7712)) REPRESENTATION_CONTEXT
('Context #1','3D Context with UNIT and UNCERTAINTY') );
#7710 = ( LENGTH_UNIT() NAMED_UNIT(*) SI_UNIT(.MILLI.,.METRE.) );
#7711 = ( NAMED_UNIT(*) PLANE_ANGLE_UNIT() SI_UNIT($,.RADIAN.) );
#7712 = ( NAMED_UNIT(*) SI_UNIT($,.STERADIAN.) SOLID_ANGLE_UNIT() );
#7713 = UNCERTAINTY_MEASURE_WITH_UNIT(LENGTH_MEASURE(1.E-07),#7710,
  'distance_accuracy_value','confusion accuracy');
#7714 = CONTEXT_DEPENDENT_SHAPE_REPRESENTATION(#7715,#7717);
#7715 = ( REPRESENTATION_RELATIONSHIP('','',#5726,#10) 
REPRESENTATION_RELATIONSHIP_WITH_TRANSFORMATION(#7716) 
SHAPE_REPRESENTATION_RELATIONSHIP() );
#7716 = ITEM_DEFINED_TRANSFORMATION('','',#11,#35);
#7717 = PRODUCT_DEFINITION_SHAPE('Placement','Placement of an item',
  #7718);
#7718 = NEXT_ASSEMBLY_USAGE_OCCURRENCE('6','Q1','',#5,#5721,$);
#7719 = PRODUCT_RELATED_PRODUCT_CATEGORY('part',$,(#5723));
#7720 = SHAPE_DEFINITION_REPRESENTATION(#7721,#7727);
#7721 = PRODUCT_DEFINITION_SHAPE('','',#7722);
#7722 = PRODUCT_DEFINITION('design','',#7723,#7726);
#7723 = PRODUCT_DEFINITION_FORMATION('','',#7724);
#7724 = PRODUCT(
  '',
  '','',(#7725)
  );
#7725 = PRODUCT_CONTEXT('',#2,'mechanical');
#7726 = PRODUCT_DEFINITION_CONTEXT('part definition',#2,'design');
#7727 = ADVANCED_BREP_SHAPE_REPRESENTATION('',(#11,#7728),#11403);
#7728 = MANIFOLD_SOLID_BREP('',#7729);
#7729 = CLOSED_SHELL('',(#7730,#7826,#7857,#7914,#7938,#7962,#8143,#8167
    ,#8191,#8208,#8334,#8351,#8389,#8500,#8611,#8722,#8734,#8758,#8782,
    #8799,#8830,#8854,#8878,#8895,#8926,#8950,#8974,#8991,#9022,#9046,
    #9070,#9087,#9116,#9139,#9162,#9179,#9208,#9231,#9254,#9271,#9300,
    #9323,#9346,#9363,#9375,#9391,#9424,#9449,#9487,#9519,#9550,#9560,
    #9578,#9594,#9627,#9652,#9690,#9722,#9753,#9763,#9781,#9797,#9830,
    #9855,#9893,#9925,#9956,#9966,#9984,#9996,#10008,#10020,#10051,
    #10068,#10085,#10116,#10133,#10150,#10181,#10198,#10215,#10240,
    #10351,#10406,#10416,#10441,#10552,#10607,#10617,#10642,#10753,
    #10808,#10818,#10834,#10851,#10868,#10885,#10895,#10905,#10936,
    #10960,#10984,#11001,#11017,#11034,#11051,#11068,#11078,#11088,
    #11119,#11143,#11167,#11184,#11200,#11217,#11234,#11251,#11261,
    #11271,#11302,#11326,#11350,#11367,#11379,#11391));
#7730 = ADVANCED_FACE('',(#7731),#7821,.F.);
#7731 = FACE_BOUND('',#7732,.F.);
#7732 = EDGE_LOOP('',(#7733,#7743,#7751,#7759,#7767,#7775,#7783,#7791,
    #7799,#7807,#7815));
#7733 = ORIENTED_EDGE('',*,*,#7734,.T.);
#7734 = EDGE_CURVE('',#7735,#7737,#7739,.T.);
#7735 = VERTEX_POINT('',#7736);
#7736 = CARTESIAN_POINT('',(-2.5,-2.6,13.8));
#7737 = VERTEX_POINT('',#7738);
#7738 = CARTESIAN_POINT('',(-2.5,-4.1,7.4));
#7739 = LINE('',#7740,#7741);
#7740 = CARTESIAN_POINT('',(-2.5,-2.6,13.8));
#7741 = VECTOR('',#7742,1.);
#7742 = DIRECTION('',(0.,-0.228191322789,-0.973616310568));
#7743 = ORIENTED_EDGE('',*,*,#7744,.T.);
#7744 = EDGE_CURVE('',#7737,#7745,#7747,.T.);
#7745 = VERTEX_POINT('',#7746);
#7746 = CARTESIAN_POINT('',(-2.5,-4.6,7.4));
#7747 = LINE('',#7748,#7749);
#7748 = CARTESIAN_POINT('',(-2.5,-4.1,7.4));
#7749 = VECTOR('',#7750,1.);
#7750 = DIRECTION('',(0.,-1.,0.));
#7751 = ORIENTED_EDGE('',*,*,#7752,.T.);
#7752 = EDGE_CURVE('',#7745,#7753,#7755,.T.);
#7753 = VERTEX_POINT('',#7754);
#7754 = CARTESIAN_POINT('',(-2.5,-4.6,0.));
#7755 = LINE('',#7756,#7757);
#7756 = CARTESIAN_POINT('',(-2.5,-4.6,13.8));
#7757 = VECTOR('',#7758,1.);
#7758 = DIRECTION('',(0.,0.,-1.));
#7759 = ORIENTED_EDGE('',*,*,#7760,.T.);
#7760 = EDGE_CURVE('',#7753,#7761,#7763,.T.);
#7761 = VERTEX_POINT('',#7762);
#7762 = CARTESIAN_POINT('',(-2.5,-3.83,0.));
#7763 = LINE('',#7764,#7765);
#7764 = CARTESIAN_POINT('',(-2.5,-4.6,0.));
#7765 = VECTOR('',#7766,1.);
#7766 = DIRECTION('',(0.,1.,0.));
#7767 = ORIENTED_EDGE('',*,*,#7768,.T.);
#7768 = EDGE_CURVE('',#7761,#7769,#7771,.T.);
#7769 = VERTEX_POINT('',#7770);
#7770 = CARTESIAN_POINT('',(-2.5,-3.83,7.));
#7771 = LINE('',#7772,#7773);
#7772 = CARTESIAN_POINT('',(-2.5,-3.83,0.));
#7773 = VECTOR('',#7774,1.);
#7774 = DIRECTION('',(0.,0.,1.));
#7775 = ORIENTED_EDGE('',*,*,#7776,.T.);
#7776 = EDGE_CURVE('',#7769,#7777,#7779,.T.);
#7777 = VERTEX_POINT('',#7778);
#7778 = CARTESIAN_POINT('',(-2.5,-3.37,7.));
#7779 = LINE('',#7780,#7781);
#7780 = CARTESIAN_POINT('',(-2.5,-3.83,7.));
#7781 = VECTOR('',#7782,1.);
#7782 = DIRECTION('',(0.,1.,0.));
#7783 = ORIENTED_EDGE('',*,*,#7784,.F.);
#7784 = EDGE_CURVE('',#7785,#7777,#7787,.T.);
#7785 = VERTEX_POINT('',#7786);
#7786 = CARTESIAN_POINT('',(-2.5,-3.37,0.));
#7787 = LINE('',#7788,#7789);
#7788 = CARTESIAN_POINT('',(-2.5,-3.37,0.));
#7789 = VECTOR('',#7790,1.);
#7790 = DIRECTION('',(0.,0.,1.));
#7791 = ORIENTED_EDGE('',*,*,#7792,.T.);
#7792 = EDGE_CURVE('',#7785,#7793,#7795,.T.);
#7793 = VERTEX_POINT('',#7794);
#7794 = CARTESIAN_POINT('',(-2.5,5.2,0.));
#7795 = LINE('',#7796,#7797);
#7796 = CARTESIAN_POINT('',(-2.5,-4.6,0.));
#7797 = VECTOR('',#7798,1.);
#7798 = DIRECTION('',(0.,1.,0.));
#7799 = ORIENTED_EDGE('',*,*,#7800,.T.);
#7800 = EDGE_CURVE('',#7793,#7801,#7803,.T.);
#7801 = VERTEX_POINT('',#7802);
#7802 = CARTESIAN_POINT('',(-2.5,5.2,4.57));
#7803 = LINE('',#7804,#7805);
#7804 = CARTESIAN_POINT('',(-2.5,5.2,0.));
#7805 = VECTOR('',#7806,1.);
#7806 = DIRECTION('',(0.,0.,1.));
#7807 = ORIENTED_EDGE('',*,*,#7808,.F.);
#7808 = EDGE_CURVE('',#7809,#7801,#7811,.T.);
#7809 = VERTEX_POINT('',#7810);
#7810 = CARTESIAN_POINT('',(-2.5,2.2,13.8));
#7811 = LINE('',#7812,#7813);
#7812 = CARTESIAN_POINT('',(-2.5,2.2,13.8));
#7813 = VECTOR('',#7814,1.);
#7814 = DIRECTION('',(0.,0.309109370483,-0.951026496518));
#7815 = ORIENTED_EDGE('',*,*,#7816,.T.);
#7816 = EDGE_CURVE('',#7809,#7735,#7817,.T.);
#7817 = LINE('',#7818,#7819);
#7818 = CARTESIAN_POINT('',(-2.5,5.2,13.8));
#7819 = VECTOR('',#7820,1.);
#7820 = DIRECTION('',(0.,-1.,0.));
#7821 = PLANE('',#7822);
#7822 = AXIS2_PLACEMENT_3D('',#7823,#7824,#7825);
#7823 = CARTESIAN_POINT('',(-2.5,0.3,6.9));
#7824 = DIRECTION('',(1.,0.,0.));
#7825 = DIRECTION('',(0.,0.,1.));
#7826 = ADVANCED_FACE('',(#7827),#7852,.F.);
#7827 = FACE_BOUND('',#7828,.F.);
#7828 = EDGE_LOOP('',(#7829,#7837,#7845,#7851));
#7829 = ORIENTED_EDGE('',*,*,#7830,.T.);
#7830 = EDGE_CURVE('',#7735,#7831,#7833,.T.);
#7831 = VERTEX_POINT('',#7832);
#7832 = CARTESIAN_POINT('',(12.5,-2.6,13.8));
#7833 = LINE('',#7834,#7835);
#7834 = CARTESIAN_POINT('',(-2.5,-2.6,13.8));
#7835 = VECTOR('',#7836,1.);
#7836 = DIRECTION('',(1.,0.,0.));
#7837 = ORIENTED_EDGE('',*,*,#7838,.T.);
#7838 = EDGE_CURVE('',#7831,#7839,#7841,.T.);
#7839 = VERTEX_POINT('',#7840);
#7840 = CARTESIAN_POINT('',(12.5,-4.1,7.4));
#7841 = LINE('',#7842,#7843);
#7842 = CARTESIAN_POINT('',(12.5,-2.6,13.8));
#7843 = VECTOR('',#7844,1.);
#7844 = DIRECTION('',(0.,-0.228191322789,-0.973616310568));
#7845 = ORIENTED_EDGE('',*,*,#7846,.F.);
#7846 = EDGE_CURVE('',#7737,#7839,#7847,.T.);
#7847 = LINE('',#7848,#7849);
#7848 = CARTESIAN_POINT('',(-2.5,-4.1,7.4));
#7849 = VECTOR('',#7850,1.);
#7850 = DIRECTION('',(1.,0.,0.));
#7851 = ORIENTED_EDGE('',*,*,#7734,.F.);
#7852 = PLANE('',#7853);
#7853 = AXIS2_PLACEMENT_3D('',#7854,#7855,#7856);
#7854 = CARTESIAN_POINT('',(-2.5,-2.6,13.8));
#7855 = DIRECTION('',(0.,0.973616310568,-0.228191322789));
#7856 = DIRECTION('',(0.,-0.228191322789,-0.973616310568));
#7857 = ADVANCED_FACE('',(#7858,#7876,#7887,#7898),#7909,.F.);
#7858 = FACE_BOUND('',#7859,.F.);
#7859 = EDGE_LOOP('',(#7860,#7861,#7869,#7875));
#7860 = ORIENTED_EDGE('',*,*,#7816,.F.);
#7861 = ORIENTED_EDGE('',*,*,#7862,.T.);
#7862 = EDGE_CURVE('',#7809,#7863,#7865,.T.);
#7863 = VERTEX_POINT('',#7864);
#7864 = CARTESIAN_POINT('',(12.5,2.2,13.8));
#7865 = LINE('',#7866,#7867);
#7866 = CARTESIAN_POINT('',(-2.5,2.2,13.8));
#7867 = VECTOR('',#7868,1.);
#7868 = DIRECTION('',(1.,0.,0.));
#7869 = ORIENTED_EDGE('',*,*,#7870,.T.);
#7870 = EDGE_CURVE('',#7863,#7831,#7871,.T.);
#7871 = LINE('',#7872,#7873);
#7872 = CARTESIAN_POINT('',(12.5,5.2,13.8));
#7873 = VECTOR('',#7874,1.);
#7874 = DIRECTION('',(0.,-1.,0.));
#7875 = ORIENTED_EDGE('',*,*,#7830,.F.);
#7876 = FACE_BOUND('',#7877,.F.);
#7877 = EDGE_LOOP('',(#7878));
#7878 = ORIENTED_EDGE('',*,*,#7879,.T.);
#7879 = EDGE_CURVE('',#7880,#7880,#7882,.T.);
#7880 = VERTEX_POINT('',#7881);
#7881 = CARTESIAN_POINT('',(7.,-0.2,13.8));
#7882 = CIRCLE('',#7883,2.);
#7883 = AXIS2_PLACEMENT_3D('',#7884,#7885,#7886);
#7884 = CARTESIAN_POINT('',(5.,-0.2,13.8));
#7885 = DIRECTION('',(0.,0.,1.));
#7886 = DIRECTION('',(1.,0.,-0.));
#7887 = FACE_BOUND('',#7888,.F.);
#7888 = EDGE_LOOP('',(#7889));
#7889 = ORIENTED_EDGE('',*,*,#7890,.T.);
#7890 = EDGE_CURVE('',#7891,#7891,#7893,.T.);
#7891 = VERTEX_POINT('',#7892);
#7892 = CARTESIAN_POINT('',(2.,-0.2,13.8));
#7893 = CIRCLE('',#7894,2.);
#7894 = AXIS2_PLACEMENT_3D('',#7895,#7896,#7897);
#7895 = CARTESIAN_POINT('',(0.,-0.2,13.8));
#7896 = DIRECTION('',(0.,0.,1.));
#7897 = DIRECTION('',(1.,0.,-0.));
#7898 = FACE_BOUND('',#7899,.F.);
#7899 = EDGE_LOOP('',(#7900));
#7900 = ORIENTED_EDGE('',*,*,#7901,.T.);
#7901 = EDGE_CURVE('',#7902,#7902,#7904,.T.);
#7902 = VERTEX_POINT('',#7903);
#7903 = CARTESIAN_POINT('',(12.,-0.2,13.8));
#7904 = CIRCLE('',#7905,2.);
#7905 = AXIS2_PLACEMENT_3D('',#7906,#7907,#7908);
#7906 = CARTESIAN_POINT('',(10.,-0.2,13.8));
#7907 = DIRECTION('',(0.,0.,1.));
#7908 = DIRECTION('',(1.,0.,-0.));
#7909 = PLANE('',#7910);
#7910 = AXIS2_PLACEMENT_3D('',#7911,#7912,#7913);
#7911 = CARTESIAN_POINT('',(-2.5,5.2,13.8));
#7912 = DIRECTION('',(0.,0.,-1.));
#7913 = DIRECTION('',(0.,-1.,0.));
#7914 = ADVANCED_FACE('',(#7915),#7933,.T.);
#7915 = FACE_BOUND('',#7916,.T.);
#7916 = EDGE_LOOP('',(#7917,#7918,#7926,#7932));
#7917 = ORIENTED_EDGE('',*,*,#7862,.T.);
#7918 = ORIENTED_EDGE('',*,*,#7919,.T.);
#7919 = EDGE_CURVE('',#7863,#7920,#7922,.T.);
#7920 = VERTEX_POINT('',#7921);
#7921 = CARTESIAN_POINT('',(12.5,5.2,4.57));
#7922 = LINE('',#7923,#7924);
#7923 = CARTESIAN_POINT('',(12.5,2.2,13.8));
#7924 = VECTOR('',#7925,1.);
#7925 = DIRECTION('',(0.,0.309109370483,-0.951026496518));
#7926 = ORIENTED_EDGE('',*,*,#7927,.F.);
#7927 = EDGE_CURVE('',#7801,#7920,#7928,.T.);
#7928 = LINE('',#7929,#7930);
#7929 = CARTESIAN_POINT('',(-2.5,5.2,4.57));
#7930 = VECTOR('',#7931,1.);
#7931 = DIRECTION('',(1.,0.,0.));
#7932 = ORIENTED_EDGE('',*,*,#7808,.F.);
#7933 = PLANE('',#7934);
#7934 = AXIS2_PLACEMENT_3D('',#7935,#7936,#7937);
#7935 = CARTESIAN_POINT('',(-2.5,2.2,13.8));
#7936 = DIRECTION('',(0.,0.951026496518,0.309109370483));
#7937 = DIRECTION('',(0.,0.309109370483,-0.951026496518));
#7938 = ADVANCED_FACE('',(#7939),#7957,.F.);
#7939 = FACE_BOUND('',#7940,.F.);
#7940 = EDGE_LOOP('',(#7941,#7942,#7950,#7956));
#7941 = ORIENTED_EDGE('',*,*,#7800,.F.);
#7942 = ORIENTED_EDGE('',*,*,#7943,.T.);
#7943 = EDGE_CURVE('',#7793,#7944,#7946,.T.);
#7944 = VERTEX_POINT('',#7945);
#7945 = CARTESIAN_POINT('',(12.5,5.2,0.));
#7946 = LINE('',#7947,#7948);
#7947 = CARTESIAN_POINT('',(-2.5,5.2,0.));
#7948 = VECTOR('',#7949,1.);
#7949 = DIRECTION('',(1.,0.,0.));
#7950 = ORIENTED_EDGE('',*,*,#7951,.T.);
#7951 = EDGE_CURVE('',#7944,#7920,#7952,.T.);
#7952 = LINE('',#7953,#7954);
#7953 = CARTESIAN_POINT('',(12.5,5.2,0.));
#7954 = VECTOR('',#7955,1.);
#7955 = DIRECTION('',(0.,0.,1.));
#7956 = ORIENTED_EDGE('',*,*,#7927,.F.);
#7957 = PLANE('',#7958);
#7958 = AXIS2_PLACEMENT_3D('',#7959,#7960,#7961);
#7959 = CARTESIAN_POINT('',(-2.5,5.2,0.));
#7960 = DIRECTION('',(0.,-1.,0.));
#7961 = DIRECTION('',(0.,0.,1.));
#7962 = ADVANCED_FACE('',(#7963,#8036,#8070,#8104),#8138,.T.);
#7963 = FACE_BOUND('',#7964,.T.);
#7964 = EDGE_LOOP('',(#7965,#7966,#7974,#7982,#7988,#7989,#7990,#7998,
    #8006,#8014,#8022,#8030));
#7965 = ORIENTED_EDGE('',*,*,#7760,.T.);
#7966 = ORIENTED_EDGE('',*,*,#7967,.F.);
#7967 = EDGE_CURVE('',#7968,#7761,#7970,.T.);
#7968 = VERTEX_POINT('',#7969);
#7969 = CARTESIAN_POINT('',(-3.24,-4.06,0.));
#7970 = LINE('',#7971,#7972);
#7971 = CARTESIAN_POINT('',(-3.24,-4.06,0.));
#7972 = VECTOR('',#7973,1.);
#7973 = DIRECTION('',(0.954938084056,0.296805080179,0.));
#7974 = ORIENTED_EDGE('',*,*,#7975,.F.);
#7975 = EDGE_CURVE('',#7976,#7968,#7978,.T.);
#7976 = VERTEX_POINT('',#7977);
#7977 = CARTESIAN_POINT('',(-3.24,-3.14,0.));
#7978 = LINE('',#7979,#7980);
#7979 = CARTESIAN_POINT('',(-3.24,-3.14,0.));
#7980 = VECTOR('',#7981,1.);
#7981 = DIRECTION('',(0.,-1.,0.));
#7982 = ORIENTED_EDGE('',*,*,#7983,.F.);
#7983 = EDGE_CURVE('',#7785,#7976,#7984,.T.);
#7984 = LINE('',#7985,#7986);
#7985 = CARTESIAN_POINT('',(-2.5,-3.37,0.));
#7986 = VECTOR('',#7987,1.);
#7987 = DIRECTION('',(-0.954938084056,0.296805080179,0.));
#7988 = ORIENTED_EDGE('',*,*,#7792,.T.);
#7989 = ORIENTED_EDGE('',*,*,#7943,.T.);
#7990 = ORIENTED_EDGE('',*,*,#7991,.F.);
#7991 = EDGE_CURVE('',#7992,#7944,#7994,.T.);
#7992 = VERTEX_POINT('',#7993);
#7993 = CARTESIAN_POINT('',(12.5,-3.37,0.));
#7994 = LINE('',#7995,#7996);
#7995 = CARTESIAN_POINT('',(12.5,-4.6,0.));
#7996 = VECTOR('',#7997,1.);
#7997 = DIRECTION('',(0.,1.,0.));
#7998 = ORIENTED_EDGE('',*,*,#7999,.T.);
#7999 = EDGE_CURVE('',#7992,#8000,#8002,.T.);
#8000 = VERTEX_POINT('',#8001);
#8001 = CARTESIAN_POINT('',(11.76,-3.14,0.));
#8002 = LINE('',#8003,#8004);
#8003 = CARTESIAN_POINT('',(12.5,-3.37,0.));
#8004 = VECTOR('',#8005,1.);
#8005 = DIRECTION('',(-0.954938084056,0.296805080179,0.));
#8006 = ORIENTED_EDGE('',*,*,#8007,.T.);
#8007 = EDGE_CURVE('',#8000,#8008,#8010,.T.);
#8008 = VERTEX_POINT('',#8009);
#8009 = CARTESIAN_POINT('',(11.76,-4.06,0.));
#8010 = LINE('',#8011,#8012);
#8011 = CARTESIAN_POINT('',(11.76,-3.14,0.));
#8012 = VECTOR('',#8013,1.);
#8013 = DIRECTION('',(0.,-1.,0.));
#8014 = ORIENTED_EDGE('',*,*,#8015,.T.);
#8015 = EDGE_CURVE('',#8008,#8016,#8018,.T.);
#8016 = VERTEX_POINT('',#8017);
#8017 = CARTESIAN_POINT('',(12.5,-3.83,0.));
#8018 = LINE('',#8019,#8020);
#8019 = CARTESIAN_POINT('',(11.76,-4.06,0.));
#8020 = VECTOR('',#8021,1.);
#8021 = DIRECTION('',(0.954938084056,0.296805080179,0.));
#8022 = ORIENTED_EDGE('',*,*,#8023,.F.);
#8023 = EDGE_CURVE('',#8024,#8016,#8026,.T.);
#8024 = VERTEX_POINT('',#8025);
#8025 = CARTESIAN_POINT('',(12.5,-4.6,0.));
#8026 = LINE('',#8027,#8028);
#8027 = CARTESIAN_POINT('',(12.5,-4.6,0.));
#8028 = VECTOR('',#8029,1.);
#8029 = DIRECTION('',(0.,1.,0.));
#8030 = ORIENTED_EDGE('',*,*,#8031,.F.);
#8031 = EDGE_CURVE('',#7753,#8024,#8032,.T.);
#8032 = LINE('',#8033,#8034);
#8033 = CARTESIAN_POINT('',(-2.5,-4.6,0.));
#8034 = VECTOR('',#8035,1.);
#8035 = DIRECTION('',(1.,0.,0.));
#8036 = FACE_BOUND('',#8037,.T.);
#8037 = EDGE_LOOP('',(#8038,#8048,#8056,#8064));
#8038 = ORIENTED_EDGE('',*,*,#8039,.F.);
#8039 = EDGE_CURVE('',#8040,#8042,#8044,.T.);
#8040 = VERTEX_POINT('',#8041);
#8041 = CARTESIAN_POINT('',(5.45,-0.5,0.));
#8042 = VERTEX_POINT('',#8043);
#8043 = CARTESIAN_POINT('',(4.55,-0.5,0.));
#8044 = LINE('',#8045,#8046);
#8045 = CARTESIAN_POINT('',(4.751608581397,-0.5,0.));
#8046 = VECTOR('',#8047,1.);
#8047 = DIRECTION('',(-1.,0.,0.));
#8048 = ORIENTED_EDGE('',*,*,#8049,.F.);
#8049 = EDGE_CURVE('',#8050,#8040,#8052,.T.);
#8050 = VERTEX_POINT('',#8051);
#8051 = CARTESIAN_POINT('',(5.45,0.5,0.));
#8052 = LINE('',#8053,#8054);
#8053 = CARTESIAN_POINT('',(5.45,-0.246184597049,0.));
#8054 = VECTOR('',#8055,1.);
#8055 = DIRECTION('',(0.,-1.,0.));
#8056 = ORIENTED_EDGE('',*,*,#8057,.F.);
#8057 = EDGE_CURVE('',#8058,#8050,#8060,.T.);
#8058 = VERTEX_POINT('',#8059);
#8059 = CARTESIAN_POINT('',(4.55,0.5,0.));
#8060 = LINE('',#8061,#8062);
#8061 = CARTESIAN_POINT('',(5.201608581397,0.5,0.));
#8062 = VECTOR('',#8063,1.);
#8063 = DIRECTION('',(1.,0.,0.));
#8064 = ORIENTED_EDGE('',*,*,#8065,.F.);
#8065 = EDGE_CURVE('',#8042,#8058,#8066,.T.);
#8066 = LINE('',#8067,#8068);
#8067 = CARTESIAN_POINT('',(4.55,0.253815402951,0.));
#8068 = VECTOR('',#8069,1.);
#8069 = DIRECTION('',(0.,1.,0.));
#8070 = FACE_BOUND('',#8071,.T.);
#8071 = EDGE_LOOP('',(#8072,#8082,#8090,#8098));
#8072 = ORIENTED_EDGE('',*,*,#8073,.F.);
#8073 = EDGE_CURVE('',#8074,#8076,#8078,.T.);
#8074 = VERTEX_POINT('',#8075);
#8075 = CARTESIAN_POINT('',(10.45,-0.5,0.));
#8076 = VERTEX_POINT('',#8077);
#8077 = CARTESIAN_POINT('',(9.55,-0.5,0.));
#8078 = LINE('',#8079,#8080);
#8079 = CARTESIAN_POINT('',(7.251608581397,-0.5,0.));
#8080 = VECTOR('',#8081,1.);
#8081 = DIRECTION('',(-1.,0.,0.));
#8082 = ORIENTED_EDGE('',*,*,#8083,.F.);
#8083 = EDGE_CURVE('',#8084,#8074,#8086,.T.);
#8084 = VERTEX_POINT('',#8085);
#8085 = CARTESIAN_POINT('',(10.45,0.5,0.));
#8086 = LINE('',#8087,#8088);
#8087 = CARTESIAN_POINT('',(10.45,-0.246184597049,0.));
#8088 = VECTOR('',#8089,1.);
#8089 = DIRECTION('',(0.,-1.,0.));
#8090 = ORIENTED_EDGE('',*,*,#8091,.F.);
#8091 = EDGE_CURVE('',#8092,#8084,#8094,.T.);
#8092 = VERTEX_POINT('',#8093);
#8093 = CARTESIAN_POINT('',(9.55,0.5,0.));
#8094 = LINE('',#8095,#8096);
#8095 = CARTESIAN_POINT('',(7.701608581397,0.5,0.));
#8096 = VECTOR('',#8097,1.);
#8097 = DIRECTION('',(1.,0.,0.));
#8098 = ORIENTED_EDGE('',*,*,#8099,.F.);
#8099 = EDGE_CURVE('',#8076,#8092,#8100,.T.);
#8100 = LINE('',#8101,#8102);
#8101 = CARTESIAN_POINT('',(9.55,0.253815402951,0.));
#8102 = VECTOR('',#8103,1.);
#8103 = DIRECTION('',(0.,1.,0.));
#8104 = FACE_BOUND('',#8105,.T.);
#8105 = EDGE_LOOP('',(#8106,#8116,#8124,#8132));
#8106 = ORIENTED_EDGE('',*,*,#8107,.F.);
#8107 = EDGE_CURVE('',#8108,#8110,#8112,.T.);
#8108 = VERTEX_POINT('',#8109);
#8109 = CARTESIAN_POINT('',(0.45,-0.5,0.));
#8110 = VERTEX_POINT('',#8111);
#8111 = CARTESIAN_POINT('',(-0.45,-0.5,0.));
#8112 = LINE('',#8113,#8114);
#8113 = CARTESIAN_POINT('',(2.251608581397,-0.5,0.));
#8114 = VECTOR('',#8115,1.);
#8115 = DIRECTION('',(-1.,0.,0.));
#8116 = ORIENTED_EDGE('',*,*,#8117,.F.);
#8117 = EDGE_CURVE('',#8118,#8108,#8120,.T.);
#8118 = VERTEX_POINT('',#8119);
#8119 = CARTESIAN_POINT('',(0.45,0.5,0.));
#8120 = LINE('',#8121,#8122);
#8121 = CARTESIAN_POINT('',(0.45,-0.246184597049,0.));
#8122 = VECTOR('',#8123,1.);
#8123 = DIRECTION('',(0.,-1.,0.));
#8124 = ORIENTED_EDGE('',*,*,#8125,.F.);
#8125 = EDGE_CURVE('',#8126,#8118,#8128,.T.);
#8126 = VERTEX_POINT('',#8127);
#8127 = CARTESIAN_POINT('',(-0.45,0.5,0.));
#8128 = LINE('',#8129,#8130);
#8129 = CARTESIAN_POINT('',(2.701608581397,0.5,0.));
#8130 = VECTOR('',#8131,1.);
#8131 = DIRECTION('',(1.,0.,0.));
#8132 = ORIENTED_EDGE('',*,*,#8133,.F.);
#8133 = EDGE_CURVE('',#8110,#8126,#8134,.T.);
#8134 = LINE('',#8135,#8136);
#8135 = CARTESIAN_POINT('',(-0.45,0.253815402951,0.));
#8136 = VECTOR('',#8137,1.);
#8137 = DIRECTION('',(0.,1.,0.));
#8138 = PLANE('',#8139);
#8139 = AXIS2_PLACEMENT_3D('',#8140,#8141,#8142);
#8140 = CARTESIAN_POINT('',(4.953217162794,7.630805901307E-03,0.));
#8141 = DIRECTION('',(-0.,-0.,-1.));
#8142 = DIRECTION('',(-1.,0.,0.));
#8143 = ADVANCED_FACE('',(#8144),#8162,.F.);
#8144 = FACE_BOUND('',#8145,.F.);
#8145 = EDGE_LOOP('',(#8146,#8147,#8155,#8161));
#8146 = ORIENTED_EDGE('',*,*,#7784,.T.);
#8147 = ORIENTED_EDGE('',*,*,#8148,.T.);
#8148 = EDGE_CURVE('',#7777,#8149,#8151,.T.);
#8149 = VERTEX_POINT('',#8150);
#8150 = CARTESIAN_POINT('',(-3.24,-3.14,7.));
#8151 = LINE('',#8152,#8153);
#8152 = CARTESIAN_POINT('',(-2.5,-3.37,7.));
#8153 = VECTOR('',#8154,1.);
#8154 = DIRECTION('',(-0.954938084056,0.296805080179,0.));
#8155 = ORIENTED_EDGE('',*,*,#8156,.F.);
#8156 = EDGE_CURVE('',#7976,#8149,#8157,.T.);
#8157 = LINE('',#8158,#8159);
#8158 = CARTESIAN_POINT('',(-3.24,-3.14,0.));
#8159 = VECTOR('',#8160,1.);
#8160 = DIRECTION('',(0.,0.,1.));
#8161 = ORIENTED_EDGE('',*,*,#7983,.F.);
#8162 = PLANE('',#8163);
#8163 = AXIS2_PLACEMENT_3D('',#8164,#8165,#8166);
#8164 = CARTESIAN_POINT('',(-2.5,-3.37,0.));
#8165 = DIRECTION('',(-0.296805080179,-0.954938084056,0.));
#8166 = DIRECTION('',(-0.954938084056,0.296805080179,0.));
#8167 = ADVANCED_FACE('',(#8168),#8186,.T.);
#8168 = FACE_BOUND('',#8169,.T.);
#8169 = EDGE_LOOP('',(#8170,#8171,#8179,#8185));
#8170 = ORIENTED_EDGE('',*,*,#8148,.T.);
#8171 = ORIENTED_EDGE('',*,*,#8172,.T.);
#8172 = EDGE_CURVE('',#8149,#8173,#8175,.T.);
#8173 = VERTEX_POINT('',#8174);
#8174 = CARTESIAN_POINT('',(-3.24,-4.06,7.));
#8175 = LINE('',#8176,#8177);
#8176 = CARTESIAN_POINT('',(-3.24,-3.14,7.));
#8177 = VECTOR('',#8178,1.);
#8178 = DIRECTION('',(0.,-1.,0.));
#8179 = ORIENTED_EDGE('',*,*,#8180,.T.);
#8180 = EDGE_CURVE('',#8173,#7769,#8181,.T.);
#8181 = LINE('',#8182,#8183);
#8182 = CARTESIAN_POINT('',(-3.24,-4.06,7.));
#8183 = VECTOR('',#8184,1.);
#8184 = DIRECTION('',(0.954938084056,0.296805080179,0.));
#8185 = ORIENTED_EDGE('',*,*,#7776,.T.);
#8186 = PLANE('',#8187);
#8187 = AXIS2_PLACEMENT_3D('',#8188,#8189,#8190);
#8188 = CARTESIAN_POINT('',(-2.928091935206,-3.6,7.));
#8189 = DIRECTION('',(0.,0.,1.));
#8190 = DIRECTION('',(1.,0.,-0.));
#8191 = ADVANCED_FACE('',(#8192),#8203,.F.);
#8192 = FACE_BOUND('',#8193,.F.);
#8193 = EDGE_LOOP('',(#8194,#8200,#8201,#8202));
#8194 = ORIENTED_EDGE('',*,*,#8195,.T.);
#8195 = EDGE_CURVE('',#7968,#8173,#8196,.T.);
#8196 = LINE('',#8197,#8198);
#8197 = CARTESIAN_POINT('',(-3.24,-4.06,0.));
#8198 = VECTOR('',#8199,1.);
#8199 = DIRECTION('',(0.,0.,1.));
#8200 = ORIENTED_EDGE('',*,*,#8180,.T.);
#8201 = ORIENTED_EDGE('',*,*,#7768,.F.);
#8202 = ORIENTED_EDGE('',*,*,#7967,.F.);
#8203 = PLANE('',#8204);
#8204 = AXIS2_PLACEMENT_3D('',#8205,#8206,#8207);
#8205 = CARTESIAN_POINT('',(-3.24,-4.06,0.));
#8206 = DIRECTION('',(-0.296805080179,0.954938084056,0.));
#8207 = DIRECTION('',(0.954938084056,0.296805080179,0.));
#8208 = ADVANCED_FACE('',(#8209,#8227,#8261,#8295),#8329,.F.);
#8209 = FACE_BOUND('',#8210,.F.);
#8210 = EDGE_LOOP('',(#8211,#8212,#8220,#8226));
#8211 = ORIENTED_EDGE('',*,*,#7752,.F.);
#8212 = ORIENTED_EDGE('',*,*,#8213,.T.);
#8213 = EDGE_CURVE('',#7745,#8214,#8216,.T.);
#8214 = VERTEX_POINT('',#8215);
#8215 = CARTESIAN_POINT('',(12.5,-4.6,7.4));
#8216 = LINE('',#8217,#8218);
#8217 = CARTESIAN_POINT('',(-2.5,-4.6,7.4));
#8218 = VECTOR('',#8219,1.);
#8219 = DIRECTION('',(1.,0.,0.));
#8220 = ORIENTED_EDGE('',*,*,#8221,.T.);
#8221 = EDGE_CURVE('',#8214,#8024,#8222,.T.);
#8222 = LINE('',#8223,#8224);
#8223 = CARTESIAN_POINT('',(12.5,-4.6,13.8));
#8224 = VECTOR('',#8225,1.);
#8225 = DIRECTION('',(0.,0.,-1.));
#8226 = ORIENTED_EDGE('',*,*,#8031,.F.);
#8227 = FACE_BOUND('',#8228,.F.);
#8228 = EDGE_LOOP('',(#8229,#8239,#8247,#8255));
#8229 = ORIENTED_EDGE('',*,*,#8230,.F.);
#8230 = EDGE_CURVE('',#8231,#8233,#8235,.T.);
#8231 = VERTEX_POINT('',#8232);
#8232 = CARTESIAN_POINT('',(1.8,-4.6,1.6));
#8233 = VERTEX_POINT('',#8234);
#8234 = CARTESIAN_POINT('',(-1.8,-4.6,1.6));
#8235 = LINE('',#8236,#8237);
#8236 = CARTESIAN_POINT('',(1.8,-4.6,1.6));
#8237 = VECTOR('',#8238,1.);
#8238 = DIRECTION('',(-1.,0.,-1.233581138472E-16));
#8239 = ORIENTED_EDGE('',*,*,#8240,.F.);
#8240 = EDGE_CURVE('',#8241,#8231,#8243,.T.);
#8241 = VERTEX_POINT('',#8242);
#8242 = CARTESIAN_POINT('',(1.8,-4.6,6.8));
#8243 = LINE('',#8244,#8245);
#8244 = CARTESIAN_POINT('',(1.8,-4.6,6.8));
#8245 = VECTOR('',#8246,1.);
#8246 = DIRECTION('',(0.,0.,-1.));
#8247 = ORIENTED_EDGE('',*,*,#8248,.F.);
#8248 = EDGE_CURVE('',#8249,#8241,#8251,.T.);
#8249 = VERTEX_POINT('',#8250);
#8250 = CARTESIAN_POINT('',(-1.8,-4.6,6.8));
#8251 = LINE('',#8252,#8253);
#8252 = CARTESIAN_POINT('',(-1.8,-4.6,6.8));
#8253 = VECTOR('',#8254,1.);
#8254 = DIRECTION('',(1.,0.,2.467162276945E-16));
#8255 = ORIENTED_EDGE('',*,*,#8256,.F.);
#8256 = EDGE_CURVE('',#8233,#8249,#8257,.T.);
#8257 = LINE('',#8258,#8259);
#8258 = CARTESIAN_POINT('',(-1.8,-4.6,1.6));
#8259 = VECTOR('',#8260,1.);
#8260 = DIRECTION('',(0.,0.,1.));
#8261 = FACE_BOUND('',#8262,.F.);
#8262 = EDGE_LOOP('',(#8263,#8273,#8281,#8289));
#8263 = ORIENTED_EDGE('',*,*,#8264,.F.);
#8264 = EDGE_CURVE('',#8265,#8267,#8269,.T.);
#8265 = VERTEX_POINT('',#8266);
#8266 = CARTESIAN_POINT('',(6.8,-4.6,1.6));
#8267 = VERTEX_POINT('',#8268);
#8268 = CARTESIAN_POINT('',(3.2,-4.6,1.6));
#8269 = LINE('',#8270,#8271);
#8270 = CARTESIAN_POINT('',(6.8,-4.6,1.6));
#8271 = VECTOR('',#8272,1.);
#8272 = DIRECTION('',(-1.,0.,-1.233581138472E-16));
#8273 = ORIENTED_EDGE('',*,*,#8274,.F.);
#8274 = EDGE_CURVE('',#8275,#8265,#8277,.T.);
#8275 = VERTEX_POINT('',#8276);
#8276 = CARTESIAN_POINT('',(6.8,-4.6,6.8));
#8277 = LINE('',#8278,#8279);
#8278 = CARTESIAN_POINT('',(6.8,-4.6,6.8));
#8279 = VECTOR('',#8280,1.);
#8280 = DIRECTION('',(0.,0.,-1.));
#8281 = ORIENTED_EDGE('',*,*,#8282,.F.);
#8282 = EDGE_CURVE('',#8283,#8275,#8285,.T.);
#8283 = VERTEX_POINT('',#8284);
#8284 = CARTESIAN_POINT('',(3.2,-4.6,6.8));
#8285 = LINE('',#8286,#8287);
#8286 = CARTESIAN_POINT('',(3.2,-4.6,6.8));
#8287 = VECTOR('',#8288,1.);
#8288 = DIRECTION('',(1.,0.,2.467162276945E-16));
#8289 = ORIENTED_EDGE('',*,*,#8290,.F.);
#8290 = EDGE_CURVE('',#8267,#8283,#8291,.T.);
#8291 = LINE('',#8292,#8293);
#8292 = CARTESIAN_POINT('',(3.2,-4.6,1.6));
#8293 = VECTOR('',#8294,1.);
#8294 = DIRECTION('',(0.,0.,1.));
#8295 = FACE_BOUND('',#8296,.F.);
#8296 = EDGE_LOOP('',(#8297,#8307,#8315,#8323));
#8297 = ORIENTED_EDGE('',*,*,#8298,.F.);
#8298 = EDGE_CURVE('',#8299,#8301,#8303,.T.);
#8299 = VERTEX_POINT('',#8300);
#8300 = CARTESIAN_POINT('',(11.8,-4.6,1.6));
#8301 = VERTEX_POINT('',#8302);
#8302 = CARTESIAN_POINT('',(8.2,-4.6,1.6));
#8303 = LINE('',#8304,#8305);
#8304 = CARTESIAN_POINT('',(11.8,-4.6,1.6));
#8305 = VECTOR('',#8306,1.);
#8306 = DIRECTION('',(-1.,0.,-1.233581138472E-16));
#8307 = ORIENTED_EDGE('',*,*,#8308,.F.);
#8308 = EDGE_CURVE('',#8309,#8299,#8311,.T.);
#8309 = VERTEX_POINT('',#8310);
#8310 = CARTESIAN_POINT('',(11.8,-4.6,6.8));
#8311 = LINE('',#8312,#8313);
#8312 = CARTESIAN_POINT('',(11.8,-4.6,6.8));
#8313 = VECTOR('',#8314,1.);
#8314 = DIRECTION('',(0.,0.,-1.));
#8315 = ORIENTED_EDGE('',*,*,#8316,.F.);
#8316 = EDGE_CURVE('',#8317,#8309,#8319,.T.);
#8317 = VERTEX_POINT('',#8318);
#8318 = CARTESIAN_POINT('',(8.2,-4.6,6.8));
#8319 = LINE('',#8320,#8321);
#8320 = CARTESIAN_POINT('',(8.2,-4.6,6.8));
#8321 = VECTOR('',#8322,1.);
#8322 = DIRECTION('',(1.,0.,2.467162276945E-16));
#8323 = ORIENTED_EDGE('',*,*,#8324,.F.);
#8324 = EDGE_CURVE('',#8301,#8317,#8325,.T.);
#8325 = LINE('',#8326,#8327);
#8326 = CARTESIAN_POINT('',(8.2,-4.6,1.6));
#8327 = VECTOR('',#8328,1.);
#8328 = DIRECTION('',(0.,0.,1.));
#8329 = PLANE('',#8330);
#8330 = AXIS2_PLACEMENT_3D('',#8331,#8332,#8333);
#8331 = CARTESIAN_POINT('',(-2.5,-4.6,13.8));
#8332 = DIRECTION('',(0.,1.,0.));
#8333 = DIRECTION('',(0.,0.,-1.));
#8334 = ADVANCED_FACE('',(#8335),#8346,.F.);
#8335 = FACE_BOUND('',#8336,.F.);
#8336 = EDGE_LOOP('',(#8337,#8338,#8344,#8345));
#8337 = ORIENTED_EDGE('',*,*,#7846,.T.);
#8338 = ORIENTED_EDGE('',*,*,#8339,.T.);
#8339 = EDGE_CURVE('',#7839,#8214,#8340,.T.);
#8340 = LINE('',#8341,#8342);
#8341 = CARTESIAN_POINT('',(12.5,-4.1,7.4));
#8342 = VECTOR('',#8343,1.);
#8343 = DIRECTION('',(0.,-1.,0.));
#8344 = ORIENTED_EDGE('',*,*,#8213,.F.);
#8345 = ORIENTED_EDGE('',*,*,#7744,.F.);
#8346 = PLANE('',#8347);
#8347 = AXIS2_PLACEMENT_3D('',#8348,#8349,#8350);
#8348 = CARTESIAN_POINT('',(-2.5,-4.1,7.4));
#8349 = DIRECTION('',(0.,0.,-1.));
#8350 = DIRECTION('',(0.,-1.,0.));
#8351 = ADVANCED_FACE('',(#8352),#8384,.T.);
#8352 = FACE_BOUND('',#8353,.T.);
#8353 = EDGE_LOOP('',(#8354,#8355,#8356,#8357,#8358,#8366,#8374,#8380,
    #8381,#8382,#8383));
#8354 = ORIENTED_EDGE('',*,*,#7838,.T.);
#8355 = ORIENTED_EDGE('',*,*,#8339,.T.);
#8356 = ORIENTED_EDGE('',*,*,#8221,.T.);
#8357 = ORIENTED_EDGE('',*,*,#8023,.T.);
#8358 = ORIENTED_EDGE('',*,*,#8359,.T.);
#8359 = EDGE_CURVE('',#8016,#8360,#8362,.T.);
#8360 = VERTEX_POINT('',#8361);
#8361 = CARTESIAN_POINT('',(12.5,-3.83,7.));
#8362 = LINE('',#8363,#8364);
#8363 = CARTESIAN_POINT('',(12.5,-3.83,0.));
#8364 = VECTOR('',#8365,1.);
#8365 = DIRECTION('',(0.,0.,1.));
#8366 = ORIENTED_EDGE('',*,*,#8367,.T.);
#8367 = EDGE_CURVE('',#8360,#8368,#8370,.T.);
#8368 = VERTEX_POINT('',#8369);
#8369 = CARTESIAN_POINT('',(12.5,-3.37,7.));
#8370 = LINE('',#8371,#8372);
#8371 = CARTESIAN_POINT('',(12.5,-3.83,7.));
#8372 = VECTOR('',#8373,1.);
#8373 = DIRECTION('',(0.,1.,0.));
#8374 = ORIENTED_EDGE('',*,*,#8375,.F.);
#8375 = EDGE_CURVE('',#7992,#8368,#8376,.T.);
#8376 = LINE('',#8377,#8378);
#8377 = CARTESIAN_POINT('',(12.5,-3.37,0.));
#8378 = VECTOR('',#8379,1.);
#8379 = DIRECTION('',(0.,0.,1.));
#8380 = ORIENTED_EDGE('',*,*,#7991,.T.);
#8381 = ORIENTED_EDGE('',*,*,#7951,.T.);
#8382 = ORIENTED_EDGE('',*,*,#7919,.F.);
#8383 = ORIENTED_EDGE('',*,*,#7870,.T.);
#8384 = PLANE('',#8385);
#8385 = AXIS2_PLACEMENT_3D('',#8386,#8387,#8388);
#8386 = CARTESIAN_POINT('',(12.5,0.3,6.9));
#8387 = DIRECTION('',(1.,0.,0.));
#8388 = DIRECTION('',(0.,0.,1.));
#8389 = ADVANCED_FACE('',(#8390),#8495,.F.);
#8390 = FACE_BOUND('',#8391,.F.);
#8391 = EDGE_LOOP('',(#8392,#8400,#8401,#8402,#8411,#8419,#8428,#8436,
    #8445,#8453,#8462,#8471,#8480,#8488));
#8392 = ORIENTED_EDGE('',*,*,#8393,.F.);
#8393 = EDGE_CURVE('',#7880,#8394,#8396,.T.);
#8394 = VERTEX_POINT('',#8395);
#8395 = CARTESIAN_POINT('',(7.,-0.2,2.4));
#8396 = LINE('',#8397,#8398);
#8397 = CARTESIAN_POINT('',(7.,-0.2,13.8));
#8398 = VECTOR('',#8399,1.);
#8399 = DIRECTION('',(-0.,-0.,-1.));
#8400 = ORIENTED_EDGE('',*,*,#7879,.F.);
#8401 = ORIENTED_EDGE('',*,*,#8393,.T.);
#8402 = ORIENTED_EDGE('',*,*,#8403,.T.);
#8403 = EDGE_CURVE('',#8394,#8404,#8406,.T.);
#8404 = VERTEX_POINT('',#8405);
#8405 = CARTESIAN_POINT('',(6.4,1.228285685709,2.4));
#8406 = CIRCLE('',#8407,2.);
#8407 = AXIS2_PLACEMENT_3D('',#8408,#8409,#8410);
#8408 = CARTESIAN_POINT('',(5.,-0.2,2.4));
#8409 = DIRECTION('',(0.,0.,1.));
#8410 = DIRECTION('',(1.,0.,-0.));
#8411 = ORIENTED_EDGE('',*,*,#8412,.T.);
#8412 = EDGE_CURVE('',#8404,#8413,#8415,.T.);
#8413 = VERTEX_POINT('',#8414);
#8414 = CARTESIAN_POINT('',(6.4,1.228285685709,5.1));
#8415 = LINE('',#8416,#8417);
#8416 = CARTESIAN_POINT('',(6.4,1.228285685709,13.8));
#8417 = VECTOR('',#8418,1.);
#8418 = DIRECTION('',(0.,0.,1.));
#8419 = ORIENTED_EDGE('',*,*,#8420,.T.);
#8420 = EDGE_CURVE('',#8413,#8421,#8423,.T.);
#8421 = VERTEX_POINT('',#8422);
#8422 = CARTESIAN_POINT('',(3.6,1.228285685709,5.1));
#8423 = CIRCLE('',#8424,2.);
#8424 = AXIS2_PLACEMENT_3D('',#8425,#8426,#8427);
#8425 = CARTESIAN_POINT('',(5.,-0.2,5.1));
#8426 = DIRECTION('',(0.,0.,1.));
#8427 = DIRECTION('',(1.,0.,-0.));
#8428 = ORIENTED_EDGE('',*,*,#8429,.F.);
#8429 = EDGE_CURVE('',#8430,#8421,#8432,.T.);
#8430 = VERTEX_POINT('',#8431);
#8431 = CARTESIAN_POINT('',(3.6,1.228285685709,2.4));
#8432 = LINE('',#8433,#8434);
#8433 = CARTESIAN_POINT('',(3.6,1.228285685709,13.8));
#8434 = VECTOR('',#8435,1.);
#8435 = DIRECTION('',(0.,0.,1.));
#8436 = ORIENTED_EDGE('',*,*,#8437,.T.);
#8437 = EDGE_CURVE('',#8430,#8438,#8440,.T.);
#8438 = VERTEX_POINT('',#8439);
#8439 = CARTESIAN_POINT('',(3.6,-1.628285685709,2.4));
#8440 = CIRCLE('',#8441,2.);
#8441 = AXIS2_PLACEMENT_3D('',#8442,#8443,#8444);
#8442 = CARTESIAN_POINT('',(5.,-0.2,2.4));
#8443 = DIRECTION('',(0.,0.,1.));
#8444 = DIRECTION('',(1.,0.,-0.));
#8445 = ORIENTED_EDGE('',*,*,#8446,.T.);
#8446 = EDGE_CURVE('',#8438,#8447,#8449,.T.);
#8447 = VERTEX_POINT('',#8448);
#8448 = CARTESIAN_POINT('',(3.6,-1.628285685709,5.1));
#8449 = LINE('',#8450,#8451);
#8450 = CARTESIAN_POINT('',(3.6,-1.628285685709,13.8));
#8451 = VECTOR('',#8452,1.);
#8452 = DIRECTION('',(0.,0.,1.));
#8453 = ORIENTED_EDGE('',*,*,#8454,.T.);
#8454 = EDGE_CURVE('',#8447,#8455,#8457,.T.);
#8455 = VERTEX_POINT('',#8456);
#8456 = CARTESIAN_POINT('',(4.128220211292,-2.,5.1));
#8457 = CIRCLE('',#8458,2.);
#8458 = AXIS2_PLACEMENT_3D('',#8459,#8460,#8461);
#8459 = CARTESIAN_POINT('',(5.,-0.2,5.1));
#8460 = DIRECTION('',(0.,0.,1.));
#8461 = DIRECTION('',(1.,0.,-0.));
#8462 = ORIENTED_EDGE('',*,*,#8463,.T.);
#8463 = EDGE_CURVE('',#8455,#8464,#8466,.T.);
#8464 = VERTEX_POINT('',#8465);
#8465 = CARTESIAN_POINT('',(5.871779788708,-2.,5.1));
#8466 = CIRCLE('',#8467,2.);
#8467 = AXIS2_PLACEMENT_3D('',#8468,#8469,#8470);
#8468 = CARTESIAN_POINT('',(5.,-0.2,5.1));
#8469 = DIRECTION('',(0.,0.,1.));
#8470 = DIRECTION('',(1.,0.,-0.));
#8471 = ORIENTED_EDGE('',*,*,#8472,.T.);
#8472 = EDGE_CURVE('',#8464,#8473,#8475,.T.);
#8473 = VERTEX_POINT('',#8474);
#8474 = CARTESIAN_POINT('',(6.4,-1.628285685709,5.1));
#8475 = CIRCLE('',#8476,2.);
#8476 = AXIS2_PLACEMENT_3D('',#8477,#8478,#8479);
#8477 = CARTESIAN_POINT('',(5.,-0.2,5.1));
#8478 = DIRECTION('',(0.,0.,1.));
#8479 = DIRECTION('',(1.,0.,-0.));
#8480 = ORIENTED_EDGE('',*,*,#8481,.F.);
#8481 = EDGE_CURVE('',#8482,#8473,#8484,.T.);
#8482 = VERTEX_POINT('',#8483);
#8483 = CARTESIAN_POINT('',(6.4,-1.628285685709,2.4));
#8484 = LINE('',#8485,#8486);
#8485 = CARTESIAN_POINT('',(6.4,-1.628285685709,13.8));
#8486 = VECTOR('',#8487,1.);
#8487 = DIRECTION('',(0.,0.,1.));
#8488 = ORIENTED_EDGE('',*,*,#8489,.T.);
#8489 = EDGE_CURVE('',#8482,#8394,#8490,.T.);
#8490 = CIRCLE('',#8491,2.);
#8491 = AXIS2_PLACEMENT_3D('',#8492,#8493,#8494);
#8492 = CARTESIAN_POINT('',(5.,-0.2,2.4));
#8493 = DIRECTION('',(0.,0.,1.));
#8494 = DIRECTION('',(1.,0.,-0.));
#8495 = CYLINDRICAL_SURFACE('',#8496,2.);
#8496 = AXIS2_PLACEMENT_3D('',#8497,#8498,#8499);
#8497 = CARTESIAN_POINT('',(5.,-0.2,13.8));
#8498 = DIRECTION('',(0.,0.,1.));
#8499 = DIRECTION('',(1.,0.,-0.));
#8500 = ADVANCED_FACE('',(#8501),#8606,.F.);
#8501 = FACE_BOUND('',#8502,.F.);
#8502 = EDGE_LOOP('',(#8503,#8511,#8512,#8513,#8522,#8530,#8539,#8547,
    #8556,#8564,#8573,#8582,#8591,#8599));
#8503 = ORIENTED_EDGE('',*,*,#8504,.F.);
#8504 = EDGE_CURVE('',#7891,#8505,#8507,.T.);
#8505 = VERTEX_POINT('',#8506);
#8506 = CARTESIAN_POINT('',(2.,-0.2,2.4));
#8507 = LINE('',#8508,#8509);
#8508 = CARTESIAN_POINT('',(2.,-0.2,13.8));
#8509 = VECTOR('',#8510,1.);
#8510 = DIRECTION('',(-0.,-0.,-1.));
#8511 = ORIENTED_EDGE('',*,*,#7890,.F.);
#8512 = ORIENTED_EDGE('',*,*,#8504,.T.);
#8513 = ORIENTED_EDGE('',*,*,#8514,.T.);
#8514 = EDGE_CURVE('',#8505,#8515,#8517,.T.);
#8515 = VERTEX_POINT('',#8516);
#8516 = CARTESIAN_POINT('',(1.4,1.228285685709,2.4));
#8517 = CIRCLE('',#8518,2.);
#8518 = AXIS2_PLACEMENT_3D('',#8519,#8520,#8521);
#8519 = CARTESIAN_POINT('',(0.,-0.2,2.4));
#8520 = DIRECTION('',(0.,0.,1.));
#8521 = DIRECTION('',(1.,0.,-0.));
#8522 = ORIENTED_EDGE('',*,*,#8523,.T.);
#8523 = EDGE_CURVE('',#8515,#8524,#8526,.T.);
#8524 = VERTEX_POINT('',#8525);
#8525 = CARTESIAN_POINT('',(1.4,1.228285685709,5.1));
#8526 = LINE('',#8527,#8528);
#8527 = CARTESIAN_POINT('',(1.4,1.228285685709,13.8));
#8528 = VECTOR('',#8529,1.);
#8529 = DIRECTION('',(0.,0.,1.));
#8530 = ORIENTED_EDGE('',*,*,#8531,.T.);
#8531 = EDGE_CURVE('',#8524,#8532,#8534,.T.);
#8532 = VERTEX_POINT('',#8533);
#8533 = CARTESIAN_POINT('',(-1.4,1.228285685709,5.1));
#8534 = CIRCLE('',#8535,2.);
#8535 = AXIS2_PLACEMENT_3D('',#8536,#8537,#8538);
#8536 = CARTESIAN_POINT('',(0.,-0.2,5.1));
#8537 = DIRECTION('',(0.,0.,1.));
#8538 = DIRECTION('',(1.,0.,-0.));
#8539 = ORIENTED_EDGE('',*,*,#8540,.F.);
#8540 = EDGE_CURVE('',#8541,#8532,#8543,.T.);
#8541 = VERTEX_POINT('',#8542);
#8542 = CARTESIAN_POINT('',(-1.4,1.228285685709,2.4));
#8543 = LINE('',#8544,#8545);
#8544 = CARTESIAN_POINT('',(-1.4,1.228285685709,13.8));
#8545 = VECTOR('',#8546,1.);
#8546 = DIRECTION('',(0.,0.,1.));
#8547 = ORIENTED_EDGE('',*,*,#8548,.T.);
#8548 = EDGE_CURVE('',#8541,#8549,#8551,.T.);
#8549 = VERTEX_POINT('',#8550);
#8550 = CARTESIAN_POINT('',(-1.4,-1.628285685709,2.4));
#8551 = CIRCLE('',#8552,2.);
#8552 = AXIS2_PLACEMENT_3D('',#8553,#8554,#8555);
#8553 = CARTESIAN_POINT('',(0.,-0.2,2.4));
#8554 = DIRECTION('',(0.,0.,1.));
#8555 = DIRECTION('',(1.,0.,-0.));
#8556 = ORIENTED_EDGE('',*,*,#8557,.T.);
#8557 = EDGE_CURVE('',#8549,#8558,#8560,.T.);
#8558 = VERTEX_POINT('',#8559);
#8559 = CARTESIAN_POINT('',(-1.4,-1.628285685709,5.1));
#8560 = LINE('',#8561,#8562);
#8561 = CARTESIAN_POINT('',(-1.4,-1.628285685709,13.8));
#8562 = VECTOR('',#8563,1.);
#8563 = DIRECTION('',(0.,0.,1.));
#8564 = ORIENTED_EDGE('',*,*,#8565,.T.);
#8565 = EDGE_CURVE('',#8558,#8566,#8568,.T.);
#8566 = VERTEX_POINT('',#8567);
#8567 = CARTESIAN_POINT('',(-0.871779788708,-2.,5.1));
#8568 = CIRCLE('',#8569,2.);
#8569 = AXIS2_PLACEMENT_3D('',#8570,#8571,#8572);
#8570 = CARTESIAN_POINT('',(0.,-0.2,5.1));
#8571 = DIRECTION('',(0.,0.,1.));
#8572 = DIRECTION('',(1.,0.,-0.));
#8573 = ORIENTED_EDGE('',*,*,#8574,.T.);
#8574 = EDGE_CURVE('',#8566,#8575,#8577,.T.);
#8575 = VERTEX_POINT('',#8576);
#8576 = CARTESIAN_POINT('',(0.871779788708,-2.,5.1));
#8577 = CIRCLE('',#8578,2.);
#8578 = AXIS2_PLACEMENT_3D('',#8579,#8580,#8581);
#8579 = CARTESIAN_POINT('',(0.,-0.2,5.1));
#8580 = DIRECTION('',(0.,0.,1.));
#8581 = DIRECTION('',(1.,0.,-0.));
#8582 = ORIENTED_EDGE('',*,*,#8583,.T.);
#8583 = EDGE_CURVE('',#8575,#8584,#8586,.T.);
#8584 = VERTEX_POINT('',#8585);
#8585 = CARTESIAN_POINT('',(1.4,-1.628285685709,5.1));
#8586 = CIRCLE('',#8587,2.);
#8587 = AXIS2_PLACEMENT_3D('',#8588,#8589,#8590);
#8588 = CARTESIAN_POINT('',(0.,-0.2,5.1));
#8589 = DIRECTION('',(0.,0.,1.));
#8590 = DIRECTION('',(1.,0.,-0.));
#8591 = ORIENTED_EDGE('',*,*,#8592,.F.);
#8592 = EDGE_CURVE('',#8593,#8584,#8595,.T.);
#8593 = VERTEX_POINT('',#8594);
#8594 = CARTESIAN_POINT('',(1.4,-1.628285685709,2.4));
#8595 = LINE('',#8596,#8597);
#8596 = CARTESIAN_POINT('',(1.4,-1.628285685709,13.8));
#8597 = VECTOR('',#8598,1.);
#8598 = DIRECTION('',(0.,0.,1.));
#8599 = ORIENTED_EDGE('',*,*,#8600,.T.);
#8600 = EDGE_CURVE('',#8593,#8505,#8601,.T.);
#8601 = CIRCLE('',#8602,2.);
#8602 = AXIS2_PLACEMENT_3D('',#8603,#8604,#8605);
#8603 = CARTESIAN_POINT('',(0.,-0.2,2.4));
#8604 = DIRECTION('',(0.,0.,1.));
#8605 = DIRECTION('',(1.,0.,-0.));
#8606 = CYLINDRICAL_SURFACE('',#8607,2.);
#8607 = AXIS2_PLACEMENT_3D('',#8608,#8609,#8610);
#8608 = CARTESIAN_POINT('',(0.,-0.2,13.8));
#8609 = DIRECTION('',(0.,0.,1.));
#8610 = DIRECTION('',(1.,0.,-0.));
#8611 = ADVANCED_FACE('',(#8612),#8717,.F.);
#8612 = FACE_BOUND('',#8613,.F.);
#8613 = EDGE_LOOP('',(#8614,#8622,#8623,#8624,#8633,#8641,#8650,#8658,
    #8667,#8675,#8684,#8693,#8702,#8710));
#8614 = ORIENTED_EDGE('',*,*,#8615,.F.);
#8615 = EDGE_CURVE('',#7902,#8616,#8618,.T.);
#8616 = VERTEX_POINT('',#8617);
#8617 = CARTESIAN_POINT('',(12.,-0.2,2.4));
#8618 = LINE('',#8619,#8620);
#8619 = CARTESIAN_POINT('',(12.,-0.2,13.8));
#8620 = VECTOR('',#8621,1.);
#8621 = DIRECTION('',(-0.,-0.,-1.));
#8622 = ORIENTED_EDGE('',*,*,#7901,.F.);
#8623 = ORIENTED_EDGE('',*,*,#8615,.T.);
#8624 = ORIENTED_EDGE('',*,*,#8625,.T.);
#8625 = EDGE_CURVE('',#8616,#8626,#8628,.T.);
#8626 = VERTEX_POINT('',#8627);
#8627 = CARTESIAN_POINT('',(11.4,1.228285685709,2.4));
#8628 = CIRCLE('',#8629,2.);
#8629 = AXIS2_PLACEMENT_3D('',#8630,#8631,#8632);
#8630 = CARTESIAN_POINT('',(10.,-0.2,2.4));
#8631 = DIRECTION('',(0.,0.,1.));
#8632 = DIRECTION('',(1.,0.,-0.));
#8633 = ORIENTED_EDGE('',*,*,#8634,.T.);
#8634 = EDGE_CURVE('',#8626,#8635,#8637,.T.);
#8635 = VERTEX_POINT('',#8636);
#8636 = CARTESIAN_POINT('',(11.4,1.228285685709,5.1));
#8637 = LINE('',#8638,#8639);
#8638 = CARTESIAN_POINT('',(11.4,1.228285685709,13.8));
#8639 = VECTOR('',#8640,1.);
#8640 = DIRECTION('',(0.,0.,1.));
#8641 = ORIENTED_EDGE('',*,*,#8642,.T.);
#8642 = EDGE_CURVE('',#8635,#8643,#8645,.T.);
#8643 = VERTEX_POINT('',#8644);
#8644 = CARTESIAN_POINT('',(8.6,1.228285685709,5.1));
#8645 = CIRCLE('',#8646,2.);
#8646 = AXIS2_PLACEMENT_3D('',#8647,#8648,#8649);
#8647 = CARTESIAN_POINT('',(10.,-0.2,5.1));
#8648 = DIRECTION('',(0.,0.,1.));
#8649 = DIRECTION('',(1.,0.,-0.));
#8650 = ORIENTED_EDGE('',*,*,#8651,.F.);
#8651 = EDGE_CURVE('',#8652,#8643,#8654,.T.);
#8652 = VERTEX_POINT('',#8653);
#8653 = CARTESIAN_POINT('',(8.6,1.228285685709,2.4));
#8654 = LINE('',#8655,#8656);
#8655 = CARTESIAN_POINT('',(8.6,1.228285685709,13.8));
#8656 = VECTOR('',#8657,1.);
#8657 = DIRECTION('',(0.,0.,1.));
#8658 = ORIENTED_EDGE('',*,*,#8659,.T.);
#8659 = EDGE_CURVE('',#8652,#8660,#8662,.T.);
#8660 = VERTEX_POINT('',#8661);
#8661 = CARTESIAN_POINT('',(8.6,-1.628285685709,2.4));
#8662 = CIRCLE('',#8663,2.);
#8663 = AXIS2_PLACEMENT_3D('',#8664,#8665,#8666);
#8664 = CARTESIAN_POINT('',(10.,-0.2,2.4));
#8665 = DIRECTION('',(0.,0.,1.));
#8666 = DIRECTION('',(1.,0.,-0.));
#8667 = ORIENTED_EDGE('',*,*,#8668,.T.);
#8668 = EDGE_CURVE('',#8660,#8669,#8671,.T.);
#8669 = VERTEX_POINT('',#8670);
#8670 = CARTESIAN_POINT('',(8.6,-1.628285685709,5.1));
#8671 = LINE('',#8672,#8673);
#8672 = CARTESIAN_POINT('',(8.6,-1.628285685709,13.8));
#8673 = VECTOR('',#8674,1.);
#8674 = DIRECTION('',(0.,0.,1.));
#8675 = ORIENTED_EDGE('',*,*,#8676,.T.);
#8676 = EDGE_CURVE('',#8669,#8677,#8679,.T.);
#8677 = VERTEX_POINT('',#8678);
#8678 = CARTESIAN_POINT('',(9.128220211292,-2.,5.1));
#8679 = CIRCLE('',#8680,2.);
#8680 = AXIS2_PLACEMENT_3D('',#8681,#8682,#8683);
#8681 = CARTESIAN_POINT('',(10.,-0.2,5.1));
#8682 = DIRECTION('',(0.,0.,1.));
#8683 = DIRECTION('',(1.,0.,-0.));
#8684 = ORIENTED_EDGE('',*,*,#8685,.T.);
#8685 = EDGE_CURVE('',#8677,#8686,#8688,.T.);
#8686 = VERTEX_POINT('',#8687);
#8687 = CARTESIAN_POINT('',(10.871779788708,-2.,5.1));
#8688 = CIRCLE('',#8689,2.);
#8689 = AXIS2_PLACEMENT_3D('',#8690,#8691,#8692);
#8690 = CARTESIAN_POINT('',(10.,-0.2,5.1));
#8691 = DIRECTION('',(0.,0.,1.));
#8692 = DIRECTION('',(1.,0.,-0.));
#8693 = ORIENTED_EDGE('',*,*,#8694,.T.);
#8694 = EDGE_CURVE('',#8686,#8695,#8697,.T.);
#8695 = VERTEX_POINT('',#8696);
#8696 = CARTESIAN_POINT('',(11.4,-1.628285685709,5.1));
#8697 = CIRCLE('',#8698,2.);
#8698 = AXIS2_PLACEMENT_3D('',#8699,#8700,#8701);
#8699 = CARTESIAN_POINT('',(10.,-0.2,5.1));
#8700 = DIRECTION('',(0.,0.,1.));
#8701 = DIRECTION('',(1.,0.,-0.));
#8702 = ORIENTED_EDGE('',*,*,#8703,.F.);
#8703 = EDGE_CURVE('',#8704,#8695,#8706,.T.);
#8704 = VERTEX_POINT('',#8705);
#8705 = CARTESIAN_POINT('',(11.4,-1.628285685709,2.4));
#8706 = LINE('',#8707,#8708);
#8707 = CARTESIAN_POINT('',(11.4,-1.628285685709,13.8));
#8708 = VECTOR('',#8709,1.);
#8709 = DIRECTION('',(0.,0.,1.));
#8710 = ORIENTED_EDGE('',*,*,#8711,.T.);
#8711 = EDGE_CURVE('',#8704,#8616,#8712,.T.);
#8712 = CIRCLE('',#8713,2.);
#8713 = AXIS2_PLACEMENT_3D('',#8714,#8715,#8716);
#8714 = CARTESIAN_POINT('',(10.,-0.2,2.4));
#8715 = DIRECTION('',(0.,0.,1.));
#8716 = DIRECTION('',(1.,0.,-0.));
#8717 = CYLINDRICAL_SURFACE('',#8718,2.);
#8718 = AXIS2_PLACEMENT_3D('',#8719,#8720,#8721);
#8719 = CARTESIAN_POINT('',(10.,-0.2,13.8));
#8720 = DIRECTION('',(0.,0.,1.));
#8721 = DIRECTION('',(1.,0.,-0.));
#8722 = ADVANCED_FACE('',(#8723),#8729,.F.);
#8723 = FACE_BOUND('',#8724,.F.);
#8724 = EDGE_LOOP('',(#8725,#8726,#8727,#8728));
#8725 = ORIENTED_EDGE('',*,*,#8156,.T.);
#8726 = ORIENTED_EDGE('',*,*,#8172,.T.);
#8727 = ORIENTED_EDGE('',*,*,#8195,.F.);
#8728 = ORIENTED_EDGE('',*,*,#7975,.F.);
#8729 = PLANE('',#8730);
#8730 = AXIS2_PLACEMENT_3D('',#8731,#8732,#8733);
#8731 = CARTESIAN_POINT('',(-3.24,-3.14,0.));
#8732 = DIRECTION('',(1.,0.,0.));
#8733 = DIRECTION('',(0.,-1.,0.));
#8734 = ADVANCED_FACE('',(#8735),#8753,.T.);
#8735 = FACE_BOUND('',#8736,.T.);
#8736 = EDGE_LOOP('',(#8737,#8745,#8751,#8752));
#8737 = ORIENTED_EDGE('',*,*,#8738,.T.);
#8738 = EDGE_CURVE('',#8008,#8739,#8741,.T.);
#8739 = VERTEX_POINT('',#8740);
#8740 = CARTESIAN_POINT('',(11.76,-4.06,7.));
#8741 = LINE('',#8742,#8743);
#8742 = CARTESIAN_POINT('',(11.76,-4.06,0.));
#8743 = VECTOR('',#8744,1.);
#8744 = DIRECTION('',(0.,0.,1.));
#8745 = ORIENTED_EDGE('',*,*,#8746,.T.);
#8746 = EDGE_CURVE('',#8739,#8360,#8747,.T.);
#8747 = LINE('',#8748,#8749);
#8748 = CARTESIAN_POINT('',(11.76,-4.06,7.));
#8749 = VECTOR('',#8750,1.);
#8750 = DIRECTION('',(0.954938084056,0.296805080179,0.));
#8751 = ORIENTED_EDGE('',*,*,#8359,.F.);
#8752 = ORIENTED_EDGE('',*,*,#8015,.F.);
#8753 = PLANE('',#8754);
#8754 = AXIS2_PLACEMENT_3D('',#8755,#8756,#8757);
#8755 = CARTESIAN_POINT('',(11.76,-4.06,0.));
#8756 = DIRECTION('',(-0.296805080179,0.954938084056,0.));
#8757 = DIRECTION('',(0.954938084056,0.296805080179,0.));
#8758 = ADVANCED_FACE('',(#8759),#8777,.T.);
#8759 = FACE_BOUND('',#8760,.T.);
#8760 = EDGE_LOOP('',(#8761,#8769,#8775,#8776));
#8761 = ORIENTED_EDGE('',*,*,#8762,.T.);
#8762 = EDGE_CURVE('',#8000,#8763,#8765,.T.);
#8763 = VERTEX_POINT('',#8764);
#8764 = CARTESIAN_POINT('',(11.76,-3.14,7.));
#8765 = LINE('',#8766,#8767);
#8766 = CARTESIAN_POINT('',(11.76,-3.14,0.));
#8767 = VECTOR('',#8768,1.);
#8768 = DIRECTION('',(0.,0.,1.));
#8769 = ORIENTED_EDGE('',*,*,#8770,.T.);
#8770 = EDGE_CURVE('',#8763,#8739,#8771,.T.);
#8771 = LINE('',#8772,#8773);
#8772 = CARTESIAN_POINT('',(11.76,-3.14,7.));
#8773 = VECTOR('',#8774,1.);
#8774 = DIRECTION('',(0.,-1.,0.));
#8775 = ORIENTED_EDGE('',*,*,#8738,.F.);
#8776 = ORIENTED_EDGE('',*,*,#8007,.F.);
#8777 = PLANE('',#8778);
#8778 = AXIS2_PLACEMENT_3D('',#8779,#8780,#8781);
#8779 = CARTESIAN_POINT('',(11.76,-3.14,0.));
#8780 = DIRECTION('',(1.,0.,0.));
#8781 = DIRECTION('',(0.,-1.,0.));
#8782 = ADVANCED_FACE('',(#8783),#8794,.T.);
#8783 = FACE_BOUND('',#8784,.T.);
#8784 = EDGE_LOOP('',(#8785,#8786,#8792,#8793));
#8785 = ORIENTED_EDGE('',*,*,#8375,.T.);
#8786 = ORIENTED_EDGE('',*,*,#8787,.T.);
#8787 = EDGE_CURVE('',#8368,#8763,#8788,.T.);
#8788 = LINE('',#8789,#8790);
#8789 = CARTESIAN_POINT('',(12.5,-3.37,7.));
#8790 = VECTOR('',#8791,1.);
#8791 = DIRECTION('',(-0.954938084056,0.296805080179,0.));
#8792 = ORIENTED_EDGE('',*,*,#8762,.F.);
#8793 = ORIENTED_EDGE('',*,*,#7999,.F.);
#8794 = PLANE('',#8795);
#8795 = AXIS2_PLACEMENT_3D('',#8796,#8797,#8798);
#8796 = CARTESIAN_POINT('',(12.5,-3.37,0.));
#8797 = DIRECTION('',(-0.296805080179,-0.954938084056,0.));
#8798 = DIRECTION('',(-0.954938084056,0.296805080179,0.));
#8799 = ADVANCED_FACE('',(#8800),#8825,.T.);
#8800 = FACE_BOUND('',#8801,.T.);
#8801 = EDGE_LOOP('',(#8802,#8803,#8811,#8819));
#8802 = ORIENTED_EDGE('',*,*,#8039,.T.);
#8803 = ORIENTED_EDGE('',*,*,#8804,.T.);
#8804 = EDGE_CURVE('',#8042,#8805,#8807,.T.);
#8805 = VERTEX_POINT('',#8806);
#8806 = CARTESIAN_POINT('',(4.55,-0.5,-3.5));
#8807 = LINE('',#8808,#8809);
#8808 = CARTESIAN_POINT('',(4.55,-0.5,2.4));
#8809 = VECTOR('',#8810,1.);
#8810 = DIRECTION('',(-0.,-0.,-1.));
#8811 = ORIENTED_EDGE('',*,*,#8812,.T.);
#8812 = EDGE_CURVE('',#8805,#8813,#8815,.T.);
#8813 = VERTEX_POINT('',#8814);
#8814 = CARTESIAN_POINT('',(5.45,-0.5,-3.5));
#8815 = LINE('',#8816,#8817);
#8816 = CARTESIAN_POINT('',(4.55,-0.5,-3.5));
#8817 = VECTOR('',#8818,1.);
#8818 = DIRECTION('',(1.,0.,0.));
#8819 = ORIENTED_EDGE('',*,*,#8820,.F.);
#8820 = EDGE_CURVE('',#8040,#8813,#8821,.T.);
#8821 = LINE('',#8822,#8823);
#8822 = CARTESIAN_POINT('',(5.45,-0.5,2.4));
#8823 = VECTOR('',#8824,1.);
#8824 = DIRECTION('',(-0.,-0.,-1.));
#8825 = PLANE('',#8826);
#8826 = AXIS2_PLACEMENT_3D('',#8827,#8828,#8829);
#8827 = CARTESIAN_POINT('',(4.55,-0.5,2.4));
#8828 = DIRECTION('',(0.,-1.,0.));
#8829 = DIRECTION('',(1.,0.,0.));
#8830 = ADVANCED_FACE('',(#8831),#8849,.T.);
#8831 = FACE_BOUND('',#8832,.T.);
#8832 = EDGE_LOOP('',(#8833,#8834,#8842,#8848));
#8833 = ORIENTED_EDGE('',*,*,#8065,.T.);
#8834 = ORIENTED_EDGE('',*,*,#8835,.T.);
#8835 = EDGE_CURVE('',#8058,#8836,#8838,.T.);
#8836 = VERTEX_POINT('',#8837);
#8837 = CARTESIAN_POINT('',(4.55,0.5,-3.5));
#8838 = LINE('',#8839,#8840);
#8839 = CARTESIAN_POINT('',(4.55,0.5,2.4));
#8840 = VECTOR('',#8841,1.);
#8841 = DIRECTION('',(-0.,-0.,-1.));
#8842 = ORIENTED_EDGE('',*,*,#8843,.T.);
#8843 = EDGE_CURVE('',#8836,#8805,#8844,.T.);
#8844 = LINE('',#8845,#8846);
#8845 = CARTESIAN_POINT('',(4.55,0.5,-3.5));
#8846 = VECTOR('',#8847,1.);
#8847 = DIRECTION('',(0.,-1.,0.));
#8848 = ORIENTED_EDGE('',*,*,#8804,.F.);
#8849 = PLANE('',#8850);
#8850 = AXIS2_PLACEMENT_3D('',#8851,#8852,#8853);
#8851 = CARTESIAN_POINT('',(4.55,0.5,2.4));
#8852 = DIRECTION('',(-1.,0.,0.));
#8853 = DIRECTION('',(0.,-1.,0.));
#8854 = ADVANCED_FACE('',(#8855),#8873,.T.);
#8855 = FACE_BOUND('',#8856,.T.);
#8856 = EDGE_LOOP('',(#8857,#8858,#8866,#8872));
#8857 = ORIENTED_EDGE('',*,*,#8057,.T.);
#8858 = ORIENTED_EDGE('',*,*,#8859,.T.);
#8859 = EDGE_CURVE('',#8050,#8860,#8862,.T.);
#8860 = VERTEX_POINT('',#8861);
#8861 = CARTESIAN_POINT('',(5.45,0.5,-3.5));
#8862 = LINE('',#8863,#8864);
#8863 = CARTESIAN_POINT('',(5.45,0.5,2.4));
#8864 = VECTOR('',#8865,1.);
#8865 = DIRECTION('',(-0.,-0.,-1.));
#8866 = ORIENTED_EDGE('',*,*,#8867,.T.);
#8867 = EDGE_CURVE('',#8860,#8836,#8868,.T.);
#8868 = LINE('',#8869,#8870);
#8869 = CARTESIAN_POINT('',(5.45,0.5,-3.5));
#8870 = VECTOR('',#8871,1.);
#8871 = DIRECTION('',(-1.,0.,0.));
#8872 = ORIENTED_EDGE('',*,*,#8835,.F.);
#8873 = PLANE('',#8874);
#8874 = AXIS2_PLACEMENT_3D('',#8875,#8876,#8877);
#8875 = CARTESIAN_POINT('',(5.45,0.5,2.4));
#8876 = DIRECTION('',(0.,1.,0.));
#8877 = DIRECTION('',(-1.,0.,0.));
#8878 = ADVANCED_FACE('',(#8879),#8890,.T.);
#8879 = FACE_BOUND('',#8880,.T.);
#8880 = EDGE_LOOP('',(#8881,#8882,#8883,#8889));
#8881 = ORIENTED_EDGE('',*,*,#8049,.T.);
#8882 = ORIENTED_EDGE('',*,*,#8820,.T.);
#8883 = ORIENTED_EDGE('',*,*,#8884,.T.);
#8884 = EDGE_CURVE('',#8813,#8860,#8885,.T.);
#8885 = LINE('',#8886,#8887);
#8886 = CARTESIAN_POINT('',(5.45,-0.5,-3.5));
#8887 = VECTOR('',#8888,1.);
#8888 = DIRECTION('',(0.,1.,0.));
#8889 = ORIENTED_EDGE('',*,*,#8859,.F.);
#8890 = PLANE('',#8891);
#8891 = AXIS2_PLACEMENT_3D('',#8892,#8893,#8894);
#8892 = CARTESIAN_POINT('',(5.45,-0.5,2.4));
#8893 = DIRECTION('',(1.,0.,0.));
#8894 = DIRECTION('',(-0.,1.,0.));
#8895 = ADVANCED_FACE('',(#8896),#8921,.T.);
#8896 = FACE_BOUND('',#8897,.T.);
#8897 = EDGE_LOOP('',(#8898,#8899,#8907,#8915));
#8898 = ORIENTED_EDGE('',*,*,#8073,.T.);
#8899 = ORIENTED_EDGE('',*,*,#8900,.T.);
#8900 = EDGE_CURVE('',#8076,#8901,#8903,.T.);
#8901 = VERTEX_POINT('',#8902);
#8902 = CARTESIAN_POINT('',(9.55,-0.5,-3.5));
#8903 = LINE('',#8904,#8905);
#8904 = CARTESIAN_POINT('',(9.55,-0.5,2.4));
#8905 = VECTOR('',#8906,1.);
#8906 = DIRECTION('',(-0.,-0.,-1.));
#8907 = ORIENTED_EDGE('',*,*,#8908,.T.);
#8908 = EDGE_CURVE('',#8901,#8909,#8911,.T.);
#8909 = VERTEX_POINT('',#8910);
#8910 = CARTESIAN_POINT('',(10.45,-0.5,-3.5));
#8911 = LINE('',#8912,#8913);
#8912 = CARTESIAN_POINT('',(9.55,-0.5,-3.5));
#8913 = VECTOR('',#8914,1.);
#8914 = DIRECTION('',(1.,0.,0.));
#8915 = ORIENTED_EDGE('',*,*,#8916,.F.);
#8916 = EDGE_CURVE('',#8074,#8909,#8917,.T.);
#8917 = LINE('',#8918,#8919);
#8918 = CARTESIAN_POINT('',(10.45,-0.5,2.4));
#8919 = VECTOR('',#8920,1.);
#8920 = DIRECTION('',(-0.,-0.,-1.));
#8921 = PLANE('',#8922);
#8922 = AXIS2_PLACEMENT_3D('',#8923,#8924,#8925);
#8923 = CARTESIAN_POINT('',(9.55,-0.5,2.4));
#8924 = DIRECTION('',(0.,-1.,0.));
#8925 = DIRECTION('',(1.,0.,0.));
#8926 = ADVANCED_FACE('',(#8927),#8945,.T.);
#8927 = FACE_BOUND('',#8928,.T.);
#8928 = EDGE_LOOP('',(#8929,#8930,#8938,#8944));
#8929 = ORIENTED_EDGE('',*,*,#8099,.T.);
#8930 = ORIENTED_EDGE('',*,*,#8931,.T.);
#8931 = EDGE_CURVE('',#8092,#8932,#8934,.T.);
#8932 = VERTEX_POINT('',#8933);
#8933 = CARTESIAN_POINT('',(9.55,0.5,-3.5));
#8934 = LINE('',#8935,#8936);
#8935 = CARTESIAN_POINT('',(9.55,0.5,2.4));
#8936 = VECTOR('',#8937,1.);
#8937 = DIRECTION('',(-0.,-0.,-1.));
#8938 = ORIENTED_EDGE('',*,*,#8939,.T.);
#8939 = EDGE_CURVE('',#8932,#8901,#8940,.T.);
#8940 = LINE('',#8941,#8942);
#8941 = CARTESIAN_POINT('',(9.55,0.5,-3.5));
#8942 = VECTOR('',#8943,1.);
#8943 = DIRECTION('',(0.,-1.,0.));
#8944 = ORIENTED_EDGE('',*,*,#8900,.F.);
#8945 = PLANE('',#8946);
#8946 = AXIS2_PLACEMENT_3D('',#8947,#8948,#8949);
#8947 = CARTESIAN_POINT('',(9.55,0.5,2.4));
#8948 = DIRECTION('',(-1.,0.,0.));
#8949 = DIRECTION('',(0.,-1.,0.));
#8950 = ADVANCED_FACE('',(#8951),#8969,.T.);
#8951 = FACE_BOUND('',#8952,.T.);
#8952 = EDGE_LOOP('',(#8953,#8954,#8962,#8968));
#8953 = ORIENTED_EDGE('',*,*,#8091,.T.);
#8954 = ORIENTED_EDGE('',*,*,#8955,.T.);
#8955 = EDGE_CURVE('',#8084,#8956,#8958,.T.);
#8956 = VERTEX_POINT('',#8957);
#8957 = CARTESIAN_POINT('',(10.45,0.5,-3.5));
#8958 = LINE('',#8959,#8960);
#8959 = CARTESIAN_POINT('',(10.45,0.5,2.4));
#8960 = VECTOR('',#8961,1.);
#8961 = DIRECTION('',(-0.,-0.,-1.));
#8962 = ORIENTED_EDGE('',*,*,#8963,.T.);
#8963 = EDGE_CURVE('',#8956,#8932,#8964,.T.);
#8964 = LINE('',#8965,#8966);
#8965 = CARTESIAN_POINT('',(10.45,0.5,-3.5));
#8966 = VECTOR('',#8967,1.);
#8967 = DIRECTION('',(-1.,0.,0.));
#8968 = ORIENTED_EDGE('',*,*,#8931,.F.);
#8969 = PLANE('',#8970);
#8970 = AXIS2_PLACEMENT_3D('',#8971,#8972,#8973);
#8971 = CARTESIAN_POINT('',(10.45,0.5,2.4));
#8972 = DIRECTION('',(0.,1.,0.));
#8973 = DIRECTION('',(-1.,0.,0.));
#8974 = ADVANCED_FACE('',(#8975),#8986,.T.);
#8975 = FACE_BOUND('',#8976,.T.);
#8976 = EDGE_LOOP('',(#8977,#8978,#8979,#8985));
#8977 = ORIENTED_EDGE('',*,*,#8083,.T.);
#8978 = ORIENTED_EDGE('',*,*,#8916,.T.);
#8979 = ORIENTED_EDGE('',*,*,#8980,.T.);
#8980 = EDGE_CURVE('',#8909,#8956,#8981,.T.);
#8981 = LINE('',#8982,#8983);
#8982 = CARTESIAN_POINT('',(10.45,-0.5,-3.5));
#8983 = VECTOR('',#8984,1.);
#8984 = DIRECTION('',(0.,1.,0.));
#8985 = ORIENTED_EDGE('',*,*,#8955,.F.);
#8986 = PLANE('',#8987);
#8987 = AXIS2_PLACEMENT_3D('',#8988,#8989,#8990);
#8988 = CARTESIAN_POINT('',(10.45,-0.5,2.4));
#8989 = DIRECTION('',(1.,0.,0.));
#8990 = DIRECTION('',(-0.,1.,0.));
#8991 = ADVANCED_FACE('',(#8992),#9017,.T.);
#8992 = FACE_BOUND('',#8993,.T.);
#8993 = EDGE_LOOP('',(#8994,#8995,#9003,#9011));
#8994 = ORIENTED_EDGE('',*,*,#8107,.T.);
#8995 = ORIENTED_EDGE('',*,*,#8996,.T.);
#8996 = EDGE_CURVE('',#8110,#8997,#8999,.T.);
#8997 = VERTEX_POINT('',#8998);
#8998 = CARTESIAN_POINT('',(-0.45,-0.5,-3.5));
#8999 = LINE('',#9000,#9001);
#9000 = CARTESIAN_POINT('',(-0.45,-0.5,2.4));
#9001 = VECTOR('',#9002,1.);
#9002 = DIRECTION('',(-0.,-0.,-1.));
#9003 = ORIENTED_EDGE('',*,*,#9004,.T.);
#9004 = EDGE_CURVE('',#8997,#9005,#9007,.T.);
#9005 = VERTEX_POINT('',#9006);
#9006 = CARTESIAN_POINT('',(0.45,-0.5,-3.5));
#9007 = LINE('',#9008,#9009);
#9008 = CARTESIAN_POINT('',(-0.45,-0.5,-3.5));
#9009 = VECTOR('',#9010,1.);
#9010 = DIRECTION('',(1.,0.,0.));
#9011 = ORIENTED_EDGE('',*,*,#9012,.F.);
#9012 = EDGE_CURVE('',#8108,#9005,#9013,.T.);
#9013 = LINE('',#9014,#9015);
#9014 = CARTESIAN_POINT('',(0.45,-0.5,2.4));
#9015 = VECTOR('',#9016,1.);
#9016 = DIRECTION('',(-0.,-0.,-1.));
#9017 = PLANE('',#9018);
#9018 = AXIS2_PLACEMENT_3D('',#9019,#9020,#9021);
#9019 = CARTESIAN_POINT('',(-0.45,-0.5,2.4));
#9020 = DIRECTION('',(0.,-1.,0.));
#9021 = DIRECTION('',(1.,0.,0.));
#9022 = ADVANCED_FACE('',(#9023),#9041,.T.);
#9023 = FACE_BOUND('',#9024,.T.);
#9024 = EDGE_LOOP('',(#9025,#9026,#9034,#9040));
#9025 = ORIENTED_EDGE('',*,*,#8133,.T.);
#9026 = ORIENTED_EDGE('',*,*,#9027,.T.);
#9027 = EDGE_CURVE('',#8126,#9028,#9030,.T.);
#9028 = VERTEX_POINT('',#9029);
#9029 = CARTESIAN_POINT('',(-0.45,0.5,-3.5));
#9030 = LINE('',#9031,#9032);
#9031 = CARTESIAN_POINT('',(-0.45,0.5,2.4));
#9032 = VECTOR('',#9033,1.);
#9033 = DIRECTION('',(-0.,-0.,-1.));
#9034 = ORIENTED_EDGE('',*,*,#9035,.T.);
#9035 = EDGE_CURVE('',#9028,#8997,#9036,.T.);
#9036 = LINE('',#9037,#9038);
#9037 = CARTESIAN_POINT('',(-0.45,0.5,-3.5));
#9038 = VECTOR('',#9039,1.);
#9039 = DIRECTION('',(0.,-1.,0.));
#9040 = ORIENTED_EDGE('',*,*,#8996,.F.);
#9041 = PLANE('',#9042);
#9042 = AXIS2_PLACEMENT_3D('',#9043,#9044,#9045);
#9043 = CARTESIAN_POINT('',(-0.45,0.5,2.4));
#9044 = DIRECTION('',(-1.,0.,0.));
#9045 = DIRECTION('',(0.,-1.,0.));
#9046 = ADVANCED_FACE('',(#9047),#9065,.T.);
#9047 = FACE_BOUND('',#9048,.T.);
#9048 = EDGE_LOOP('',(#9049,#9050,#9058,#9064));
#9049 = ORIENTED_EDGE('',*,*,#8125,.T.);
#9050 = ORIENTED_EDGE('',*,*,#9051,.T.);
#9051 = EDGE_CURVE('',#8118,#9052,#9054,.T.);
#9052 = VERTEX_POINT('',#9053);
#9053 = CARTESIAN_POINT('',(0.45,0.5,-3.5));
#9054 = LINE('',#9055,#9056);
#9055 = CARTESIAN_POINT('',(0.45,0.5,2.4));
#9056 = VECTOR('',#9057,1.);
#9057 = DIRECTION('',(-0.,-0.,-1.));
#9058 = ORIENTED_EDGE('',*,*,#9059,.T.);
#9059 = EDGE_CURVE('',#9052,#9028,#9060,.T.);
#9060 = LINE('',#9061,#9062);
#9061 = CARTESIAN_POINT('',(0.45,0.5,-3.5));
#9062 = VECTOR('',#9063,1.);
#9063 = DIRECTION('',(-1.,0.,0.));
#9064 = ORIENTED_EDGE('',*,*,#9027,.F.);
#9065 = PLANE('',#9066);
#9066 = AXIS2_PLACEMENT_3D('',#9067,#9068,#9069);
#9067 = CARTESIAN_POINT('',(0.45,0.5,2.4));
#9068 = DIRECTION('',(0.,1.,0.));
#9069 = DIRECTION('',(-1.,0.,0.));
#9070 = ADVANCED_FACE('',(#9071),#9082,.T.);
#9071 = FACE_BOUND('',#9072,.T.);
#9072 = EDGE_LOOP('',(#9073,#9074,#9075,#9081));
#9073 = ORIENTED_EDGE('',*,*,#8117,.T.);
#9074 = ORIENTED_EDGE('',*,*,#9012,.T.);
#9075 = ORIENTED_EDGE('',*,*,#9076,.T.);
#9076 = EDGE_CURVE('',#9005,#9052,#9077,.T.);
#9077 = LINE('',#9078,#9079);
#9078 = CARTESIAN_POINT('',(0.45,-0.5,-3.5));
#9079 = VECTOR('',#9080,1.);
#9080 = DIRECTION('',(0.,1.,0.));
#9081 = ORIENTED_EDGE('',*,*,#9051,.F.);
#9082 = PLANE('',#9083);
#9083 = AXIS2_PLACEMENT_3D('',#9084,#9085,#9086);
#9084 = CARTESIAN_POINT('',(0.45,-0.5,2.4));
#9085 = DIRECTION('',(1.,0.,0.));
#9086 = DIRECTION('',(-0.,1.,0.));
#9087 = ADVANCED_FACE('',(#9088),#9111,.F.);
#9088 = FACE_BOUND('',#9089,.F.);
#9089 = EDGE_LOOP('',(#9090,#9100,#9105,#9106));
#9090 = ORIENTED_EDGE('',*,*,#9091,.T.);
#9091 = EDGE_CURVE('',#9092,#9094,#9096,.T.);
#9092 = VERTEX_POINT('',#9093);
#9093 = CARTESIAN_POINT('',(-1.4,-3.8,2.4));
#9094 = VERTEX_POINT('',#9095);
#9095 = CARTESIAN_POINT('',(1.4,-3.8,2.4));
#9096 = LINE('',#9097,#9098);
#9097 = CARTESIAN_POINT('',(-1.4,-3.8,2.4));
#9098 = VECTOR('',#9099,1.);
#9099 = DIRECTION('',(1.,0.,0.));
#9100 = ORIENTED_EDGE('',*,*,#9101,.T.);
#9101 = EDGE_CURVE('',#9094,#8231,#9102,.T.);
#9102 = B_SPLINE_CURVE_WITH_KNOTS('',1,(#9103,#9104),.UNSPECIFIED.,.F.,
  .F.,(2,2),(0.,1.),.PIECEWISE_BEZIER_KNOTS.);
#9103 = CARTESIAN_POINT('',(1.4,-3.8,2.4));
#9104 = CARTESIAN_POINT('',(1.8,-4.6,1.6));
#9105 = ORIENTED_EDGE('',*,*,#8230,.T.);
#9106 = ORIENTED_EDGE('',*,*,#9107,.F.);
#9107 = EDGE_CURVE('',#9092,#8233,#9108,.T.);
#9108 = B_SPLINE_CURVE_WITH_KNOTS('',1,(#9109,#9110),.UNSPECIFIED.,.F.,
  .F.,(2,2),(0.,1.),.PIECEWISE_BEZIER_KNOTS.);
#9109 = CARTESIAN_POINT('',(-1.4,-3.8,2.4));
#9110 = CARTESIAN_POINT('',(-1.8,-4.6,1.6));
#9111 = B_SPLINE_SURFACE_WITH_KNOTS('',1,1,(
    (#9112,#9113)
    ,(#9114,#9115
    )),.UNSPECIFIED.,.F.,.F.,.F.,(2,2),(2,2),(-3.6,0.),(0.,1.),
  .PIECEWISE_BEZIER_KNOTS.);
#9112 = CARTESIAN_POINT('',(-1.4,-3.8,2.4));
#9113 = CARTESIAN_POINT('',(-1.8,-4.6,1.6));
#9114 = CARTESIAN_POINT('',(1.4,-3.8,2.4));
#9115 = CARTESIAN_POINT('',(1.8,-4.6,1.6));
#9116 = ADVANCED_FACE('',(#9117),#9134,.F.);
#9117 = FACE_BOUND('',#9118,.F.);
#9118 = EDGE_LOOP('',(#9119,#9127,#9132,#9133));
#9119 = ORIENTED_EDGE('',*,*,#9120,.T.);
#9120 = EDGE_CURVE('',#9094,#9121,#9123,.T.);
#9121 = VERTEX_POINT('',#9122);
#9122 = CARTESIAN_POINT('',(1.4,-3.8,5.1));
#9123 = LINE('',#9124,#9125);
#9124 = CARTESIAN_POINT('',(1.4,-3.8,2.4));
#9125 = VECTOR('',#9126,1.);
#9126 = DIRECTION('',(0.,0.,1.));
#9127 = ORIENTED_EDGE('',*,*,#9128,.T.);
#9128 = EDGE_CURVE('',#9121,#8241,#9129,.T.);
#9129 = B_SPLINE_CURVE_WITH_KNOTS('',1,(#9130,#9131),.UNSPECIFIED.,.F.,
  .F.,(2,2),(0.,1.),.PIECEWISE_BEZIER_KNOTS.);
#9130 = CARTESIAN_POINT('',(1.4,-3.8,5.1));
#9131 = CARTESIAN_POINT('',(1.8,-4.6,6.8));
#9132 = ORIENTED_EDGE('',*,*,#8240,.T.);
#9133 = ORIENTED_EDGE('',*,*,#9101,.F.);
#9134 = B_SPLINE_SURFACE_WITH_KNOTS('',1,1,(
    (#9135,#9136)
    ,(#9137,#9138
    )),.UNSPECIFIED.,.F.,.F.,.F.,(2,2),(2,2),(-5.2,0.),(0.,1.),
  .PIECEWISE_BEZIER_KNOTS.);
#9135 = CARTESIAN_POINT('',(1.4,-3.8,2.4));
#9136 = CARTESIAN_POINT('',(1.8,-4.6,1.6));
#9137 = CARTESIAN_POINT('',(1.4,-3.8,5.1));
#9138 = CARTESIAN_POINT('',(1.8,-4.6,6.8));
#9139 = ADVANCED_FACE('',(#9140),#9157,.F.);
#9140 = FACE_BOUND('',#9141,.F.);
#9141 = EDGE_LOOP('',(#9142,#9150,#9151,#9152));
#9142 = ORIENTED_EDGE('',*,*,#9143,.T.);
#9143 = EDGE_CURVE('',#9144,#9092,#9146,.T.);
#9144 = VERTEX_POINT('',#9145);
#9145 = CARTESIAN_POINT('',(-1.4,-3.8,5.1));
#9146 = LINE('',#9147,#9148);
#9147 = CARTESIAN_POINT('',(-1.4,-3.8,5.1));
#9148 = VECTOR('',#9149,1.);
#9149 = DIRECTION('',(0.,0.,-1.));
#9150 = ORIENTED_EDGE('',*,*,#9107,.T.);
#9151 = ORIENTED_EDGE('',*,*,#8256,.T.);
#9152 = ORIENTED_EDGE('',*,*,#9153,.F.);
#9153 = EDGE_CURVE('',#9144,#8249,#9154,.T.);
#9154 = B_SPLINE_CURVE_WITH_KNOTS('',1,(#9155,#9156),.UNSPECIFIED.,.F.,
  .F.,(2,2),(0.,1.),.PIECEWISE_BEZIER_KNOTS.);
#9155 = CARTESIAN_POINT('',(-1.4,-3.8,5.1));
#9156 = CARTESIAN_POINT('',(-1.8,-4.6,6.8));
#9157 = B_SPLINE_SURFACE_WITH_KNOTS('',1,1,(
    (#9158,#9159)
    ,(#9160,#9161
    )),.UNSPECIFIED.,.F.,.F.,.F.,(2,2),(2,2),(-5.2,0.),(0.,1.),
  .PIECEWISE_BEZIER_KNOTS.);
#9158 = CARTESIAN_POINT('',(-1.4,-3.8,5.1));
#9159 = CARTESIAN_POINT('',(-1.8,-4.6,6.8));
#9160 = CARTESIAN_POINT('',(-1.4,-3.8,2.4));
#9161 = CARTESIAN_POINT('',(-1.8,-4.6,1.6));
#9162 = ADVANCED_FACE('',(#9163),#9174,.F.);
#9163 = FACE_BOUND('',#9164,.F.);
#9164 = EDGE_LOOP('',(#9165,#9171,#9172,#9173));
#9165 = ORIENTED_EDGE('',*,*,#9166,.T.);
#9166 = EDGE_CURVE('',#9121,#9144,#9167,.T.);
#9167 = LINE('',#9168,#9169);
#9168 = CARTESIAN_POINT('',(1.4,-3.8,5.1));
#9169 = VECTOR('',#9170,1.);
#9170 = DIRECTION('',(-1.,0.,0.));
#9171 = ORIENTED_EDGE('',*,*,#9153,.T.);
#9172 = ORIENTED_EDGE('',*,*,#8248,.T.);
#9173 = ORIENTED_EDGE('',*,*,#9128,.F.);
#9174 = B_SPLINE_SURFACE_WITH_KNOTS('',1,1,(
    (#9175,#9176)
    ,(#9177,#9178
    )),.UNSPECIFIED.,.F.,.F.,.F.,(2,2),(2,2),(-3.6,0.),(0.,1.),
  .PIECEWISE_BEZIER_KNOTS.);
#9175 = CARTESIAN_POINT('',(1.4,-3.8,5.1));
#9176 = CARTESIAN_POINT('',(1.8,-4.6,6.8));
#9177 = CARTESIAN_POINT('',(-1.4,-3.8,5.1));
#9178 = CARTESIAN_POINT('',(-1.8,-4.6,6.8));
#9179 = ADVANCED_FACE('',(#9180),#9203,.F.);
#9180 = FACE_BOUND('',#9181,.F.);
#9181 = EDGE_LOOP('',(#9182,#9192,#9197,#9198));
#9182 = ORIENTED_EDGE('',*,*,#9183,.T.);
#9183 = EDGE_CURVE('',#9184,#9186,#9188,.T.);
#9184 = VERTEX_POINT('',#9185);
#9185 = CARTESIAN_POINT('',(3.6,-3.8,2.4));
#9186 = VERTEX_POINT('',#9187);
#9187 = CARTESIAN_POINT('',(6.4,-3.8,2.4));
#9188 = LINE('',#9189,#9190);
#9189 = CARTESIAN_POINT('',(3.6,-3.8,2.4));
#9190 = VECTOR('',#9191,1.);
#9191 = DIRECTION('',(1.,0.,0.));
#9192 = ORIENTED_EDGE('',*,*,#9193,.T.);
#9193 = EDGE_CURVE('',#9186,#8265,#9194,.T.);
#9194 = B_SPLINE_CURVE_WITH_KNOTS('',1,(#9195,#9196),.UNSPECIFIED.,.F.,
  .F.,(2,2),(0.,1.),.PIECEWISE_BEZIER_KNOTS.);
#9195 = CARTESIAN_POINT('',(6.4,-3.8,2.4));
#9196 = CARTESIAN_POINT('',(6.8,-4.6,1.6));
#9197 = ORIENTED_EDGE('',*,*,#8264,.T.);
#9198 = ORIENTED_EDGE('',*,*,#9199,.F.);
#9199 = EDGE_CURVE('',#9184,#8267,#9200,.T.);
#9200 = B_SPLINE_CURVE_WITH_KNOTS('',1,(#9201,#9202),.UNSPECIFIED.,.F.,
  .F.,(2,2),(0.,1.),.PIECEWISE_BEZIER_KNOTS.);
#9201 = CARTESIAN_POINT('',(3.6,-3.8,2.4));
#9202 = CARTESIAN_POINT('',(3.2,-4.6,1.6));
#9203 = B_SPLINE_SURFACE_WITH_KNOTS('',1,1,(
    (#9204,#9205)
    ,(#9206,#9207
    )),.UNSPECIFIED.,.F.,.F.,.F.,(2,2),(2,2),(-3.6,0.),(0.,1.),
  .PIECEWISE_BEZIER_KNOTS.);
#9204 = CARTESIAN_POINT('',(3.6,-3.8,2.4));
#9205 = CARTESIAN_POINT('',(3.2,-4.6,1.6));
#9206 = CARTESIAN_POINT('',(6.4,-3.8,2.4));
#9207 = CARTESIAN_POINT('',(6.8,-4.6,1.6));
#9208 = ADVANCED_FACE('',(#9209),#9226,.F.);
#9209 = FACE_BOUND('',#9210,.F.);
#9210 = EDGE_LOOP('',(#9211,#9219,#9224,#9225));
#9211 = ORIENTED_EDGE('',*,*,#9212,.T.);
#9212 = EDGE_CURVE('',#9186,#9213,#9215,.T.);
#9213 = VERTEX_POINT('',#9214);
#9214 = CARTESIAN_POINT('',(6.4,-3.8,5.1));
#9215 = LINE('',#9216,#9217);
#9216 = CARTESIAN_POINT('',(6.4,-3.8,2.4));
#9217 = VECTOR('',#9218,1.);
#9218 = DIRECTION('',(0.,0.,1.));
#9219 = ORIENTED_EDGE('',*,*,#9220,.T.);
#9220 = EDGE_CURVE('',#9213,#8275,#9221,.T.);
#9221 = B_SPLINE_CURVE_WITH_KNOTS('',1,(#9222,#9223),.UNSPECIFIED.,.F.,
  .F.,(2,2),(0.,1.),.PIECEWISE_BEZIER_KNOTS.);
#9222 = CARTESIAN_POINT('',(6.4,-3.8,5.1));
#9223 = CARTESIAN_POINT('',(6.8,-4.6,6.8));
#9224 = ORIENTED_EDGE('',*,*,#8274,.T.);
#9225 = ORIENTED_EDGE('',*,*,#9193,.F.);
#9226 = B_SPLINE_SURFACE_WITH_KNOTS('',1,1,(
    (#9227,#9228)
    ,(#9229,#9230
    )),.UNSPECIFIED.,.F.,.F.,.F.,(2,2),(2,2),(-5.2,0.),(0.,1.),
  .PIECEWISE_BEZIER_KNOTS.);
#9227 = CARTESIAN_POINT('',(6.4,-3.8,2.4));
#9228 = CARTESIAN_POINT('',(6.8,-4.6,1.6));
#9229 = CARTESIAN_POINT('',(6.4,-3.8,5.1));
#9230 = CARTESIAN_POINT('',(6.8,-4.6,6.8));
#9231 = ADVANCED_FACE('',(#9232),#9249,.F.);
#9232 = FACE_BOUND('',#9233,.F.);
#9233 = EDGE_LOOP('',(#9234,#9242,#9243,#9244));
#9234 = ORIENTED_EDGE('',*,*,#9235,.T.);
#9235 = EDGE_CURVE('',#9236,#9184,#9238,.T.);
#9236 = VERTEX_POINT('',#9237);
#9237 = CARTESIAN_POINT('',(3.6,-3.8,5.1));
#9238 = LINE('',#9239,#9240);
#9239 = CARTESIAN_POINT('',(3.6,-3.8,5.1));
#9240 = VECTOR('',#9241,1.);
#9241 = DIRECTION('',(0.,0.,-1.));
#9242 = ORIENTED_EDGE('',*,*,#9199,.T.);
#9243 = ORIENTED_EDGE('',*,*,#8290,.T.);
#9244 = ORIENTED_EDGE('',*,*,#9245,.F.);
#9245 = EDGE_CURVE('',#9236,#8283,#9246,.T.);
#9246 = B_SPLINE_CURVE_WITH_KNOTS('',1,(#9247,#9248),.UNSPECIFIED.,.F.,
  .F.,(2,2),(0.,1.),.PIECEWISE_BEZIER_KNOTS.);
#9247 = CARTESIAN_POINT('',(3.6,-3.8,5.1));
#9248 = CARTESIAN_POINT('',(3.2,-4.6,6.8));
#9249 = B_SPLINE_SURFACE_WITH_KNOTS('',1,1,(
    (#9250,#9251)
    ,(#9252,#9253
    )),.UNSPECIFIED.,.F.,.F.,.F.,(2,2),(2,2),(-5.2,0.),(0.,1.),
  .PIECEWISE_BEZIER_KNOTS.);
#9250 = CARTESIAN_POINT('',(3.6,-3.8,5.1));
#9251 = CARTESIAN_POINT('',(3.2,-4.6,6.8));
#9252 = CARTESIAN_POINT('',(3.6,-3.8,2.4));
#9253 = CARTESIAN_POINT('',(3.2,-4.6,1.6));
#9254 = ADVANCED_FACE('',(#9255),#9266,.F.);
#9255 = FACE_BOUND('',#9256,.F.);
#9256 = EDGE_LOOP('',(#9257,#9263,#9264,#9265));
#9257 = ORIENTED_EDGE('',*,*,#9258,.T.);
#9258 = EDGE_CURVE('',#9213,#9236,#9259,.T.);
#9259 = LINE('',#9260,#9261);
#9260 = CARTESIAN_POINT('',(6.4,-3.8,5.1));
#9261 = VECTOR('',#9262,1.);
#9262 = DIRECTION('',(-1.,0.,0.));
#9263 = ORIENTED_EDGE('',*,*,#9245,.T.);
#9264 = ORIENTED_EDGE('',*,*,#8282,.T.);
#9265 = ORIENTED_EDGE('',*,*,#9220,.F.);
#9266 = B_SPLINE_SURFACE_WITH_KNOTS('',1,1,(
    (#9267,#9268)
    ,(#9269,#9270
    )),.UNSPECIFIED.,.F.,.F.,.F.,(2,2),(2,2),(-3.6,0.),(0.,1.),
  .PIECEWISE_BEZIER_KNOTS.);
#9267 = CARTESIAN_POINT('',(6.4,-3.8,5.1));
#9268 = CARTESIAN_POINT('',(6.8,-4.6,6.8));
#9269 = CARTESIAN_POINT('',(3.6,-3.8,5.1));
#9270 = CARTESIAN_POINT('',(3.2,-4.6,6.8));
#9271 = ADVANCED_FACE('',(#9272),#9295,.F.);
#9272 = FACE_BOUND('',#9273,.F.);
#9273 = EDGE_LOOP('',(#9274,#9284,#9289,#9290));
#9274 = ORIENTED_EDGE('',*,*,#9275,.T.);
#9275 = EDGE_CURVE('',#9276,#9278,#9280,.T.);
#9276 = VERTEX_POINT('',#9277);
#9277 = CARTESIAN_POINT('',(8.6,-3.8,2.4));
#9278 = VERTEX_POINT('',#9279);
#9279 = CARTESIAN_POINT('',(11.4,-3.8,2.4));
#9280 = LINE('',#9281,#9282);
#9281 = CARTESIAN_POINT('',(8.6,-3.8,2.4));
#9282 = VECTOR('',#9283,1.);
#9283 = DIRECTION('',(1.,0.,0.));
#9284 = ORIENTED_EDGE('',*,*,#9285,.T.);
#9285 = EDGE_CURVE('',#9278,#8299,#9286,.T.);
#9286 = B_SPLINE_CURVE_WITH_KNOTS('',1,(#9287,#9288),.UNSPECIFIED.,.F.,
  .F.,(2,2),(0.,1.),.PIECEWISE_BEZIER_KNOTS.);
#9287 = CARTESIAN_POINT('',(11.4,-3.8,2.4));
#9288 = CARTESIAN_POINT('',(11.8,-4.6,1.6));
#9289 = ORIENTED_EDGE('',*,*,#8298,.T.);
#9290 = ORIENTED_EDGE('',*,*,#9291,.F.);
#9291 = EDGE_CURVE('',#9276,#8301,#9292,.T.);
#9292 = B_SPLINE_CURVE_WITH_KNOTS('',1,(#9293,#9294),.UNSPECIFIED.,.F.,
  .F.,(2,2),(0.,1.),.PIECEWISE_BEZIER_KNOTS.);
#9293 = CARTESIAN_POINT('',(8.6,-3.8,2.4));
#9294 = CARTESIAN_POINT('',(8.2,-4.6,1.6));
#9295 = B_SPLINE_SURFACE_WITH_KNOTS('',1,1,(
    (#9296,#9297)
    ,(#9298,#9299
    )),.UNSPECIFIED.,.F.,.F.,.F.,(2,2),(2,2),(-3.6,0.),(0.,1.),
  .PIECEWISE_BEZIER_KNOTS.);
#9296 = CARTESIAN_POINT('',(8.6,-3.8,2.4));
#9297 = CARTESIAN_POINT('',(8.2,-4.6,1.6));
#9298 = CARTESIAN_POINT('',(11.4,-3.8,2.4));
#9299 = CARTESIAN_POINT('',(11.8,-4.6,1.6));
#9300 = ADVANCED_FACE('',(#9301),#9318,.F.);
#9301 = FACE_BOUND('',#9302,.F.);
#9302 = EDGE_LOOP('',(#9303,#9311,#9316,#9317));
#9303 = ORIENTED_EDGE('',*,*,#9304,.T.);
#9304 = EDGE_CURVE('',#9278,#9305,#9307,.T.);
#9305 = VERTEX_POINT('',#9306);
#9306 = CARTESIAN_POINT('',(11.4,-3.8,5.1));
#9307 = LINE('',#9308,#9309);
#9308 = CARTESIAN_POINT('',(11.4,-3.8,2.4));
#9309 = VECTOR('',#9310,1.);
#9310 = DIRECTION('',(0.,0.,1.));
#9311 = ORIENTED_EDGE('',*,*,#9312,.T.);
#9312 = EDGE_CURVE('',#9305,#8309,#9313,.T.);
#9313 = B_SPLINE_CURVE_WITH_KNOTS('',1,(#9314,#9315),.UNSPECIFIED.,.F.,
  .F.,(2,2),(0.,1.),.PIECEWISE_BEZIER_KNOTS.);
#9314 = CARTESIAN_POINT('',(11.4,-3.8,5.1));
#9315 = CARTESIAN_POINT('',(11.8,-4.6,6.8));
#9316 = ORIENTED_EDGE('',*,*,#8308,.T.);
#9317 = ORIENTED_EDGE('',*,*,#9285,.F.);
#9318 = B_SPLINE_SURFACE_WITH_KNOTS('',1,1,(
    (#9319,#9320)
    ,(#9321,#9322
    )),.UNSPECIFIED.,.F.,.F.,.F.,(2,2),(2,2),(-5.2,0.),(0.,1.),
  .PIECEWISE_BEZIER_KNOTS.);
#9319 = CARTESIAN_POINT('',(11.4,-3.8,2.4));
#9320 = CARTESIAN_POINT('',(11.8,-4.6,1.6));
#9321 = CARTESIAN_POINT('',(11.4,-3.8,5.1));
#9322 = CARTESIAN_POINT('',(11.8,-4.6,6.8));
#9323 = ADVANCED_FACE('',(#9324),#9341,.F.);
#9324 = FACE_BOUND('',#9325,.F.);
#9325 = EDGE_LOOP('',(#9326,#9334,#9335,#9336));
#9326 = ORIENTED_EDGE('',*,*,#9327,.T.);
#9327 = EDGE_CURVE('',#9328,#9276,#9330,.T.);
#9328 = VERTEX_POINT('',#9329);
#9329 = CARTESIAN_POINT('',(8.6,-3.8,5.1));
#9330 = LINE('',#9331,#9332);
#9331 = CARTESIAN_POINT('',(8.6,-3.8,5.1));
#9332 = VECTOR('',#9333,1.);
#9333 = DIRECTION('',(0.,0.,-1.));
#9334 = ORIENTED_EDGE('',*,*,#9291,.T.);
#9335 = ORIENTED_EDGE('',*,*,#8324,.T.);
#9336 = ORIENTED_EDGE('',*,*,#9337,.F.);
#9337 = EDGE_CURVE('',#9328,#8317,#9338,.T.);
#9338 = B_SPLINE_CURVE_WITH_KNOTS('',1,(#9339,#9340),.UNSPECIFIED.,.F.,
  .F.,(2,2),(0.,1.),.PIECEWISE_BEZIER_KNOTS.);
#9339 = CARTESIAN_POINT('',(8.6,-3.8,5.1));
#9340 = CARTESIAN_POINT('',(8.2,-4.6,6.8));
#9341 = B_SPLINE_SURFACE_WITH_KNOTS('',1,1,(
    (#9342,#9343)
    ,(#9344,#9345
    )),.UNSPECIFIED.,.F.,.F.,.F.,(2,2),(2,2),(-5.2,0.),(0.,1.),
  .PIECEWISE_BEZIER_KNOTS.);
#9342 = CARTESIAN_POINT('',(8.6,-3.8,5.1));
#9343 = CARTESIAN_POINT('',(8.2,-4.6,6.8));
#9344 = CARTESIAN_POINT('',(8.6,-3.8,2.4));
#9345 = CARTESIAN_POINT('',(8.2,-4.6,1.6));
#9346 = ADVANCED_FACE('',(#9347),#9358,.F.);
#9347 = FACE_BOUND('',#9348,.F.);
#9348 = EDGE_LOOP('',(#9349,#9355,#9356,#9357));
#9349 = ORIENTED_EDGE('',*,*,#9350,.T.);
#9350 = EDGE_CURVE('',#9305,#9328,#9351,.T.);
#9351 = LINE('',#9352,#9353);
#9352 = CARTESIAN_POINT('',(11.4,-3.8,5.1));
#9353 = VECTOR('',#9354,1.);
#9354 = DIRECTION('',(-1.,0.,0.));
#9355 = ORIENTED_EDGE('',*,*,#9337,.T.);
#9356 = ORIENTED_EDGE('',*,*,#8316,.T.);
#9357 = ORIENTED_EDGE('',*,*,#9312,.F.);
#9358 = B_SPLINE_SURFACE_WITH_KNOTS('',1,1,(
    (#9359,#9360)
    ,(#9361,#9362
    )),.UNSPECIFIED.,.F.,.F.,.F.,(2,2),(2,2),(-3.6,0.),(0.,1.),
  .PIECEWISE_BEZIER_KNOTS.);
#9359 = CARTESIAN_POINT('',(11.4,-3.8,5.1));
#9360 = CARTESIAN_POINT('',(11.8,-4.6,6.8));
#9361 = CARTESIAN_POINT('',(8.6,-3.8,5.1));
#9362 = CARTESIAN_POINT('',(8.2,-4.6,6.8));
#9363 = ADVANCED_FACE('',(#9364),#9370,.F.);
#9364 = FACE_BOUND('',#9365,.F.);
#9365 = EDGE_LOOP('',(#9366,#9367,#9368,#9369));
#9366 = ORIENTED_EDGE('',*,*,#8787,.T.);
#9367 = ORIENTED_EDGE('',*,*,#8770,.T.);
#9368 = ORIENTED_EDGE('',*,*,#8746,.T.);
#9369 = ORIENTED_EDGE('',*,*,#8367,.T.);
#9370 = PLANE('',#9371);
#9371 = AXIS2_PLACEMENT_3D('',#9372,#9373,#9374);
#9372 = CARTESIAN_POINT('',(12.071908064794,-3.6,7.));
#9373 = DIRECTION('',(0.,0.,1.));
#9374 = DIRECTION('',(1.,0.,-0.));
#9375 = ADVANCED_FACE('',(#9376),#9386,.T.);
#9376 = FACE_BOUND('',#9377,.T.);
#9377 = EDGE_LOOP('',(#9378,#9384,#9385));
#9378 = ORIENTED_EDGE('',*,*,#9379,.F.);
#9379 = EDGE_CURVE('',#8482,#8404,#9380,.T.);
#9380 = LINE('',#9381,#9382);
#9381 = CARTESIAN_POINT('',(6.4,-2.,2.4));
#9382 = VECTOR('',#9383,1.);
#9383 = DIRECTION('',(0.,1.,0.));
#9384 = ORIENTED_EDGE('',*,*,#8489,.T.);
#9385 = ORIENTED_EDGE('',*,*,#8403,.T.);
#9386 = PLANE('',#9387);
#9387 = AXIS2_PLACEMENT_3D('',#9388,#9389,#9390);
#9388 = CARTESIAN_POINT('',(5.00770491145,-1.265782005125,2.4));
#9389 = DIRECTION('',(-4.370286341275E-18,-9.017547605327E-17,1.));
#9390 = DIRECTION('',(0.,1.,9.017547605327E-17));
#9391 = ADVANCED_FACE('',(#9392),#9419,.F.);
#9392 = FACE_BOUND('',#9393,.F.);
#9393 = EDGE_LOOP('',(#9394,#9395,#9396,#9404,#9412,#9418));
#9394 = ORIENTED_EDGE('',*,*,#9379,.F.);
#9395 = ORIENTED_EDGE('',*,*,#8481,.T.);
#9396 = ORIENTED_EDGE('',*,*,#9397,.T.);
#9397 = EDGE_CURVE('',#8473,#9398,#9400,.T.);
#9398 = VERTEX_POINT('',#9399);
#9399 = CARTESIAN_POINT('',(6.4,-1.484523257867,5.1));
#9400 = LINE('',#9401,#9402);
#9401 = CARTESIAN_POINT('',(6.4,-2.,5.1));
#9402 = VECTOR('',#9403,1.);
#9403 = DIRECTION('',(0.,1.,0.));
#9404 = ORIENTED_EDGE('',*,*,#9405,.T.);
#9405 = EDGE_CURVE('',#9398,#9406,#9408,.T.);
#9406 = VERTEX_POINT('',#9407);
#9407 = CARTESIAN_POINT('',(6.4,1.084523257867,5.1));
#9408 = LINE('',#9409,#9410);
#9409 = CARTESIAN_POINT('',(6.4,-2.,5.1));
#9410 = VECTOR('',#9411,1.);
#9411 = DIRECTION('',(0.,1.,0.));
#9412 = ORIENTED_EDGE('',*,*,#9413,.T.);
#9413 = EDGE_CURVE('',#9406,#8413,#9414,.T.);
#9414 = LINE('',#9415,#9416);
#9415 = CARTESIAN_POINT('',(6.4,-2.,5.1));
#9416 = VECTOR('',#9417,1.);
#9417 = DIRECTION('',(0.,1.,0.));
#9418 = ORIENTED_EDGE('',*,*,#8412,.F.);
#9419 = PLANE('',#9420);
#9420 = AXIS2_PLACEMENT_3D('',#9421,#9422,#9423);
#9421 = CARTESIAN_POINT('',(6.4,-2.,2.4));
#9422 = DIRECTION('',(-1.,0.,0.));
#9423 = DIRECTION('',(0.,1.,0.));
#9424 = ADVANCED_FACE('',(#9425),#9444,.T.);
#9425 = FACE_BOUND('',#9426,.T.);
#9426 = EDGE_LOOP('',(#9427,#9436,#9442,#9443));
#9427 = ORIENTED_EDGE('',*,*,#9428,.F.);
#9428 = EDGE_CURVE('',#9429,#9398,#9431,.T.);
#9429 = VERTEX_POINT('',#9430);
#9430 = CARTESIAN_POINT('',(5.60827625303,-2.,5.1));
#9431 = CIRCLE('',#9432,1.9);
#9432 = AXIS2_PLACEMENT_3D('',#9433,#9434,#9435);
#9433 = CARTESIAN_POINT('',(5.,-0.2,5.1));
#9434 = DIRECTION('',(0.,0.,1.));
#9435 = DIRECTION('',(1.,0.,-0.));
#9436 = ORIENTED_EDGE('',*,*,#9437,.T.);
#9437 = EDGE_CURVE('',#9429,#8464,#9438,.T.);
#9438 = LINE('',#9439,#9440);
#9439 = CARTESIAN_POINT('',(3.6,-2.,5.1));
#9440 = VECTOR('',#9441,1.);
#9441 = DIRECTION('',(1.,0.,0.));
#9442 = ORIENTED_EDGE('',*,*,#8472,.T.);
#9443 = ORIENTED_EDGE('',*,*,#9397,.T.);
#9444 = PLANE('',#9445);
#9445 = AXIS2_PLACEMENT_3D('',#9446,#9447,#9448);
#9446 = CARTESIAN_POINT('',(5.,0.,5.1));
#9447 = DIRECTION('',(0.,0.,1.));
#9448 = DIRECTION('',(1.,0.,-0.));
#9449 = ADVANCED_FACE('',(#9450),#9482,.F.);
#9450 = FACE_BOUND('',#9451,.F.);
#9451 = EDGE_LOOP('',(#9452,#9460,#9461,#9469,#9475,#9476));
#9452 = ORIENTED_EDGE('',*,*,#9453,.F.);
#9453 = EDGE_CURVE('',#9236,#9454,#9456,.T.);
#9454 = VERTEX_POINT('',#9455);
#9455 = CARTESIAN_POINT('',(3.6,-2.,5.1));
#9456 = LINE('',#9457,#9458);
#9457 = CARTESIAN_POINT('',(3.6,-104.6,5.1));
#9458 = VECTOR('',#9459,1.);
#9459 = DIRECTION('',(0.,1.,0.));
#9460 = ORIENTED_EDGE('',*,*,#9258,.F.);
#9461 = ORIENTED_EDGE('',*,*,#9462,.T.);
#9462 = EDGE_CURVE('',#9213,#9463,#9465,.T.);
#9463 = VERTEX_POINT('',#9464);
#9464 = CARTESIAN_POINT('',(6.4,-2.,5.1));
#9465 = LINE('',#9466,#9467);
#9466 = CARTESIAN_POINT('',(6.4,-104.6,5.1));
#9467 = VECTOR('',#9468,1.);
#9468 = DIRECTION('',(0.,1.,0.));
#9469 = ORIENTED_EDGE('',*,*,#9470,.F.);
#9470 = EDGE_CURVE('',#8464,#9463,#9471,.T.);
#9471 = LINE('',#9472,#9473);
#9472 = CARTESIAN_POINT('',(3.6,-2.,5.1));
#9473 = VECTOR('',#9474,1.);
#9474 = DIRECTION('',(1.,0.,0.));
#9475 = ORIENTED_EDGE('',*,*,#8463,.F.);
#9476 = ORIENTED_EDGE('',*,*,#9477,.F.);
#9477 = EDGE_CURVE('',#9454,#8455,#9478,.T.);
#9478 = LINE('',#9479,#9480);
#9479 = CARTESIAN_POINT('',(3.6,-2.,5.1));
#9480 = VECTOR('',#9481,1.);
#9481 = DIRECTION('',(1.,0.,0.));
#9482 = PLANE('',#9483);
#9483 = AXIS2_PLACEMENT_3D('',#9484,#9485,#9486);
#9484 = CARTESIAN_POINT('',(6.4,-104.6,5.1));
#9485 = DIRECTION('',(0.,0.,1.));
#9486 = DIRECTION('',(-1.,0.,0.));
#9487 = ADVANCED_FACE('',(#9488),#9514,.T.);
#9488 = FACE_BOUND('',#9489,.T.);
#9489 = EDGE_LOOP('',(#9490,#9501,#9507,#9508));
#9490 = ORIENTED_EDGE('',*,*,#9491,.F.);
#9491 = EDGE_CURVE('',#9492,#9494,#9496,.T.);
#9492 = VERTEX_POINT('',#9493);
#9493 = CARTESIAN_POINT('',(3.6,-1.484523257866,5.1));
#9494 = VERTEX_POINT('',#9495);
#9495 = CARTESIAN_POINT('',(4.39172374697,-2.,5.1));
#9496 = CIRCLE('',#9497,1.9);
#9497 = AXIS2_PLACEMENT_3D('',#9498,#9499,#9500);
#9498 = CARTESIAN_POINT('',(5.,-0.2,5.1));
#9499 = DIRECTION('',(0.,0.,1.));
#9500 = DIRECTION('',(1.,0.,-0.));
#9501 = ORIENTED_EDGE('',*,*,#9502,.T.);
#9502 = EDGE_CURVE('',#9492,#8447,#9503,.T.);
#9503 = LINE('',#9504,#9505);
#9504 = CARTESIAN_POINT('',(3.6,2.,5.1));
#9505 = VECTOR('',#9506,1.);
#9506 = DIRECTION('',(0.,-1.,0.));
#9507 = ORIENTED_EDGE('',*,*,#8454,.T.);
#9508 = ORIENTED_EDGE('',*,*,#9509,.T.);
#9509 = EDGE_CURVE('',#8455,#9494,#9510,.T.);
#9510 = LINE('',#9511,#9512);
#9511 = CARTESIAN_POINT('',(3.6,-2.,5.1));
#9512 = VECTOR('',#9513,1.);
#9513 = DIRECTION('',(1.,0.,0.));
#9514 = PLANE('',#9515);
#9515 = AXIS2_PLACEMENT_3D('',#9516,#9517,#9518);
#9516 = CARTESIAN_POINT('',(5.,0.,5.1));
#9517 = DIRECTION('',(0.,0.,1.));
#9518 = DIRECTION('',(1.,0.,-0.));
#9519 = ADVANCED_FACE('',(#9520),#9545,.F.);
#9520 = FACE_BOUND('',#9521,.F.);
#9521 = EDGE_LOOP('',(#9522,#9523,#9531,#9537,#9538,#9539));
#9522 = ORIENTED_EDGE('',*,*,#8429,.T.);
#9523 = ORIENTED_EDGE('',*,*,#9524,.T.);
#9524 = EDGE_CURVE('',#8421,#9525,#9527,.T.);
#9525 = VERTEX_POINT('',#9526);
#9526 = CARTESIAN_POINT('',(3.6,1.084523257866,5.1));
#9527 = LINE('',#9528,#9529);
#9528 = CARTESIAN_POINT('',(3.6,2.,5.1));
#9529 = VECTOR('',#9530,1.);
#9530 = DIRECTION('',(0.,-1.,0.));
#9531 = ORIENTED_EDGE('',*,*,#9532,.T.);
#9532 = EDGE_CURVE('',#9525,#9492,#9533,.T.);
#9533 = LINE('',#9534,#9535);
#9534 = CARTESIAN_POINT('',(3.6,2.,5.1));
#9535 = VECTOR('',#9536,1.);
#9536 = DIRECTION('',(0.,-1.,0.));
#9537 = ORIENTED_EDGE('',*,*,#9502,.T.);
#9538 = ORIENTED_EDGE('',*,*,#8446,.F.);
#9539 = ORIENTED_EDGE('',*,*,#9540,.F.);
#9540 = EDGE_CURVE('',#8430,#8438,#9541,.T.);
#9541 = LINE('',#9542,#9543);
#9542 = CARTESIAN_POINT('',(3.6,2.,2.4));
#9543 = VECTOR('',#9544,1.);
#9544 = DIRECTION('',(0.,-1.,0.));
#9545 = PLANE('',#9546);
#9546 = AXIS2_PLACEMENT_3D('',#9547,#9548,#9549);
#9547 = CARTESIAN_POINT('',(3.6,2.,2.4));
#9548 = DIRECTION('',(1.,0.,0.));
#9549 = DIRECTION('',(0.,-1.,0.));
#9550 = ADVANCED_FACE('',(#9551),#9555,.T.);
#9551 = FACE_BOUND('',#9552,.T.);
#9552 = EDGE_LOOP('',(#9553,#9554));
#9553 = ORIENTED_EDGE('',*,*,#8437,.T.);
#9554 = ORIENTED_EDGE('',*,*,#9540,.F.);
#9555 = PLANE('',#9556);
#9556 = AXIS2_PLACEMENT_3D('',#9557,#9558,#9559);
#9557 = CARTESIAN_POINT('',(5.00770491145,-1.265782005125,2.4));
#9558 = DIRECTION('',(-4.370286341275E-18,-9.017547605327E-17,1.));
#9559 = DIRECTION('',(0.,1.,9.017547605327E-17));
#9560 = ADVANCED_FACE('',(#9561),#9573,.T.);
#9561 = FACE_BOUND('',#9562,.T.);
#9562 = EDGE_LOOP('',(#9563,#9564,#9565,#9572));
#9563 = ORIENTED_EDGE('',*,*,#8420,.T.);
#9564 = ORIENTED_EDGE('',*,*,#9524,.T.);
#9565 = ORIENTED_EDGE('',*,*,#9566,.F.);
#9566 = EDGE_CURVE('',#9406,#9525,#9567,.T.);
#9567 = CIRCLE('',#9568,1.9);
#9568 = AXIS2_PLACEMENT_3D('',#9569,#9570,#9571);
#9569 = CARTESIAN_POINT('',(5.,-0.2,5.1));
#9570 = DIRECTION('',(0.,0.,1.));
#9571 = DIRECTION('',(1.,0.,-0.));
#9572 = ORIENTED_EDGE('',*,*,#9413,.T.);
#9573 = PLANE('',#9574);
#9574 = AXIS2_PLACEMENT_3D('',#9575,#9576,#9577);
#9575 = CARTESIAN_POINT('',(5.,0.,5.1));
#9576 = DIRECTION('',(0.,0.,1.));
#9577 = DIRECTION('',(1.,0.,-0.));
#9578 = ADVANCED_FACE('',(#9579),#9589,.T.);
#9579 = FACE_BOUND('',#9580,.T.);
#9580 = EDGE_LOOP('',(#9581,#9587,#9588));
#9581 = ORIENTED_EDGE('',*,*,#9582,.F.);
#9582 = EDGE_CURVE('',#8593,#8515,#9583,.T.);
#9583 = LINE('',#9584,#9585);
#9584 = CARTESIAN_POINT('',(1.4,-2.,2.4));
#9585 = VECTOR('',#9586,1.);
#9586 = DIRECTION('',(0.,1.,0.));
#9587 = ORIENTED_EDGE('',*,*,#8600,.T.);
#9588 = ORIENTED_EDGE('',*,*,#8514,.T.);
#9589 = PLANE('',#9590);
#9590 = AXIS2_PLACEMENT_3D('',#9591,#9592,#9593);
#9591 = CARTESIAN_POINT('',(7.704911449589E-03,-1.265782005125,2.4));
#9592 = DIRECTION('',(-4.370286341272E-18,-9.017547605327E-17,1.));
#9593 = DIRECTION('',(0.,1.,9.017547605327E-17));
#9594 = ADVANCED_FACE('',(#9595),#9622,.F.);
#9595 = FACE_BOUND('',#9596,.F.);
#9596 = EDGE_LOOP('',(#9597,#9598,#9599,#9607,#9615,#9621));
#9597 = ORIENTED_EDGE('',*,*,#9582,.F.);
#9598 = ORIENTED_EDGE('',*,*,#8592,.T.);
#9599 = ORIENTED_EDGE('',*,*,#9600,.T.);
#9600 = EDGE_CURVE('',#8584,#9601,#9603,.T.);
#9601 = VERTEX_POINT('',#9602);
#9602 = CARTESIAN_POINT('',(1.4,-1.484523257867,5.1));
#9603 = LINE('',#9604,#9605);
#9604 = CARTESIAN_POINT('',(1.4,-2.,5.1));
#9605 = VECTOR('',#9606,1.);
#9606 = DIRECTION('',(0.,1.,0.));
#9607 = ORIENTED_EDGE('',*,*,#9608,.T.);
#9608 = EDGE_CURVE('',#9601,#9609,#9611,.T.);
#9609 = VERTEX_POINT('',#9610);
#9610 = CARTESIAN_POINT('',(1.4,1.084523257867,5.1));
#9611 = LINE('',#9612,#9613);
#9612 = CARTESIAN_POINT('',(1.4,-2.,5.1));
#9613 = VECTOR('',#9614,1.);
#9614 = DIRECTION('',(0.,1.,0.));
#9615 = ORIENTED_EDGE('',*,*,#9616,.T.);
#9616 = EDGE_CURVE('',#9609,#8524,#9617,.T.);
#9617 = LINE('',#9618,#9619);
#9618 = CARTESIAN_POINT('',(1.4,-2.,5.1));
#9619 = VECTOR('',#9620,1.);
#9620 = DIRECTION('',(0.,1.,0.));
#9621 = ORIENTED_EDGE('',*,*,#8523,.F.);
#9622 = PLANE('',#9623);
#9623 = AXIS2_PLACEMENT_3D('',#9624,#9625,#9626);
#9624 = CARTESIAN_POINT('',(1.4,-2.,2.4));
#9625 = DIRECTION('',(-1.,0.,0.));
#9626 = DIRECTION('',(0.,1.,0.));
#9627 = ADVANCED_FACE('',(#9628),#9647,.T.);
#9628 = FACE_BOUND('',#9629,.T.);
#9629 = EDGE_LOOP('',(#9630,#9639,#9645,#9646));
#9630 = ORIENTED_EDGE('',*,*,#9631,.F.);
#9631 = EDGE_CURVE('',#9632,#9601,#9634,.T.);
#9632 = VERTEX_POINT('',#9633);
#9633 = CARTESIAN_POINT('',(0.60827625303,-2.,5.1));
#9634 = CIRCLE('',#9635,1.9);
#9635 = AXIS2_PLACEMENT_3D('',#9636,#9637,#9638);
#9636 = CARTESIAN_POINT('',(0.,-0.2,5.1));
#9637 = DIRECTION('',(0.,0.,1.));
#9638 = DIRECTION('',(1.,0.,-0.));
#9639 = ORIENTED_EDGE('',*,*,#9640,.T.);
#9640 = EDGE_CURVE('',#9632,#8575,#9641,.T.);
#9641 = LINE('',#9642,#9643);
#9642 = CARTESIAN_POINT('',(-1.4,-2.,5.1));
#9643 = VECTOR('',#9644,1.);
#9644 = DIRECTION('',(1.,0.,0.));
#9645 = ORIENTED_EDGE('',*,*,#8583,.T.);
#9646 = ORIENTED_EDGE('',*,*,#9600,.T.);
#9647 = PLANE('',#9648);
#9648 = AXIS2_PLACEMENT_3D('',#9649,#9650,#9651);
#9649 = CARTESIAN_POINT('',(0.,0.,5.1));
#9650 = DIRECTION('',(0.,0.,1.));
#9651 = DIRECTION('',(1.,0.,-0.));
#9652 = ADVANCED_FACE('',(#9653),#9685,.F.);
#9653 = FACE_BOUND('',#9654,.F.);
#9654 = EDGE_LOOP('',(#9655,#9663,#9664,#9672,#9678,#9679));
#9655 = ORIENTED_EDGE('',*,*,#9656,.F.);
#9656 = EDGE_CURVE('',#9144,#9657,#9659,.T.);
#9657 = VERTEX_POINT('',#9658);
#9658 = CARTESIAN_POINT('',(-1.4,-2.,5.1));
#9659 = LINE('',#9660,#9661);
#9660 = CARTESIAN_POINT('',(-1.4,-104.6,5.1));
#9661 = VECTOR('',#9662,1.);
#9662 = DIRECTION('',(0.,1.,0.));
#9663 = ORIENTED_EDGE('',*,*,#9166,.F.);
#9664 = ORIENTED_EDGE('',*,*,#9665,.T.);
#9665 = EDGE_CURVE('',#9121,#9666,#9668,.T.);
#9666 = VERTEX_POINT('',#9667);
#9667 = CARTESIAN_POINT('',(1.4,-2.,5.1));
#9668 = LINE('',#9669,#9670);
#9669 = CARTESIAN_POINT('',(1.4,-104.6,5.1));
#9670 = VECTOR('',#9671,1.);
#9671 = DIRECTION('',(0.,1.,0.));
#9672 = ORIENTED_EDGE('',*,*,#9673,.F.);
#9673 = EDGE_CURVE('',#8575,#9666,#9674,.T.);
#9674 = LINE('',#9675,#9676);
#9675 = CARTESIAN_POINT('',(-1.4,-2.,5.1));
#9676 = VECTOR('',#9677,1.);
#9677 = DIRECTION('',(1.,0.,0.));
#9678 = ORIENTED_EDGE('',*,*,#8574,.F.);
#9679 = ORIENTED_EDGE('',*,*,#9680,.F.);
#9680 = EDGE_CURVE('',#9657,#8566,#9681,.T.);
#9681 = LINE('',#9682,#9683);
#9682 = CARTESIAN_POINT('',(-1.4,-2.,5.1));
#9683 = VECTOR('',#9684,1.);
#9684 = DIRECTION('',(1.,0.,0.));
#9685 = PLANE('',#9686);
#9686 = AXIS2_PLACEMENT_3D('',#9687,#9688,#9689);
#9687 = CARTESIAN_POINT('',(1.4,-104.6,5.1));
#9688 = DIRECTION('',(0.,0.,1.));
#9689 = DIRECTION('',(-1.,0.,0.));
#9690 = ADVANCED_FACE('',(#9691),#9717,.T.);
#9691 = FACE_BOUND('',#9692,.T.);
#9692 = EDGE_LOOP('',(#9693,#9704,#9710,#9711));
#9693 = ORIENTED_EDGE('',*,*,#9694,.F.);
#9694 = EDGE_CURVE('',#9695,#9697,#9699,.T.);
#9695 = VERTEX_POINT('',#9696);
#9696 = CARTESIAN_POINT('',(-1.4,-1.484523257866,5.1));
#9697 = VERTEX_POINT('',#9698);
#9698 = CARTESIAN_POINT('',(-0.60827625303,-2.,5.1));
#9699 = CIRCLE('',#9700,1.9);
#9700 = AXIS2_PLACEMENT_3D('',#9701,#9702,#9703);
#9701 = CARTESIAN_POINT('',(0.,-0.2,5.1));
#9702 = DIRECTION('',(0.,0.,1.));
#9703 = DIRECTION('',(1.,0.,-0.));
#9704 = ORIENTED_EDGE('',*,*,#9705,.T.);
#9705 = EDGE_CURVE('',#9695,#8558,#9706,.T.);
#9706 = LINE('',#9707,#9708);
#9707 = CARTESIAN_POINT('',(-1.4,2.,5.1));
#9708 = VECTOR('',#9709,1.);
#9709 = DIRECTION('',(0.,-1.,0.));
#9710 = ORIENTED_EDGE('',*,*,#8565,.T.);
#9711 = ORIENTED_EDGE('',*,*,#9712,.T.);
#9712 = EDGE_CURVE('',#8566,#9697,#9713,.T.);
#9713 = LINE('',#9714,#9715);
#9714 = CARTESIAN_POINT('',(-1.4,-2.,5.1));
#9715 = VECTOR('',#9716,1.);
#9716 = DIRECTION('',(1.,0.,0.));
#9717 = PLANE('',#9718);
#9718 = AXIS2_PLACEMENT_3D('',#9719,#9720,#9721);
#9719 = CARTESIAN_POINT('',(0.,0.,5.1));
#9720 = DIRECTION('',(0.,0.,1.));
#9721 = DIRECTION('',(1.,0.,-0.));
#9722 = ADVANCED_FACE('',(#9723),#9748,.F.);
#9723 = FACE_BOUND('',#9724,.F.);
#9724 = EDGE_LOOP('',(#9725,#9726,#9734,#9740,#9741,#9742));
#9725 = ORIENTED_EDGE('',*,*,#8540,.T.);
#9726 = ORIENTED_EDGE('',*,*,#9727,.T.);
#9727 = EDGE_CURVE('',#8532,#9728,#9730,.T.);
#9728 = VERTEX_POINT('',#9729);
#9729 = CARTESIAN_POINT('',(-1.4,1.084523257866,5.1));
#9730 = LINE('',#9731,#9732);
#9731 = CARTESIAN_POINT('',(-1.4,2.,5.1));
#9732 = VECTOR('',#9733,1.);
#9733 = DIRECTION('',(0.,-1.,0.));
#9734 = ORIENTED_EDGE('',*,*,#9735,.T.);
#9735 = EDGE_CURVE('',#9728,#9695,#9736,.T.);
#9736 = LINE('',#9737,#9738);
#9737 = CARTESIAN_POINT('',(-1.4,2.,5.1));
#9738 = VECTOR('',#9739,1.);
#9739 = DIRECTION('',(0.,-1.,0.));
#9740 = ORIENTED_EDGE('',*,*,#9705,.T.);
#9741 = ORIENTED_EDGE('',*,*,#8557,.F.);
#9742 = ORIENTED_EDGE('',*,*,#9743,.F.);
#9743 = EDGE_CURVE('',#8541,#8549,#9744,.T.);
#9744 = LINE('',#9745,#9746);
#9745 = CARTESIAN_POINT('',(-1.4,2.,2.4));
#9746 = VECTOR('',#9747,1.);
#9747 = DIRECTION('',(0.,-1.,0.));
#9748 = PLANE('',#9749);
#9749 = AXIS2_PLACEMENT_3D('',#9750,#9751,#9752);
#9750 = CARTESIAN_POINT('',(-1.4,2.,2.4));
#9751 = DIRECTION('',(1.,0.,0.));
#9752 = DIRECTION('',(0.,-1.,0.));
#9753 = ADVANCED_FACE('',(#9754),#9758,.T.);
#9754 = FACE_BOUND('',#9755,.T.);
#9755 = EDGE_LOOP('',(#9756,#9757));
#9756 = ORIENTED_EDGE('',*,*,#8548,.T.);
#9757 = ORIENTED_EDGE('',*,*,#9743,.F.);
#9758 = PLANE('',#9759);
#9759 = AXIS2_PLACEMENT_3D('',#9760,#9761,#9762);
#9760 = CARTESIAN_POINT('',(7.704911449589E-03,-1.265782005125,2.4));
#9761 = DIRECTION('',(-4.370286341272E-18,-9.017547605327E-17,1.));
#9762 = DIRECTION('',(0.,1.,9.017547605327E-17));
#9763 = ADVANCED_FACE('',(#9764),#9776,.T.);
#9764 = FACE_BOUND('',#9765,.T.);
#9765 = EDGE_LOOP('',(#9766,#9767,#9768,#9775));
#9766 = ORIENTED_EDGE('',*,*,#8531,.T.);
#9767 = ORIENTED_EDGE('',*,*,#9727,.T.);
#9768 = ORIENTED_EDGE('',*,*,#9769,.F.);
#9769 = EDGE_CURVE('',#9609,#9728,#9770,.T.);
#9770 = CIRCLE('',#9771,1.9);
#9771 = AXIS2_PLACEMENT_3D('',#9772,#9773,#9774);
#9772 = CARTESIAN_POINT('',(0.,-0.2,5.1));
#9773 = DIRECTION('',(0.,0.,1.));
#9774 = DIRECTION('',(1.,0.,-0.));
#9775 = ORIENTED_EDGE('',*,*,#9616,.T.);
#9776 = PLANE('',#9777);
#9777 = AXIS2_PLACEMENT_3D('',#9778,#9779,#9780);
#9778 = CARTESIAN_POINT('',(0.,0.,5.1));
#9779 = DIRECTION('',(0.,0.,1.));
#9780 = DIRECTION('',(1.,0.,-0.));
#9781 = ADVANCED_FACE('',(#9782),#9792,.T.);
#9782 = FACE_BOUND('',#9783,.T.);
#9783 = EDGE_LOOP('',(#9784,#9790,#9791));
#9784 = ORIENTED_EDGE('',*,*,#9785,.F.);
#9785 = EDGE_CURVE('',#8704,#8626,#9786,.T.);
#9786 = LINE('',#9787,#9788);
#9787 = CARTESIAN_POINT('',(11.4,-2.,2.4));
#9788 = VECTOR('',#9789,1.);
#9789 = DIRECTION('',(0.,1.,0.));
#9790 = ORIENTED_EDGE('',*,*,#8711,.T.);
#9791 = ORIENTED_EDGE('',*,*,#8625,.T.);
#9792 = PLANE('',#9793);
#9793 = AXIS2_PLACEMENT_3D('',#9794,#9795,#9796);
#9794 = CARTESIAN_POINT('',(10.00770491145,-1.265782005125,2.4));
#9795 = DIRECTION('',(-4.370286341271E-18,-9.017547605327E-17,1.));
#9796 = DIRECTION('',(0.,1.,9.017547605327E-17));
#9797 = ADVANCED_FACE('',(#9798),#9825,.F.);
#9798 = FACE_BOUND('',#9799,.F.);
#9799 = EDGE_LOOP('',(#9800,#9801,#9802,#9810,#9818,#9824));
#9800 = ORIENTED_EDGE('',*,*,#9785,.F.);
#9801 = ORIENTED_EDGE('',*,*,#8703,.T.);
#9802 = ORIENTED_EDGE('',*,*,#9803,.T.);
#9803 = EDGE_CURVE('',#8695,#9804,#9806,.T.);
#9804 = VERTEX_POINT('',#9805);
#9805 = CARTESIAN_POINT('',(11.4,-1.484523257867,5.1));
#9806 = LINE('',#9807,#9808);
#9807 = CARTESIAN_POINT('',(11.4,-2.,5.1));
#9808 = VECTOR('',#9809,1.);
#9809 = DIRECTION('',(0.,1.,0.));
#9810 = ORIENTED_EDGE('',*,*,#9811,.T.);
#9811 = EDGE_CURVE('',#9804,#9812,#9814,.T.);
#9812 = VERTEX_POINT('',#9813);
#9813 = CARTESIAN_POINT('',(11.4,1.084523257867,5.1));
#9814 = LINE('',#9815,#9816);
#9815 = CARTESIAN_POINT('',(11.4,-2.,5.1));
#9816 = VECTOR('',#9817,1.);
#9817 = DIRECTION('',(0.,1.,0.));
#9818 = ORIENTED_EDGE('',*,*,#9819,.T.);
#9819 = EDGE_CURVE('',#9812,#8635,#9820,.T.);
#9820 = LINE('',#9821,#9822);
#9821 = CARTESIAN_POINT('',(11.4,-2.,5.1));
#9822 = VECTOR('',#9823,1.);
#9823 = DIRECTION('',(0.,1.,0.));
#9824 = ORIENTED_EDGE('',*,*,#8634,.F.);
#9825 = PLANE('',#9826);
#9826 = AXIS2_PLACEMENT_3D('',#9827,#9828,#9829);
#9827 = CARTESIAN_POINT('',(11.4,-2.,2.4));
#9828 = DIRECTION('',(-1.,0.,0.));
#9829 = DIRECTION('',(0.,1.,0.));
#9830 = ADVANCED_FACE('',(#9831),#9850,.T.);
#9831 = FACE_BOUND('',#9832,.T.);
#9832 = EDGE_LOOP('',(#9833,#9842,#9848,#9849));
#9833 = ORIENTED_EDGE('',*,*,#9834,.F.);
#9834 = EDGE_CURVE('',#9835,#9804,#9837,.T.);
#9835 = VERTEX_POINT('',#9836);
#9836 = CARTESIAN_POINT('',(10.60827625303,-2.,5.1));
#9837 = CIRCLE('',#9838,1.9);
#9838 = AXIS2_PLACEMENT_3D('',#9839,#9840,#9841);
#9839 = CARTESIAN_POINT('',(10.,-0.2,5.1));
#9840 = DIRECTION('',(0.,0.,1.));
#9841 = DIRECTION('',(1.,0.,-0.));
#9842 = ORIENTED_EDGE('',*,*,#9843,.T.);
#9843 = EDGE_CURVE('',#9835,#8686,#9844,.T.);
#9844 = LINE('',#9845,#9846);
#9845 = CARTESIAN_POINT('',(8.6,-2.,5.1));
#9846 = VECTOR('',#9847,1.);
#9847 = DIRECTION('',(1.,0.,0.));
#9848 = ORIENTED_EDGE('',*,*,#8694,.T.);
#9849 = ORIENTED_EDGE('',*,*,#9803,.T.);
#9850 = PLANE('',#9851);
#9851 = AXIS2_PLACEMENT_3D('',#9852,#9853,#9854);
#9852 = CARTESIAN_POINT('',(10.,0.,5.1));
#9853 = DIRECTION('',(0.,0.,1.));
#9854 = DIRECTION('',(1.,0.,-0.));
#9855 = ADVANCED_FACE('',(#9856),#9888,.F.);
#9856 = FACE_BOUND('',#9857,.F.);
#9857 = EDGE_LOOP('',(#9858,#9866,#9867,#9875,#9881,#9882));
#9858 = ORIENTED_EDGE('',*,*,#9859,.F.);
#9859 = EDGE_CURVE('',#9328,#9860,#9862,.T.);
#9860 = VERTEX_POINT('',#9861);
#9861 = CARTESIAN_POINT('',(8.6,-2.,5.1));
#9862 = LINE('',#9863,#9864);
#9863 = CARTESIAN_POINT('',(8.6,-104.6,5.1));
#9864 = VECTOR('',#9865,1.);
#9865 = DIRECTION('',(0.,1.,0.));
#9866 = ORIENTED_EDGE('',*,*,#9350,.F.);
#9867 = ORIENTED_EDGE('',*,*,#9868,.T.);
#9868 = EDGE_CURVE('',#9305,#9869,#9871,.T.);
#9869 = VERTEX_POINT('',#9870);
#9870 = CARTESIAN_POINT('',(11.4,-2.,5.1));
#9871 = LINE('',#9872,#9873);
#9872 = CARTESIAN_POINT('',(11.4,-104.6,5.1));
#9873 = VECTOR('',#9874,1.);
#9874 = DIRECTION('',(0.,1.,0.));
#9875 = ORIENTED_EDGE('',*,*,#9876,.F.);
#9876 = EDGE_CURVE('',#8686,#9869,#9877,.T.);
#9877 = LINE('',#9878,#9879);
#9878 = CARTESIAN_POINT('',(8.6,-2.,5.1));
#9879 = VECTOR('',#9880,1.);
#9880 = DIRECTION('',(1.,0.,0.));
#9881 = ORIENTED_EDGE('',*,*,#8685,.F.);
#9882 = ORIENTED_EDGE('',*,*,#9883,.F.);
#9883 = EDGE_CURVE('',#9860,#8677,#9884,.T.);
#9884 = LINE('',#9885,#9886);
#9885 = CARTESIAN_POINT('',(8.6,-2.,5.1));
#9886 = VECTOR('',#9887,1.);
#9887 = DIRECTION('',(1.,0.,0.));
#9888 = PLANE('',#9889);
#9889 = AXIS2_PLACEMENT_3D('',#9890,#9891,#9892);
#9890 = CARTESIAN_POINT('',(11.4,-104.6,5.1));
#9891 = DIRECTION('',(0.,0.,1.));
#9892 = DIRECTION('',(-1.,0.,0.));
#9893 = ADVANCED_FACE('',(#9894),#9920,.T.);
#9894 = FACE_BOUND('',#9895,.T.);
#9895 = EDGE_LOOP('',(#9896,#9907,#9913,#9914));
#9896 = ORIENTED_EDGE('',*,*,#9897,.F.);
#9897 = EDGE_CURVE('',#9898,#9900,#9902,.T.);
#9898 = VERTEX_POINT('',#9899);
#9899 = CARTESIAN_POINT('',(8.6,-1.484523257866,5.1));
#9900 = VERTEX_POINT('',#9901);
#9901 = CARTESIAN_POINT('',(9.39172374697,-2.,5.1));
#9902 = CIRCLE('',#9903,1.9);
#9903 = AXIS2_PLACEMENT_3D('',#9904,#9905,#9906);
#9904 = CARTESIAN_POINT('',(10.,-0.2,5.1));
#9905 = DIRECTION('',(0.,0.,1.));
#9906 = DIRECTION('',(1.,0.,-0.));
#9907 = ORIENTED_EDGE('',*,*,#9908,.T.);
#9908 = EDGE_CURVE('',#9898,#8669,#9909,.T.);
#9909 = LINE('',#9910,#9911);
#9910 = CARTESIAN_POINT('',(8.6,2.,5.1));
#9911 = VECTOR('',#9912,1.);
#9912 = DIRECTION('',(0.,-1.,0.));
#9913 = ORIENTED_EDGE('',*,*,#8676,.T.);
#9914 = ORIENTED_EDGE('',*,*,#9915,.T.);
#9915 = EDGE_CURVE('',#8677,#9900,#9916,.T.);
#9916 = LINE('',#9917,#9918);
#9917 = CARTESIAN_POINT('',(8.6,-2.,5.1));
#9918 = VECTOR('',#9919,1.);
#9919 = DIRECTION('',(1.,0.,0.));
#9920 = PLANE('',#9921);
#9921 = AXIS2_PLACEMENT_3D('',#9922,#9923,#9924);
#9922 = CARTESIAN_POINT('',(10.,0.,5.1));
#9923 = DIRECTION('',(0.,0.,1.));
#9924 = DIRECTION('',(1.,0.,-0.));
#9925 = ADVANCED_FACE('',(#9926),#9951,.F.);
#9926 = FACE_BOUND('',#9927,.F.);
#9927 = EDGE_LOOP('',(#9928,#9929,#9937,#9943,#9944,#9945));
#9928 = ORIENTED_EDGE('',*,*,#8651,.T.);
#9929 = ORIENTED_EDGE('',*,*,#9930,.T.);
#9930 = EDGE_CURVE('',#8643,#9931,#9933,.T.);
#9931 = VERTEX_POINT('',#9932);
#9932 = CARTESIAN_POINT('',(8.6,1.084523257866,5.1));
#9933 = LINE('',#9934,#9935);
#9934 = CARTESIAN_POINT('',(8.6,2.,5.1));
#9935 = VECTOR('',#9936,1.);
#9936 = DIRECTION('',(0.,-1.,0.));
#9937 = ORIENTED_EDGE('',*,*,#9938,.T.);
#9938 = EDGE_CURVE('',#9931,#9898,#9939,.T.);
#9939 = LINE('',#9940,#9941);
#9940 = CARTESIAN_POINT('',(8.6,2.,5.1));
#9941 = VECTOR('',#9942,1.);
#9942 = DIRECTION('',(0.,-1.,0.));
#9943 = ORIENTED_EDGE('',*,*,#9908,.T.);
#9944 = ORIENTED_EDGE('',*,*,#8668,.F.);
#9945 = ORIENTED_EDGE('',*,*,#9946,.F.);
#9946 = EDGE_CURVE('',#8652,#8660,#9947,.T.);
#9947 = LINE('',#9948,#9949);
#9948 = CARTESIAN_POINT('',(8.6,2.,2.4));
#9949 = VECTOR('',#9950,1.);
#9950 = DIRECTION('',(0.,-1.,0.));
#9951 = PLANE('',#9952);
#9952 = AXIS2_PLACEMENT_3D('',#9953,#9954,#9955);
#9953 = CARTESIAN_POINT('',(8.6,2.,2.4));
#9954 = DIRECTION('',(1.,0.,0.));
#9955 = DIRECTION('',(0.,-1.,0.));
#9956 = ADVANCED_FACE('',(#9957),#9961,.T.);
#9957 = FACE_BOUND('',#9958,.T.);
#9958 = EDGE_LOOP('',(#9959,#9960));
#9959 = ORIENTED_EDGE('',*,*,#8659,.T.);
#9960 = ORIENTED_EDGE('',*,*,#9946,.F.);
#9961 = PLANE('',#9962);
#9962 = AXIS2_PLACEMENT_3D('',#9963,#9964,#9965);
#9963 = CARTESIAN_POINT('',(10.00770491145,-1.265782005125,2.4));
#9964 = DIRECTION('',(-4.370286341271E-18,-9.017547605327E-17,1.));
#9965 = DIRECTION('',(0.,1.,9.017547605327E-17));
#9966 = ADVANCED_FACE('',(#9967),#9979,.T.);
#9967 = FACE_BOUND('',#9968,.T.);
#9968 = EDGE_LOOP('',(#9969,#9970,#9971,#9978));
#9969 = ORIENTED_EDGE('',*,*,#8642,.T.);
#9970 = ORIENTED_EDGE('',*,*,#9930,.T.);
#9971 = ORIENTED_EDGE('',*,*,#9972,.F.);
#9972 = EDGE_CURVE('',#9812,#9931,#9973,.T.);
#9973 = CIRCLE('',#9974,1.9);
#9974 = AXIS2_PLACEMENT_3D('',#9975,#9976,#9977);
#9975 = CARTESIAN_POINT('',(10.,-0.2,5.1));
#9976 = DIRECTION('',(0.,0.,1.));
#9977 = DIRECTION('',(1.,0.,-0.));
#9978 = ORIENTED_EDGE('',*,*,#9819,.T.);
#9979 = PLANE('',#9980);
#9980 = AXIS2_PLACEMENT_3D('',#9981,#9982,#9983);
#9981 = CARTESIAN_POINT('',(10.,0.,5.1));
#9982 = DIRECTION('',(0.,0.,1.));
#9983 = DIRECTION('',(1.,0.,-0.));
#9984 = ADVANCED_FACE('',(#9985),#9991,.F.);
#9985 = FACE_BOUND('',#9986,.F.);
#9986 = EDGE_LOOP('',(#9987,#9988,#9989,#9990));
#9987 = ORIENTED_EDGE('',*,*,#8812,.T.);
#9988 = ORIENTED_EDGE('',*,*,#8884,.T.);
#9989 = ORIENTED_EDGE('',*,*,#8867,.T.);
#9990 = ORIENTED_EDGE('',*,*,#8843,.T.);
#9991 = PLANE('',#9992);
#9992 = AXIS2_PLACEMENT_3D('',#9993,#9994,#9995);
#9993 = CARTESIAN_POINT('',(5.,1.460819769244E-17,-3.5));
#9994 = DIRECTION('',(0.,0.,1.));
#9995 = DIRECTION('',(1.,0.,-0.));
#9996 = ADVANCED_FACE('',(#9997),#10003,.F.);
#9997 = FACE_BOUND('',#9998,.F.);
#9998 = EDGE_LOOP('',(#9999,#10000,#10001,#10002));
#9999 = ORIENTED_EDGE('',*,*,#8908,.T.);
#10000 = ORIENTED_EDGE('',*,*,#8980,.T.);
#10001 = ORIENTED_EDGE('',*,*,#8963,.T.);
#10002 = ORIENTED_EDGE('',*,*,#8939,.T.);
#10003 = PLANE('',#10004);
#10004 = AXIS2_PLACEMENT_3D('',#10005,#10006,#10007);
#10005 = CARTESIAN_POINT('',(10.,1.460819769244E-17,-3.5));
#10006 = DIRECTION('',(0.,0.,1.));
#10007 = DIRECTION('',(1.,0.,-0.));
#10008 = ADVANCED_FACE('',(#10009),#10015,.F.);
#10009 = FACE_BOUND('',#10010,.F.);
#10010 = EDGE_LOOP('',(#10011,#10012,#10013,#10014));
#10011 = ORIENTED_EDGE('',*,*,#9004,.T.);
#10012 = ORIENTED_EDGE('',*,*,#9076,.T.);
#10013 = ORIENTED_EDGE('',*,*,#9059,.T.);
#10014 = ORIENTED_EDGE('',*,*,#9035,.T.);
#10015 = PLANE('',#10016);
#10016 = AXIS2_PLACEMENT_3D('',#10017,#10018,#10019);
#10017 = CARTESIAN_POINT('',(1.460819769244E-17,1.460819769244E-17,-3.5)
  );
#10018 = DIRECTION('',(0.,0.,1.));
#10019 = DIRECTION('',(1.,0.,-0.));
#10020 = ADVANCED_FACE('',(#10021),#10046,.T.);
#10021 = FACE_BOUND('',#10022,.T.);
#10022 = EDGE_LOOP('',(#10023,#10031,#10032,#10040));
#10023 = ORIENTED_EDGE('',*,*,#10024,.F.);
#10024 = EDGE_CURVE('',#9092,#10025,#10027,.T.);
#10025 = VERTEX_POINT('',#10026);
#10026 = CARTESIAN_POINT('',(-1.4,-2.,2.4));
#10027 = LINE('',#10028,#10029);
#10028 = CARTESIAN_POINT('',(-1.4,-104.6,2.4));
#10029 = VECTOR('',#10030,1.);
#10030 = DIRECTION('',(0.,1.,0.));
#10031 = ORIENTED_EDGE('',*,*,#9091,.T.);
#10032 = ORIENTED_EDGE('',*,*,#10033,.T.);
#10033 = EDGE_CURVE('',#9094,#10034,#10036,.T.);
#10034 = VERTEX_POINT('',#10035);
#10035 = CARTESIAN_POINT('',(1.4,-2.,2.4));
#10036 = LINE('',#10037,#10038);
#10037 = CARTESIAN_POINT('',(1.4,-104.6,2.4));
#10038 = VECTOR('',#10039,1.);
#10039 = DIRECTION('',(0.,1.,0.));
#10040 = ORIENTED_EDGE('',*,*,#10041,.F.);
#10041 = EDGE_CURVE('',#10025,#10034,#10042,.T.);
#10042 = LINE('',#10043,#10044);
#10043 = CARTESIAN_POINT('',(-1.4,-2.,2.4));
#10044 = VECTOR('',#10045,1.);
#10045 = DIRECTION('',(1.,0.,0.));
#10046 = PLANE('',#10047);
#10047 = AXIS2_PLACEMENT_3D('',#10048,#10049,#10050);
#10048 = CARTESIAN_POINT('',(7.704911449589E-03,-1.265782005125,2.4));
#10049 = DIRECTION('',(-4.370286341272E-18,-9.017547605327E-17,1.));
#10050 = DIRECTION('',(0.,1.,9.017547605327E-17));
#10051 = ADVANCED_FACE('',(#10052),#10063,.F.);
#10052 = FACE_BOUND('',#10053,.F.);
#10053 = EDGE_LOOP('',(#10054,#10055,#10056,#10057));
#10054 = ORIENTED_EDGE('',*,*,#9665,.F.);
#10055 = ORIENTED_EDGE('',*,*,#9120,.F.);
#10056 = ORIENTED_EDGE('',*,*,#10033,.T.);
#10057 = ORIENTED_EDGE('',*,*,#10058,.T.);
#10058 = EDGE_CURVE('',#10034,#9666,#10059,.T.);
#10059 = LINE('',#10060,#10061);
#10060 = CARTESIAN_POINT('',(1.4,-2.,2.4));
#10061 = VECTOR('',#10062,1.);
#10062 = DIRECTION('',(0.,0.,1.));
#10063 = PLANE('',#10064);
#10064 = AXIS2_PLACEMENT_3D('',#10065,#10066,#10067);
#10065 = CARTESIAN_POINT('',(1.4,-104.6,2.4));
#10066 = DIRECTION('',(1.,0.,0.));
#10067 = DIRECTION('',(0.,0.,1.));
#10068 = ADVANCED_FACE('',(#10069),#10080,.F.);
#10069 = FACE_BOUND('',#10070,.F.);
#10070 = EDGE_LOOP('',(#10071,#10072,#10073,#10074));
#10071 = ORIENTED_EDGE('',*,*,#10024,.F.);
#10072 = ORIENTED_EDGE('',*,*,#9143,.F.);
#10073 = ORIENTED_EDGE('',*,*,#9656,.T.);
#10074 = ORIENTED_EDGE('',*,*,#10075,.F.);
#10075 = EDGE_CURVE('',#10025,#9657,#10076,.T.);
#10076 = LINE('',#10077,#10078);
#10077 = CARTESIAN_POINT('',(-1.4,-2.,2.4));
#10078 = VECTOR('',#10079,1.);
#10079 = DIRECTION('',(0.,0.,1.));
#10080 = PLANE('',#10081);
#10081 = AXIS2_PLACEMENT_3D('',#10082,#10083,#10084);
#10082 = CARTESIAN_POINT('',(-1.4,-104.6,5.1));
#10083 = DIRECTION('',(-1.,-0.,-0.));
#10084 = DIRECTION('',(0.,0.,-1.));
#10085 = ADVANCED_FACE('',(#10086),#10111,.T.);
#10086 = FACE_BOUND('',#10087,.T.);
#10087 = EDGE_LOOP('',(#10088,#10096,#10097,#10105));
#10088 = ORIENTED_EDGE('',*,*,#10089,.F.);
#10089 = EDGE_CURVE('',#9184,#10090,#10092,.T.);
#10090 = VERTEX_POINT('',#10091);
#10091 = CARTESIAN_POINT('',(3.6,-2.,2.4));
#10092 = LINE('',#10093,#10094);
#10093 = CARTESIAN_POINT('',(3.6,-104.6,2.4));
#10094 = VECTOR('',#10095,1.);
#10095 = DIRECTION('',(0.,1.,0.));
#10096 = ORIENTED_EDGE('',*,*,#9183,.T.);
#10097 = ORIENTED_EDGE('',*,*,#10098,.T.);
#10098 = EDGE_CURVE('',#9186,#10099,#10101,.T.);
#10099 = VERTEX_POINT('',#10100);
#10100 = CARTESIAN_POINT('',(6.4,-2.,2.4));
#10101 = LINE('',#10102,#10103);
#10102 = CARTESIAN_POINT('',(6.4,-104.6,2.4));
#10103 = VECTOR('',#10104,1.);
#10104 = DIRECTION('',(0.,1.,0.));
#10105 = ORIENTED_EDGE('',*,*,#10106,.F.);
#10106 = EDGE_CURVE('',#10090,#10099,#10107,.T.);
#10107 = LINE('',#10108,#10109);
#10108 = CARTESIAN_POINT('',(3.6,-2.,2.4));
#10109 = VECTOR('',#10110,1.);
#10110 = DIRECTION('',(1.,0.,0.));
#10111 = PLANE('',#10112);
#10112 = AXIS2_PLACEMENT_3D('',#10113,#10114,#10115);
#10113 = CARTESIAN_POINT('',(5.00770491145,-1.265782005125,2.4));
#10114 = DIRECTION('',(-4.370286341275E-18,-9.017547605327E-17,1.));
#10115 = DIRECTION('',(0.,1.,9.017547605327E-17));
#10116 = ADVANCED_FACE('',(#10117),#10128,.F.);
#10117 = FACE_BOUND('',#10118,.F.);
#10118 = EDGE_LOOP('',(#10119,#10120,#10121,#10122));
#10119 = ORIENTED_EDGE('',*,*,#9462,.F.);
#10120 = ORIENTED_EDGE('',*,*,#9212,.F.);
#10121 = ORIENTED_EDGE('',*,*,#10098,.T.);
#10122 = ORIENTED_EDGE('',*,*,#10123,.T.);
#10123 = EDGE_CURVE('',#10099,#9463,#10124,.T.);
#10124 = LINE('',#10125,#10126);
#10125 = CARTESIAN_POINT('',(6.4,-2.,2.4));
#10126 = VECTOR('',#10127,1.);
#10127 = DIRECTION('',(0.,0.,1.));
#10128 = PLANE('',#10129);
#10129 = AXIS2_PLACEMENT_3D('',#10130,#10131,#10132);
#10130 = CARTESIAN_POINT('',(6.4,-104.6,2.4));
#10131 = DIRECTION('',(1.,0.,0.));
#10132 = DIRECTION('',(0.,0.,1.));
#10133 = ADVANCED_FACE('',(#10134),#10145,.F.);
#10134 = FACE_BOUND('',#10135,.F.);
#10135 = EDGE_LOOP('',(#10136,#10137,#10138,#10139));
#10136 = ORIENTED_EDGE('',*,*,#10089,.F.);
#10137 = ORIENTED_EDGE('',*,*,#9235,.F.);
#10138 = ORIENTED_EDGE('',*,*,#9453,.T.);
#10139 = ORIENTED_EDGE('',*,*,#10140,.F.);
#10140 = EDGE_CURVE('',#10090,#9454,#10141,.T.);
#10141 = LINE('',#10142,#10143);
#10142 = CARTESIAN_POINT('',(3.6,-2.,2.4));
#10143 = VECTOR('',#10144,1.);
#10144 = DIRECTION('',(0.,0.,1.));
#10145 = PLANE('',#10146);
#10146 = AXIS2_PLACEMENT_3D('',#10147,#10148,#10149);
#10147 = CARTESIAN_POINT('',(3.6,-104.6,5.1));
#10148 = DIRECTION('',(-1.,-0.,-0.));
#10149 = DIRECTION('',(0.,0.,-1.));
#10150 = ADVANCED_FACE('',(#10151),#10176,.T.);
#10151 = FACE_BOUND('',#10152,.T.);
#10152 = EDGE_LOOP('',(#10153,#10161,#10162,#10170));
#10153 = ORIENTED_EDGE('',*,*,#10154,.F.);
#10154 = EDGE_CURVE('',#9276,#10155,#10157,.T.);
#10155 = VERTEX_POINT('',#10156);
#10156 = CARTESIAN_POINT('',(8.6,-2.,2.4));
#10157 = LINE('',#10158,#10159);
#10158 = CARTESIAN_POINT('',(8.6,-104.6,2.4));
#10159 = VECTOR('',#10160,1.);
#10160 = DIRECTION('',(0.,1.,0.));
#10161 = ORIENTED_EDGE('',*,*,#9275,.T.);
#10162 = ORIENTED_EDGE('',*,*,#10163,.T.);
#10163 = EDGE_CURVE('',#9278,#10164,#10166,.T.);
#10164 = VERTEX_POINT('',#10165);
#10165 = CARTESIAN_POINT('',(11.4,-2.,2.4));
#10166 = LINE('',#10167,#10168);
#10167 = CARTESIAN_POINT('',(11.4,-104.6,2.4));
#10168 = VECTOR('',#10169,1.);
#10169 = DIRECTION('',(0.,1.,0.));
#10170 = ORIENTED_EDGE('',*,*,#10171,.F.);
#10171 = EDGE_CURVE('',#10155,#10164,#10172,.T.);
#10172 = LINE('',#10173,#10174);
#10173 = CARTESIAN_POINT('',(8.6,-2.,2.4));
#10174 = VECTOR('',#10175,1.);
#10175 = DIRECTION('',(1.,0.,0.));
#10176 = PLANE('',#10177);
#10177 = AXIS2_PLACEMENT_3D('',#10178,#10179,#10180);
#10178 = CARTESIAN_POINT('',(10.00770491145,-1.265782005125,2.4));
#10179 = DIRECTION('',(-4.370286341271E-18,-9.017547605327E-17,1.));
#10180 = DIRECTION('',(0.,1.,9.017547605327E-17));
#10181 = ADVANCED_FACE('',(#10182),#10193,.F.);
#10182 = FACE_BOUND('',#10183,.F.);
#10183 = EDGE_LOOP('',(#10184,#10185,#10186,#10187));
#10184 = ORIENTED_EDGE('',*,*,#9868,.F.);
#10185 = ORIENTED_EDGE('',*,*,#9304,.F.);
#10186 = ORIENTED_EDGE('',*,*,#10163,.T.);
#10187 = ORIENTED_EDGE('',*,*,#10188,.T.);
#10188 = EDGE_CURVE('',#10164,#9869,#10189,.T.);
#10189 = LINE('',#10190,#10191);
#10190 = CARTESIAN_POINT('',(11.4,-2.,2.4));
#10191 = VECTOR('',#10192,1.);
#10192 = DIRECTION('',(0.,0.,1.));
#10193 = PLANE('',#10194);
#10194 = AXIS2_PLACEMENT_3D('',#10195,#10196,#10197);
#10195 = CARTESIAN_POINT('',(11.4,-104.6,2.4));
#10196 = DIRECTION('',(1.,0.,0.));
#10197 = DIRECTION('',(0.,0.,1.));
#10198 = ADVANCED_FACE('',(#10199),#10210,.F.);
#10199 = FACE_BOUND('',#10200,.F.);
#10200 = EDGE_LOOP('',(#10201,#10202,#10203,#10204));
#10201 = ORIENTED_EDGE('',*,*,#10154,.F.);
#10202 = ORIENTED_EDGE('',*,*,#9327,.F.);
#10203 = ORIENTED_EDGE('',*,*,#9859,.T.);
#10204 = ORIENTED_EDGE('',*,*,#10205,.F.);
#10205 = EDGE_CURVE('',#10155,#9860,#10206,.T.);
#10206 = LINE('',#10207,#10208);
#10207 = CARTESIAN_POINT('',(8.6,-2.,2.4));
#10208 = VECTOR('',#10209,1.);
#10209 = DIRECTION('',(0.,0.,1.));
#10210 = PLANE('',#10211);
#10211 = AXIS2_PLACEMENT_3D('',#10212,#10213,#10214);
#10212 = CARTESIAN_POINT('',(8.6,-104.6,5.1));
#10213 = DIRECTION('',(-1.,-0.,-0.));
#10214 = DIRECTION('',(0.,0.,-1.));
#10215 = ADVANCED_FACE('',(#10216),#10235,.F.);
#10216 = FACE_BOUND('',#10217,.F.);
#10217 = EDGE_LOOP('',(#10218,#10227,#10234));
#10218 = ORIENTED_EDGE('',*,*,#10219,.T.);
#10219 = EDGE_CURVE('',#9398,#10220,#10222,.T.);
#10220 = VERTEX_POINT('',#10221);
#10221 = CARTESIAN_POINT('',(6.9,-0.2,5.1));
#10222 = CIRCLE('',#10223,1.9);
#10223 = AXIS2_PLACEMENT_3D('',#10224,#10225,#10226);
#10224 = CARTESIAN_POINT('',(5.,-0.2,5.1));
#10225 = DIRECTION('',(0.,0.,1.));
#10226 = DIRECTION('',(1.,0.,-0.));
#10227 = ORIENTED_EDGE('',*,*,#10228,.T.);
#10228 = EDGE_CURVE('',#10220,#9406,#10229,.T.);
#10229 = CIRCLE('',#10230,1.9);
#10230 = AXIS2_PLACEMENT_3D('',#10231,#10232,#10233);
#10231 = CARTESIAN_POINT('',(5.,-0.2,5.1));
#10232 = DIRECTION('',(0.,0.,1.));
#10233 = DIRECTION('',(1.,0.,-0.));
#10234 = ORIENTED_EDGE('',*,*,#9405,.F.);
#10235 = PLANE('',#10236);
#10236 = AXIS2_PLACEMENT_3D('',#10237,#10238,#10239);
#10237 = CARTESIAN_POINT('',(5.,-0.2,5.1));
#10238 = DIRECTION('',(0.,0.,1.));
#10239 = DIRECTION('',(1.,0.,-0.));
#10240 = ADVANCED_FACE('',(#10241),#10346,.T.);
#10241 = FACE_BOUND('',#10242,.T.);
#10242 = EDGE_LOOP('',(#10243,#10254,#10262,#10271,#10279,#10288,#10296,
    #10305,#10313,#10320,#10326,#10327,#10328,#10335,#10336,#10343,
    #10344,#10345));
#10243 = ORIENTED_EDGE('',*,*,#10244,.F.);
#10244 = EDGE_CURVE('',#10245,#10247,#10249,.T.);
#10245 = VERTEX_POINT('',#10246);
#10246 = CARTESIAN_POINT('',(5.35,-2.067484939698,13.6));
#10247 = VERTEX_POINT('',#10248);
#10248 = CARTESIAN_POINT('',(6.9,-0.2,13.6));
#10249 = CIRCLE('',#10250,1.9);
#10250 = AXIS2_PLACEMENT_3D('',#10251,#10252,#10253);
#10251 = CARTESIAN_POINT('',(5.,-0.2,13.6));
#10252 = DIRECTION('',(0.,0.,1.));
#10253 = DIRECTION('',(1.,0.,-0.));
#10254 = ORIENTED_EDGE('',*,*,#10255,.T.);
#10255 = EDGE_CURVE('',#10245,#10256,#10258,.T.);
#10256 = VERTEX_POINT('',#10257);
#10257 = CARTESIAN_POINT('',(5.35,-2.067484939698,12.9));
#10258 = LINE('',#10259,#10260);
#10259 = CARTESIAN_POINT('',(5.35,-2.067484939698,5.1));
#10260 = VECTOR('',#10261,1.);
#10261 = DIRECTION('',(-0.,-0.,-1.));
#10262 = ORIENTED_EDGE('',*,*,#10263,.T.);
#10263 = EDGE_CURVE('',#10256,#10264,#10266,.T.);
#10264 = VERTEX_POINT('',#10265);
#10265 = CARTESIAN_POINT('',(4.65,-2.067484939698,12.9));
#10266 = CIRCLE('',#10267,1.9);
#10267 = AXIS2_PLACEMENT_3D('',#10268,#10269,#10270);
#10268 = CARTESIAN_POINT('',(5.,-0.2,12.9));
#10269 = DIRECTION('',(0.,0.,-1.));
#10270 = DIRECTION('',(1.,0.,0.));
#10271 = ORIENTED_EDGE('',*,*,#10272,.F.);
#10272 = EDGE_CURVE('',#10273,#10264,#10275,.T.);
#10273 = VERTEX_POINT('',#10274);
#10274 = CARTESIAN_POINT('',(4.65,-2.067484939698,13.6));
#10275 = LINE('',#10276,#10277);
#10276 = CARTESIAN_POINT('',(4.65,-2.067484939698,5.1));
#10277 = VECTOR('',#10278,1.);
#10278 = DIRECTION('',(-0.,-0.,-1.));
#10279 = ORIENTED_EDGE('',*,*,#10280,.F.);
#10280 = EDGE_CURVE('',#10281,#10273,#10283,.T.);
#10281 = VERTEX_POINT('',#10282);
#10282 = CARTESIAN_POINT('',(4.65,1.667484939698,13.6));
#10283 = CIRCLE('',#10284,1.9);
#10284 = AXIS2_PLACEMENT_3D('',#10285,#10286,#10287);
#10285 = CARTESIAN_POINT('',(5.,-0.2,13.6));
#10286 = DIRECTION('',(0.,0.,1.));
#10287 = DIRECTION('',(1.,0.,-0.));
#10288 = ORIENTED_EDGE('',*,*,#10289,.T.);
#10289 = EDGE_CURVE('',#10281,#10290,#10292,.T.);
#10290 = VERTEX_POINT('',#10291);
#10291 = CARTESIAN_POINT('',(4.65,1.667484939698,12.9));
#10292 = LINE('',#10293,#10294);
#10293 = CARTESIAN_POINT('',(4.65,1.667484939698,5.1));
#10294 = VECTOR('',#10295,1.);
#10295 = DIRECTION('',(-0.,-0.,-1.));
#10296 = ORIENTED_EDGE('',*,*,#10297,.T.);
#10297 = EDGE_CURVE('',#10290,#10298,#10300,.T.);
#10298 = VERTEX_POINT('',#10299);
#10299 = CARTESIAN_POINT('',(5.35,1.667484939698,12.9));
#10300 = CIRCLE('',#10301,1.9);
#10301 = AXIS2_PLACEMENT_3D('',#10302,#10303,#10304);
#10302 = CARTESIAN_POINT('',(5.,-0.2,12.9));
#10303 = DIRECTION('',(0.,0.,-1.));
#10304 = DIRECTION('',(1.,0.,0.));
#10305 = ORIENTED_EDGE('',*,*,#10306,.F.);
#10306 = EDGE_CURVE('',#10307,#10298,#10309,.T.);
#10307 = VERTEX_POINT('',#10308);
#10308 = CARTESIAN_POINT('',(5.35,1.667484939698,13.6));
#10309 = LINE('',#10310,#10311);
#10310 = CARTESIAN_POINT('',(5.35,1.667484939698,5.1));
#10311 = VECTOR('',#10312,1.);
#10312 = DIRECTION('',(-0.,-0.,-1.));
#10313 = ORIENTED_EDGE('',*,*,#10314,.F.);
#10314 = EDGE_CURVE('',#10247,#10307,#10315,.T.);
#10315 = CIRCLE('',#10316,1.9);
#10316 = AXIS2_PLACEMENT_3D('',#10317,#10318,#10319);
#10317 = CARTESIAN_POINT('',(5.,-0.2,13.6));
#10318 = DIRECTION('',(0.,0.,1.));
#10319 = DIRECTION('',(1.,0.,-0.));
#10320 = ORIENTED_EDGE('',*,*,#10321,.F.);
#10321 = EDGE_CURVE('',#10220,#10247,#10322,.T.);
#10322 = LINE('',#10323,#10324);
#10323 = CARTESIAN_POINT('',(6.9,-0.2,5.1));
#10324 = VECTOR('',#10325,1.);
#10325 = DIRECTION('',(0.,0.,1.));
#10326 = ORIENTED_EDGE('',*,*,#10228,.T.);
#10327 = ORIENTED_EDGE('',*,*,#9566,.T.);
#10328 = ORIENTED_EDGE('',*,*,#10329,.T.);
#10329 = EDGE_CURVE('',#9525,#9492,#10330,.T.);
#10330 = CIRCLE('',#10331,1.9);
#10331 = AXIS2_PLACEMENT_3D('',#10332,#10333,#10334);
#10332 = CARTESIAN_POINT('',(5.,-0.2,5.1));
#10333 = DIRECTION('',(0.,0.,1.));
#10334 = DIRECTION('',(1.,0.,-0.));
#10335 = ORIENTED_EDGE('',*,*,#9491,.T.);
#10336 = ORIENTED_EDGE('',*,*,#10337,.T.);
#10337 = EDGE_CURVE('',#9494,#9429,#10338,.T.);
#10338 = CIRCLE('',#10339,1.9);
#10339 = AXIS2_PLACEMENT_3D('',#10340,#10341,#10342);
#10340 = CARTESIAN_POINT('',(5.,-0.2,5.1));
#10341 = DIRECTION('',(0.,0.,1.));
#10342 = DIRECTION('',(1.,0.,-0.));
#10343 = ORIENTED_EDGE('',*,*,#9428,.T.);
#10344 = ORIENTED_EDGE('',*,*,#10219,.T.);
#10345 = ORIENTED_EDGE('',*,*,#10321,.T.);
#10346 = CYLINDRICAL_SURFACE('',#10347,1.9);
#10347 = AXIS2_PLACEMENT_3D('',#10348,#10349,#10350);
#10348 = CARTESIAN_POINT('',(5.,-0.2,5.1));
#10349 = DIRECTION('',(-0.,-0.,-1.));
#10350 = DIRECTION('',(1.,0.,0.));
#10351 = ADVANCED_FACE('',(#10352,#10367),#10401,.F.);
#10352 = FACE_BOUND('',#10353,.F.);
#10353 = EDGE_LOOP('',(#10354,#10355,#10356,#10357,#10363,#10364,#10365,
    #10366));
#10354 = ORIENTED_EDGE('',*,*,#10140,.T.);
#10355 = ORIENTED_EDGE('',*,*,#9477,.T.);
#10356 = ORIENTED_EDGE('',*,*,#9509,.T.);
#10357 = ORIENTED_EDGE('',*,*,#10358,.T.);
#10358 = EDGE_CURVE('',#9494,#9429,#10359,.T.);
#10359 = LINE('',#10360,#10361);
#10360 = CARTESIAN_POINT('',(3.6,-2.,5.1));
#10361 = VECTOR('',#10362,1.);
#10362 = DIRECTION('',(1.,0.,0.));
#10363 = ORIENTED_EDGE('',*,*,#9437,.T.);
#10364 = ORIENTED_EDGE('',*,*,#9470,.T.);
#10365 = ORIENTED_EDGE('',*,*,#10123,.F.);
#10366 = ORIENTED_EDGE('',*,*,#10106,.F.);
#10367 = FACE_BOUND('',#10368,.F.);
#10368 = EDGE_LOOP('',(#10369,#10379,#10387,#10395));
#10369 = ORIENTED_EDGE('',*,*,#10370,.T.);
#10370 = EDGE_CURVE('',#10371,#10373,#10375,.T.);
#10371 = VERTEX_POINT('',#10372);
#10372 = CARTESIAN_POINT('',(3.75,-2.,5.));
#10373 = VERTEX_POINT('',#10374);
#10374 = CARTESIAN_POINT('',(3.75,-2.,2.5));
#10375 = LINE('',#10376,#10377);
#10376 = CARTESIAN_POINT('',(3.75,-2.,5.));
#10377 = VECTOR('',#10378,1.);
#10378 = DIRECTION('',(0.,0.,-1.));
#10379 = ORIENTED_EDGE('',*,*,#10380,.T.);
#10380 = EDGE_CURVE('',#10373,#10381,#10383,.T.);
#10381 = VERTEX_POINT('',#10382);
#10382 = CARTESIAN_POINT('',(6.25,-2.,2.5));
#10383 = LINE('',#10384,#10385);
#10384 = CARTESIAN_POINT('',(3.75,-2.,2.5));
#10385 = VECTOR('',#10386,1.);
#10386 = DIRECTION('',(1.,0.,0.));
#10387 = ORIENTED_EDGE('',*,*,#10388,.T.);
#10388 = EDGE_CURVE('',#10381,#10389,#10391,.T.);
#10389 = VERTEX_POINT('',#10390);
#10390 = CARTESIAN_POINT('',(6.25,-2.,5.));
#10391 = LINE('',#10392,#10393);
#10392 = CARTESIAN_POINT('',(6.25,-2.,2.5));
#10393 = VECTOR('',#10394,1.);
#10394 = DIRECTION('',(0.,0.,1.));
#10395 = ORIENTED_EDGE('',*,*,#10396,.T.);
#10396 = EDGE_CURVE('',#10389,#10371,#10397,.T.);
#10397 = LINE('',#10398,#10399);
#10398 = CARTESIAN_POINT('',(6.25,-2.,5.));
#10399 = VECTOR('',#10400,1.);
#10400 = DIRECTION('',(-1.,0.,0.));
#10401 = PLANE('',#10402);
#10402 = AXIS2_PLACEMENT_3D('',#10403,#10404,#10405);
#10403 = CARTESIAN_POINT('',(3.6,-2.,2.4));
#10404 = DIRECTION('',(0.,1.,0.));
#10405 = DIRECTION('',(1.,0.,0.));
#10406 = ADVANCED_FACE('',(#10407),#10411,.F.);
#10407 = FACE_BOUND('',#10408,.F.);
#10408 = EDGE_LOOP('',(#10409,#10410));
#10409 = ORIENTED_EDGE('',*,*,#9532,.F.);
#10410 = ORIENTED_EDGE('',*,*,#10329,.T.);
#10411 = PLANE('',#10412);
#10412 = AXIS2_PLACEMENT_3D('',#10413,#10414,#10415);
#10413 = CARTESIAN_POINT('',(5.,-0.2,5.1));
#10414 = DIRECTION('',(0.,0.,1.));
#10415 = DIRECTION('',(1.,0.,-0.));
#10416 = ADVANCED_FACE('',(#10417),#10436,.F.);
#10417 = FACE_BOUND('',#10418,.F.);
#10418 = EDGE_LOOP('',(#10419,#10428,#10435));
#10419 = ORIENTED_EDGE('',*,*,#10420,.T.);
#10420 = EDGE_CURVE('',#9601,#10421,#10423,.T.);
#10421 = VERTEX_POINT('',#10422);
#10422 = CARTESIAN_POINT('',(1.9,-0.2,5.1));
#10423 = CIRCLE('',#10424,1.9);
#10424 = AXIS2_PLACEMENT_3D('',#10425,#10426,#10427);
#10425 = CARTESIAN_POINT('',(0.,-0.2,5.1));
#10426 = DIRECTION('',(0.,0.,1.));
#10427 = DIRECTION('',(1.,0.,-0.));
#10428 = ORIENTED_EDGE('',*,*,#10429,.T.);
#10429 = EDGE_CURVE('',#10421,#9609,#10430,.T.);
#10430 = CIRCLE('',#10431,1.9);
#10431 = AXIS2_PLACEMENT_3D('',#10432,#10433,#10434);
#10432 = CARTESIAN_POINT('',(0.,-0.2,5.1));
#10433 = DIRECTION('',(0.,0.,1.));
#10434 = DIRECTION('',(1.,0.,-0.));
#10435 = ORIENTED_EDGE('',*,*,#9608,.F.);
#10436 = PLANE('',#10437);
#10437 = AXIS2_PLACEMENT_3D('',#10438,#10439,#10440);
#10438 = CARTESIAN_POINT('',(-1.799263332289E-16,-0.2,5.1));
#10439 = DIRECTION('',(0.,0.,1.));
#10440 = DIRECTION('',(1.,0.,-0.));
#10441 = ADVANCED_FACE('',(#10442),#10547,.T.);
#10442 = FACE_BOUND('',#10443,.T.);
#10443 = EDGE_LOOP('',(#10444,#10455,#10463,#10472,#10480,#10489,#10497,
    #10506,#10514,#10521,#10527,#10528,#10529,#10536,#10537,#10544,
    #10545,#10546));
#10444 = ORIENTED_EDGE('',*,*,#10445,.F.);
#10445 = EDGE_CURVE('',#10446,#10448,#10450,.T.);
#10446 = VERTEX_POINT('',#10447);
#10447 = CARTESIAN_POINT('',(0.35,-2.067484939698,13.6));
#10448 = VERTEX_POINT('',#10449);
#10449 = CARTESIAN_POINT('',(1.9,-0.2,13.6));
#10450 = CIRCLE('',#10451,1.9);
#10451 = AXIS2_PLACEMENT_3D('',#10452,#10453,#10454);
#10452 = CARTESIAN_POINT('',(0.,-0.2,13.6));
#10453 = DIRECTION('',(0.,0.,1.));
#10454 = DIRECTION('',(1.,0.,-0.));
#10455 = ORIENTED_EDGE('',*,*,#10456,.T.);
#10456 = EDGE_CURVE('',#10446,#10457,#10459,.T.);
#10457 = VERTEX_POINT('',#10458);
#10458 = CARTESIAN_POINT('',(0.35,-2.067484939698,12.9));
#10459 = LINE('',#10460,#10461);
#10460 = CARTESIAN_POINT('',(0.35,-2.067484939698,5.1));
#10461 = VECTOR('',#10462,1.);
#10462 = DIRECTION('',(-0.,-0.,-1.));
#10463 = ORIENTED_EDGE('',*,*,#10464,.T.);
#10464 = EDGE_CURVE('',#10457,#10465,#10467,.T.);
#10465 = VERTEX_POINT('',#10466);
#10466 = CARTESIAN_POINT('',(-0.35,-2.067484939698,12.9));
#10467 = CIRCLE('',#10468,1.9);
#10468 = AXIS2_PLACEMENT_3D('',#10469,#10470,#10471);
#10469 = CARTESIAN_POINT('',(0.,-0.2,12.9));
#10470 = DIRECTION('',(0.,0.,-1.));
#10471 = DIRECTION('',(1.,0.,0.));
#10472 = ORIENTED_EDGE('',*,*,#10473,.F.);
#10473 = EDGE_CURVE('',#10474,#10465,#10476,.T.);
#10474 = VERTEX_POINT('',#10475);
#10475 = CARTESIAN_POINT('',(-0.35,-2.067484939698,13.6));
#10476 = LINE('',#10477,#10478);
#10477 = CARTESIAN_POINT('',(-0.35,-2.067484939698,5.1));
#10478 = VECTOR('',#10479,1.);
#10479 = DIRECTION('',(-0.,-0.,-1.));
#10480 = ORIENTED_EDGE('',*,*,#10481,.F.);
#10481 = EDGE_CURVE('',#10482,#10474,#10484,.T.);
#10482 = VERTEX_POINT('',#10483);
#10483 = CARTESIAN_POINT('',(-0.35,1.667484939698,13.6));
#10484 = CIRCLE('',#10485,1.9);
#10485 = AXIS2_PLACEMENT_3D('',#10486,#10487,#10488);
#10486 = CARTESIAN_POINT('',(0.,-0.2,13.6));
#10487 = DIRECTION('',(0.,0.,1.));
#10488 = DIRECTION('',(1.,0.,-0.));
#10489 = ORIENTED_EDGE('',*,*,#10490,.T.);
#10490 = EDGE_CURVE('',#10482,#10491,#10493,.T.);
#10491 = VERTEX_POINT('',#10492);
#10492 = CARTESIAN_POINT('',(-0.35,1.667484939698,12.9));
#10493 = LINE('',#10494,#10495);
#10494 = CARTESIAN_POINT('',(-0.35,1.667484939698,5.1));
#10495 = VECTOR('',#10496,1.);
#10496 = DIRECTION('',(-0.,-0.,-1.));
#10497 = ORIENTED_EDGE('',*,*,#10498,.T.);
#10498 = EDGE_CURVE('',#10491,#10499,#10501,.T.);
#10499 = VERTEX_POINT('',#10500);
#10500 = CARTESIAN_POINT('',(0.35,1.667484939698,12.9));
#10501 = CIRCLE('',#10502,1.9);
#10502 = AXIS2_PLACEMENT_3D('',#10503,#10504,#10505);
#10503 = CARTESIAN_POINT('',(0.,-0.2,12.9));
#10504 = DIRECTION('',(0.,0.,-1.));
#10505 = DIRECTION('',(1.,0.,0.));
#10506 = ORIENTED_EDGE('',*,*,#10507,.F.);
#10507 = EDGE_CURVE('',#10508,#10499,#10510,.T.);
#10508 = VERTEX_POINT('',#10509);
#10509 = CARTESIAN_POINT('',(0.35,1.667484939698,13.6));
#10510 = LINE('',#10511,#10512);
#10511 = CARTESIAN_POINT('',(0.35,1.667484939698,5.1));
#10512 = VECTOR('',#10513,1.);
#10513 = DIRECTION('',(-0.,-0.,-1.));
#10514 = ORIENTED_EDGE('',*,*,#10515,.F.);
#10515 = EDGE_CURVE('',#10448,#10508,#10516,.T.);
#10516 = CIRCLE('',#10517,1.9);
#10517 = AXIS2_PLACEMENT_3D('',#10518,#10519,#10520);
#10518 = CARTESIAN_POINT('',(0.,-0.2,13.6));
#10519 = DIRECTION('',(0.,0.,1.));
#10520 = DIRECTION('',(1.,0.,-0.));
#10521 = ORIENTED_EDGE('',*,*,#10522,.F.);
#10522 = EDGE_CURVE('',#10421,#10448,#10523,.T.);
#10523 = LINE('',#10524,#10525);
#10524 = CARTESIAN_POINT('',(1.9,-0.2,5.1));
#10525 = VECTOR('',#10526,1.);
#10526 = DIRECTION('',(0.,0.,1.));
#10527 = ORIENTED_EDGE('',*,*,#10429,.T.);
#10528 = ORIENTED_EDGE('',*,*,#9769,.T.);
#10529 = ORIENTED_EDGE('',*,*,#10530,.T.);
#10530 = EDGE_CURVE('',#9728,#9695,#10531,.T.);
#10531 = CIRCLE('',#10532,1.9);
#10532 = AXIS2_PLACEMENT_3D('',#10533,#10534,#10535);
#10533 = CARTESIAN_POINT('',(0.,-0.2,5.1));
#10534 = DIRECTION('',(0.,0.,1.));
#10535 = DIRECTION('',(1.,0.,-0.));
#10536 = ORIENTED_EDGE('',*,*,#9694,.T.);
#10537 = ORIENTED_EDGE('',*,*,#10538,.T.);
#10538 = EDGE_CURVE('',#9697,#9632,#10539,.T.);
#10539 = CIRCLE('',#10540,1.9);
#10540 = AXIS2_PLACEMENT_3D('',#10541,#10542,#10543);
#10541 = CARTESIAN_POINT('',(0.,-0.2,5.1));
#10542 = DIRECTION('',(0.,0.,1.));
#10543 = DIRECTION('',(1.,0.,-0.));
#10544 = ORIENTED_EDGE('',*,*,#9631,.T.);
#10545 = ORIENTED_EDGE('',*,*,#10420,.T.);
#10546 = ORIENTED_EDGE('',*,*,#10522,.T.);
#10547 = CYLINDRICAL_SURFACE('',#10548,1.9);
#10548 = AXIS2_PLACEMENT_3D('',#10549,#10550,#10551);
#10549 = CARTESIAN_POINT('',(0.,-0.2,5.1));
#10550 = DIRECTION('',(-0.,-0.,-1.));
#10551 = DIRECTION('',(1.,0.,0.));
#10552 = ADVANCED_FACE('',(#10553,#10568),#10602,.F.);
#10553 = FACE_BOUND('',#10554,.F.);
#10554 = EDGE_LOOP('',(#10555,#10556,#10557,#10558,#10564,#10565,#10566,
    #10567));
#10555 = ORIENTED_EDGE('',*,*,#10075,.T.);
#10556 = ORIENTED_EDGE('',*,*,#9680,.T.);
#10557 = ORIENTED_EDGE('',*,*,#9712,.T.);
#10558 = ORIENTED_EDGE('',*,*,#10559,.T.);
#10559 = EDGE_CURVE('',#9697,#9632,#10560,.T.);
#10560 = LINE('',#10561,#10562);
#10561 = CARTESIAN_POINT('',(-1.4,-2.,5.1));
#10562 = VECTOR('',#10563,1.);
#10563 = DIRECTION('',(1.,0.,0.));
#10564 = ORIENTED_EDGE('',*,*,#9640,.T.);
#10565 = ORIENTED_EDGE('',*,*,#9673,.T.);
#10566 = ORIENTED_EDGE('',*,*,#10058,.F.);
#10567 = ORIENTED_EDGE('',*,*,#10041,.F.);
#10568 = FACE_BOUND('',#10569,.F.);
#10569 = EDGE_LOOP('',(#10570,#10580,#10588,#10596));
#10570 = ORIENTED_EDGE('',*,*,#10571,.T.);
#10571 = EDGE_CURVE('',#10572,#10574,#10576,.T.);
#10572 = VERTEX_POINT('',#10573);
#10573 = CARTESIAN_POINT('',(-1.25,-2.,5.));
#10574 = VERTEX_POINT('',#10575);
#10575 = CARTESIAN_POINT('',(-1.25,-2.,2.5));
#10576 = LINE('',#10577,#10578);
#10577 = CARTESIAN_POINT('',(-1.25,-2.,5.));
#10578 = VECTOR('',#10579,1.);
#10579 = DIRECTION('',(0.,0.,-1.));
#10580 = ORIENTED_EDGE('',*,*,#10581,.T.);
#10581 = EDGE_CURVE('',#10574,#10582,#10584,.T.);
#10582 = VERTEX_POINT('',#10583);
#10583 = CARTESIAN_POINT('',(1.25,-2.,2.5));
#10584 = LINE('',#10585,#10586);
#10585 = CARTESIAN_POINT('',(-1.25,-2.,2.5));
#10586 = VECTOR('',#10587,1.);
#10587 = DIRECTION('',(1.,0.,0.));
#10588 = ORIENTED_EDGE('',*,*,#10589,.T.);
#10589 = EDGE_CURVE('',#10582,#10590,#10592,.T.);
#10590 = VERTEX_POINT('',#10591);
#10591 = CARTESIAN_POINT('',(1.25,-2.,5.));
#10592 = LINE('',#10593,#10594);
#10593 = CARTESIAN_POINT('',(1.25,-2.,2.5));
#10594 = VECTOR('',#10595,1.);
#10595 = DIRECTION('',(0.,0.,1.));
#10596 = ORIENTED_EDGE('',*,*,#10597,.T.);
#10597 = EDGE_CURVE('',#10590,#10572,#10598,.T.);
#10598 = LINE('',#10599,#10600);
#10599 = CARTESIAN_POINT('',(1.25,-2.,5.));
#10600 = VECTOR('',#10601,1.);
#10601 = DIRECTION('',(-1.,0.,0.));
#10602 = PLANE('',#10603);
#10603 = AXIS2_PLACEMENT_3D('',#10604,#10605,#10606);
#10604 = CARTESIAN_POINT('',(-1.4,-2.,2.4));
#10605 = DIRECTION('',(0.,1.,0.));
#10606 = DIRECTION('',(1.,0.,0.));
#10607 = ADVANCED_FACE('',(#10608),#10612,.F.);
#10608 = FACE_BOUND('',#10609,.F.);
#10609 = EDGE_LOOP('',(#10610,#10611));
#10610 = ORIENTED_EDGE('',*,*,#9735,.F.);
#10611 = ORIENTED_EDGE('',*,*,#10530,.T.);
#10612 = PLANE('',#10613);
#10613 = AXIS2_PLACEMENT_3D('',#10614,#10615,#10616);
#10614 = CARTESIAN_POINT('',(-1.799263332289E-16,-0.2,5.1));
#10615 = DIRECTION('',(0.,0.,1.));
#10616 = DIRECTION('',(1.,0.,-0.));
#10617 = ADVANCED_FACE('',(#10618),#10637,.F.);
#10618 = FACE_BOUND('',#10619,.F.);
#10619 = EDGE_LOOP('',(#10620,#10629,#10636));
#10620 = ORIENTED_EDGE('',*,*,#10621,.T.);
#10621 = EDGE_CURVE('',#9804,#10622,#10624,.T.);
#10622 = VERTEX_POINT('',#10623);
#10623 = CARTESIAN_POINT('',(11.9,-0.2,5.1));
#10624 = CIRCLE('',#10625,1.9);
#10625 = AXIS2_PLACEMENT_3D('',#10626,#10627,#10628);
#10626 = CARTESIAN_POINT('',(10.,-0.2,5.1));
#10627 = DIRECTION('',(0.,0.,1.));
#10628 = DIRECTION('',(1.,0.,-0.));
#10629 = ORIENTED_EDGE('',*,*,#10630,.T.);
#10630 = EDGE_CURVE('',#10622,#9812,#10631,.T.);
#10631 = CIRCLE('',#10632,1.9);
#10632 = AXIS2_PLACEMENT_3D('',#10633,#10634,#10635);
#10633 = CARTESIAN_POINT('',(10.,-0.2,5.1));
#10634 = DIRECTION('',(0.,0.,1.));
#10635 = DIRECTION('',(1.,0.,-0.));
#10636 = ORIENTED_EDGE('',*,*,#9811,.F.);
#10637 = PLANE('',#10638);
#10638 = AXIS2_PLACEMENT_3D('',#10639,#10640,#10641);
#10639 = CARTESIAN_POINT('',(10.,-0.2,5.1));
#10640 = DIRECTION('',(0.,0.,1.));
#10641 = DIRECTION('',(1.,0.,-0.));
#10642 = ADVANCED_FACE('',(#10643),#10748,.T.);
#10643 = FACE_BOUND('',#10644,.T.);
#10644 = EDGE_LOOP('',(#10645,#10656,#10664,#10673,#10681,#10690,#10698,
    #10707,#10715,#10722,#10728,#10729,#10730,#10737,#10738,#10745,
    #10746,#10747));
#10645 = ORIENTED_EDGE('',*,*,#10646,.F.);
#10646 = EDGE_CURVE('',#10647,#10649,#10651,.T.);
#10647 = VERTEX_POINT('',#10648);
#10648 = CARTESIAN_POINT('',(10.35,-2.067484939698,13.6));
#10649 = VERTEX_POINT('',#10650);
#10650 = CARTESIAN_POINT('',(11.9,-0.2,13.6));
#10651 = CIRCLE('',#10652,1.9);
#10652 = AXIS2_PLACEMENT_3D('',#10653,#10654,#10655);
#10653 = CARTESIAN_POINT('',(10.,-0.2,13.6));
#10654 = DIRECTION('',(0.,0.,1.));
#10655 = DIRECTION('',(1.,0.,-0.));
#10656 = ORIENTED_EDGE('',*,*,#10657,.T.);
#10657 = EDGE_CURVE('',#10647,#10658,#10660,.T.);
#10658 = VERTEX_POINT('',#10659);
#10659 = CARTESIAN_POINT('',(10.35,-2.067484939698,12.9));
#10660 = LINE('',#10661,#10662);
#10661 = CARTESIAN_POINT('',(10.35,-2.067484939698,5.1));
#10662 = VECTOR('',#10663,1.);
#10663 = DIRECTION('',(-0.,-0.,-1.));
#10664 = ORIENTED_EDGE('',*,*,#10665,.T.);
#10665 = EDGE_CURVE('',#10658,#10666,#10668,.T.);
#10666 = VERTEX_POINT('',#10667);
#10667 = CARTESIAN_POINT('',(9.65,-2.067484939698,12.9));
#10668 = CIRCLE('',#10669,1.9);
#10669 = AXIS2_PLACEMENT_3D('',#10670,#10671,#10672);
#10670 = CARTESIAN_POINT('',(10.,-0.2,12.9));
#10671 = DIRECTION('',(0.,0.,-1.));
#10672 = DIRECTION('',(1.,0.,0.));
#10673 = ORIENTED_EDGE('',*,*,#10674,.F.);
#10674 = EDGE_CURVE('',#10675,#10666,#10677,.T.);
#10675 = VERTEX_POINT('',#10676);
#10676 = CARTESIAN_POINT('',(9.65,-2.067484939698,13.6));
#10677 = LINE('',#10678,#10679);
#10678 = CARTESIAN_POINT('',(9.65,-2.067484939698,5.1));
#10679 = VECTOR('',#10680,1.);
#10680 = DIRECTION('',(-0.,-0.,-1.));
#10681 = ORIENTED_EDGE('',*,*,#10682,.F.);
#10682 = EDGE_CURVE('',#10683,#10675,#10685,.T.);
#10683 = VERTEX_POINT('',#10684);
#10684 = CARTESIAN_POINT('',(9.65,1.667484939698,13.6));
#10685 = CIRCLE('',#10686,1.9);
#10686 = AXIS2_PLACEMENT_3D('',#10687,#10688,#10689);
#10687 = CARTESIAN_POINT('',(10.,-0.2,13.6));
#10688 = DIRECTION('',(0.,0.,1.));
#10689 = DIRECTION('',(1.,0.,-0.));
#10690 = ORIENTED_EDGE('',*,*,#10691,.T.);
#10691 = EDGE_CURVE('',#10683,#10692,#10694,.T.);
#10692 = VERTEX_POINT('',#10693);
#10693 = CARTESIAN_POINT('',(9.65,1.667484939698,12.9));
#10694 = LINE('',#10695,#10696);
#10695 = CARTESIAN_POINT('',(9.65,1.667484939698,5.1));
#10696 = VECTOR('',#10697,1.);
#10697 = DIRECTION('',(-0.,-0.,-1.));
#10698 = ORIENTED_EDGE('',*,*,#10699,.T.);
#10699 = EDGE_CURVE('',#10692,#10700,#10702,.T.);
#10700 = VERTEX_POINT('',#10701);
#10701 = CARTESIAN_POINT('',(10.35,1.667484939698,12.9));
#10702 = CIRCLE('',#10703,1.9);
#10703 = AXIS2_PLACEMENT_3D('',#10704,#10705,#10706);
#10704 = CARTESIAN_POINT('',(10.,-0.2,12.9));
#10705 = DIRECTION('',(0.,0.,-1.));
#10706 = DIRECTION('',(1.,0.,0.));
#10707 = ORIENTED_EDGE('',*,*,#10708,.F.);
#10708 = EDGE_CURVE('',#10709,#10700,#10711,.T.);
#10709 = VERTEX_POINT('',#10710);
#10710 = CARTESIAN_POINT('',(10.35,1.667484939698,13.6));
#10711 = LINE('',#10712,#10713);
#10712 = CARTESIAN_POINT('',(10.35,1.667484939698,5.1));
#10713 = VECTOR('',#10714,1.);
#10714 = DIRECTION('',(-0.,-0.,-1.));
#10715 = ORIENTED_EDGE('',*,*,#10716,.F.);
#10716 = EDGE_CURVE('',#10649,#10709,#10717,.T.);
#10717 = CIRCLE('',#10718,1.9);
#10718 = AXIS2_PLACEMENT_3D('',#10719,#10720,#10721);
#10719 = CARTESIAN_POINT('',(10.,-0.2,13.6));
#10720 = DIRECTION('',(0.,0.,1.));
#10721 = DIRECTION('',(1.,0.,-0.));
#10722 = ORIENTED_EDGE('',*,*,#10723,.F.);
#10723 = EDGE_CURVE('',#10622,#10649,#10724,.T.);
#10724 = LINE('',#10725,#10726);
#10725 = CARTESIAN_POINT('',(11.9,-0.2,5.1));
#10726 = VECTOR('',#10727,1.);
#10727 = DIRECTION('',(0.,0.,1.));
#10728 = ORIENTED_EDGE('',*,*,#10630,.T.);
#10729 = ORIENTED_EDGE('',*,*,#9972,.T.);
#10730 = ORIENTED_EDGE('',*,*,#10731,.T.);
#10731 = EDGE_CURVE('',#9931,#9898,#10732,.T.);
#10732 = CIRCLE('',#10733,1.9);
#10733 = AXIS2_PLACEMENT_3D('',#10734,#10735,#10736);
#10734 = CARTESIAN_POINT('',(10.,-0.2,5.1));
#10735 = DIRECTION('',(0.,0.,1.));
#10736 = DIRECTION('',(1.,0.,-0.));
#10737 = ORIENTED_EDGE('',*,*,#9897,.T.);
#10738 = ORIENTED_EDGE('',*,*,#10739,.T.);
#10739 = EDGE_CURVE('',#9900,#9835,#10740,.T.);
#10740 = CIRCLE('',#10741,1.9);
#10741 = AXIS2_PLACEMENT_3D('',#10742,#10743,#10744);
#10742 = CARTESIAN_POINT('',(10.,-0.2,5.1));
#10743 = DIRECTION('',(0.,0.,1.));
#10744 = DIRECTION('',(1.,0.,-0.));
#10745 = ORIENTED_EDGE('',*,*,#9834,.T.);
#10746 = ORIENTED_EDGE('',*,*,#10621,.T.);
#10747 = ORIENTED_EDGE('',*,*,#10723,.T.);
#10748 = CYLINDRICAL_SURFACE('',#10749,1.9);
#10749 = AXIS2_PLACEMENT_3D('',#10750,#10751,#10752);
#10750 = CARTESIAN_POINT('',(10.,-0.2,5.1));
#10751 = DIRECTION('',(-0.,-0.,-1.));
#10752 = DIRECTION('',(1.,0.,0.));
#10753 = ADVANCED_FACE('',(#10754,#10769),#10803,.F.);
#10754 = FACE_BOUND('',#10755,.F.);
#10755 = EDGE_LOOP('',(#10756,#10757,#10758,#10759,#10765,#10766,#10767,
    #10768));
#10756 = ORIENTED_EDGE('',*,*,#10205,.T.);
#10757 = ORIENTED_EDGE('',*,*,#9883,.T.);
#10758 = ORIENTED_EDGE('',*,*,#9915,.T.);
#10759 = ORIENTED_EDGE('',*,*,#10760,.T.);
#10760 = EDGE_CURVE('',#9900,#9835,#10761,.T.);
#10761 = LINE('',#10762,#10763);
#10762 = CARTESIAN_POINT('',(8.6,-2.,5.1));
#10763 = VECTOR('',#10764,1.);
#10764 = DIRECTION('',(1.,0.,0.));
#10765 = ORIENTED_EDGE('',*,*,#9843,.T.);
#10766 = ORIENTED_EDGE('',*,*,#9876,.T.);
#10767 = ORIENTED_EDGE('',*,*,#10188,.F.);
#10768 = ORIENTED_EDGE('',*,*,#10171,.F.);
#10769 = FACE_BOUND('',#10770,.F.);
#10770 = EDGE_LOOP('',(#10771,#10781,#10789,#10797));
#10771 = ORIENTED_EDGE('',*,*,#10772,.T.);
#10772 = EDGE_CURVE('',#10773,#10775,#10777,.T.);
#10773 = VERTEX_POINT('',#10774);
#10774 = CARTESIAN_POINT('',(8.75,-2.,5.));
#10775 = VERTEX_POINT('',#10776);
#10776 = CARTESIAN_POINT('',(8.75,-2.,2.5));
#10777 = LINE('',#10778,#10779);
#10778 = CARTESIAN_POINT('',(8.75,-2.,5.));
#10779 = VECTOR('',#10780,1.);
#10780 = DIRECTION('',(0.,0.,-1.));
#10781 = ORIENTED_EDGE('',*,*,#10782,.T.);
#10782 = EDGE_CURVE('',#10775,#10783,#10785,.T.);
#10783 = VERTEX_POINT('',#10784);
#10784 = CARTESIAN_POINT('',(11.25,-2.,2.5));
#10785 = LINE('',#10786,#10787);
#10786 = CARTESIAN_POINT('',(8.75,-2.,2.5));
#10787 = VECTOR('',#10788,1.);
#10788 = DIRECTION('',(1.,0.,0.));
#10789 = ORIENTED_EDGE('',*,*,#10790,.T.);
#10790 = EDGE_CURVE('',#10783,#10791,#10793,.T.);
#10791 = VERTEX_POINT('',#10792);
#10792 = CARTESIAN_POINT('',(11.25,-2.,5.));
#10793 = LINE('',#10794,#10795);
#10794 = CARTESIAN_POINT('',(11.25,-2.,2.5));
#10795 = VECTOR('',#10796,1.);
#10796 = DIRECTION('',(0.,0.,1.));
#10797 = ORIENTED_EDGE('',*,*,#10798,.T.);
#10798 = EDGE_CURVE('',#10791,#10773,#10799,.T.);
#10799 = LINE('',#10800,#10801);
#10800 = CARTESIAN_POINT('',(11.25,-2.,5.));
#10801 = VECTOR('',#10802,1.);
#10802 = DIRECTION('',(-1.,0.,0.));
#10803 = PLANE('',#10804);
#10804 = AXIS2_PLACEMENT_3D('',#10805,#10806,#10807);
#10805 = CARTESIAN_POINT('',(8.6,-2.,2.4));
#10806 = DIRECTION('',(0.,1.,0.));
#10807 = DIRECTION('',(1.,0.,0.));
#10808 = ADVANCED_FACE('',(#10809),#10813,.F.);
#10809 = FACE_BOUND('',#10810,.F.);
#10810 = EDGE_LOOP('',(#10811,#10812));
#10811 = ORIENTED_EDGE('',*,*,#9938,.F.);
#10812 = ORIENTED_EDGE('',*,*,#10731,.T.);
#10813 = PLANE('',#10814);
#10814 = AXIS2_PLACEMENT_3D('',#10815,#10816,#10817);
#10815 = CARTESIAN_POINT('',(10.,-0.2,5.1));
#10816 = DIRECTION('',(0.,0.,1.));
#10817 = DIRECTION('',(1.,0.,-0.));
#10818 = ADVANCED_FACE('',(#10819),#10829,.T.);
#10819 = FACE_BOUND('',#10820,.T.);
#10820 = EDGE_LOOP('',(#10821,#10822,#10823));
#10821 = ORIENTED_EDGE('',*,*,#10244,.T.);
#10822 = ORIENTED_EDGE('',*,*,#10314,.T.);
#10823 = ORIENTED_EDGE('',*,*,#10824,.F.);
#10824 = EDGE_CURVE('',#10245,#10307,#10825,.T.);
#10825 = LINE('',#10826,#10827);
#10826 = CARTESIAN_POINT('',(5.35,-2.2,13.6));
#10827 = VECTOR('',#10828,1.);
#10828 = DIRECTION('',(0.,1.,0.));
#10829 = PLANE('',#10830);
#10830 = AXIS2_PLACEMENT_3D('',#10831,#10832,#10833);
#10831 = CARTESIAN_POINT('',(5.,-0.2,13.6));
#10832 = DIRECTION('',(0.,0.,1.));
#10833 = DIRECTION('',(1.,0.,-0.));
#10834 = ADVANCED_FACE('',(#10835),#10846,.F.);
#10835 = FACE_BOUND('',#10836,.F.);
#10836 = EDGE_LOOP('',(#10837,#10838,#10839,#10845));
#10837 = ORIENTED_EDGE('',*,*,#10824,.F.);
#10838 = ORIENTED_EDGE('',*,*,#10255,.T.);
#10839 = ORIENTED_EDGE('',*,*,#10840,.T.);
#10840 = EDGE_CURVE('',#10256,#10298,#10841,.T.);
#10841 = LINE('',#10842,#10843);
#10842 = CARTESIAN_POINT('',(5.35,-2.2,12.9));
#10843 = VECTOR('',#10844,1.);
#10844 = DIRECTION('',(0.,1.,0.));
#10845 = ORIENTED_EDGE('',*,*,#10306,.F.);
#10846 = PLANE('',#10847);
#10847 = AXIS2_PLACEMENT_3D('',#10848,#10849,#10850);
#10848 = CARTESIAN_POINT('',(5.35,-2.2,13.6));
#10849 = DIRECTION('',(1.,0.,0.));
#10850 = DIRECTION('',(-0.,1.,0.));
#10851 = ADVANCED_FACE('',(#10852),#10863,.T.);
#10852 = FACE_BOUND('',#10853,.T.);
#10853 = EDGE_LOOP('',(#10854,#10860,#10861,#10862));
#10854 = ORIENTED_EDGE('',*,*,#10855,.T.);
#10855 = EDGE_CURVE('',#10290,#10264,#10856,.T.);
#10856 = LINE('',#10857,#10858);
#10857 = CARTESIAN_POINT('',(4.65,1.8,12.9));
#10858 = VECTOR('',#10859,1.);
#10859 = DIRECTION('',(0.,-1.,0.));
#10860 = ORIENTED_EDGE('',*,*,#10263,.F.);
#10861 = ORIENTED_EDGE('',*,*,#10840,.T.);
#10862 = ORIENTED_EDGE('',*,*,#10297,.F.);
#10863 = PLANE('',#10864);
#10864 = AXIS2_PLACEMENT_3D('',#10865,#10866,#10867);
#10865 = CARTESIAN_POINT('',(5.,-0.2,12.9));
#10866 = DIRECTION('',(0.,-2.098034322396E-32,1.));
#10867 = DIRECTION('',(0.,1.,2.098034322396E-32));
#10868 = ADVANCED_FACE('',(#10869),#10880,.F.);
#10869 = FACE_BOUND('',#10870,.F.);
#10870 = EDGE_LOOP('',(#10871,#10877,#10878,#10879));
#10871 = ORIENTED_EDGE('',*,*,#10872,.F.);
#10872 = EDGE_CURVE('',#10281,#10273,#10873,.T.);
#10873 = LINE('',#10874,#10875);
#10874 = CARTESIAN_POINT('',(4.65,1.8,13.6));
#10875 = VECTOR('',#10876,1.);
#10876 = DIRECTION('',(0.,-1.,0.));
#10877 = ORIENTED_EDGE('',*,*,#10289,.T.);
#10878 = ORIENTED_EDGE('',*,*,#10855,.T.);
#10879 = ORIENTED_EDGE('',*,*,#10272,.F.);
#10880 = PLANE('',#10881);
#10881 = AXIS2_PLACEMENT_3D('',#10882,#10883,#10884);
#10882 = CARTESIAN_POINT('',(4.65,1.8,13.6));
#10883 = DIRECTION('',(-1.,0.,0.));
#10884 = DIRECTION('',(0.,-1.,0.));
#10885 = ADVANCED_FACE('',(#10886),#10890,.T.);
#10886 = FACE_BOUND('',#10887,.T.);
#10887 = EDGE_LOOP('',(#10888,#10889));
#10888 = ORIENTED_EDGE('',*,*,#10872,.F.);
#10889 = ORIENTED_EDGE('',*,*,#10280,.T.);
#10890 = PLANE('',#10891);
#10891 = AXIS2_PLACEMENT_3D('',#10892,#10893,#10894);
#10892 = CARTESIAN_POINT('',(5.,-0.2,13.6));
#10893 = DIRECTION('',(0.,0.,1.));
#10894 = DIRECTION('',(1.,0.,-0.));
#10895 = ADVANCED_FACE('',(#10896),#10900,.F.);
#10896 = FACE_BOUND('',#10897,.F.);
#10897 = EDGE_LOOP('',(#10898,#10899));
#10898 = ORIENTED_EDGE('',*,*,#10337,.T.);
#10899 = ORIENTED_EDGE('',*,*,#10358,.F.);
#10900 = PLANE('',#10901);
#10901 = AXIS2_PLACEMENT_3D('',#10902,#10903,#10904);
#10902 = CARTESIAN_POINT('',(5.,-0.2,5.1));
#10903 = DIRECTION('',(0.,0.,1.));
#10904 = DIRECTION('',(1.,0.,-0.));
#10905 = ADVANCED_FACE('',(#10906),#10931,.T.);
#10906 = FACE_BOUND('',#10907,.T.);
#10907 = EDGE_LOOP('',(#10908,#10916,#10917,#10925));
#10908 = ORIENTED_EDGE('',*,*,#10909,.T.);
#10909 = EDGE_CURVE('',#10910,#10371,#10912,.T.);
#10910 = VERTEX_POINT('',#10911);
#10911 = CARTESIAN_POINT('',(3.75,2.,5.));
#10912 = LINE('',#10913,#10914);
#10913 = CARTESIAN_POINT('',(3.75,2.,5.));
#10914 = VECTOR('',#10915,1.);
#10915 = DIRECTION('',(0.,-1.,0.));
#10916 = ORIENTED_EDGE('',*,*,#10370,.T.);
#10917 = ORIENTED_EDGE('',*,*,#10918,.F.);
#10918 = EDGE_CURVE('',#10919,#10373,#10921,.T.);
#10919 = VERTEX_POINT('',#10920);
#10920 = CARTESIAN_POINT('',(3.75,2.,2.5));
#10921 = LINE('',#10922,#10923);
#10922 = CARTESIAN_POINT('',(3.75,2.,2.5));
#10923 = VECTOR('',#10924,1.);
#10924 = DIRECTION('',(0.,-1.,0.));
#10925 = ORIENTED_EDGE('',*,*,#10926,.F.);
#10926 = EDGE_CURVE('',#10910,#10919,#10927,.T.);
#10927 = LINE('',#10928,#10929);
#10928 = CARTESIAN_POINT('',(3.75,2.,5.));
#10929 = VECTOR('',#10930,1.);
#10930 = DIRECTION('',(0.,0.,-1.));
#10931 = PLANE('',#10932);
#10932 = AXIS2_PLACEMENT_3D('',#10933,#10934,#10935);
#10933 = CARTESIAN_POINT('',(3.75,2.,5.));
#10934 = DIRECTION('',(1.,0.,0.));
#10935 = DIRECTION('',(0.,0.,-1.));
#10936 = ADVANCED_FACE('',(#10937),#10955,.T.);
#10937 = FACE_BOUND('',#10938,.T.);
#10938 = EDGE_LOOP('',(#10939,#10947,#10948,#10949));
#10939 = ORIENTED_EDGE('',*,*,#10940,.T.);
#10940 = EDGE_CURVE('',#10941,#10389,#10943,.T.);
#10941 = VERTEX_POINT('',#10942);
#10942 = CARTESIAN_POINT('',(6.25,2.,5.));
#10943 = LINE('',#10944,#10945);
#10944 = CARTESIAN_POINT('',(6.25,2.,5.));
#10945 = VECTOR('',#10946,1.);
#10946 = DIRECTION('',(0.,-1.,0.));
#10947 = ORIENTED_EDGE('',*,*,#10396,.T.);
#10948 = ORIENTED_EDGE('',*,*,#10909,.F.);
#10949 = ORIENTED_EDGE('',*,*,#10950,.F.);
#10950 = EDGE_CURVE('',#10941,#10910,#10951,.T.);
#10951 = LINE('',#10952,#10953);
#10952 = CARTESIAN_POINT('',(6.25,2.,5.));
#10953 = VECTOR('',#10954,1.);
#10954 = DIRECTION('',(-1.,0.,0.));
#10955 = PLANE('',#10956);
#10956 = AXIS2_PLACEMENT_3D('',#10957,#10958,#10959);
#10957 = CARTESIAN_POINT('',(6.25,2.,5.));
#10958 = DIRECTION('',(-0.,-0.,-1.));
#10959 = DIRECTION('',(-1.,0.,0.));
#10960 = ADVANCED_FACE('',(#10961),#10979,.T.);
#10961 = FACE_BOUND('',#10962,.T.);
#10962 = EDGE_LOOP('',(#10963,#10971,#10972,#10973));
#10963 = ORIENTED_EDGE('',*,*,#10964,.T.);
#10964 = EDGE_CURVE('',#10965,#10381,#10967,.T.);
#10965 = VERTEX_POINT('',#10966);
#10966 = CARTESIAN_POINT('',(6.25,2.,2.5));
#10967 = LINE('',#10968,#10969);
#10968 = CARTESIAN_POINT('',(6.25,2.,2.5));
#10969 = VECTOR('',#10970,1.);
#10970 = DIRECTION('',(0.,-1.,0.));
#10971 = ORIENTED_EDGE('',*,*,#10388,.T.);
#10972 = ORIENTED_EDGE('',*,*,#10940,.F.);
#10973 = ORIENTED_EDGE('',*,*,#10974,.F.);
#10974 = EDGE_CURVE('',#10965,#10941,#10975,.T.);
#10975 = LINE('',#10976,#10977);
#10976 = CARTESIAN_POINT('',(6.25,2.,2.5));
#10977 = VECTOR('',#10978,1.);
#10978 = DIRECTION('',(0.,0.,1.));
#10979 = PLANE('',#10980);
#10980 = AXIS2_PLACEMENT_3D('',#10981,#10982,#10983);
#10981 = CARTESIAN_POINT('',(6.25,2.,2.5));
#10982 = DIRECTION('',(-1.,0.,0.));
#10983 = DIRECTION('',(0.,0.,1.));
#10984 = ADVANCED_FACE('',(#10985),#10996,.T.);
#10985 = FACE_BOUND('',#10986,.T.);
#10986 = EDGE_LOOP('',(#10987,#10988,#10989,#10990));
#10987 = ORIENTED_EDGE('',*,*,#10918,.T.);
#10988 = ORIENTED_EDGE('',*,*,#10380,.T.);
#10989 = ORIENTED_EDGE('',*,*,#10964,.F.);
#10990 = ORIENTED_EDGE('',*,*,#10991,.F.);
#10991 = EDGE_CURVE('',#10919,#10965,#10992,.T.);
#10992 = LINE('',#10993,#10994);
#10993 = CARTESIAN_POINT('',(3.75,2.,2.5));
#10994 = VECTOR('',#10995,1.);
#10995 = DIRECTION('',(1.,0.,0.));
#10996 = PLANE('',#10997);
#10997 = AXIS2_PLACEMENT_3D('',#10998,#10999,#11000);
#10998 = CARTESIAN_POINT('',(3.75,2.,2.5));
#10999 = DIRECTION('',(0.,0.,1.));
#11000 = DIRECTION('',(1.,0.,-0.));
#11001 = ADVANCED_FACE('',(#11002),#11012,.T.);
#11002 = FACE_BOUND('',#11003,.T.);
#11003 = EDGE_LOOP('',(#11004,#11005,#11006));
#11004 = ORIENTED_EDGE('',*,*,#10445,.T.);
#11005 = ORIENTED_EDGE('',*,*,#10515,.T.);
#11006 = ORIENTED_EDGE('',*,*,#11007,.F.);
#11007 = EDGE_CURVE('',#10446,#10508,#11008,.T.);
#11008 = LINE('',#11009,#11010);
#11009 = CARTESIAN_POINT('',(0.35,-2.2,13.6));
#11010 = VECTOR('',#11011,1.);
#11011 = DIRECTION('',(0.,1.,0.));
#11012 = PLANE('',#11013);
#11013 = AXIS2_PLACEMENT_3D('',#11014,#11015,#11016);
#11014 = CARTESIAN_POINT('',(-1.799263332289E-16,-0.2,13.6));
#11015 = DIRECTION('',(0.,0.,1.));
#11016 = DIRECTION('',(1.,0.,-0.));
#11017 = ADVANCED_FACE('',(#11018),#11029,.F.);
#11018 = FACE_BOUND('',#11019,.F.);
#11019 = EDGE_LOOP('',(#11020,#11021,#11022,#11028));
#11020 = ORIENTED_EDGE('',*,*,#11007,.F.);
#11021 = ORIENTED_EDGE('',*,*,#10456,.T.);
#11022 = ORIENTED_EDGE('',*,*,#11023,.T.);
#11023 = EDGE_CURVE('',#10457,#10499,#11024,.T.);
#11024 = LINE('',#11025,#11026);
#11025 = CARTESIAN_POINT('',(0.35,-2.2,12.9));
#11026 = VECTOR('',#11027,1.);
#11027 = DIRECTION('',(0.,1.,0.));
#11028 = ORIENTED_EDGE('',*,*,#10507,.F.);
#11029 = PLANE('',#11030);
#11030 = AXIS2_PLACEMENT_3D('',#11031,#11032,#11033);
#11031 = CARTESIAN_POINT('',(0.35,-2.2,13.6));
#11032 = DIRECTION('',(1.,0.,0.));
#11033 = DIRECTION('',(-0.,1.,0.));
#11034 = ADVANCED_FACE('',(#11035),#11046,.T.);
#11035 = FACE_BOUND('',#11036,.T.);
#11036 = EDGE_LOOP('',(#11037,#11043,#11044,#11045));
#11037 = ORIENTED_EDGE('',*,*,#11038,.T.);
#11038 = EDGE_CURVE('',#10491,#10465,#11039,.T.);
#11039 = LINE('',#11040,#11041);
#11040 = CARTESIAN_POINT('',(-0.35,1.8,12.9));
#11041 = VECTOR('',#11042,1.);
#11042 = DIRECTION('',(0.,-1.,0.));
#11043 = ORIENTED_EDGE('',*,*,#10464,.F.);
#11044 = ORIENTED_EDGE('',*,*,#11023,.T.);
#11045 = ORIENTED_EDGE('',*,*,#10498,.F.);
#11046 = PLANE('',#11047);
#11047 = AXIS2_PLACEMENT_3D('',#11048,#11049,#11050);
#11048 = CARTESIAN_POINT('',(0.,-0.2,12.9));
#11049 = DIRECTION('',(0.,-2.098034322396E-32,1.));
#11050 = DIRECTION('',(0.,1.,2.098034322396E-32));
#11051 = ADVANCED_FACE('',(#11052),#11063,.F.);
#11052 = FACE_BOUND('',#11053,.F.);
#11053 = EDGE_LOOP('',(#11054,#11060,#11061,#11062));
#11054 = ORIENTED_EDGE('',*,*,#11055,.F.);
#11055 = EDGE_CURVE('',#10482,#10474,#11056,.T.);
#11056 = LINE('',#11057,#11058);
#11057 = CARTESIAN_POINT('',(-0.35,1.8,13.6));
#11058 = VECTOR('',#11059,1.);
#11059 = DIRECTION('',(0.,-1.,0.));
#11060 = ORIENTED_EDGE('',*,*,#10490,.T.);
#11061 = ORIENTED_EDGE('',*,*,#11038,.T.);
#11062 = ORIENTED_EDGE('',*,*,#10473,.F.);
#11063 = PLANE('',#11064);
#11064 = AXIS2_PLACEMENT_3D('',#11065,#11066,#11067);
#11065 = CARTESIAN_POINT('',(-0.35,1.8,13.6));
#11066 = DIRECTION('',(-1.,0.,0.));
#11067 = DIRECTION('',(0.,-1.,0.));
#11068 = ADVANCED_FACE('',(#11069),#11073,.T.);
#11069 = FACE_BOUND('',#11070,.T.);
#11070 = EDGE_LOOP('',(#11071,#11072));
#11071 = ORIENTED_EDGE('',*,*,#11055,.F.);
#11072 = ORIENTED_EDGE('',*,*,#10481,.T.);
#11073 = PLANE('',#11074);
#11074 = AXIS2_PLACEMENT_3D('',#11075,#11076,#11077);
#11075 = CARTESIAN_POINT('',(-1.799263332289E-16,-0.2,13.6));
#11076 = DIRECTION('',(0.,0.,1.));
#11077 = DIRECTION('',(1.,0.,-0.));
#11078 = ADVANCED_FACE('',(#11079),#11083,.F.);
#11079 = FACE_BOUND('',#11080,.F.);
#11080 = EDGE_LOOP('',(#11081,#11082));
#11081 = ORIENTED_EDGE('',*,*,#10538,.T.);
#11082 = ORIENTED_EDGE('',*,*,#10559,.F.);
#11083 = PLANE('',#11084);
#11084 = AXIS2_PLACEMENT_3D('',#11085,#11086,#11087);
#11085 = CARTESIAN_POINT('',(-1.799263332289E-16,-0.2,5.1));
#11086 = DIRECTION('',(0.,0.,1.));
#11087 = DIRECTION('',(1.,0.,-0.));
#11088 = ADVANCED_FACE('',(#11089),#11114,.T.);
#11089 = FACE_BOUND('',#11090,.T.);
#11090 = EDGE_LOOP('',(#11091,#11099,#11100,#11108));
#11091 = ORIENTED_EDGE('',*,*,#11092,.T.);
#11092 = EDGE_CURVE('',#11093,#10572,#11095,.T.);
#11093 = VERTEX_POINT('',#11094);
#11094 = CARTESIAN_POINT('',(-1.25,2.,5.));
#11095 = LINE('',#11096,#11097);
#11096 = CARTESIAN_POINT('',(-1.25,2.,5.));
#11097 = VECTOR('',#11098,1.);
#11098 = DIRECTION('',(0.,-1.,0.));
#11099 = ORIENTED_EDGE('',*,*,#10571,.T.);
#11100 = ORIENTED_EDGE('',*,*,#11101,.F.);
#11101 = EDGE_CURVE('',#11102,#10574,#11104,.T.);
#11102 = VERTEX_POINT('',#11103);
#11103 = CARTESIAN_POINT('',(-1.25,2.,2.5));
#11104 = LINE('',#11105,#11106);
#11105 = CARTESIAN_POINT('',(-1.25,2.,2.5));
#11106 = VECTOR('',#11107,1.);
#11107 = DIRECTION('',(0.,-1.,0.));
#11108 = ORIENTED_EDGE('',*,*,#11109,.F.);
#11109 = EDGE_CURVE('',#11093,#11102,#11110,.T.);
#11110 = LINE('',#11111,#11112);
#11111 = CARTESIAN_POINT('',(-1.25,2.,5.));
#11112 = VECTOR('',#11113,1.);
#11113 = DIRECTION('',(0.,0.,-1.));
#11114 = PLANE('',#11115);
#11115 = AXIS2_PLACEMENT_3D('',#11116,#11117,#11118);
#11116 = CARTESIAN_POINT('',(-1.25,2.,5.));
#11117 = DIRECTION('',(1.,0.,0.));
#11118 = DIRECTION('',(0.,0.,-1.));
#11119 = ADVANCED_FACE('',(#11120),#11138,.T.);
#11120 = FACE_BOUND('',#11121,.T.);
#11121 = EDGE_LOOP('',(#11122,#11130,#11131,#11132));
#11122 = ORIENTED_EDGE('',*,*,#11123,.T.);
#11123 = EDGE_CURVE('',#11124,#10590,#11126,.T.);
#11124 = VERTEX_POINT('',#11125);
#11125 = CARTESIAN_POINT('',(1.25,2.,5.));
#11126 = LINE('',#11127,#11128);
#11127 = CARTESIAN_POINT('',(1.25,2.,5.));
#11128 = VECTOR('',#11129,1.);
#11129 = DIRECTION('',(0.,-1.,0.));
#11130 = ORIENTED_EDGE('',*,*,#10597,.T.);
#11131 = ORIENTED_EDGE('',*,*,#11092,.F.);
#11132 = ORIENTED_EDGE('',*,*,#11133,.F.);
#11133 = EDGE_CURVE('',#11124,#11093,#11134,.T.);
#11134 = LINE('',#11135,#11136);
#11135 = CARTESIAN_POINT('',(1.25,2.,5.));
#11136 = VECTOR('',#11137,1.);
#11137 = DIRECTION('',(-1.,0.,0.));
#11138 = PLANE('',#11139);
#11139 = AXIS2_PLACEMENT_3D('',#11140,#11141,#11142);
#11140 = CARTESIAN_POINT('',(1.25,2.,5.));
#11141 = DIRECTION('',(-0.,-0.,-1.));
#11142 = DIRECTION('',(-1.,0.,0.));
#11143 = ADVANCED_FACE('',(#11144),#11162,.T.);
#11144 = FACE_BOUND('',#11145,.T.);
#11145 = EDGE_LOOP('',(#11146,#11154,#11155,#11156));
#11146 = ORIENTED_EDGE('',*,*,#11147,.T.);
#11147 = EDGE_CURVE('',#11148,#10582,#11150,.T.);
#11148 = VERTEX_POINT('',#11149);
#11149 = CARTESIAN_POINT('',(1.25,2.,2.5));
#11150 = LINE('',#11151,#11152);
#11151 = CARTESIAN_POINT('',(1.25,2.,2.5));
#11152 = VECTOR('',#11153,1.);
#11153 = DIRECTION('',(0.,-1.,0.));
#11154 = ORIENTED_EDGE('',*,*,#10589,.T.);
#11155 = ORIENTED_EDGE('',*,*,#11123,.F.);
#11156 = ORIENTED_EDGE('',*,*,#11157,.F.);
#11157 = EDGE_CURVE('',#11148,#11124,#11158,.T.);
#11158 = LINE('',#11159,#11160);
#11159 = CARTESIAN_POINT('',(1.25,2.,2.5));
#11160 = VECTOR('',#11161,1.);
#11161 = DIRECTION('',(0.,0.,1.));
#11162 = PLANE('',#11163);
#11163 = AXIS2_PLACEMENT_3D('',#11164,#11165,#11166);
#11164 = CARTESIAN_POINT('',(1.25,2.,2.5));
#11165 = DIRECTION('',(-1.,0.,0.));
#11166 = DIRECTION('',(0.,0.,1.));
#11167 = ADVANCED_FACE('',(#11168),#11179,.T.);
#11168 = FACE_BOUND('',#11169,.T.);
#11169 = EDGE_LOOP('',(#11170,#11171,#11172,#11173));
#11170 = ORIENTED_EDGE('',*,*,#11101,.T.);
#11171 = ORIENTED_EDGE('',*,*,#10581,.T.);
#11172 = ORIENTED_EDGE('',*,*,#11147,.F.);
#11173 = ORIENTED_EDGE('',*,*,#11174,.F.);
#11174 = EDGE_CURVE('',#11102,#11148,#11175,.T.);
#11175 = LINE('',#11176,#11177);
#11176 = CARTESIAN_POINT('',(-1.25,2.,2.5));
#11177 = VECTOR('',#11178,1.);
#11178 = DIRECTION('',(1.,0.,0.));
#11179 = PLANE('',#11180);
#11180 = AXIS2_PLACEMENT_3D('',#11181,#11182,#11183);
#11181 = CARTESIAN_POINT('',(-1.25,2.,2.5));
#11182 = DIRECTION('',(0.,0.,1.));
#11183 = DIRECTION('',(1.,0.,-0.));
#11184 = ADVANCED_FACE('',(#11185),#11195,.T.);
#11185 = FACE_BOUND('',#11186,.T.);
#11186 = EDGE_LOOP('',(#11187,#11188,#11189));
#11187 = ORIENTED_EDGE('',*,*,#10646,.T.);
#11188 = ORIENTED_EDGE('',*,*,#10716,.T.);
#11189 = ORIENTED_EDGE('',*,*,#11190,.F.);
#11190 = EDGE_CURVE('',#10647,#10709,#11191,.T.);
#11191 = LINE('',#11192,#11193);
#11192 = CARTESIAN_POINT('',(10.35,-2.2,13.6));
#11193 = VECTOR('',#11194,1.);
#11194 = DIRECTION('',(0.,1.,0.));
#11195 = PLANE('',#11196);
#11196 = AXIS2_PLACEMENT_3D('',#11197,#11198,#11199);
#11197 = CARTESIAN_POINT('',(10.,-0.2,13.6));
#11198 = DIRECTION('',(0.,0.,1.));
#11199 = DIRECTION('',(1.,0.,-0.));
#11200 = ADVANCED_FACE('',(#11201),#11212,.F.);
#11201 = FACE_BOUND('',#11202,.F.);
#11202 = EDGE_LOOP('',(#11203,#11204,#11205,#11211));
#11203 = ORIENTED_EDGE('',*,*,#11190,.F.);
#11204 = ORIENTED_EDGE('',*,*,#10657,.T.);
#11205 = ORIENTED_EDGE('',*,*,#11206,.T.);
#11206 = EDGE_CURVE('',#10658,#10700,#11207,.T.);
#11207 = LINE('',#11208,#11209);
#11208 = CARTESIAN_POINT('',(10.35,-2.2,12.9));
#11209 = VECTOR('',#11210,1.);
#11210 = DIRECTION('',(0.,1.,0.));
#11211 = ORIENTED_EDGE('',*,*,#10708,.F.);
#11212 = PLANE('',#11213);
#11213 = AXIS2_PLACEMENT_3D('',#11214,#11215,#11216);
#11214 = CARTESIAN_POINT('',(10.35,-2.2,13.6));
#11215 = DIRECTION('',(1.,0.,0.));
#11216 = DIRECTION('',(-0.,1.,0.));
#11217 = ADVANCED_FACE('',(#11218),#11229,.T.);
#11218 = FACE_BOUND('',#11219,.T.);
#11219 = EDGE_LOOP('',(#11220,#11226,#11227,#11228));
#11220 = ORIENTED_EDGE('',*,*,#11221,.T.);
#11221 = EDGE_CURVE('',#10692,#10666,#11222,.T.);
#11222 = LINE('',#11223,#11224);
#11223 = CARTESIAN_POINT('',(9.65,1.8,12.9));
#11224 = VECTOR('',#11225,1.);
#11225 = DIRECTION('',(0.,-1.,0.));
#11226 = ORIENTED_EDGE('',*,*,#10665,.F.);
#11227 = ORIENTED_EDGE('',*,*,#11206,.T.);
#11228 = ORIENTED_EDGE('',*,*,#10699,.F.);
#11229 = PLANE('',#11230);
#11230 = AXIS2_PLACEMENT_3D('',#11231,#11232,#11233);
#11231 = CARTESIAN_POINT('',(10.,-0.2,12.9));
#11232 = DIRECTION('',(0.,-2.098034322396E-32,1.));
#11233 = DIRECTION('',(0.,1.,2.098034322396E-32));
#11234 = ADVANCED_FACE('',(#11235),#11246,.F.);
#11235 = FACE_BOUND('',#11236,.F.);
#11236 = EDGE_LOOP('',(#11237,#11243,#11244,#11245));
#11237 = ORIENTED_EDGE('',*,*,#11238,.F.);
#11238 = EDGE_CURVE('',#10683,#10675,#11239,.T.);
#11239 = LINE('',#11240,#11241);
#11240 = CARTESIAN_POINT('',(9.65,1.8,13.6));
#11241 = VECTOR('',#11242,1.);
#11242 = DIRECTION('',(0.,-1.,0.));
#11243 = ORIENTED_EDGE('',*,*,#10691,.T.);
#11244 = ORIENTED_EDGE('',*,*,#11221,.T.);
#11245 = ORIENTED_EDGE('',*,*,#10674,.F.);
#11246 = PLANE('',#11247);
#11247 = AXIS2_PLACEMENT_3D('',#11248,#11249,#11250);
#11248 = CARTESIAN_POINT('',(9.65,1.8,13.6));
#11249 = DIRECTION('',(-1.,0.,0.));
#11250 = DIRECTION('',(0.,-1.,0.));
#11251 = ADVANCED_FACE('',(#11252),#11256,.T.);
#11252 = FACE_BOUND('',#11253,.T.);
#11253 = EDGE_LOOP('',(#11254,#11255));
#11254 = ORIENTED_EDGE('',*,*,#11238,.F.);
#11255 = ORIENTED_EDGE('',*,*,#10682,.T.);
#11256 = PLANE('',#11257);
#11257 = AXIS2_PLACEMENT_3D('',#11258,#11259,#11260);
#11258 = CARTESIAN_POINT('',(10.,-0.2,13.6));
#11259 = DIRECTION('',(0.,0.,1.));
#11260 = DIRECTION('',(1.,0.,-0.));
#11261 = ADVANCED_FACE('',(#11262),#11266,.F.);
#11262 = FACE_BOUND('',#11263,.F.);
#11263 = EDGE_LOOP('',(#11264,#11265));
#11264 = ORIENTED_EDGE('',*,*,#10739,.T.);
#11265 = ORIENTED_EDGE('',*,*,#10760,.F.);
#11266 = PLANE('',#11267);
#11267 = AXIS2_PLACEMENT_3D('',#11268,#11269,#11270);
#11268 = CARTESIAN_POINT('',(10.,-0.2,5.1));
#11269 = DIRECTION('',(0.,0.,1.));
#11270 = DIRECTION('',(1.,0.,-0.));
#11271 = ADVANCED_FACE('',(#11272),#11297,.T.);
#11272 = FACE_BOUND('',#11273,.T.);
#11273 = EDGE_LOOP('',(#11274,#11282,#11283,#11291));
#11274 = ORIENTED_EDGE('',*,*,#11275,.T.);
#11275 = EDGE_CURVE('',#11276,#10773,#11278,.T.);
#11276 = VERTEX_POINT('',#11277);
#11277 = CARTESIAN_POINT('',(8.75,2.,5.));
#11278 = LINE('',#11279,#11280);
#11279 = CARTESIAN_POINT('',(8.75,2.,5.));
#11280 = VECTOR('',#11281,1.);
#11281 = DIRECTION('',(0.,-1.,0.));
#11282 = ORIENTED_EDGE('',*,*,#10772,.T.);
#11283 = ORIENTED_EDGE('',*,*,#11284,.F.);
#11284 = EDGE_CURVE('',#11285,#10775,#11287,.T.);
#11285 = VERTEX_POINT('',#11286);
#11286 = CARTESIAN_POINT('',(8.75,2.,2.5));
#11287 = LINE('',#11288,#11289);
#11288 = CARTESIAN_POINT('',(8.75,2.,2.5));
#11289 = VECTOR('',#11290,1.);
#11290 = DIRECTION('',(0.,-1.,0.));
#11291 = ORIENTED_EDGE('',*,*,#11292,.F.);
#11292 = EDGE_CURVE('',#11276,#11285,#11293,.T.);
#11293 = LINE('',#11294,#11295);
#11294 = CARTESIAN_POINT('',(8.75,2.,5.));
#11295 = VECTOR('',#11296,1.);
#11296 = DIRECTION('',(0.,0.,-1.));
#11297 = PLANE('',#11298);
#11298 = AXIS2_PLACEMENT_3D('',#11299,#11300,#11301);
#11299 = CARTESIAN_POINT('',(8.75,2.,5.));
#11300 = DIRECTION('',(1.,0.,0.));
#11301 = DIRECTION('',(0.,0.,-1.));
#11302 = ADVANCED_FACE('',(#11303),#11321,.T.);
#11303 = FACE_BOUND('',#11304,.T.);
#11304 = EDGE_LOOP('',(#11305,#11313,#11314,#11315));
#11305 = ORIENTED_EDGE('',*,*,#11306,.T.);
#11306 = EDGE_CURVE('',#11307,#10791,#11309,.T.);
#11307 = VERTEX_POINT('',#11308);
#11308 = CARTESIAN_POINT('',(11.25,2.,5.));
#11309 = LINE('',#11310,#11311);
#11310 = CARTESIAN_POINT('',(11.25,2.,5.));
#11311 = VECTOR('',#11312,1.);
#11312 = DIRECTION('',(0.,-1.,0.));
#11313 = ORIENTED_EDGE('',*,*,#10798,.T.);
#11314 = ORIENTED_EDGE('',*,*,#11275,.F.);
#11315 = ORIENTED_EDGE('',*,*,#11316,.F.);
#11316 = EDGE_CURVE('',#11307,#11276,#11317,.T.);
#11317 = LINE('',#11318,#11319);
#11318 = CARTESIAN_POINT('',(11.25,2.,5.));
#11319 = VECTOR('',#11320,1.);
#11320 = DIRECTION('',(-1.,0.,0.));
#11321 = PLANE('',#11322);
#11322 = AXIS2_PLACEMENT_3D('',#11323,#11324,#11325);
#11323 = CARTESIAN_POINT('',(11.25,2.,5.));
#11324 = DIRECTION('',(-0.,-0.,-1.));
#11325 = DIRECTION('',(-1.,0.,0.));
#11326 = ADVANCED_FACE('',(#11327),#11345,.T.);
#11327 = FACE_BOUND('',#11328,.T.);
#11328 = EDGE_LOOP('',(#11329,#11337,#11338,#11339));
#11329 = ORIENTED_EDGE('',*,*,#11330,.T.);
#11330 = EDGE_CURVE('',#11331,#10783,#11333,.T.);
#11331 = VERTEX_POINT('',#11332);
#11332 = CARTESIAN_POINT('',(11.25,2.,2.5));
#11333 = LINE('',#11334,#11335);
#11334 = CARTESIAN_POINT('',(11.25,2.,2.5));
#11335 = VECTOR('',#11336,1.);
#11336 = DIRECTION('',(0.,-1.,0.));
#11337 = ORIENTED_EDGE('',*,*,#10790,.T.);
#11338 = ORIENTED_EDGE('',*,*,#11306,.F.);
#11339 = ORIENTED_EDGE('',*,*,#11340,.F.);
#11340 = EDGE_CURVE('',#11331,#11307,#11341,.T.);
#11341 = LINE('',#11342,#11343);
#11342 = CARTESIAN_POINT('',(11.25,2.,2.5));
#11343 = VECTOR('',#11344,1.);
#11344 = DIRECTION('',(0.,0.,1.));
#11345 = PLANE('',#11346);
#11346 = AXIS2_PLACEMENT_3D('',#11347,#11348,#11349);
#11347 = CARTESIAN_POINT('',(11.25,2.,2.5));
#11348 = DIRECTION('',(-1.,0.,0.));
#11349 = DIRECTION('',(0.,0.,1.));
#11350 = ADVANCED_FACE('',(#11351),#11362,.T.);
#11351 = FACE_BOUND('',#11352,.T.);
#11352 = EDGE_LOOP('',(#11353,#11354,#11355,#11356));
#11353 = ORIENTED_EDGE('',*,*,#11284,.T.);
#11354 = ORIENTED_EDGE('',*,*,#10782,.T.);
#11355 = ORIENTED_EDGE('',*,*,#11330,.F.);
#11356 = ORIENTED_EDGE('',*,*,#11357,.F.);
#11357 = EDGE_CURVE('',#11285,#11331,#11358,.T.);
#11358 = LINE('',#11359,#11360);
#11359 = CARTESIAN_POINT('',(8.75,2.,2.5));
#11360 = VECTOR('',#11361,1.);
#11361 = DIRECTION('',(1.,0.,0.));
#11362 = PLANE('',#11363);
#11363 = AXIS2_PLACEMENT_3D('',#11364,#11365,#11366);
#11364 = CARTESIAN_POINT('',(8.75,2.,2.5));
#11365 = DIRECTION('',(0.,0.,1.));
#11366 = DIRECTION('',(1.,0.,-0.));
#11367 = ADVANCED_FACE('',(#11368),#11374,.T.);
#11368 = FACE_BOUND('',#11369,.T.);
#11369 = EDGE_LOOP('',(#11370,#11371,#11372,#11373));
#11370 = ORIENTED_EDGE('',*,*,#10950,.T.);
#11371 = ORIENTED_EDGE('',*,*,#10926,.T.);
#11372 = ORIENTED_EDGE('',*,*,#10991,.T.);
#11373 = ORIENTED_EDGE('',*,*,#10974,.T.);
#11374 = PLANE('',#11375);
#11375 = AXIS2_PLACEMENT_3D('',#11376,#11377,#11378);
#11376 = CARTESIAN_POINT('',(5.,2.,3.75));
#11377 = DIRECTION('',(-0.,-1.,-0.));
#11378 = DIRECTION('',(0.,0.,-1.));
#11379 = ADVANCED_FACE('',(#11380),#11386,.T.);
#11380 = FACE_BOUND('',#11381,.T.);
#11381 = EDGE_LOOP('',(#11382,#11383,#11384,#11385));
#11382 = ORIENTED_EDGE('',*,*,#11133,.T.);
#11383 = ORIENTED_EDGE('',*,*,#11109,.T.);
#11384 = ORIENTED_EDGE('',*,*,#11174,.T.);
#11385 = ORIENTED_EDGE('',*,*,#11157,.T.);
#11386 = PLANE('',#11387);
#11387 = AXIS2_PLACEMENT_3D('',#11388,#11389,#11390);
#11388 = CARTESIAN_POINT('',(4.440892098501E-16,2.,3.75));
#11389 = DIRECTION('',(-2.868585109895E-30,-1.,-5.288584893962E-30));
#11390 = DIRECTION('',(0.,5.288584893962E-30,-1.));
#11391 = ADVANCED_FACE('',(#11392),#11398,.T.);
#11392 = FACE_BOUND('',#11393,.T.);
#11393 = EDGE_LOOP('',(#11394,#11395,#11396,#11397));
#11394 = ORIENTED_EDGE('',*,*,#11316,.T.);
#11395 = ORIENTED_EDGE('',*,*,#11292,.T.);
#11396 = ORIENTED_EDGE('',*,*,#11357,.T.);
#11397 = ORIENTED_EDGE('',*,*,#11340,.T.);
#11398 = PLANE('',#11399);
#11399 = AXIS2_PLACEMENT_3D('',#11400,#11401,#11402);
#11400 = CARTESIAN_POINT('',(10.,2.,3.75));
#11401 = DIRECTION('',(-0.,-1.,-0.));
#11402 = DIRECTION('',(0.,0.,-1.));
#11403 = ( GEOMETRIC_REPRESENTATION_CONTEXT(3) 
GLOBAL_UNCERTAINTY_ASSIGNED_CONTEXT((#11407)) 
GLOBAL_UNIT_ASSIGNED_CONTEXT((#11404,#11405,#11406)) 
REPRESENTATION_CONTEXT('Context #1',
  '3D Context with UNIT and UNCERTAINTY') );
#11404 = ( LENGTH_UNIT() NAMED_UNIT(*) SI_UNIT(.MILLI.,.METRE.) );
#11405 = ( NAMED_UNIT(*) PLANE_ANGLE_UNIT() SI_UNIT($,.RADIAN.) );
#11406 = ( NAMED_UNIT(*) SI_UNIT($,.STERADIAN.) SOLID_ANGLE_UNIT() );
#11407 = UNCERTAINTY_MEASURE_WITH_UNIT(LENGTH_MEASURE(1.E-07),#11404,
  'distance_accuracy_value','confusion accuracy');
#11408 = CONTEXT_DEPENDENT_SHAPE_REPRESENTATION(#11409,#11411);
#11409 = ( REPRESENTATION_RELATIONSHIP('','',#7727,#10) 
REPRESENTATION_RELATIONSHIP_WITH_TRANSFORMATION(#11410) 
SHAPE_REPRESENTATION_RELATIONSHIP() );
#11410 = ITEM_DEFINED_TRANSFORMATION('','',#11,#39);
#11411 = PRODUCT_DEFINITION_SHAPE('Placement','Placement of an item',
  #11412);
#11412 = NEXT_ASSEMBLY_USAGE_OCCURRENCE('7','J2','',#5,#7722,$);
#11413 = PRODUCT_RELATED_PRODUCT_CATEGORY('part',$,(#7724));
#11414 = SHAPE_DEFINITION_REPRESENTATION(#11415,#11421);
#11415 = PRODUCT_DEFINITION_SHAPE('','',#11416);
#11416 = PRODUCT_DEFINITION('design','',#11417,#11420);
#11417 = PRODUCT_DEFINITION_FORMATION('','',#11418);
#11418 = PRODUCT('',
  '','',(#11419));
#11419 = PRODUCT_CONTEXT('',#2,'mechanical');
#11420 = PRODUCT_DEFINITION_CONTEXT('part definition',#2,'design');
#11421 = ADVANCED_BREP_SHAPE_REPRESENTATION('',(#11,#11422),#13528);
#11422 = MANIFOLD_SOLID_BREP('',#11423);
#11423 = CLOSED_SHELL('',(#11424,#11464,#11495,#11526,#11773,#12020,
    #12037,#12054,#12071,#12088,#12105,#12122,#12139,#12156,#12173,
    #12190,#12207,#12224,#12241,#12258,#12275,#12292,#12304,#12335,
    #12359,#12383,#12400,#12431,#12455,#12479,#12496,#12527,#12551,
    #12575,#12592,#12623,#12647,#12671,#12688,#12719,#12743,#12767,
    #12784,#12815,#12839,#12863,#12880,#12911,#12935,#12959,#12976,
    #13007,#13031,#13055,#13072,#13103,#13127,#13151,#13168,#13199,
    #13223,#13247,#13264,#13295,#13319,#13343,#13360,#13391,#13415,
    #13439,#13456,#13468,#13480,#13492,#13504,#13516));
#11424 = ADVANCED_FACE('',(#11425),#11459,.F.);
#11425 = FACE_BOUND('',#11426,.F.);
#11426 = EDGE_LOOP('',(#11427,#11437,#11445,#11453));
#11427 = ORIENTED_EDGE('',*,*,#11428,.T.);
#11428 = EDGE_CURVE('',#11429,#11431,#11433,.T.);
#11429 = VERTEX_POINT('',#11430);
#11430 = CARTESIAN_POINT('',(-1.016,1.27,0.));
#11431 = VERTEX_POINT('',#11432);
#11432 = CARTESIAN_POINT('',(-1.016,1.27,2.54));
#11433 = LINE('',#11434,#11435);
#11434 = CARTESIAN_POINT('',(-1.016,1.27,0.));
#11435 = VECTOR('',#11436,1.);
#11436 = DIRECTION('',(0.,0.,1.));
#11437 = ORIENTED_EDGE('',*,*,#11438,.T.);
#11438 = EDGE_CURVE('',#11431,#11439,#11441,.T.);
#11439 = VERTEX_POINT('',#11440);
#11440 = CARTESIAN_POINT('',(-1.27,1.016,2.54));
#11441 = LINE('',#11442,#11443);
#11442 = CARTESIAN_POINT('',(-1.016,1.27,2.54));
#11443 = VECTOR('',#11444,1.);
#11444 = DIRECTION('',(-0.707106781187,-0.707106781187,0.));
#11445 = ORIENTED_EDGE('',*,*,#11446,.F.);
#11446 = EDGE_CURVE('',#11447,#11439,#11449,.T.);
#11447 = VERTEX_POINT('',#11448);
#11448 = CARTESIAN_POINT('',(-1.27,1.016,0.));
#11449 = LINE('',#11450,#11451);
#11450 = CARTESIAN_POINT('',(-1.27,1.016,0.));
#11451 = VECTOR('',#11452,1.);
#11452 = DIRECTION('',(0.,0.,1.));
#11453 = ORIENTED_EDGE('',*,*,#11454,.F.);
#11454 = EDGE_CURVE('',#11429,#11447,#11455,.T.);
#11455 = LINE('',#11456,#11457);
#11456 = CARTESIAN_POINT('',(-1.016,1.27,0.));
#11457 = VECTOR('',#11458,1.);
#11458 = DIRECTION('',(-0.707106781187,-0.707106781187,0.));
#11459 = PLANE('',#11460);
#11460 = AXIS2_PLACEMENT_3D('',#11461,#11462,#11463);
#11461 = CARTESIAN_POINT('',(-1.016,1.27,0.));
#11462 = DIRECTION('',(0.707106781187,-0.707106781187,0.));
#11463 = DIRECTION('',(-0.707106781187,-0.707106781187,0.));
#11464 = ADVANCED_FACE('',(#11465),#11490,.F.);
#11465 = FACE_BOUND('',#11466,.F.);
#11466 = EDGE_LOOP('',(#11467,#11477,#11483,#11484));
#11467 = ORIENTED_EDGE('',*,*,#11468,.T.);
#11468 = EDGE_CURVE('',#11469,#11471,#11473,.T.);
#11469 = VERTEX_POINT('',#11470);
#11470 = CARTESIAN_POINT('',(1.016,1.27,0.));
#11471 = VERTEX_POINT('',#11472);
#11472 = CARTESIAN_POINT('',(1.016,1.27,2.54));
#11473 = LINE('',#11474,#11475);
#11474 = CARTESIAN_POINT('',(1.016,1.27,0.));
#11475 = VECTOR('',#11476,1.);
#11476 = DIRECTION('',(0.,0.,1.));
#11477 = ORIENTED_EDGE('',*,*,#11478,.T.);
#11478 = EDGE_CURVE('',#11471,#11431,#11479,.T.);
#11479 = LINE('',#11480,#11481);
#11480 = CARTESIAN_POINT('',(1.016,1.27,2.54));
#11481 = VECTOR('',#11482,1.);
#11482 = DIRECTION('',(-1.,0.,0.));
#11483 = ORIENTED_EDGE('',*,*,#11428,.F.);
#11484 = ORIENTED_EDGE('',*,*,#11485,.F.);
#11485 = EDGE_CURVE('',#11469,#11429,#11486,.T.);
#11486 = LINE('',#11487,#11488);
#11487 = CARTESIAN_POINT('',(1.016,1.27,0.));
#11488 = VECTOR('',#11489,1.);
#11489 = DIRECTION('',(-1.,0.,0.));
#11490 = PLANE('',#11491);
#11491 = AXIS2_PLACEMENT_3D('',#11492,#11493,#11494);
#11492 = CARTESIAN_POINT('',(1.016,1.27,0.));
#11493 = DIRECTION('',(0.,-1.,0.));
#11494 = DIRECTION('',(-1.,0.,0.));
#11495 = ADVANCED_FACE('',(#11496),#11521,.F.);
#11496 = FACE_BOUND('',#11497,.F.);
#11497 = EDGE_LOOP('',(#11498,#11499,#11507,#11515));
#11498 = ORIENTED_EDGE('',*,*,#11446,.T.);
#11499 = ORIENTED_EDGE('',*,*,#11500,.T.);
#11500 = EDGE_CURVE('',#11439,#11501,#11503,.T.);
#11501 = VERTEX_POINT('',#11502);
#11502 = CARTESIAN_POINT('',(-1.27,-1.016,2.54));
#11503 = LINE('',#11504,#11505);
#11504 = CARTESIAN_POINT('',(-1.27,1.016,2.54));
#11505 = VECTOR('',#11506,1.);
#11506 = DIRECTION('',(0.,-1.,0.));
#11507 = ORIENTED_EDGE('',*,*,#11508,.F.);
#11508 = EDGE_CURVE('',#11509,#11501,#11511,.T.);
#11509 = VERTEX_POINT('',#11510);
#11510 = CARTESIAN_POINT('',(-1.27,-1.016,0.));
#11511 = LINE('',#11512,#11513);
#11512 = CARTESIAN_POINT('',(-1.27,-1.016,0.));
#11513 = VECTOR('',#11514,1.);
#11514 = DIRECTION('',(0.,0.,1.));
#11515 = ORIENTED_EDGE('',*,*,#11516,.F.);
#11516 = EDGE_CURVE('',#11447,#11509,#11517,.T.);
#11517 = LINE('',#11518,#11519);
#11518 = CARTESIAN_POINT('',(-1.27,1.016,0.));
#11519 = VECTOR('',#11520,1.);
#11520 = DIRECTION('',(0.,-1.,0.));
#11521 = PLANE('',#11522);
#11522 = AXIS2_PLACEMENT_3D('',#11523,#11524,#11525);
#11523 = CARTESIAN_POINT('',(-1.27,1.016,0.));
#11524 = DIRECTION('',(1.,0.,0.));
#11525 = DIRECTION('',(0.,-1.,0.));
#11526 = ADVANCED_FACE('',(#11527,#11666,#11700,#11734),#11768,.F.);
#11527 = FACE_BOUND('',#11528,.F.);
#11528 = EDGE_LOOP('',(#11529,#11530,#11531,#11539,#11547,#11555,#11563,
    #11571,#11579,#11587,#11595,#11603,#11611,#11619,#11627,#11635,
    #11643,#11651,#11659,#11665));
#11529 = ORIENTED_EDGE('',*,*,#11454,.T.);
#11530 = ORIENTED_EDGE('',*,*,#11516,.T.);
#11531 = ORIENTED_EDGE('',*,*,#11532,.T.);
#11532 = EDGE_CURVE('',#11509,#11533,#11535,.T.);
#11533 = VERTEX_POINT('',#11534);
#11534 = CARTESIAN_POINT('',(-1.016,-1.27,0.));
#11535 = LINE('',#11536,#11537);
#11536 = CARTESIAN_POINT('',(-1.27,-1.016,0.));
#11537 = VECTOR('',#11538,1.);
#11538 = DIRECTION('',(0.707106781187,-0.707106781187,0.));
#11539 = ORIENTED_EDGE('',*,*,#11540,.T.);
#11540 = EDGE_CURVE('',#11533,#11541,#11543,.T.);
#11541 = VERTEX_POINT('',#11542);
#11542 = CARTESIAN_POINT('',(-1.27,-1.524,0.));
#11543 = LINE('',#11544,#11545);
#11544 = CARTESIAN_POINT('',(-1.016,-1.27,0.));
#11545 = VECTOR('',#11546,1.);
#11546 = DIRECTION('',(-0.707106781187,-0.707106781187,0.));
#11547 = ORIENTED_EDGE('',*,*,#11548,.T.);
#11548 = EDGE_CURVE('',#11541,#11549,#11551,.T.);
#11549 = VERTEX_POINT('',#11550);
#11550 = CARTESIAN_POINT('',(-1.27,-3.556,0.));
#11551 = LINE('',#11552,#11553);
#11552 = CARTESIAN_POINT('',(-1.27,-1.524,0.));
#11553 = VECTOR('',#11554,1.);
#11554 = DIRECTION('',(0.,-1.,0.));
#11555 = ORIENTED_EDGE('',*,*,#11556,.T.);
#11556 = EDGE_CURVE('',#11549,#11557,#11559,.T.);
#11557 = VERTEX_POINT('',#11558);
#11558 = CARTESIAN_POINT('',(-1.016,-3.81,0.));
#11559 = LINE('',#11560,#11561);
#11560 = CARTESIAN_POINT('',(-1.27,-3.556,0.));
#11561 = VECTOR('',#11562,1.);
#11562 = DIRECTION('',(0.707106781187,-0.707106781187,0.));
#11563 = ORIENTED_EDGE('',*,*,#11564,.T.);
#11564 = EDGE_CURVE('',#11557,#11565,#11567,.T.);
#11565 = VERTEX_POINT('',#11566);
#11566 = CARTESIAN_POINT('',(-1.27,-4.064,0.));
#11567 = LINE('',#11568,#11569);
#11568 = CARTESIAN_POINT('',(-1.016,-3.81,0.));
#11569 = VECTOR('',#11570,1.);
#11570 = DIRECTION('',(-0.707106781187,-0.707106781187,0.));
#11571 = ORIENTED_EDGE('',*,*,#11572,.T.);
#11572 = EDGE_CURVE('',#11565,#11573,#11575,.T.);
#11573 = VERTEX_POINT('',#11574);
#11574 = CARTESIAN_POINT('',(-1.27,-6.096,0.));
#11575 = LINE('',#11576,#11577);
#11576 = CARTESIAN_POINT('',(-1.27,-4.064,0.));
#11577 = VECTOR('',#11578,1.);
#11578 = DIRECTION('',(0.,-1.,0.));
#11579 = ORIENTED_EDGE('',*,*,#11580,.T.);
#11580 = EDGE_CURVE('',#11573,#11581,#11583,.T.);
#11581 = VERTEX_POINT('',#11582);
#11582 = CARTESIAN_POINT('',(-1.016,-6.35,0.));
#11583 = LINE('',#11584,#11585);
#11584 = CARTESIAN_POINT('',(-1.27,-6.096,0.));
#11585 = VECTOR('',#11586,1.);
#11586 = DIRECTION('',(0.707106781187,-0.707106781187,0.));
#11587 = ORIENTED_EDGE('',*,*,#11588,.T.);
#11588 = EDGE_CURVE('',#11581,#11589,#11591,.T.);
#11589 = VERTEX_POINT('',#11590);
#11590 = CARTESIAN_POINT('',(1.016,-6.35,0.));
#11591 = LINE('',#11592,#11593);
#11592 = CARTESIAN_POINT('',(-1.016,-6.35,0.));
#11593 = VECTOR('',#11594,1.);
#11594 = DIRECTION('',(1.,0.,0.));
#11595 = ORIENTED_EDGE('',*,*,#11596,.T.);
#11596 = EDGE_CURVE('',#11589,#11597,#11599,.T.);
#11597 = VERTEX_POINT('',#11598);
#11598 = CARTESIAN_POINT('',(1.27,-6.096,0.));
#11599 = LINE('',#11600,#11601);
#11600 = CARTESIAN_POINT('',(1.016,-6.35,0.));
#11601 = VECTOR('',#11602,1.);
#11602 = DIRECTION('',(0.707106781187,0.707106781187,0.));
#11603 = ORIENTED_EDGE('',*,*,#11604,.T.);
#11604 = EDGE_CURVE('',#11597,#11605,#11607,.T.);
#11605 = VERTEX_POINT('',#11606);
#11606 = CARTESIAN_POINT('',(1.27,-4.064,0.));
#11607 = LINE('',#11608,#11609);
#11608 = CARTESIAN_POINT('',(1.27,-6.096,0.));
#11609 = VECTOR('',#11610,1.);
#11610 = DIRECTION('',(0.,1.,0.));
#11611 = ORIENTED_EDGE('',*,*,#11612,.T.);
#11612 = EDGE_CURVE('',#11605,#11613,#11615,.T.);
#11613 = VERTEX_POINT('',#11614);
#11614 = CARTESIAN_POINT('',(1.016,-3.81,0.));
#11615 = LINE('',#11616,#11617);
#11616 = CARTESIAN_POINT('',(1.27,-4.064,0.));
#11617 = VECTOR('',#11618,1.);
#11618 = DIRECTION('',(-0.707106781187,0.707106781187,0.));
#11619 = ORIENTED_EDGE('',*,*,#11620,.T.);
#11620 = EDGE_CURVE('',#11613,#11621,#11623,.T.);
#11621 = VERTEX_POINT('',#11622);
#11622 = CARTESIAN_POINT('',(1.27,-3.556,0.));
#11623 = LINE('',#11624,#11625);
#11624 = CARTESIAN_POINT('',(1.016,-3.81,0.));
#11625 = VECTOR('',#11626,1.);
#11626 = DIRECTION('',(0.707106781187,0.707106781187,0.));
#11627 = ORIENTED_EDGE('',*,*,#11628,.T.);
#11628 = EDGE_CURVE('',#11621,#11629,#11631,.T.);
#11629 = VERTEX_POINT('',#11630);
#11630 = CARTESIAN_POINT('',(1.27,-1.524,0.));
#11631 = LINE('',#11632,#11633);
#11632 = CARTESIAN_POINT('',(1.27,-3.556,0.));
#11633 = VECTOR('',#11634,1.);
#11634 = DIRECTION('',(0.,1.,0.));
#11635 = ORIENTED_EDGE('',*,*,#11636,.T.);
#11636 = EDGE_CURVE('',#11629,#11637,#11639,.T.);
#11637 = VERTEX_POINT('',#11638);
#11638 = CARTESIAN_POINT('',(1.016,-1.27,0.));
#11639 = LINE('',#11640,#11641);
#11640 = CARTESIAN_POINT('',(1.27,-1.524,0.));
#11641 = VECTOR('',#11642,1.);
#11642 = DIRECTION('',(-0.707106781187,0.707106781187,0.));
#11643 = ORIENTED_EDGE('',*,*,#11644,.T.);
#11644 = EDGE_CURVE('',#11637,#11645,#11647,.T.);
#11645 = VERTEX_POINT('',#11646);
#11646 = CARTESIAN_POINT('',(1.27,-1.016,0.));
#11647 = LINE('',#11648,#11649);
#11648 = CARTESIAN_POINT('',(1.016,-1.27,0.));
#11649 = VECTOR('',#11650,1.);
#11650 = DIRECTION('',(0.707106781187,0.707106781187,0.));
#11651 = ORIENTED_EDGE('',*,*,#11652,.T.);
#11652 = EDGE_CURVE('',#11645,#11653,#11655,.T.);
#11653 = VERTEX_POINT('',#11654);
#11654 = CARTESIAN_POINT('',(1.27,1.016,0.));
#11655 = LINE('',#11656,#11657);
#11656 = CARTESIAN_POINT('',(1.27,-1.016,0.));
#11657 = VECTOR('',#11658,1.);
#11658 = DIRECTION('',(0.,1.,0.));
#11659 = ORIENTED_EDGE('',*,*,#11660,.T.);
#11660 = EDGE_CURVE('',#11653,#11469,#11661,.T.);
#11661 = LINE('',#11662,#11663);
#11662 = CARTESIAN_POINT('',(1.27,1.016,0.));
#11663 = VECTOR('',#11664,1.);
#11664 = DIRECTION('',(-0.707106781187,0.707106781187,0.));
#11665 = ORIENTED_EDGE('',*,*,#11485,.T.);
#11666 = FACE_BOUND('',#11667,.F.);
#11667 = EDGE_LOOP('',(#11668,#11678,#11686,#11694));
#11668 = ORIENTED_EDGE('',*,*,#11669,.F.);
#11669 = EDGE_CURVE('',#11670,#11672,#11674,.T.);
#11670 = VERTEX_POINT('',#11671);
#11671 = CARTESIAN_POINT('',(0.32,-0.32,0.));
#11672 = VERTEX_POINT('',#11673);
#11673 = CARTESIAN_POINT('',(0.32,0.32,0.));
#11674 = LINE('',#11675,#11676);
#11675 = CARTESIAN_POINT('',(0.32,-1.43,0.));
#11676 = VECTOR('',#11677,1.);
#11677 = DIRECTION('',(0.,1.,0.));
#11678 = ORIENTED_EDGE('',*,*,#11679,.T.);
#11679 = EDGE_CURVE('',#11670,#11680,#11682,.T.);
#11680 = VERTEX_POINT('',#11681);
#11681 = CARTESIAN_POINT('',(-0.32,-0.32,0.));
#11682 = LINE('',#11683,#11684);
#11683 = CARTESIAN_POINT('',(-0.16,-0.32,0.));
#11684 = VECTOR('',#11685,1.);
#11685 = DIRECTION('',(-1.,0.,0.));
#11686 = ORIENTED_EDGE('',*,*,#11687,.T.);
#11687 = EDGE_CURVE('',#11680,#11688,#11690,.T.);
#11688 = VERTEX_POINT('',#11689);
#11689 = CARTESIAN_POINT('',(-0.32,0.32,0.));
#11690 = LINE('',#11691,#11692);
#11691 = CARTESIAN_POINT('',(-0.32,-1.43,0.));
#11692 = VECTOR('',#11693,1.);
#11693 = DIRECTION('',(0.,1.,0.));
#11694 = ORIENTED_EDGE('',*,*,#11695,.F.);
#11695 = EDGE_CURVE('',#11672,#11688,#11696,.T.);
#11696 = LINE('',#11697,#11698);
#11697 = CARTESIAN_POINT('',(-0.16,0.32,0.));
#11698 = VECTOR('',#11699,1.);
#11699 = DIRECTION('',(-1.,0.,0.));
#11700 = FACE_BOUND('',#11701,.F.);
#11701 = EDGE_LOOP('',(#11702,#11712,#11720,#11728));
#11702 = ORIENTED_EDGE('',*,*,#11703,.T.);
#11703 = EDGE_CURVE('',#11704,#11706,#11708,.T.);
#11704 = VERTEX_POINT('',#11705);
#11705 = CARTESIAN_POINT('',(0.32,-2.86,0.));
#11706 = VERTEX_POINT('',#11707);
#11707 = CARTESIAN_POINT('',(-0.32,-2.86,0.));
#11708 = LINE('',#11709,#11710);
#11709 = CARTESIAN_POINT('',(-0.16,-2.86,0.));
#11710 = VECTOR('',#11711,1.);
#11711 = DIRECTION('',(-1.,0.,0.));
#11712 = ORIENTED_EDGE('',*,*,#11713,.T.);
#11713 = EDGE_CURVE('',#11706,#11714,#11716,.T.);
#11714 = VERTEX_POINT('',#11715);
#11715 = CARTESIAN_POINT('',(-0.32,-2.22,0.));
#11716 = LINE('',#11717,#11718);
#11717 = CARTESIAN_POINT('',(-0.32,-2.7,0.));
#11718 = VECTOR('',#11719,1.);
#11719 = DIRECTION('',(0.,1.,0.));
#11720 = ORIENTED_EDGE('',*,*,#11721,.F.);
#11721 = EDGE_CURVE('',#11722,#11714,#11724,.T.);
#11722 = VERTEX_POINT('',#11723);
#11723 = CARTESIAN_POINT('',(0.32,-2.22,0.));
#11724 = LINE('',#11725,#11726);
#11725 = CARTESIAN_POINT('',(-0.16,-2.22,0.));
#11726 = VECTOR('',#11727,1.);
#11727 = DIRECTION('',(-1.,0.,0.));
#11728 = ORIENTED_EDGE('',*,*,#11729,.F.);
#11729 = EDGE_CURVE('',#11704,#11722,#11730,.T.);
#11730 = LINE('',#11731,#11732);
#11731 = CARTESIAN_POINT('',(0.32,-2.7,0.));
#11732 = VECTOR('',#11733,1.);
#11733 = DIRECTION('',(0.,1.,0.));
#11734 = FACE_BOUND('',#11735,.F.);
#11735 = EDGE_LOOP('',(#11736,#11746,#11754,#11762));
#11736 = ORIENTED_EDGE('',*,*,#11737,.F.);
#11737 = EDGE_CURVE('',#11738,#11740,#11742,.T.);
#11738 = VERTEX_POINT('',#11739);
#11739 = CARTESIAN_POINT('',(0.32,-4.76,0.));
#11740 = VERTEX_POINT('',#11741);
#11741 = CARTESIAN_POINT('',(-0.32,-4.76,0.));
#11742 = LINE('',#11743,#11744);
#11743 = CARTESIAN_POINT('',(-0.16,-4.76,0.));
#11744 = VECTOR('',#11745,1.);
#11745 = DIRECTION('',(-1.,0.,0.));
#11746 = ORIENTED_EDGE('',*,*,#11747,.F.);
#11747 = EDGE_CURVE('',#11748,#11738,#11750,.T.);
#11748 = VERTEX_POINT('',#11749);
#11749 = CARTESIAN_POINT('',(0.32,-5.4,0.));
#11750 = LINE('',#11751,#11752);
#11751 = CARTESIAN_POINT('',(0.32,-3.97,0.));
#11752 = VECTOR('',#11753,1.);
#11753 = DIRECTION('',(0.,1.,0.));
#11754 = ORIENTED_EDGE('',*,*,#11755,.T.);
#11755 = EDGE_CURVE('',#11748,#11756,#11758,.T.);
#11756 = VERTEX_POINT('',#11757);
#11757 = CARTESIAN_POINT('',(-0.32,-5.4,0.));
#11758 = LINE('',#11759,#11760);
#11759 = CARTESIAN_POINT('',(-0.16,-5.4,0.));
#11760 = VECTOR('',#11761,1.);
#11761 = DIRECTION('',(-1.,0.,0.));
#11762 = ORIENTED_EDGE('',*,*,#11763,.T.);
#11763 = EDGE_CURVE('',#11756,#11740,#11764,.T.);
#11764 = LINE('',#11765,#11766);
#11765 = CARTESIAN_POINT('',(-0.32,-3.97,0.));
#11766 = VECTOR('',#11767,1.);
#11767 = DIRECTION('',(0.,1.,0.));
#11768 = PLANE('',#11769);
#11769 = AXIS2_PLACEMENT_3D('',#11770,#11771,#11772);
#11770 = CARTESIAN_POINT('',(5.398204781459E-17,-2.54,0.));
#11771 = DIRECTION('',(0.,0.,1.));
#11772 = DIRECTION('',(1.,0.,-0.));
#11773 = ADVANCED_FACE('',(#11774,#11913,#11947,#11981),#12015,.T.);
#11774 = FACE_BOUND('',#11775,.T.);
#11775 = EDGE_LOOP('',(#11776,#11777,#11778,#11786,#11794,#11802,#11810,
    #11818,#11826,#11834,#11842,#11850,#11858,#11866,#11874,#11882,
    #11890,#11898,#11906,#11912));
#11776 = ORIENTED_EDGE('',*,*,#11438,.T.);
#11777 = ORIENTED_EDGE('',*,*,#11500,.T.);
#11778 = ORIENTED_EDGE('',*,*,#11779,.T.);
#11779 = EDGE_CURVE('',#11501,#11780,#11782,.T.);
#11780 = VERTEX_POINT('',#11781);
#11781 = CARTESIAN_POINT('',(-1.016,-1.27,2.54));
#11782 = LINE('',#11783,#11784);
#11783 = CARTESIAN_POINT('',(-1.27,-1.016,2.54));
#11784 = VECTOR('',#11785,1.);
#11785 = DIRECTION('',(0.707106781187,-0.707106781187,0.));
#11786 = ORIENTED_EDGE('',*,*,#11787,.T.);
#11787 = EDGE_CURVE('',#11780,#11788,#11790,.T.);
#11788 = VERTEX_POINT('',#11789);
#11789 = CARTESIAN_POINT('',(-1.27,-1.524,2.54));
#11790 = LINE('',#11791,#11792);
#11791 = CARTESIAN_POINT('',(-1.016,-1.27,2.54));
#11792 = VECTOR('',#11793,1.);
#11793 = DIRECTION('',(-0.707106781187,-0.707106781187,0.));
#11794 = ORIENTED_EDGE('',*,*,#11795,.T.);
#11795 = EDGE_CURVE('',#11788,#11796,#11798,.T.);
#11796 = VERTEX_POINT('',#11797);
#11797 = CARTESIAN_POINT('',(-1.27,-3.556,2.54));
#11798 = LINE('',#11799,#11800);
#11799 = CARTESIAN_POINT('',(-1.27,-1.524,2.54));
#11800 = VECTOR('',#11801,1.);
#11801 = DIRECTION('',(0.,-1.,0.));
#11802 = ORIENTED_EDGE('',*,*,#11803,.T.);
#11803 = EDGE_CURVE('',#11796,#11804,#11806,.T.);
#11804 = VERTEX_POINT('',#11805);
#11805 = CARTESIAN_POINT('',(-1.016,-3.81,2.54));
#11806 = LINE('',#11807,#11808);
#11807 = CARTESIAN_POINT('',(-1.27,-3.556,2.54));
#11808 = VECTOR('',#11809,1.);
#11809 = DIRECTION('',(0.707106781187,-0.707106781187,0.));
#11810 = ORIENTED_EDGE('',*,*,#11811,.T.);
#11811 = EDGE_CURVE('',#11804,#11812,#11814,.T.);
#11812 = VERTEX_POINT('',#11813);
#11813 = CARTESIAN_POINT('',(-1.27,-4.064,2.54));
#11814 = LINE('',#11815,#11816);
#11815 = CARTESIAN_POINT('',(-1.016,-3.81,2.54));
#11816 = VECTOR('',#11817,1.);
#11817 = DIRECTION('',(-0.707106781187,-0.707106781187,0.));
#11818 = ORIENTED_EDGE('',*,*,#11819,.T.);
#11819 = EDGE_CURVE('',#11812,#11820,#11822,.T.);
#11820 = VERTEX_POINT('',#11821);
#11821 = CARTESIAN_POINT('',(-1.27,-6.096,2.54));
#11822 = LINE('',#11823,#11824);
#11823 = CARTESIAN_POINT('',(-1.27,-4.064,2.54));
#11824 = VECTOR('',#11825,1.);
#11825 = DIRECTION('',(0.,-1.,0.));
#11826 = ORIENTED_EDGE('',*,*,#11827,.T.);
#11827 = EDGE_CURVE('',#11820,#11828,#11830,.T.);
#11828 = VERTEX_POINT('',#11829);
#11829 = CARTESIAN_POINT('',(-1.016,-6.35,2.54));
#11830 = LINE('',#11831,#11832);
#11831 = CARTESIAN_POINT('',(-1.27,-6.096,2.54));
#11832 = VECTOR('',#11833,1.);
#11833 = DIRECTION('',(0.707106781187,-0.707106781187,0.));
#11834 = ORIENTED_EDGE('',*,*,#11835,.T.);
#11835 = EDGE_CURVE('',#11828,#11836,#11838,.T.);
#11836 = VERTEX_POINT('',#11837);
#11837 = CARTESIAN_POINT('',(1.016,-6.35,2.54));
#11838 = LINE('',#11839,#11840);
#11839 = CARTESIAN_POINT('',(-1.016,-6.35,2.54));
#11840 = VECTOR('',#11841,1.);
#11841 = DIRECTION('',(1.,0.,0.));
#11842 = ORIENTED_EDGE('',*,*,#11843,.T.);
#11843 = EDGE_CURVE('',#11836,#11844,#11846,.T.);
#11844 = VERTEX_POINT('',#11845);
#11845 = CARTESIAN_POINT('',(1.27,-6.096,2.54));
#11846 = LINE('',#11847,#11848);
#11847 = CARTESIAN_POINT('',(1.016,-6.35,2.54));
#11848 = VECTOR('',#11849,1.);
#11849 = DIRECTION('',(0.707106781187,0.707106781187,0.));
#11850 = ORIENTED_EDGE('',*,*,#11851,.T.);
#11851 = EDGE_CURVE('',#11844,#11852,#11854,.T.);
#11852 = VERTEX_POINT('',#11853);
#11853 = CARTESIAN_POINT('',(1.27,-4.064,2.54));
#11854 = LINE('',#11855,#11856);
#11855 = CARTESIAN_POINT('',(1.27,-6.096,2.54));
#11856 = VECTOR('',#11857,1.);
#11857 = DIRECTION('',(0.,1.,0.));
#11858 = ORIENTED_EDGE('',*,*,#11859,.T.);
#11859 = EDGE_CURVE('',#11852,#11860,#11862,.T.);
#11860 = VERTEX_POINT('',#11861);
#11861 = CARTESIAN_POINT('',(1.016,-3.81,2.54));
#11862 = LINE('',#11863,#11864);
#11863 = CARTESIAN_POINT('',(1.27,-4.064,2.54));
#11864 = VECTOR('',#11865,1.);
#11865 = DIRECTION('',(-0.707106781187,0.707106781187,0.));
#11866 = ORIENTED_EDGE('',*,*,#11867,.T.);
#11867 = EDGE_CURVE('',#11860,#11868,#11870,.T.);
#11868 = VERTEX_POINT('',#11869);
#11869 = CARTESIAN_POINT('',(1.27,-3.556,2.54));
#11870 = LINE('',#11871,#11872);
#11871 = CARTESIAN_POINT('',(1.016,-3.81,2.54));
#11872 = VECTOR('',#11873,1.);
#11873 = DIRECTION('',(0.707106781187,0.707106781187,0.));
#11874 = ORIENTED_EDGE('',*,*,#11875,.T.);
#11875 = EDGE_CURVE('',#11868,#11876,#11878,.T.);
#11876 = VERTEX_POINT('',#11877);
#11877 = CARTESIAN_POINT('',(1.27,-1.524,2.54));
#11878 = LINE('',#11879,#11880);
#11879 = CARTESIAN_POINT('',(1.27,-3.556,2.54));
#11880 = VECTOR('',#11881,1.);
#11881 = DIRECTION('',(0.,1.,0.));
#11882 = ORIENTED_EDGE('',*,*,#11883,.T.);
#11883 = EDGE_CURVE('',#11876,#11884,#11886,.T.);
#11884 = VERTEX_POINT('',#11885);
#11885 = CARTESIAN_POINT('',(1.016,-1.27,2.54));
#11886 = LINE('',#11887,#11888);
#11887 = CARTESIAN_POINT('',(1.27,-1.524,2.54));
#11888 = VECTOR('',#11889,1.);
#11889 = DIRECTION('',(-0.707106781187,0.707106781187,0.));
#11890 = ORIENTED_EDGE('',*,*,#11891,.T.);
#11891 = EDGE_CURVE('',#11884,#11892,#11894,.T.);
#11892 = VERTEX_POINT('',#11893);
#11893 = CARTESIAN_POINT('',(1.27,-1.016,2.54));
#11894 = LINE('',#11895,#11896);
#11895 = CARTESIAN_POINT('',(1.016,-1.27,2.54));
#11896 = VECTOR('',#11897,1.);
#11897 = DIRECTION('',(0.707106781187,0.707106781187,0.));
#11898 = ORIENTED_EDGE('',*,*,#11899,.T.);
#11899 = EDGE_CURVE('',#11892,#11900,#11902,.T.);
#11900 = VERTEX_POINT('',#11901);
#11901 = CARTESIAN_POINT('',(1.27,1.016,2.54));
#11902 = LINE('',#11903,#11904);
#11903 = CARTESIAN_POINT('',(1.27,-1.016,2.54));
#11904 = VECTOR('',#11905,1.);
#11905 = DIRECTION('',(0.,1.,0.));
#11906 = ORIENTED_EDGE('',*,*,#11907,.T.);
#11907 = EDGE_CURVE('',#11900,#11471,#11908,.T.);
#11908 = LINE('',#11909,#11910);
#11909 = CARTESIAN_POINT('',(1.27,1.016,2.54));
#11910 = VECTOR('',#11911,1.);
#11911 = DIRECTION('',(-0.707106781187,0.707106781187,0.));
#11912 = ORIENTED_EDGE('',*,*,#11478,.T.);
#11913 = FACE_BOUND('',#11914,.T.);
#11914 = EDGE_LOOP('',(#11915,#11925,#11933,#11941));
#11915 = ORIENTED_EDGE('',*,*,#11916,.F.);
#11916 = EDGE_CURVE('',#11917,#11919,#11921,.T.);
#11917 = VERTEX_POINT('',#11918);
#11918 = CARTESIAN_POINT('',(0.32,-0.32,2.54));
#11919 = VERTEX_POINT('',#11920);
#11920 = CARTESIAN_POINT('',(0.32,0.32,2.54));
#11921 = LINE('',#11922,#11923);
#11922 = CARTESIAN_POINT('',(0.32,-1.43,2.54));
#11923 = VECTOR('',#11924,1.);
#11924 = DIRECTION('',(0.,1.,0.));
#11925 = ORIENTED_EDGE('',*,*,#11926,.T.);
#11926 = EDGE_CURVE('',#11917,#11927,#11929,.T.);
#11927 = VERTEX_POINT('',#11928);
#11928 = CARTESIAN_POINT('',(-0.32,-0.32,2.54));
#11929 = LINE('',#11930,#11931);
#11930 = CARTESIAN_POINT('',(-0.16,-0.32,2.54));
#11931 = VECTOR('',#11932,1.);
#11932 = DIRECTION('',(-1.,0.,0.));
#11933 = ORIENTED_EDGE('',*,*,#11934,.T.);
#11934 = EDGE_CURVE('',#11927,#11935,#11937,.T.);
#11935 = VERTEX_POINT('',#11936);
#11936 = CARTESIAN_POINT('',(-0.32,0.32,2.54));
#11937 = LINE('',#11938,#11939);
#11938 = CARTESIAN_POINT('',(-0.32,-1.43,2.54));
#11939 = VECTOR('',#11940,1.);
#11940 = DIRECTION('',(0.,1.,0.));
#11941 = ORIENTED_EDGE('',*,*,#11942,.F.);
#11942 = EDGE_CURVE('',#11919,#11935,#11943,.T.);
#11943 = LINE('',#11944,#11945);
#11944 = CARTESIAN_POINT('',(-0.16,0.32,2.54));
#11945 = VECTOR('',#11946,1.);
#11946 = DIRECTION('',(-1.,0.,0.));
#11947 = FACE_BOUND('',#11948,.T.);
#11948 = EDGE_LOOP('',(#11949,#11959,#11967,#11975));
#11949 = ORIENTED_EDGE('',*,*,#11950,.T.);
#11950 = EDGE_CURVE('',#11951,#11953,#11955,.T.);
#11951 = VERTEX_POINT('',#11952);
#11952 = CARTESIAN_POINT('',(0.32,-2.86,2.54));
#11953 = VERTEX_POINT('',#11954);
#11954 = CARTESIAN_POINT('',(-0.32,-2.86,2.54));
#11955 = LINE('',#11956,#11957);
#11956 = CARTESIAN_POINT('',(-0.16,-2.86,2.54));
#11957 = VECTOR('',#11958,1.);
#11958 = DIRECTION('',(-1.,0.,0.));
#11959 = ORIENTED_EDGE('',*,*,#11960,.T.);
#11960 = EDGE_CURVE('',#11953,#11961,#11963,.T.);
#11961 = VERTEX_POINT('',#11962);
#11962 = CARTESIAN_POINT('',(-0.32,-2.22,2.54));
#11963 = LINE('',#11964,#11965);
#11964 = CARTESIAN_POINT('',(-0.32,-2.7,2.54));
#11965 = VECTOR('',#11966,1.);
#11966 = DIRECTION('',(0.,1.,0.));
#11967 = ORIENTED_EDGE('',*,*,#11968,.F.);
#11968 = EDGE_CURVE('',#11969,#11961,#11971,.T.);
#11969 = VERTEX_POINT('',#11970);
#11970 = CARTESIAN_POINT('',(0.32,-2.22,2.54));
#11971 = LINE('',#11972,#11973);
#11972 = CARTESIAN_POINT('',(-0.16,-2.22,2.54));
#11973 = VECTOR('',#11974,1.);
#11974 = DIRECTION('',(-1.,0.,0.));
#11975 = ORIENTED_EDGE('',*,*,#11976,.F.);
#11976 = EDGE_CURVE('',#11951,#11969,#11977,.T.);
#11977 = LINE('',#11978,#11979);
#11978 = CARTESIAN_POINT('',(0.32,-2.7,2.54));
#11979 = VECTOR('',#11980,1.);
#11980 = DIRECTION('',(0.,1.,0.));
#11981 = FACE_BOUND('',#11982,.T.);
#11982 = EDGE_LOOP('',(#11983,#11993,#12001,#12009));
#11983 = ORIENTED_EDGE('',*,*,#11984,.F.);
#11984 = EDGE_CURVE('',#11985,#11987,#11989,.T.);
#11985 = VERTEX_POINT('',#11986);
#11986 = CARTESIAN_POINT('',(0.32,-4.76,2.54));
#11987 = VERTEX_POINT('',#11988);
#11988 = CARTESIAN_POINT('',(-0.32,-4.76,2.54));
#11989 = LINE('',#11990,#11991);
#11990 = CARTESIAN_POINT('',(-0.16,-4.76,2.54));
#11991 = VECTOR('',#11992,1.);
#11992 = DIRECTION('',(-1.,0.,0.));
#11993 = ORIENTED_EDGE('',*,*,#11994,.F.);
#11994 = EDGE_CURVE('',#11995,#11985,#11997,.T.);
#11995 = VERTEX_POINT('',#11996);
#11996 = CARTESIAN_POINT('',(0.32,-5.4,2.54));
#11997 = LINE('',#11998,#11999);
#11998 = CARTESIAN_POINT('',(0.32,-3.97,2.54));
#11999 = VECTOR('',#12000,1.);
#12000 = DIRECTION('',(0.,1.,0.));
#12001 = ORIENTED_EDGE('',*,*,#12002,.T.);
#12002 = EDGE_CURVE('',#11995,#12003,#12005,.T.);
#12003 = VERTEX_POINT('',#12004);
#12004 = CARTESIAN_POINT('',(-0.32,-5.4,2.54));
#12005 = LINE('',#12006,#12007);
#12006 = CARTESIAN_POINT('',(-0.16,-5.4,2.54));
#12007 = VECTOR('',#12008,1.);
#12008 = DIRECTION('',(-1.,0.,0.));
#12009 = ORIENTED_EDGE('',*,*,#12010,.T.);
#12010 = EDGE_CURVE('',#12003,#11987,#12011,.T.);
#12011 = LINE('',#12012,#12013);
#12012 = CARTESIAN_POINT('',(-0.32,-3.97,2.54));
#12013 = VECTOR('',#12014,1.);
#12014 = DIRECTION('',(0.,1.,0.));
#12015 = PLANE('',#12016);
#12016 = AXIS2_PLACEMENT_3D('',#12017,#12018,#12019);
#12017 = CARTESIAN_POINT('',(5.398204781459E-17,-2.54,2.54));
#12018 = DIRECTION('',(0.,0.,1.));
#12019 = DIRECTION('',(1.,0.,-0.));
#12020 = ADVANCED_FACE('',(#12021),#12032,.F.);
#12021 = FACE_BOUND('',#12022,.F.);
#12022 = EDGE_LOOP('',(#12023,#12029,#12030,#12031));
#12023 = ORIENTED_EDGE('',*,*,#12024,.T.);
#12024 = EDGE_CURVE('',#11653,#11900,#12025,.T.);
#12025 = LINE('',#12026,#12027);
#12026 = CARTESIAN_POINT('',(1.27,1.016,0.));
#12027 = VECTOR('',#12028,1.);
#12028 = DIRECTION('',(0.,0.,1.));
#12029 = ORIENTED_EDGE('',*,*,#11907,.T.);
#12030 = ORIENTED_EDGE('',*,*,#11468,.F.);
#12031 = ORIENTED_EDGE('',*,*,#11660,.F.);
#12032 = PLANE('',#12033);
#12033 = AXIS2_PLACEMENT_3D('',#12034,#12035,#12036);
#12034 = CARTESIAN_POINT('',(1.27,1.016,0.));
#12035 = DIRECTION('',(-0.707106781187,-0.707106781187,0.));
#12036 = DIRECTION('',(-0.707106781187,0.707106781187,0.));
#12037 = ADVANCED_FACE('',(#12038),#12049,.F.);
#12038 = FACE_BOUND('',#12039,.F.);
#12039 = EDGE_LOOP('',(#12040,#12041,#12042,#12048));
#12040 = ORIENTED_EDGE('',*,*,#11508,.T.);
#12041 = ORIENTED_EDGE('',*,*,#11779,.T.);
#12042 = ORIENTED_EDGE('',*,*,#12043,.F.);
#12043 = EDGE_CURVE('',#11533,#11780,#12044,.T.);
#12044 = LINE('',#12045,#12046);
#12045 = CARTESIAN_POINT('',(-1.016,-1.27,0.));
#12046 = VECTOR('',#12047,1.);
#12047 = DIRECTION('',(0.,0.,1.));
#12048 = ORIENTED_EDGE('',*,*,#11532,.F.);
#12049 = PLANE('',#12050);
#12050 = AXIS2_PLACEMENT_3D('',#12051,#12052,#12053);
#12051 = CARTESIAN_POINT('',(-1.27,-1.016,0.));
#12052 = DIRECTION('',(0.707106781187,0.707106781187,0.));
#12053 = DIRECTION('',(0.707106781187,-0.707106781187,0.));
#12054 = ADVANCED_FACE('',(#12055),#12066,.F.);
#12055 = FACE_BOUND('',#12056,.F.);
#12056 = EDGE_LOOP('',(#12057,#12063,#12064,#12065));
#12057 = ORIENTED_EDGE('',*,*,#12058,.T.);
#12058 = EDGE_CURVE('',#11645,#11892,#12059,.T.);
#12059 = LINE('',#12060,#12061);
#12060 = CARTESIAN_POINT('',(1.27,-1.016,0.));
#12061 = VECTOR('',#12062,1.);
#12062 = DIRECTION('',(0.,0.,1.));
#12063 = ORIENTED_EDGE('',*,*,#11899,.T.);
#12064 = ORIENTED_EDGE('',*,*,#12024,.F.);
#12065 = ORIENTED_EDGE('',*,*,#11652,.F.);
#12066 = PLANE('',#12067);
#12067 = AXIS2_PLACEMENT_3D('',#12068,#12069,#12070);
#12068 = CARTESIAN_POINT('',(1.27,-1.016,0.));
#12069 = DIRECTION('',(-1.,0.,0.));
#12070 = DIRECTION('',(0.,1.,0.));
#12071 = ADVANCED_FACE('',(#12072),#12083,.F.);
#12072 = FACE_BOUND('',#12073,.F.);
#12073 = EDGE_LOOP('',(#12074,#12075,#12076,#12082));
#12074 = ORIENTED_EDGE('',*,*,#12043,.T.);
#12075 = ORIENTED_EDGE('',*,*,#11787,.T.);
#12076 = ORIENTED_EDGE('',*,*,#12077,.F.);
#12077 = EDGE_CURVE('',#11541,#11788,#12078,.T.);
#12078 = LINE('',#12079,#12080);
#12079 = CARTESIAN_POINT('',(-1.27,-1.524,0.));
#12080 = VECTOR('',#12081,1.);
#12081 = DIRECTION('',(0.,0.,1.));
#12082 = ORIENTED_EDGE('',*,*,#11540,.F.);
#12083 = PLANE('',#12084);
#12084 = AXIS2_PLACEMENT_3D('',#12085,#12086,#12087);
#12085 = CARTESIAN_POINT('',(-1.016,-1.27,0.));
#12086 = DIRECTION('',(0.707106781187,-0.707106781187,0.));
#12087 = DIRECTION('',(-0.707106781187,-0.707106781187,0.));
#12088 = ADVANCED_FACE('',(#12089),#12100,.F.);
#12089 = FACE_BOUND('',#12090,.F.);
#12090 = EDGE_LOOP('',(#12091,#12097,#12098,#12099));
#12091 = ORIENTED_EDGE('',*,*,#12092,.T.);
#12092 = EDGE_CURVE('',#11637,#11884,#12093,.T.);
#12093 = LINE('',#12094,#12095);
#12094 = CARTESIAN_POINT('',(1.016,-1.27,0.));
#12095 = VECTOR('',#12096,1.);
#12096 = DIRECTION('',(0.,0.,1.));
#12097 = ORIENTED_EDGE('',*,*,#11891,.T.);
#12098 = ORIENTED_EDGE('',*,*,#12058,.F.);
#12099 = ORIENTED_EDGE('',*,*,#11644,.F.);
#12100 = PLANE('',#12101);
#12101 = AXIS2_PLACEMENT_3D('',#12102,#12103,#12104);
#12102 = CARTESIAN_POINT('',(1.016,-1.27,0.));
#12103 = DIRECTION('',(-0.707106781187,0.707106781187,0.));
#12104 = DIRECTION('',(0.707106781187,0.707106781187,0.));
#12105 = ADVANCED_FACE('',(#12106),#12117,.F.);
#12106 = FACE_BOUND('',#12107,.F.);
#12107 = EDGE_LOOP('',(#12108,#12109,#12110,#12116));
#12108 = ORIENTED_EDGE('',*,*,#12077,.T.);
#12109 = ORIENTED_EDGE('',*,*,#11795,.T.);
#12110 = ORIENTED_EDGE('',*,*,#12111,.F.);
#12111 = EDGE_CURVE('',#11549,#11796,#12112,.T.);
#12112 = LINE('',#12113,#12114);
#12113 = CARTESIAN_POINT('',(-1.27,-3.556,0.));
#12114 = VECTOR('',#12115,1.);
#12115 = DIRECTION('',(0.,0.,1.));
#12116 = ORIENTED_EDGE('',*,*,#11548,.F.);
#12117 = PLANE('',#12118);
#12118 = AXIS2_PLACEMENT_3D('',#12119,#12120,#12121);
#12119 = CARTESIAN_POINT('',(-1.27,-1.524,0.));
#12120 = DIRECTION('',(1.,0.,0.));
#12121 = DIRECTION('',(0.,-1.,0.));
#12122 = ADVANCED_FACE('',(#12123),#12134,.F.);
#12123 = FACE_BOUND('',#12124,.F.);
#12124 = EDGE_LOOP('',(#12125,#12131,#12132,#12133));
#12125 = ORIENTED_EDGE('',*,*,#12126,.T.);
#12126 = EDGE_CURVE('',#11629,#11876,#12127,.T.);
#12127 = LINE('',#12128,#12129);
#12128 = CARTESIAN_POINT('',(1.27,-1.524,0.));
#12129 = VECTOR('',#12130,1.);
#12130 = DIRECTION('',(0.,0.,1.));
#12131 = ORIENTED_EDGE('',*,*,#11883,.T.);
#12132 = ORIENTED_EDGE('',*,*,#12092,.F.);
#12133 = ORIENTED_EDGE('',*,*,#11636,.F.);
#12134 = PLANE('',#12135);
#12135 = AXIS2_PLACEMENT_3D('',#12136,#12137,#12138);
#12136 = CARTESIAN_POINT('',(1.27,-1.524,0.));
#12137 = DIRECTION('',(-0.707106781187,-0.707106781187,0.));
#12138 = DIRECTION('',(-0.707106781187,0.707106781187,0.));
#12139 = ADVANCED_FACE('',(#12140),#12151,.F.);
#12140 = FACE_BOUND('',#12141,.F.);
#12141 = EDGE_LOOP('',(#12142,#12143,#12144,#12150));
#12142 = ORIENTED_EDGE('',*,*,#12111,.T.);
#12143 = ORIENTED_EDGE('',*,*,#11803,.T.);
#12144 = ORIENTED_EDGE('',*,*,#12145,.F.);
#12145 = EDGE_CURVE('',#11557,#11804,#12146,.T.);
#12146 = LINE('',#12147,#12148);
#12147 = CARTESIAN_POINT('',(-1.016,-3.81,0.));
#12148 = VECTOR('',#12149,1.);
#12149 = DIRECTION('',(0.,0.,1.));
#12150 = ORIENTED_EDGE('',*,*,#11556,.F.);
#12151 = PLANE('',#12152);
#12152 = AXIS2_PLACEMENT_3D('',#12153,#12154,#12155);
#12153 = CARTESIAN_POINT('',(-1.27,-3.556,0.));
#12154 = DIRECTION('',(0.707106781187,0.707106781187,0.));
#12155 = DIRECTION('',(0.707106781187,-0.707106781187,0.));
#12156 = ADVANCED_FACE('',(#12157),#12168,.F.);
#12157 = FACE_BOUND('',#12158,.F.);
#12158 = EDGE_LOOP('',(#12159,#12165,#12166,#12167));
#12159 = ORIENTED_EDGE('',*,*,#12160,.T.);
#12160 = EDGE_CURVE('',#11621,#11868,#12161,.T.);
#12161 = LINE('',#12162,#12163);
#12162 = CARTESIAN_POINT('',(1.27,-3.556,0.));
#12163 = VECTOR('',#12164,1.);
#12164 = DIRECTION('',(0.,0.,1.));
#12165 = ORIENTED_EDGE('',*,*,#11875,.T.);
#12166 = ORIENTED_EDGE('',*,*,#12126,.F.);
#12167 = ORIENTED_EDGE('',*,*,#11628,.F.);
#12168 = PLANE('',#12169);
#12169 = AXIS2_PLACEMENT_3D('',#12170,#12171,#12172);
#12170 = CARTESIAN_POINT('',(1.27,-3.556,0.));
#12171 = DIRECTION('',(-1.,0.,0.));
#12172 = DIRECTION('',(0.,1.,0.));
#12173 = ADVANCED_FACE('',(#12174),#12185,.F.);
#12174 = FACE_BOUND('',#12175,.F.);
#12175 = EDGE_LOOP('',(#12176,#12177,#12178,#12184));
#12176 = ORIENTED_EDGE('',*,*,#12145,.T.);
#12177 = ORIENTED_EDGE('',*,*,#11811,.T.);
#12178 = ORIENTED_EDGE('',*,*,#12179,.F.);
#12179 = EDGE_CURVE('',#11565,#11812,#12180,.T.);
#12180 = LINE('',#12181,#12182);
#12181 = CARTESIAN_POINT('',(-1.27,-4.064,0.));
#12182 = VECTOR('',#12183,1.);
#12183 = DIRECTION('',(0.,0.,1.));
#12184 = ORIENTED_EDGE('',*,*,#11564,.F.);
#12185 = PLANE('',#12186);
#12186 = AXIS2_PLACEMENT_3D('',#12187,#12188,#12189);
#12187 = CARTESIAN_POINT('',(-1.016,-3.81,0.));
#12188 = DIRECTION('',(0.707106781187,-0.707106781187,0.));
#12189 = DIRECTION('',(-0.707106781187,-0.707106781187,0.));
#12190 = ADVANCED_FACE('',(#12191),#12202,.F.);
#12191 = FACE_BOUND('',#12192,.F.);
#12192 = EDGE_LOOP('',(#12193,#12199,#12200,#12201));
#12193 = ORIENTED_EDGE('',*,*,#12194,.T.);
#12194 = EDGE_CURVE('',#11613,#11860,#12195,.T.);
#12195 = LINE('',#12196,#12197);
#12196 = CARTESIAN_POINT('',(1.016,-3.81,0.));
#12197 = VECTOR('',#12198,1.);
#12198 = DIRECTION('',(0.,0.,1.));
#12199 = ORIENTED_EDGE('',*,*,#11867,.T.);
#12200 = ORIENTED_EDGE('',*,*,#12160,.F.);
#12201 = ORIENTED_EDGE('',*,*,#11620,.F.);
#12202 = PLANE('',#12203);
#12203 = AXIS2_PLACEMENT_3D('',#12204,#12205,#12206);
#12204 = CARTESIAN_POINT('',(1.016,-3.81,0.));
#12205 = DIRECTION('',(-0.707106781187,0.707106781187,0.));
#12206 = DIRECTION('',(0.707106781187,0.707106781187,0.));
#12207 = ADVANCED_FACE('',(#12208),#12219,.F.);
#12208 = FACE_BOUND('',#12209,.F.);
#12209 = EDGE_LOOP('',(#12210,#12211,#12212,#12218));
#12210 = ORIENTED_EDGE('',*,*,#12179,.T.);
#12211 = ORIENTED_EDGE('',*,*,#11819,.T.);
#12212 = ORIENTED_EDGE('',*,*,#12213,.F.);
#12213 = EDGE_CURVE('',#11573,#11820,#12214,.T.);
#12214 = LINE('',#12215,#12216);
#12215 = CARTESIAN_POINT('',(-1.27,-6.096,0.));
#12216 = VECTOR('',#12217,1.);
#12217 = DIRECTION('',(0.,0.,1.));
#12218 = ORIENTED_EDGE('',*,*,#11572,.F.);
#12219 = PLANE('',#12220);
#12220 = AXIS2_PLACEMENT_3D('',#12221,#12222,#12223);
#12221 = CARTESIAN_POINT('',(-1.27,-4.064,0.));
#12222 = DIRECTION('',(1.,0.,0.));
#12223 = DIRECTION('',(0.,-1.,0.));
#12224 = ADVANCED_FACE('',(#12225),#12236,.F.);
#12225 = FACE_BOUND('',#12226,.F.);
#12226 = EDGE_LOOP('',(#12227,#12233,#12234,#12235));
#12227 = ORIENTED_EDGE('',*,*,#12228,.T.);
#12228 = EDGE_CURVE('',#11605,#11852,#12229,.T.);
#12229 = LINE('',#12230,#12231);
#12230 = CARTESIAN_POINT('',(1.27,-4.064,0.));
#12231 = VECTOR('',#12232,1.);
#12232 = DIRECTION('',(0.,0.,1.));
#12233 = ORIENTED_EDGE('',*,*,#11859,.T.);
#12234 = ORIENTED_EDGE('',*,*,#12194,.F.);
#12235 = ORIENTED_EDGE('',*,*,#11612,.F.);
#12236 = PLANE('',#12237);
#12237 = AXIS2_PLACEMENT_3D('',#12238,#12239,#12240);
#12238 = CARTESIAN_POINT('',(1.27,-4.064,0.));
#12239 = DIRECTION('',(-0.707106781187,-0.707106781187,0.));
#12240 = DIRECTION('',(-0.707106781187,0.707106781187,0.));
#12241 = ADVANCED_FACE('',(#12242),#12253,.F.);
#12242 = FACE_BOUND('',#12243,.F.);
#12243 = EDGE_LOOP('',(#12244,#12245,#12246,#12252));
#12244 = ORIENTED_EDGE('',*,*,#12213,.T.);
#12245 = ORIENTED_EDGE('',*,*,#11827,.T.);
#12246 = ORIENTED_EDGE('',*,*,#12247,.F.);
#12247 = EDGE_CURVE('',#11581,#11828,#12248,.T.);
#12248 = LINE('',#12249,#12250);
#12249 = CARTESIAN_POINT('',(-1.016,-6.35,0.));
#12250 = VECTOR('',#12251,1.);
#12251 = DIRECTION('',(0.,0.,1.));
#12252 = ORIENTED_EDGE('',*,*,#11580,.F.);
#12253 = PLANE('',#12254);
#12254 = AXIS2_PLACEMENT_3D('',#12255,#12256,#12257);
#12255 = CARTESIAN_POINT('',(-1.27,-6.096,0.));
#12256 = DIRECTION('',(0.707106781187,0.707106781187,0.));
#12257 = DIRECTION('',(0.707106781187,-0.707106781187,0.));
#12258 = ADVANCED_FACE('',(#12259),#12270,.F.);
#12259 = FACE_BOUND('',#12260,.F.);
#12260 = EDGE_LOOP('',(#12261,#12267,#12268,#12269));
#12261 = ORIENTED_EDGE('',*,*,#12262,.T.);
#12262 = EDGE_CURVE('',#11597,#11844,#12263,.T.);
#12263 = LINE('',#12264,#12265);
#12264 = CARTESIAN_POINT('',(1.27,-6.096,0.));
#12265 = VECTOR('',#12266,1.);
#12266 = DIRECTION('',(0.,0.,1.));
#12267 = ORIENTED_EDGE('',*,*,#11851,.T.);
#12268 = ORIENTED_EDGE('',*,*,#12228,.F.);
#12269 = ORIENTED_EDGE('',*,*,#11604,.F.);
#12270 = PLANE('',#12271);
#12271 = AXIS2_PLACEMENT_3D('',#12272,#12273,#12274);
#12272 = CARTESIAN_POINT('',(1.27,-6.096,0.));
#12273 = DIRECTION('',(-1.,0.,0.));
#12274 = DIRECTION('',(0.,1.,0.));
#12275 = ADVANCED_FACE('',(#12276),#12287,.F.);
#12276 = FACE_BOUND('',#12277,.F.);
#12277 = EDGE_LOOP('',(#12278,#12279,#12280,#12286));
#12278 = ORIENTED_EDGE('',*,*,#12247,.T.);
#12279 = ORIENTED_EDGE('',*,*,#11835,.T.);
#12280 = ORIENTED_EDGE('',*,*,#12281,.F.);
#12281 = EDGE_CURVE('',#11589,#11836,#12282,.T.);
#12282 = LINE('',#12283,#12284);
#12283 = CARTESIAN_POINT('',(1.016,-6.35,0.));
#12284 = VECTOR('',#12285,1.);
#12285 = DIRECTION('',(0.,0.,1.));
#12286 = ORIENTED_EDGE('',*,*,#11588,.F.);
#12287 = PLANE('',#12288);
#12288 = AXIS2_PLACEMENT_3D('',#12289,#12290,#12291);
#12289 = CARTESIAN_POINT('',(-1.016,-6.35,0.));
#12290 = DIRECTION('',(0.,1.,0.));
#12291 = DIRECTION('',(1.,0.,0.));
#12292 = ADVANCED_FACE('',(#12293),#12299,.F.);
#12293 = FACE_BOUND('',#12294,.F.);
#12294 = EDGE_LOOP('',(#12295,#12296,#12297,#12298));
#12295 = ORIENTED_EDGE('',*,*,#12281,.T.);
#12296 = ORIENTED_EDGE('',*,*,#11843,.T.);
#12297 = ORIENTED_EDGE('',*,*,#12262,.F.);
#12298 = ORIENTED_EDGE('',*,*,#11596,.F.);
#12299 = PLANE('',#12300);
#12300 = AXIS2_PLACEMENT_3D('',#12301,#12302,#12303);
#12301 = CARTESIAN_POINT('',(1.016,-6.35,0.));
#12302 = DIRECTION('',(-0.707106781187,0.707106781187,0.));
#12303 = DIRECTION('',(0.707106781187,0.707106781187,0.));
#12304 = ADVANCED_FACE('',(#12305),#12330,.T.);
#12305 = FACE_BOUND('',#12306,.T.);
#12306 = EDGE_LOOP('',(#12307,#12315,#12323,#12329));
#12307 = ORIENTED_EDGE('',*,*,#12308,.F.);
#12308 = EDGE_CURVE('',#12309,#11670,#12311,.T.);
#12309 = VERTEX_POINT('',#12310);
#12310 = CARTESIAN_POINT('',(0.32,-0.32,-2.84));
#12311 = LINE('',#12312,#12313);
#12312 = CARTESIAN_POINT('',(0.32,-0.32,-3.));
#12313 = VECTOR('',#12314,1.);
#12314 = DIRECTION('',(0.,0.,1.));
#12315 = ORIENTED_EDGE('',*,*,#12316,.T.);
#12316 = EDGE_CURVE('',#12309,#12317,#12319,.T.);
#12317 = VERTEX_POINT('',#12318);
#12318 = CARTESIAN_POINT('',(0.32,0.32,-2.84));
#12319 = LINE('',#12320,#12321);
#12320 = CARTESIAN_POINT('',(0.32,-0.32,-2.84));
#12321 = VECTOR('',#12322,1.);
#12322 = DIRECTION('',(0.,1.,0.));
#12323 = ORIENTED_EDGE('',*,*,#12324,.T.);
#12324 = EDGE_CURVE('',#12317,#11672,#12325,.T.);
#12325 = LINE('',#12326,#12327);
#12326 = CARTESIAN_POINT('',(0.32,0.32,-3.));
#12327 = VECTOR('',#12328,1.);
#12328 = DIRECTION('',(0.,0.,1.));
#12329 = ORIENTED_EDGE('',*,*,#11669,.F.);
#12330 = PLANE('',#12331);
#12331 = AXIS2_PLACEMENT_3D('',#12332,#12333,#12334);
#12332 = CARTESIAN_POINT('',(0.32,-0.32,-3.));
#12333 = DIRECTION('',(1.,0.,0.));
#12334 = DIRECTION('',(0.,0.,1.));
#12335 = ADVANCED_FACE('',(#12336),#12354,.T.);
#12336 = FACE_BOUND('',#12337,.T.);
#12337 = EDGE_LOOP('',(#12338,#12339,#12347,#12353));
#12338 = ORIENTED_EDGE('',*,*,#12324,.F.);
#12339 = ORIENTED_EDGE('',*,*,#12340,.F.);
#12340 = EDGE_CURVE('',#12341,#12317,#12343,.T.);
#12341 = VERTEX_POINT('',#12342);
#12342 = CARTESIAN_POINT('',(-0.32,0.32,-2.84));
#12343 = LINE('',#12344,#12345);
#12344 = CARTESIAN_POINT('',(-0.32,0.32,-2.84));
#12345 = VECTOR('',#12346,1.);
#12346 = DIRECTION('',(1.,0.,0.));
#12347 = ORIENTED_EDGE('',*,*,#12348,.T.);
#12348 = EDGE_CURVE('',#12341,#11688,#12349,.T.);
#12349 = LINE('',#12350,#12351);
#12350 = CARTESIAN_POINT('',(-0.32,0.32,-3.));
#12351 = VECTOR('',#12352,1.);
#12352 = DIRECTION('',(0.,0.,1.));
#12353 = ORIENTED_EDGE('',*,*,#11695,.F.);
#12354 = PLANE('',#12355);
#12355 = AXIS2_PLACEMENT_3D('',#12356,#12357,#12358);
#12356 = CARTESIAN_POINT('',(-0.32,0.32,-3.));
#12357 = DIRECTION('',(0.,1.,0.));
#12358 = DIRECTION('',(0.,-0.,1.));
#12359 = ADVANCED_FACE('',(#12360),#12378,.F.);
#12360 = FACE_BOUND('',#12361,.F.);
#12361 = EDGE_LOOP('',(#12362,#12370,#12376,#12377));
#12362 = ORIENTED_EDGE('',*,*,#12363,.F.);
#12363 = EDGE_CURVE('',#12364,#11680,#12366,.T.);
#12364 = VERTEX_POINT('',#12365);
#12365 = CARTESIAN_POINT('',(-0.32,-0.32,-2.84));
#12366 = LINE('',#12367,#12368);
#12367 = CARTESIAN_POINT('',(-0.32,-0.32,-3.));
#12368 = VECTOR('',#12369,1.);
#12369 = DIRECTION('',(0.,0.,1.));
#12370 = ORIENTED_EDGE('',*,*,#12371,.T.);
#12371 = EDGE_CURVE('',#12364,#12341,#12372,.T.);
#12372 = LINE('',#12373,#12374);
#12373 = CARTESIAN_POINT('',(-0.32,-0.32,-2.84));
#12374 = VECTOR('',#12375,1.);
#12375 = DIRECTION('',(0.,1.,0.));
#12376 = ORIENTED_EDGE('',*,*,#12348,.T.);
#12377 = ORIENTED_EDGE('',*,*,#11687,.F.);
#12378 = PLANE('',#12379);
#12379 = AXIS2_PLACEMENT_3D('',#12380,#12381,#12382);
#12380 = CARTESIAN_POINT('',(-0.32,-0.32,-3.));
#12381 = DIRECTION('',(1.,0.,0.));
#12382 = DIRECTION('',(0.,0.,1.));
#12383 = ADVANCED_FACE('',(#12384),#12395,.F.);
#12384 = FACE_BOUND('',#12385,.F.);
#12385 = EDGE_LOOP('',(#12386,#12387,#12393,#12394));
#12386 = ORIENTED_EDGE('',*,*,#12308,.F.);
#12387 = ORIENTED_EDGE('',*,*,#12388,.F.);
#12388 = EDGE_CURVE('',#12364,#12309,#12389,.T.);
#12389 = LINE('',#12390,#12391);
#12390 = CARTESIAN_POINT('',(-0.32,-0.32,-2.84));
#12391 = VECTOR('',#12392,1.);
#12392 = DIRECTION('',(1.,0.,0.));
#12393 = ORIENTED_EDGE('',*,*,#12363,.T.);
#12394 = ORIENTED_EDGE('',*,*,#11679,.F.);
#12395 = PLANE('',#12396);
#12396 = AXIS2_PLACEMENT_3D('',#12397,#12398,#12399);
#12397 = CARTESIAN_POINT('',(-0.32,-0.32,-3.));
#12398 = DIRECTION('',(0.,1.,0.));
#12399 = DIRECTION('',(0.,-0.,1.));
#12400 = ADVANCED_FACE('',(#12401),#12426,.F.);
#12401 = FACE_BOUND('',#12402,.F.);
#12402 = EDGE_LOOP('',(#12403,#12411,#12419,#12425));
#12403 = ORIENTED_EDGE('',*,*,#12404,.F.);
#12404 = EDGE_CURVE('',#12405,#11704,#12407,.T.);
#12405 = VERTEX_POINT('',#12406);
#12406 = CARTESIAN_POINT('',(0.32,-2.86,-2.84));
#12407 = LINE('',#12408,#12409);
#12408 = CARTESIAN_POINT('',(0.32,-2.86,-3.));
#12409 = VECTOR('',#12410,1.);
#12410 = DIRECTION('',(0.,0.,1.));
#12411 = ORIENTED_EDGE('',*,*,#12412,.F.);
#12412 = EDGE_CURVE('',#12413,#12405,#12415,.T.);
#12413 = VERTEX_POINT('',#12414);
#12414 = CARTESIAN_POINT('',(-0.32,-2.86,-2.84));
#12415 = LINE('',#12416,#12417);
#12416 = CARTESIAN_POINT('',(-0.32,-2.86,-2.84));
#12417 = VECTOR('',#12418,1.);
#12418 = DIRECTION('',(1.,0.,0.));
#12419 = ORIENTED_EDGE('',*,*,#12420,.T.);
#12420 = EDGE_CURVE('',#12413,#11706,#12421,.T.);
#12421 = LINE('',#12422,#12423);
#12422 = CARTESIAN_POINT('',(-0.32,-2.86,-3.));
#12423 = VECTOR('',#12424,1.);
#12424 = DIRECTION('',(0.,0.,1.));
#12425 = ORIENTED_EDGE('',*,*,#11703,.F.);
#12426 = PLANE('',#12427);
#12427 = AXIS2_PLACEMENT_3D('',#12428,#12429,#12430);
#12428 = CARTESIAN_POINT('',(-0.32,-2.86,-3.));
#12429 = DIRECTION('',(0.,1.,0.));
#12430 = DIRECTION('',(0.,-0.,1.));
#12431 = ADVANCED_FACE('',(#12432),#12450,.T.);
#12432 = FACE_BOUND('',#12433,.T.);
#12433 = EDGE_LOOP('',(#12434,#12435,#12443,#12449));
#12434 = ORIENTED_EDGE('',*,*,#12404,.F.);
#12435 = ORIENTED_EDGE('',*,*,#12436,.T.);
#12436 = EDGE_CURVE('',#12405,#12437,#12439,.T.);
#12437 = VERTEX_POINT('',#12438);
#12438 = CARTESIAN_POINT('',(0.32,-2.22,-2.84));
#12439 = LINE('',#12440,#12441);
#12440 = CARTESIAN_POINT('',(0.32,-2.86,-2.84));
#12441 = VECTOR('',#12442,1.);
#12442 = DIRECTION('',(0.,1.,0.));
#12443 = ORIENTED_EDGE('',*,*,#12444,.T.);
#12444 = EDGE_CURVE('',#12437,#11722,#12445,.T.);
#12445 = LINE('',#12446,#12447);
#12446 = CARTESIAN_POINT('',(0.32,-2.22,-3.));
#12447 = VECTOR('',#12448,1.);
#12448 = DIRECTION('',(0.,0.,1.));
#12449 = ORIENTED_EDGE('',*,*,#11729,.F.);
#12450 = PLANE('',#12451);
#12451 = AXIS2_PLACEMENT_3D('',#12452,#12453,#12454);
#12452 = CARTESIAN_POINT('',(0.32,-2.86,-3.));
#12453 = DIRECTION('',(1.,0.,0.));
#12454 = DIRECTION('',(0.,0.,1.));
#12455 = ADVANCED_FACE('',(#12456),#12474,.T.);
#12456 = FACE_BOUND('',#12457,.T.);
#12457 = EDGE_LOOP('',(#12458,#12459,#12467,#12473));
#12458 = ORIENTED_EDGE('',*,*,#12444,.F.);
#12459 = ORIENTED_EDGE('',*,*,#12460,.F.);
#12460 = EDGE_CURVE('',#12461,#12437,#12463,.T.);
#12461 = VERTEX_POINT('',#12462);
#12462 = CARTESIAN_POINT('',(-0.32,-2.22,-2.84));
#12463 = LINE('',#12464,#12465);
#12464 = CARTESIAN_POINT('',(-0.32,-2.22,-2.84));
#12465 = VECTOR('',#12466,1.);
#12466 = DIRECTION('',(1.,0.,0.));
#12467 = ORIENTED_EDGE('',*,*,#12468,.T.);
#12468 = EDGE_CURVE('',#12461,#11714,#12469,.T.);
#12469 = LINE('',#12470,#12471);
#12470 = CARTESIAN_POINT('',(-0.32,-2.22,-3.));
#12471 = VECTOR('',#12472,1.);
#12472 = DIRECTION('',(0.,0.,1.));
#12473 = ORIENTED_EDGE('',*,*,#11721,.F.);
#12474 = PLANE('',#12475);
#12475 = AXIS2_PLACEMENT_3D('',#12476,#12477,#12478);
#12476 = CARTESIAN_POINT('',(-0.32,-2.22,-3.));
#12477 = DIRECTION('',(0.,1.,0.));
#12478 = DIRECTION('',(0.,-0.,1.));
#12479 = ADVANCED_FACE('',(#12480),#12491,.F.);
#12480 = FACE_BOUND('',#12481,.F.);
#12481 = EDGE_LOOP('',(#12482,#12483,#12489,#12490));
#12482 = ORIENTED_EDGE('',*,*,#12420,.F.);
#12483 = ORIENTED_EDGE('',*,*,#12484,.T.);
#12484 = EDGE_CURVE('',#12413,#12461,#12485,.T.);
#12485 = LINE('',#12486,#12487);
#12486 = CARTESIAN_POINT('',(-0.32,-2.86,-2.84));
#12487 = VECTOR('',#12488,1.);
#12488 = DIRECTION('',(0.,1.,0.));
#12489 = ORIENTED_EDGE('',*,*,#12468,.T.);
#12490 = ORIENTED_EDGE('',*,*,#11713,.F.);
#12491 = PLANE('',#12492);
#12492 = AXIS2_PLACEMENT_3D('',#12493,#12494,#12495);
#12493 = CARTESIAN_POINT('',(-0.32,-2.86,-3.));
#12494 = DIRECTION('',(1.,0.,0.));
#12495 = DIRECTION('',(0.,0.,1.));
#12496 = ADVANCED_FACE('',(#12497),#12522,.T.);
#12497 = FACE_BOUND('',#12498,.T.);
#12498 = EDGE_LOOP('',(#12499,#12507,#12515,#12521));
#12499 = ORIENTED_EDGE('',*,*,#12500,.F.);
#12500 = EDGE_CURVE('',#12501,#11738,#12503,.T.);
#12501 = VERTEX_POINT('',#12502);
#12502 = CARTESIAN_POINT('',(0.32,-4.76,-2.84));
#12503 = LINE('',#12504,#12505);
#12504 = CARTESIAN_POINT('',(0.32,-4.76,-3.));
#12505 = VECTOR('',#12506,1.);
#12506 = DIRECTION('',(0.,0.,1.));
#12507 = ORIENTED_EDGE('',*,*,#12508,.F.);
#12508 = EDGE_CURVE('',#12509,#12501,#12511,.T.);
#12509 = VERTEX_POINT('',#12510);
#12510 = CARTESIAN_POINT('',(-0.32,-4.76,-2.84));
#12511 = LINE('',#12512,#12513);
#12512 = CARTESIAN_POINT('',(-0.32,-4.76,-2.84));
#12513 = VECTOR('',#12514,1.);
#12514 = DIRECTION('',(1.,0.,0.));
#12515 = ORIENTED_EDGE('',*,*,#12516,.T.);
#12516 = EDGE_CURVE('',#12509,#11740,#12517,.T.);
#12517 = LINE('',#12518,#12519);
#12518 = CARTESIAN_POINT('',(-0.32,-4.76,-3.));
#12519 = VECTOR('',#12520,1.);
#12520 = DIRECTION('',(0.,0.,1.));
#12521 = ORIENTED_EDGE('',*,*,#11737,.F.);
#12522 = PLANE('',#12523);
#12523 = AXIS2_PLACEMENT_3D('',#12524,#12525,#12526);
#12524 = CARTESIAN_POINT('',(-0.32,-4.76,-3.));
#12525 = DIRECTION('',(0.,1.,0.));
#12526 = DIRECTION('',(0.,-0.,1.));
#12527 = ADVANCED_FACE('',(#12528),#12546,.F.);
#12528 = FACE_BOUND('',#12529,.F.);
#12529 = EDGE_LOOP('',(#12530,#12538,#12544,#12545));
#12530 = ORIENTED_EDGE('',*,*,#12531,.F.);
#12531 = EDGE_CURVE('',#12532,#11756,#12534,.T.);
#12532 = VERTEX_POINT('',#12533);
#12533 = CARTESIAN_POINT('',(-0.32,-5.4,-2.84));
#12534 = LINE('',#12535,#12536);
#12535 = CARTESIAN_POINT('',(-0.32,-5.4,-3.));
#12536 = VECTOR('',#12537,1.);
#12537 = DIRECTION('',(0.,0.,1.));
#12538 = ORIENTED_EDGE('',*,*,#12539,.T.);
#12539 = EDGE_CURVE('',#12532,#12509,#12540,.T.);
#12540 = LINE('',#12541,#12542);
#12541 = CARTESIAN_POINT('',(-0.32,-5.4,-2.84));
#12542 = VECTOR('',#12543,1.);
#12543 = DIRECTION('',(0.,1.,0.));
#12544 = ORIENTED_EDGE('',*,*,#12516,.T.);
#12545 = ORIENTED_EDGE('',*,*,#11763,.F.);
#12546 = PLANE('',#12547);
#12547 = AXIS2_PLACEMENT_3D('',#12548,#12549,#12550);
#12548 = CARTESIAN_POINT('',(-0.32,-5.4,-3.));
#12549 = DIRECTION('',(1.,0.,0.));
#12550 = DIRECTION('',(0.,0.,1.));
#12551 = ADVANCED_FACE('',(#12552),#12570,.F.);
#12552 = FACE_BOUND('',#12553,.F.);
#12553 = EDGE_LOOP('',(#12554,#12562,#12568,#12569));
#12554 = ORIENTED_EDGE('',*,*,#12555,.F.);
#12555 = EDGE_CURVE('',#12556,#11748,#12558,.T.);
#12556 = VERTEX_POINT('',#12557);
#12557 = CARTESIAN_POINT('',(0.32,-5.4,-2.84));
#12558 = LINE('',#12559,#12560);
#12559 = CARTESIAN_POINT('',(0.32,-5.4,-3.));
#12560 = VECTOR('',#12561,1.);
#12561 = DIRECTION('',(0.,0.,1.));
#12562 = ORIENTED_EDGE('',*,*,#12563,.F.);
#12563 = EDGE_CURVE('',#12532,#12556,#12564,.T.);
#12564 = LINE('',#12565,#12566);
#12565 = CARTESIAN_POINT('',(-0.32,-5.4,-2.84));
#12566 = VECTOR('',#12567,1.);
#12567 = DIRECTION('',(1.,0.,0.));
#12568 = ORIENTED_EDGE('',*,*,#12531,.T.);
#12569 = ORIENTED_EDGE('',*,*,#11755,.F.);
#12570 = PLANE('',#12571);
#12571 = AXIS2_PLACEMENT_3D('',#12572,#12573,#12574);
#12572 = CARTESIAN_POINT('',(-0.32,-5.4,-3.));
#12573 = DIRECTION('',(0.,1.,0.));
#12574 = DIRECTION('',(0.,-0.,1.));
#12575 = ADVANCED_FACE('',(#12576),#12587,.T.);
#12576 = FACE_BOUND('',#12577,.T.);
#12577 = EDGE_LOOP('',(#12578,#12579,#12585,#12586));
#12578 = ORIENTED_EDGE('',*,*,#12555,.F.);
#12579 = ORIENTED_EDGE('',*,*,#12580,.T.);
#12580 = EDGE_CURVE('',#12556,#12501,#12581,.T.);
#12581 = LINE('',#12582,#12583);
#12582 = CARTESIAN_POINT('',(0.32,-5.4,-2.84));
#12583 = VECTOR('',#12584,1.);
#12584 = DIRECTION('',(0.,1.,0.));
#12585 = ORIENTED_EDGE('',*,*,#12500,.T.);
#12586 = ORIENTED_EDGE('',*,*,#11747,.F.);
#12587 = PLANE('',#12588);
#12588 = AXIS2_PLACEMENT_3D('',#12589,#12590,#12591);
#12589 = CARTESIAN_POINT('',(0.32,-5.4,-3.));
#12590 = DIRECTION('',(1.,0.,0.));
#12591 = DIRECTION('',(0.,0.,1.));
#12592 = ADVANCED_FACE('',(#12593),#12618,.T.);
#12593 = FACE_BOUND('',#12594,.T.);
#12594 = EDGE_LOOP('',(#12595,#12603,#12604,#12612));
#12595 = ORIENTED_EDGE('',*,*,#12596,.F.);
#12596 = EDGE_CURVE('',#11917,#12597,#12599,.T.);
#12597 = VERTEX_POINT('',#12598);
#12598 = CARTESIAN_POINT('',(0.32,-0.32,8.38));
#12599 = LINE('',#12600,#12601);
#12600 = CARTESIAN_POINT('',(0.32,-0.32,-3.));
#12601 = VECTOR('',#12602,1.);
#12602 = DIRECTION('',(0.,0.,1.));
#12603 = ORIENTED_EDGE('',*,*,#11916,.T.);
#12604 = ORIENTED_EDGE('',*,*,#12605,.T.);
#12605 = EDGE_CURVE('',#11919,#12606,#12608,.T.);
#12606 = VERTEX_POINT('',#12607);
#12607 = CARTESIAN_POINT('',(0.32,0.32,8.38));
#12608 = LINE('',#12609,#12610);
#12609 = CARTESIAN_POINT('',(0.32,0.32,-3.));
#12610 = VECTOR('',#12611,1.);
#12611 = DIRECTION('',(0.,0.,1.));
#12612 = ORIENTED_EDGE('',*,*,#12613,.F.);
#12613 = EDGE_CURVE('',#12597,#12606,#12614,.T.);
#12614 = LINE('',#12615,#12616);
#12615 = CARTESIAN_POINT('',(0.32,-0.32,8.38));
#12616 = VECTOR('',#12617,1.);
#12617 = DIRECTION('',(0.,1.,0.));
#12618 = PLANE('',#12619);
#12619 = AXIS2_PLACEMENT_3D('',#12620,#12621,#12622);
#12620 = CARTESIAN_POINT('',(0.32,-0.32,-3.));
#12621 = DIRECTION('',(1.,0.,0.));
#12622 = DIRECTION('',(0.,0.,1.));
#12623 = ADVANCED_FACE('',(#12624),#12642,.T.);
#12624 = FACE_BOUND('',#12625,.T.);
#12625 = EDGE_LOOP('',(#12626,#12627,#12628,#12636));
#12626 = ORIENTED_EDGE('',*,*,#12605,.F.);
#12627 = ORIENTED_EDGE('',*,*,#11942,.T.);
#12628 = ORIENTED_EDGE('',*,*,#12629,.T.);
#12629 = EDGE_CURVE('',#11935,#12630,#12632,.T.);
#12630 = VERTEX_POINT('',#12631);
#12631 = CARTESIAN_POINT('',(-0.32,0.32,8.38));
#12632 = LINE('',#12633,#12634);
#12633 = CARTESIAN_POINT('',(-0.32,0.32,-3.));
#12634 = VECTOR('',#12635,1.);
#12635 = DIRECTION('',(0.,0.,1.));
#12636 = ORIENTED_EDGE('',*,*,#12637,.T.);
#12637 = EDGE_CURVE('',#12630,#12606,#12638,.T.);
#12638 = LINE('',#12639,#12640);
#12639 = CARTESIAN_POINT('',(-0.32,0.32,8.38));
#12640 = VECTOR('',#12641,1.);
#12641 = DIRECTION('',(1.,0.,0.));
#12642 = PLANE('',#12643);
#12643 = AXIS2_PLACEMENT_3D('',#12644,#12645,#12646);
#12644 = CARTESIAN_POINT('',(-0.32,0.32,-3.));
#12645 = DIRECTION('',(0.,1.,0.));
#12646 = DIRECTION('',(0.,-0.,1.));
#12647 = ADVANCED_FACE('',(#12648),#12666,.F.);
#12648 = FACE_BOUND('',#12649,.F.);
#12649 = EDGE_LOOP('',(#12650,#12658,#12659,#12660));
#12650 = ORIENTED_EDGE('',*,*,#12651,.F.);
#12651 = EDGE_CURVE('',#11927,#12652,#12654,.T.);
#12652 = VERTEX_POINT('',#12653);
#12653 = CARTESIAN_POINT('',(-0.32,-0.32,8.38));
#12654 = LINE('',#12655,#12656);
#12655 = CARTESIAN_POINT('',(-0.32,-0.32,-3.));
#12656 = VECTOR('',#12657,1.);
#12657 = DIRECTION('',(0.,0.,1.));
#12658 = ORIENTED_EDGE('',*,*,#11934,.T.);
#12659 = ORIENTED_EDGE('',*,*,#12629,.T.);
#12660 = ORIENTED_EDGE('',*,*,#12661,.F.);
#12661 = EDGE_CURVE('',#12652,#12630,#12662,.T.);
#12662 = LINE('',#12663,#12664);
#12663 = CARTESIAN_POINT('',(-0.32,-0.32,8.38));
#12664 = VECTOR('',#12665,1.);
#12665 = DIRECTION('',(0.,1.,0.));
#12666 = PLANE('',#12667);
#12667 = AXIS2_PLACEMENT_3D('',#12668,#12669,#12670);
#12668 = CARTESIAN_POINT('',(-0.32,-0.32,-3.));
#12669 = DIRECTION('',(1.,0.,0.));
#12670 = DIRECTION('',(0.,0.,1.));
#12671 = ADVANCED_FACE('',(#12672),#12683,.F.);
#12672 = FACE_BOUND('',#12673,.F.);
#12673 = EDGE_LOOP('',(#12674,#12675,#12676,#12677));
#12674 = ORIENTED_EDGE('',*,*,#12596,.F.);
#12675 = ORIENTED_EDGE('',*,*,#11926,.T.);
#12676 = ORIENTED_EDGE('',*,*,#12651,.T.);
#12677 = ORIENTED_EDGE('',*,*,#12678,.T.);
#12678 = EDGE_CURVE('',#12652,#12597,#12679,.T.);
#12679 = LINE('',#12680,#12681);
#12680 = CARTESIAN_POINT('',(-0.32,-0.32,8.38));
#12681 = VECTOR('',#12682,1.);
#12682 = DIRECTION('',(1.,0.,0.));
#12683 = PLANE('',#12684);
#12684 = AXIS2_PLACEMENT_3D('',#12685,#12686,#12687);
#12685 = CARTESIAN_POINT('',(-0.32,-0.32,-3.));
#12686 = DIRECTION('',(0.,1.,0.));
#12687 = DIRECTION('',(0.,-0.,1.));
#12688 = ADVANCED_FACE('',(#12689),#12714,.F.);
#12689 = FACE_BOUND('',#12690,.F.);
#12690 = EDGE_LOOP('',(#12691,#12699,#12700,#12708));
#12691 = ORIENTED_EDGE('',*,*,#12692,.F.);
#12692 = EDGE_CURVE('',#11951,#12693,#12695,.T.);
#12693 = VERTEX_POINT('',#12694);
#12694 = CARTESIAN_POINT('',(0.32,-2.86,8.38));
#12695 = LINE('',#12696,#12697);
#12696 = CARTESIAN_POINT('',(0.32,-2.86,-3.));
#12697 = VECTOR('',#12698,1.);
#12698 = DIRECTION('',(0.,0.,1.));
#12699 = ORIENTED_EDGE('',*,*,#11950,.T.);
#12700 = ORIENTED_EDGE('',*,*,#12701,.T.);
#12701 = EDGE_CURVE('',#11953,#12702,#12704,.T.);
#12702 = VERTEX_POINT('',#12703);
#12703 = CARTESIAN_POINT('',(-0.32,-2.86,8.38));
#12704 = LINE('',#12705,#12706);
#12705 = CARTESIAN_POINT('',(-0.32,-2.86,-3.));
#12706 = VECTOR('',#12707,1.);
#12707 = DIRECTION('',(0.,0.,1.));
#12708 = ORIENTED_EDGE('',*,*,#12709,.T.);
#12709 = EDGE_CURVE('',#12702,#12693,#12710,.T.);
#12710 = LINE('',#12711,#12712);
#12711 = CARTESIAN_POINT('',(-0.32,-2.86,8.38));
#12712 = VECTOR('',#12713,1.);
#12713 = DIRECTION('',(1.,0.,0.));
#12714 = PLANE('',#12715);
#12715 = AXIS2_PLACEMENT_3D('',#12716,#12717,#12718);
#12716 = CARTESIAN_POINT('',(-0.32,-2.86,-3.));
#12717 = DIRECTION('',(0.,1.,0.));
#12718 = DIRECTION('',(0.,-0.,1.));
#12719 = ADVANCED_FACE('',(#12720),#12738,.T.);
#12720 = FACE_BOUND('',#12721,.T.);
#12721 = EDGE_LOOP('',(#12722,#12723,#12724,#12732));
#12722 = ORIENTED_EDGE('',*,*,#12692,.F.);
#12723 = ORIENTED_EDGE('',*,*,#11976,.T.);
#12724 = ORIENTED_EDGE('',*,*,#12725,.T.);
#12725 = EDGE_CURVE('',#11969,#12726,#12728,.T.);
#12726 = VERTEX_POINT('',#12727);
#12727 = CARTESIAN_POINT('',(0.32,-2.22,8.38));
#12728 = LINE('',#12729,#12730);
#12729 = CARTESIAN_POINT('',(0.32,-2.22,-3.));
#12730 = VECTOR('',#12731,1.);
#12731 = DIRECTION('',(0.,0.,1.));
#12732 = ORIENTED_EDGE('',*,*,#12733,.F.);
#12733 = EDGE_CURVE('',#12693,#12726,#12734,.T.);
#12734 = LINE('',#12735,#12736);
#12735 = CARTESIAN_POINT('',(0.32,-2.86,8.38));
#12736 = VECTOR('',#12737,1.);
#12737 = DIRECTION('',(0.,1.,0.));
#12738 = PLANE('',#12739);
#12739 = AXIS2_PLACEMENT_3D('',#12740,#12741,#12742);
#12740 = CARTESIAN_POINT('',(0.32,-2.86,-3.));
#12741 = DIRECTION('',(1.,0.,0.));
#12742 = DIRECTION('',(0.,0.,1.));
#12743 = ADVANCED_FACE('',(#12744),#12762,.T.);
#12744 = FACE_BOUND('',#12745,.T.);
#12745 = EDGE_LOOP('',(#12746,#12747,#12748,#12756));
#12746 = ORIENTED_EDGE('',*,*,#12725,.F.);
#12747 = ORIENTED_EDGE('',*,*,#11968,.T.);
#12748 = ORIENTED_EDGE('',*,*,#12749,.T.);
#12749 = EDGE_CURVE('',#11961,#12750,#12752,.T.);
#12750 = VERTEX_POINT('',#12751);
#12751 = CARTESIAN_POINT('',(-0.32,-2.22,8.38));
#12752 = LINE('',#12753,#12754);
#12753 = CARTESIAN_POINT('',(-0.32,-2.22,-3.));
#12754 = VECTOR('',#12755,1.);
#12755 = DIRECTION('',(0.,0.,1.));
#12756 = ORIENTED_EDGE('',*,*,#12757,.T.);
#12757 = EDGE_CURVE('',#12750,#12726,#12758,.T.);
#12758 = LINE('',#12759,#12760);
#12759 = CARTESIAN_POINT('',(-0.32,-2.22,8.38));
#12760 = VECTOR('',#12761,1.);
#12761 = DIRECTION('',(1.,0.,0.));
#12762 = PLANE('',#12763);
#12763 = AXIS2_PLACEMENT_3D('',#12764,#12765,#12766);
#12764 = CARTESIAN_POINT('',(-0.32,-2.22,-3.));
#12765 = DIRECTION('',(0.,1.,0.));
#12766 = DIRECTION('',(0.,-0.,1.));
#12767 = ADVANCED_FACE('',(#12768),#12779,.F.);
#12768 = FACE_BOUND('',#12769,.F.);
#12769 = EDGE_LOOP('',(#12770,#12771,#12772,#12773));
#12770 = ORIENTED_EDGE('',*,*,#12701,.F.);
#12771 = ORIENTED_EDGE('',*,*,#11960,.T.);
#12772 = ORIENTED_EDGE('',*,*,#12749,.T.);
#12773 = ORIENTED_EDGE('',*,*,#12774,.F.);
#12774 = EDGE_CURVE('',#12702,#12750,#12775,.T.);
#12775 = LINE('',#12776,#12777);
#12776 = CARTESIAN_POINT('',(-0.32,-2.86,8.38));
#12777 = VECTOR('',#12778,1.);
#12778 = DIRECTION('',(0.,1.,0.));
#12779 = PLANE('',#12780);
#12780 = AXIS2_PLACEMENT_3D('',#12781,#12782,#12783);
#12781 = CARTESIAN_POINT('',(-0.32,-2.86,-3.));
#12782 = DIRECTION('',(1.,0.,0.));
#12783 = DIRECTION('',(0.,0.,1.));
#12784 = ADVANCED_FACE('',(#12785),#12810,.T.);
#12785 = FACE_BOUND('',#12786,.T.);
#12786 = EDGE_LOOP('',(#12787,#12795,#12796,#12804));
#12787 = ORIENTED_EDGE('',*,*,#12788,.F.);
#12788 = EDGE_CURVE('',#11985,#12789,#12791,.T.);
#12789 = VERTEX_POINT('',#12790);
#12790 = CARTESIAN_POINT('',(0.32,-4.76,8.38));
#12791 = LINE('',#12792,#12793);
#12792 = CARTESIAN_POINT('',(0.32,-4.76,-3.));
#12793 = VECTOR('',#12794,1.);
#12794 = DIRECTION('',(0.,0.,1.));
#12795 = ORIENTED_EDGE('',*,*,#11984,.T.);
#12796 = ORIENTED_EDGE('',*,*,#12797,.T.);
#12797 = EDGE_CURVE('',#11987,#12798,#12800,.T.);
#12798 = VERTEX_POINT('',#12799);
#12799 = CARTESIAN_POINT('',(-0.32,-4.76,8.38));
#12800 = LINE('',#12801,#12802);
#12801 = CARTESIAN_POINT('',(-0.32,-4.76,-3.));
#12802 = VECTOR('',#12803,1.);
#12803 = DIRECTION('',(0.,0.,1.));
#12804 = ORIENTED_EDGE('',*,*,#12805,.T.);
#12805 = EDGE_CURVE('',#12798,#12789,#12806,.T.);
#12806 = LINE('',#12807,#12808);
#12807 = CARTESIAN_POINT('',(-0.32,-4.76,8.38));
#12808 = VECTOR('',#12809,1.);
#12809 = DIRECTION('',(1.,0.,0.));
#12810 = PLANE('',#12811);
#12811 = AXIS2_PLACEMENT_3D('',#12812,#12813,#12814);
#12812 = CARTESIAN_POINT('',(-0.32,-4.76,-3.));
#12813 = DIRECTION('',(0.,1.,0.));
#12814 = DIRECTION('',(0.,-0.,1.));
#12815 = ADVANCED_FACE('',(#12816),#12834,.F.);
#12816 = FACE_BOUND('',#12817,.F.);
#12817 = EDGE_LOOP('',(#12818,#12826,#12827,#12828));
#12818 = ORIENTED_EDGE('',*,*,#12819,.F.);
#12819 = EDGE_CURVE('',#12003,#12820,#12822,.T.);
#12820 = VERTEX_POINT('',#12821);
#12821 = CARTESIAN_POINT('',(-0.32,-5.4,8.38));
#12822 = LINE('',#12823,#12824);
#12823 = CARTESIAN_POINT('',(-0.32,-5.4,-3.));
#12824 = VECTOR('',#12825,1.);
#12825 = DIRECTION('',(0.,0.,1.));
#12826 = ORIENTED_EDGE('',*,*,#12010,.T.);
#12827 = ORIENTED_EDGE('',*,*,#12797,.T.);
#12828 = ORIENTED_EDGE('',*,*,#12829,.F.);
#12829 = EDGE_CURVE('',#12820,#12798,#12830,.T.);
#12830 = LINE('',#12831,#12832);
#12831 = CARTESIAN_POINT('',(-0.32,-5.4,8.38));
#12832 = VECTOR('',#12833,1.);
#12833 = DIRECTION('',(0.,1.,0.));
#12834 = PLANE('',#12835);
#12835 = AXIS2_PLACEMENT_3D('',#12836,#12837,#12838);
#12836 = CARTESIAN_POINT('',(-0.32,-5.4,-3.));
#12837 = DIRECTION('',(1.,0.,0.));
#12838 = DIRECTION('',(0.,0.,1.));
#12839 = ADVANCED_FACE('',(#12840),#12858,.F.);
#12840 = FACE_BOUND('',#12841,.F.);
#12841 = EDGE_LOOP('',(#12842,#12850,#12851,#12852));
#12842 = ORIENTED_EDGE('',*,*,#12843,.F.);
#12843 = EDGE_CURVE('',#11995,#12844,#12846,.T.);
#12844 = VERTEX_POINT('',#12845);
#12845 = CARTESIAN_POINT('',(0.32,-5.4,8.38));
#12846 = LINE('',#12847,#12848);
#12847 = CARTESIAN_POINT('',(0.32,-5.4,-3.));
#12848 = VECTOR('',#12849,1.);
#12849 = DIRECTION('',(0.,0.,1.));
#12850 = ORIENTED_EDGE('',*,*,#12002,.T.);
#12851 = ORIENTED_EDGE('',*,*,#12819,.T.);
#12852 = ORIENTED_EDGE('',*,*,#12853,.T.);
#12853 = EDGE_CURVE('',#12820,#12844,#12854,.T.);
#12854 = LINE('',#12855,#12856);
#12855 = CARTESIAN_POINT('',(-0.32,-5.4,8.38));
#12856 = VECTOR('',#12857,1.);
#12857 = DIRECTION('',(1.,0.,0.));
#12858 = PLANE('',#12859);
#12859 = AXIS2_PLACEMENT_3D('',#12860,#12861,#12862);
#12860 = CARTESIAN_POINT('',(-0.32,-5.4,-3.));
#12861 = DIRECTION('',(0.,1.,0.));
#12862 = DIRECTION('',(0.,-0.,1.));
#12863 = ADVANCED_FACE('',(#12864),#12875,.T.);
#12864 = FACE_BOUND('',#12865,.T.);
#12865 = EDGE_LOOP('',(#12866,#12867,#12868,#12869));
#12866 = ORIENTED_EDGE('',*,*,#12843,.F.);
#12867 = ORIENTED_EDGE('',*,*,#11994,.T.);
#12868 = ORIENTED_EDGE('',*,*,#12788,.T.);
#12869 = ORIENTED_EDGE('',*,*,#12870,.F.);
#12870 = EDGE_CURVE('',#12844,#12789,#12871,.T.);
#12871 = LINE('',#12872,#12873);
#12872 = CARTESIAN_POINT('',(0.32,-5.4,8.38));
#12873 = VECTOR('',#12874,1.);
#12874 = DIRECTION('',(0.,1.,0.));
#12875 = PLANE('',#12876);
#12876 = AXIS2_PLACEMENT_3D('',#12877,#12878,#12879);
#12877 = CARTESIAN_POINT('',(0.32,-5.4,-3.));
#12878 = DIRECTION('',(1.,0.,0.));
#12879 = DIRECTION('',(0.,0.,1.));
#12880 = ADVANCED_FACE('',(#12881),#12906,.F.);
#12881 = FACE_BOUND('',#12882,.F.);
#12882 = EDGE_LOOP('',(#12883,#12891,#12892,#12900));
#12883 = ORIENTED_EDGE('',*,*,#12884,.F.);
#12884 = EDGE_CURVE('',#12309,#12885,#12887,.T.);
#12885 = VERTEX_POINT('',#12886);
#12886 = CARTESIAN_POINT('',(0.16,-0.16,-3.));
#12887 = LINE('',#12888,#12889);
#12888 = CARTESIAN_POINT('',(0.16,-0.16,-3.));
#12889 = VECTOR('',#12890,1.);
#12890 = DIRECTION('',(-0.57735026919,0.57735026919,-0.57735026919));
#12891 = ORIENTED_EDGE('',*,*,#12316,.T.);
#12892 = ORIENTED_EDGE('',*,*,#12893,.T.);
#12893 = EDGE_CURVE('',#12317,#12894,#12896,.T.);
#12894 = VERTEX_POINT('',#12895);
#12895 = CARTESIAN_POINT('',(0.16,0.16,-3.));
#12896 = LINE('',#12897,#12898);
#12897 = CARTESIAN_POINT('',(5.333333333333E-02,5.333333333333E-02,
    -3.106666666667));
#12898 = VECTOR('',#12899,1.);
#12899 = DIRECTION('',(-0.57735026919,-0.57735026919,-0.57735026919));
#12900 = ORIENTED_EDGE('',*,*,#12901,.F.);
#12901 = EDGE_CURVE('',#12885,#12894,#12902,.T.);
#12902 = LINE('',#12903,#12904);
#12903 = CARTESIAN_POINT('',(0.16,-0.32,-3.));
#12904 = VECTOR('',#12905,1.);
#12905 = DIRECTION('',(0.,1.,0.));
#12906 = PLANE('',#12907);
#12907 = AXIS2_PLACEMENT_3D('',#12908,#12909,#12910);
#12908 = CARTESIAN_POINT('',(0.24,-0.32,-2.92));
#12909 = DIRECTION('',(-0.707106781187,1.735167508357E-18,0.707106781187
    ));
#12910 = DIRECTION('',(1.226948711654E-18,1.,-1.226948711654E-18));
#12911 = ADVANCED_FACE('',(#12912),#12930,.F.);
#12912 = FACE_BOUND('',#12913,.T.);
#12913 = EDGE_LOOP('',(#12914,#12922,#12923,#12924));
#12914 = ORIENTED_EDGE('',*,*,#12915,.F.);
#12915 = EDGE_CURVE('',#12341,#12916,#12918,.T.);
#12916 = VERTEX_POINT('',#12917);
#12917 = CARTESIAN_POINT('',(-0.16,0.16,-3.));
#12918 = LINE('',#12919,#12920);
#12919 = CARTESIAN_POINT('',(-0.16,0.16,-3.));
#12920 = VECTOR('',#12921,1.);
#12921 = DIRECTION('',(0.57735026919,-0.57735026919,-0.57735026919));
#12922 = ORIENTED_EDGE('',*,*,#12340,.T.);
#12923 = ORIENTED_EDGE('',*,*,#12893,.T.);
#12924 = ORIENTED_EDGE('',*,*,#12925,.F.);
#12925 = EDGE_CURVE('',#12916,#12894,#12926,.T.);
#12926 = LINE('',#12927,#12928);
#12927 = CARTESIAN_POINT('',(-0.32,0.16,-3.));
#12928 = VECTOR('',#12929,1.);
#12929 = DIRECTION('',(1.,0.,0.));
#12930 = PLANE('',#12931);
#12931 = AXIS2_PLACEMENT_3D('',#12932,#12933,#12934);
#12932 = CARTESIAN_POINT('',(-0.32,0.24,-2.92));
#12933 = DIRECTION('',(-1.735167508357E-18,-0.707106781187,
    0.707106781187));
#12934 = DIRECTION('',(-1.,1.226948711654E-18,-1.226948711654E-18));
#12935 = ADVANCED_FACE('',(#12936),#12954,.T.);
#12936 = FACE_BOUND('',#12937,.T.);
#12937 = EDGE_LOOP('',(#12938,#12946,#12947,#12948));
#12938 = ORIENTED_EDGE('',*,*,#12939,.F.);
#12939 = EDGE_CURVE('',#12364,#12940,#12942,.T.);
#12940 = VERTEX_POINT('',#12941);
#12941 = CARTESIAN_POINT('',(-0.16,-0.16,-3.));
#12942 = LINE('',#12943,#12944);
#12943 = CARTESIAN_POINT('',(-0.266666666667,-0.266666666667,
    -2.893333333333));
#12944 = VECTOR('',#12945,1.);
#12945 = DIRECTION('',(0.57735026919,0.57735026919,-0.57735026919));
#12946 = ORIENTED_EDGE('',*,*,#12371,.T.);
#12947 = ORIENTED_EDGE('',*,*,#12915,.T.);
#12948 = ORIENTED_EDGE('',*,*,#12949,.F.);
#12949 = EDGE_CURVE('',#12940,#12916,#12950,.T.);
#12950 = LINE('',#12951,#12952);
#12951 = CARTESIAN_POINT('',(-0.16,-0.32,-3.));
#12952 = VECTOR('',#12953,1.);
#12953 = DIRECTION('',(0.,1.,0.));
#12954 = PLANE('',#12955);
#12955 = AXIS2_PLACEMENT_3D('',#12956,#12957,#12958);
#12956 = CARTESIAN_POINT('',(-0.24,-0.32,-2.92));
#12957 = DIRECTION('',(-0.707106781187,-1.735167508357E-18,
    -0.707106781187));
#12958 = DIRECTION('',(-1.226948711654E-18,1.,-1.226948711654E-18));
#12959 = ADVANCED_FACE('',(#12960),#12971,.T.);
#12960 = FACE_BOUND('',#12961,.F.);
#12961 = EDGE_LOOP('',(#12962,#12963,#12964,#12965));
#12962 = ORIENTED_EDGE('',*,*,#12939,.F.);
#12963 = ORIENTED_EDGE('',*,*,#12388,.T.);
#12964 = ORIENTED_EDGE('',*,*,#12884,.T.);
#12965 = ORIENTED_EDGE('',*,*,#12966,.F.);
#12966 = EDGE_CURVE('',#12940,#12885,#12967,.T.);
#12967 = LINE('',#12968,#12969);
#12968 = CARTESIAN_POINT('',(-0.32,-0.16,-3.));
#12969 = VECTOR('',#12970,1.);
#12970 = DIRECTION('',(1.,0.,0.));
#12971 = PLANE('',#12972);
#12972 = AXIS2_PLACEMENT_3D('',#12973,#12974,#12975);
#12973 = CARTESIAN_POINT('',(-0.32,-0.24,-2.92));
#12974 = DIRECTION('',(1.735167508357E-18,-0.707106781187,
    -0.707106781187));
#12975 = DIRECTION('',(-1.,-1.226948711654E-18,-1.226948711654E-18));
#12976 = ADVANCED_FACE('',(#12977),#13002,.T.);
#12977 = FACE_BOUND('',#12978,.F.);
#12978 = EDGE_LOOP('',(#12979,#12987,#12988,#12996));
#12979 = ORIENTED_EDGE('',*,*,#12980,.F.);
#12980 = EDGE_CURVE('',#12413,#12981,#12983,.T.);
#12981 = VERTEX_POINT('',#12982);
#12982 = CARTESIAN_POINT('',(-0.16,-2.7,-3.));
#12983 = LINE('',#12984,#12985);
#12984 = CARTESIAN_POINT('',(-0.266666666667,-2.806666666667,
    -2.893333333333));
#12985 = VECTOR('',#12986,1.);
#12986 = DIRECTION('',(0.57735026919,0.57735026919,-0.57735026919));
#12987 = ORIENTED_EDGE('',*,*,#12412,.T.);
#12988 = ORIENTED_EDGE('',*,*,#12989,.T.);
#12989 = EDGE_CURVE('',#12405,#12990,#12992,.T.);
#12990 = VERTEX_POINT('',#12991);
#12991 = CARTESIAN_POINT('',(0.16,-2.7,-3.));
#12992 = LINE('',#12993,#12994);
#12993 = CARTESIAN_POINT('',(0.16,-2.7,-3.));
#12994 = VECTOR('',#12995,1.);
#12995 = DIRECTION('',(-0.57735026919,0.57735026919,-0.57735026919));
#12996 = ORIENTED_EDGE('',*,*,#12997,.F.);
#12997 = EDGE_CURVE('',#12981,#12990,#12998,.T.);
#12998 = LINE('',#12999,#13000);
#12999 = CARTESIAN_POINT('',(-0.32,-2.7,-3.));
#13000 = VECTOR('',#13001,1.);
#13001 = DIRECTION('',(1.,0.,0.));
#13002 = PLANE('',#13003);
#13003 = AXIS2_PLACEMENT_3D('',#13004,#13005,#13006);
#13004 = CARTESIAN_POINT('',(-0.32,-2.78,-2.92));
#13005 = DIRECTION('',(1.735167508357E-18,-0.707106781187,
    -0.707106781187));
#13006 = DIRECTION('',(-1.,-1.226948711654E-18,-1.226948711654E-18));
#13007 = ADVANCED_FACE('',(#13008),#13026,.F.);
#13008 = FACE_BOUND('',#13009,.F.);
#13009 = EDGE_LOOP('',(#13010,#13011,#13012,#13020));
#13010 = ORIENTED_EDGE('',*,*,#12989,.F.);
#13011 = ORIENTED_EDGE('',*,*,#12436,.T.);
#13012 = ORIENTED_EDGE('',*,*,#13013,.T.);
#13013 = EDGE_CURVE('',#12437,#13014,#13016,.T.);
#13014 = VERTEX_POINT('',#13015);
#13015 = CARTESIAN_POINT('',(0.16,-2.38,-3.));
#13016 = LINE('',#13017,#13018);
#13017 = CARTESIAN_POINT('',(5.333333333333E-02,-2.486666666667,
    -3.106666666667));
#13018 = VECTOR('',#13019,1.);
#13019 = DIRECTION('',(-0.57735026919,-0.57735026919,-0.57735026919));
#13020 = ORIENTED_EDGE('',*,*,#13021,.F.);
#13021 = EDGE_CURVE('',#12990,#13014,#13022,.T.);
#13022 = LINE('',#13023,#13024);
#13023 = CARTESIAN_POINT('',(0.16,-2.86,-3.));
#13024 = VECTOR('',#13025,1.);
#13025 = DIRECTION('',(0.,1.,0.));
#13026 = PLANE('',#13027);
#13027 = AXIS2_PLACEMENT_3D('',#13028,#13029,#13030);
#13028 = CARTESIAN_POINT('',(0.24,-2.86,-2.92));
#13029 = DIRECTION('',(-0.707106781187,1.735167508357E-18,0.707106781187
    ));
#13030 = DIRECTION('',(1.226948711654E-18,1.,-1.226948711654E-18));
#13031 = ADVANCED_FACE('',(#13032),#13050,.F.);
#13032 = FACE_BOUND('',#13033,.T.);
#13033 = EDGE_LOOP('',(#13034,#13042,#13043,#13044));
#13034 = ORIENTED_EDGE('',*,*,#13035,.F.);
#13035 = EDGE_CURVE('',#12461,#13036,#13038,.T.);
#13036 = VERTEX_POINT('',#13037);
#13037 = CARTESIAN_POINT('',(-0.16,-2.38,-3.));
#13038 = LINE('',#13039,#13040);
#13039 = CARTESIAN_POINT('',(-0.16,-2.38,-3.));
#13040 = VECTOR('',#13041,1.);
#13041 = DIRECTION('',(0.57735026919,-0.57735026919,-0.57735026919));
#13042 = ORIENTED_EDGE('',*,*,#12460,.T.);
#13043 = ORIENTED_EDGE('',*,*,#13013,.T.);
#13044 = ORIENTED_EDGE('',*,*,#13045,.F.);
#13045 = EDGE_CURVE('',#13036,#13014,#13046,.T.);
#13046 = LINE('',#13047,#13048);
#13047 = CARTESIAN_POINT('',(-0.32,-2.38,-3.));
#13048 = VECTOR('',#13049,1.);
#13049 = DIRECTION('',(1.,0.,0.));
#13050 = PLANE('',#13051);
#13051 = AXIS2_PLACEMENT_3D('',#13052,#13053,#13054);
#13052 = CARTESIAN_POINT('',(-0.32,-2.3,-2.92));
#13053 = DIRECTION('',(-1.735167508357E-18,-0.707106781187,
    0.707106781187));
#13054 = DIRECTION('',(-1.,1.226948711654E-18,-1.226948711654E-18));
#13055 = ADVANCED_FACE('',(#13056),#13067,.T.);
#13056 = FACE_BOUND('',#13057,.T.);
#13057 = EDGE_LOOP('',(#13058,#13059,#13060,#13061));
#13058 = ORIENTED_EDGE('',*,*,#12980,.F.);
#13059 = ORIENTED_EDGE('',*,*,#12484,.T.);
#13060 = ORIENTED_EDGE('',*,*,#13035,.T.);
#13061 = ORIENTED_EDGE('',*,*,#13062,.F.);
#13062 = EDGE_CURVE('',#12981,#13036,#13063,.T.);
#13063 = LINE('',#13064,#13065);
#13064 = CARTESIAN_POINT('',(-0.16,-2.86,-3.));
#13065 = VECTOR('',#13066,1.);
#13066 = DIRECTION('',(0.,1.,0.));
#13067 = PLANE('',#13068);
#13068 = AXIS2_PLACEMENT_3D('',#13069,#13070,#13071);
#13069 = CARTESIAN_POINT('',(-0.24,-2.86,-2.92));
#13070 = DIRECTION('',(-0.707106781187,-1.735167508357E-18,
    -0.707106781187));
#13071 = DIRECTION('',(-1.226948711654E-18,1.,-1.226948711654E-18));
#13072 = ADVANCED_FACE('',(#13073),#13098,.F.);
#13073 = FACE_BOUND('',#13074,.T.);
#13074 = EDGE_LOOP('',(#13075,#13083,#13084,#13092));
#13075 = ORIENTED_EDGE('',*,*,#13076,.F.);
#13076 = EDGE_CURVE('',#12509,#13077,#13079,.T.);
#13077 = VERTEX_POINT('',#13078);
#13078 = CARTESIAN_POINT('',(-0.16,-4.92,-3.));
#13079 = LINE('',#13080,#13081);
#13080 = CARTESIAN_POINT('',(-0.16,-4.92,-3.));
#13081 = VECTOR('',#13082,1.);
#13082 = DIRECTION('',(0.57735026919,-0.57735026919,-0.57735026919));
#13083 = ORIENTED_EDGE('',*,*,#12508,.T.);
#13084 = ORIENTED_EDGE('',*,*,#13085,.T.);
#13085 = EDGE_CURVE('',#12501,#13086,#13088,.T.);
#13086 = VERTEX_POINT('',#13087);
#13087 = CARTESIAN_POINT('',(0.16,-4.92,-3.));
#13088 = LINE('',#13089,#13090);
#13089 = CARTESIAN_POINT('',(5.333333333333E-02,-5.026666666667,
    -3.106666666667));
#13090 = VECTOR('',#13091,1.);
#13091 = DIRECTION('',(-0.57735026919,-0.57735026919,-0.57735026919));
#13092 = ORIENTED_EDGE('',*,*,#13093,.F.);
#13093 = EDGE_CURVE('',#13077,#13086,#13094,.T.);
#13094 = LINE('',#13095,#13096);
#13095 = CARTESIAN_POINT('',(-0.32,-4.92,-3.));
#13096 = VECTOR('',#13097,1.);
#13097 = DIRECTION('',(1.,0.,0.));
#13098 = PLANE('',#13099);
#13099 = AXIS2_PLACEMENT_3D('',#13100,#13101,#13102);
#13100 = CARTESIAN_POINT('',(-0.32,-4.84,-2.92));
#13101 = DIRECTION('',(-1.735167508357E-18,-0.707106781187,
    0.707106781187));
#13102 = DIRECTION('',(-1.,1.226948711654E-18,-1.226948711654E-18));
#13103 = ADVANCED_FACE('',(#13104),#13122,.T.);
#13104 = FACE_BOUND('',#13105,.T.);
#13105 = EDGE_LOOP('',(#13106,#13114,#13115,#13116));
#13106 = ORIENTED_EDGE('',*,*,#13107,.F.);
#13107 = EDGE_CURVE('',#12532,#13108,#13110,.T.);
#13108 = VERTEX_POINT('',#13109);
#13109 = CARTESIAN_POINT('',(-0.16,-5.24,-3.));
#13110 = LINE('',#13111,#13112);
#13111 = CARTESIAN_POINT('',(-0.266666666667,-5.346666666667,
    -2.893333333333));
#13112 = VECTOR('',#13113,1.);
#13113 = DIRECTION('',(0.57735026919,0.57735026919,-0.57735026919));
#13114 = ORIENTED_EDGE('',*,*,#12539,.T.);
#13115 = ORIENTED_EDGE('',*,*,#13076,.T.);
#13116 = ORIENTED_EDGE('',*,*,#13117,.F.);
#13117 = EDGE_CURVE('',#13108,#13077,#13118,.T.);
#13118 = LINE('',#13119,#13120);
#13119 = CARTESIAN_POINT('',(-0.16,-5.4,-3.));
#13120 = VECTOR('',#13121,1.);
#13121 = DIRECTION('',(0.,1.,0.));
#13122 = PLANE('',#13123);
#13123 = AXIS2_PLACEMENT_3D('',#13124,#13125,#13126);
#13124 = CARTESIAN_POINT('',(-0.24,-5.4,-2.92));
#13125 = DIRECTION('',(-0.707106781187,-1.735167508357E-18,
    -0.707106781187));
#13126 = DIRECTION('',(-1.226948711654E-18,1.,-1.226948711654E-18));
#13127 = ADVANCED_FACE('',(#13128),#13146,.T.);
#13128 = FACE_BOUND('',#13129,.F.);
#13129 = EDGE_LOOP('',(#13130,#13131,#13132,#13140));
#13130 = ORIENTED_EDGE('',*,*,#13107,.F.);
#13131 = ORIENTED_EDGE('',*,*,#12563,.T.);
#13132 = ORIENTED_EDGE('',*,*,#13133,.T.);
#13133 = EDGE_CURVE('',#12556,#13134,#13136,.T.);
#13134 = VERTEX_POINT('',#13135);
#13135 = CARTESIAN_POINT('',(0.16,-5.24,-3.));
#13136 = LINE('',#13137,#13138);
#13137 = CARTESIAN_POINT('',(0.16,-5.24,-3.));
#13138 = VECTOR('',#13139,1.);
#13139 = DIRECTION('',(-0.57735026919,0.57735026919,-0.57735026919));
#13140 = ORIENTED_EDGE('',*,*,#13141,.F.);
#13141 = EDGE_CURVE('',#13108,#13134,#13142,.T.);
#13142 = LINE('',#13143,#13144);
#13143 = CARTESIAN_POINT('',(-0.32,-5.24,-3.));
#13144 = VECTOR('',#13145,1.);
#13145 = DIRECTION('',(1.,0.,0.));
#13146 = PLANE('',#13147);
#13147 = AXIS2_PLACEMENT_3D('',#13148,#13149,#13150);
#13148 = CARTESIAN_POINT('',(-0.32,-5.32,-2.92));
#13149 = DIRECTION('',(1.735167508357E-18,-0.707106781187,
    -0.707106781187));
#13150 = DIRECTION('',(-1.,-1.226948711654E-18,-1.226948711654E-18));
#13151 = ADVANCED_FACE('',(#13152),#13163,.F.);
#13152 = FACE_BOUND('',#13153,.F.);
#13153 = EDGE_LOOP('',(#13154,#13155,#13156,#13157));
#13154 = ORIENTED_EDGE('',*,*,#13133,.F.);
#13155 = ORIENTED_EDGE('',*,*,#12580,.T.);
#13156 = ORIENTED_EDGE('',*,*,#13085,.T.);
#13157 = ORIENTED_EDGE('',*,*,#13158,.F.);
#13158 = EDGE_CURVE('',#13134,#13086,#13159,.T.);
#13159 = LINE('',#13160,#13161);
#13160 = CARTESIAN_POINT('',(0.16,-5.4,-3.));
#13161 = VECTOR('',#13162,1.);
#13162 = DIRECTION('',(0.,1.,0.));
#13163 = PLANE('',#13164);
#13164 = AXIS2_PLACEMENT_3D('',#13165,#13166,#13167);
#13165 = CARTESIAN_POINT('',(0.24,-5.4,-2.92));
#13166 = DIRECTION('',(-0.707106781187,1.735167508357E-18,0.707106781187
    ));
#13167 = DIRECTION('',(1.226948711654E-18,1.,-1.226948711654E-18));
#13168 = ADVANCED_FACE('',(#13169),#13194,.T.);
#13169 = FACE_BOUND('',#13170,.T.);
#13170 = EDGE_LOOP('',(#13171,#13179,#13180,#13188));
#13171 = ORIENTED_EDGE('',*,*,#13172,.F.);
#13172 = EDGE_CURVE('',#12597,#13173,#13175,.T.);
#13173 = VERTEX_POINT('',#13174);
#13174 = CARTESIAN_POINT('',(0.16,-0.16,8.54));
#13175 = LINE('',#13176,#13177);
#13176 = CARTESIAN_POINT('',(0.16,-0.16,8.54));
#13177 = VECTOR('',#13178,1.);
#13178 = DIRECTION('',(-0.57735026919,0.57735026919,0.57735026919));
#13179 = ORIENTED_EDGE('',*,*,#12613,.T.);
#13180 = ORIENTED_EDGE('',*,*,#13181,.T.);
#13181 = EDGE_CURVE('',#12606,#13182,#13184,.T.);
#13182 = VERTEX_POINT('',#13183);
#13183 = CARTESIAN_POINT('',(0.16,0.16,8.54));
#13184 = LINE('',#13185,#13186);
#13185 = CARTESIAN_POINT('',(5.333333333333E-02,5.333333333333E-02,
    8.646666666667));
#13186 = VECTOR('',#13187,1.);
#13187 = DIRECTION('',(-0.57735026919,-0.57735026919,0.57735026919));
#13188 = ORIENTED_EDGE('',*,*,#13189,.F.);
#13189 = EDGE_CURVE('',#13173,#13182,#13190,.T.);
#13190 = LINE('',#13191,#13192);
#13191 = CARTESIAN_POINT('',(0.16,-0.32,8.54));
#13192 = VECTOR('',#13193,1.);
#13193 = DIRECTION('',(0.,1.,0.));
#13194 = PLANE('',#13195);
#13195 = AXIS2_PLACEMENT_3D('',#13196,#13197,#13198);
#13196 = CARTESIAN_POINT('',(0.24,-0.32,8.46));
#13197 = DIRECTION('',(0.707106781187,-1.735167508357E-18,0.707106781187
    ));
#13198 = DIRECTION('',(1.226948711654E-18,1.,1.226948711654E-18));
#13199 = ADVANCED_FACE('',(#13200),#13218,.T.);
#13200 = FACE_BOUND('',#13201,.F.);
#13201 = EDGE_LOOP('',(#13202,#13210,#13211,#13212));
#13202 = ORIENTED_EDGE('',*,*,#13203,.F.);
#13203 = EDGE_CURVE('',#12630,#13204,#13206,.T.);
#13204 = VERTEX_POINT('',#13205);
#13205 = CARTESIAN_POINT('',(-0.16,0.16,8.54));
#13206 = LINE('',#13207,#13208);
#13207 = CARTESIAN_POINT('',(-0.16,0.16,8.54));
#13208 = VECTOR('',#13209,1.);
#13209 = DIRECTION('',(0.57735026919,-0.57735026919,0.57735026919));
#13210 = ORIENTED_EDGE('',*,*,#12637,.T.);
#13211 = ORIENTED_EDGE('',*,*,#13181,.T.);
#13212 = ORIENTED_EDGE('',*,*,#13213,.F.);
#13213 = EDGE_CURVE('',#13204,#13182,#13214,.T.);
#13214 = LINE('',#13215,#13216);
#13215 = CARTESIAN_POINT('',(-0.32,0.16,8.54));
#13216 = VECTOR('',#13217,1.);
#13217 = DIRECTION('',(1.,0.,0.));
#13218 = PLANE('',#13219);
#13219 = AXIS2_PLACEMENT_3D('',#13220,#13221,#13222);
#13220 = CARTESIAN_POINT('',(-0.32,0.24,8.46));
#13221 = DIRECTION('',(1.735167508357E-18,0.707106781187,0.707106781187)
  );
#13222 = DIRECTION('',(-1.,1.226948711654E-18,1.226948711654E-18));
#13223 = ADVANCED_FACE('',(#13224),#13242,.F.);
#13224 = FACE_BOUND('',#13225,.F.);
#13225 = EDGE_LOOP('',(#13226,#13234,#13235,#13236));
#13226 = ORIENTED_EDGE('',*,*,#13227,.F.);
#13227 = EDGE_CURVE('',#12652,#13228,#13230,.T.);
#13228 = VERTEX_POINT('',#13229);
#13229 = CARTESIAN_POINT('',(-0.16,-0.16,8.54));
#13230 = LINE('',#13231,#13232);
#13231 = CARTESIAN_POINT('',(-0.266666666667,-0.266666666667,
    8.433333333333));
#13232 = VECTOR('',#13233,1.);
#13233 = DIRECTION('',(0.57735026919,0.57735026919,0.57735026919));
#13234 = ORIENTED_EDGE('',*,*,#12661,.T.);
#13235 = ORIENTED_EDGE('',*,*,#13203,.T.);
#13236 = ORIENTED_EDGE('',*,*,#13237,.F.);
#13237 = EDGE_CURVE('',#13228,#13204,#13238,.T.);
#13238 = LINE('',#13239,#13240);
#13239 = CARTESIAN_POINT('',(-0.16,-0.32,8.54));
#13240 = VECTOR('',#13241,1.);
#13241 = DIRECTION('',(0.,1.,0.));
#13242 = PLANE('',#13243);
#13243 = AXIS2_PLACEMENT_3D('',#13244,#13245,#13246);
#13244 = CARTESIAN_POINT('',(-0.24,-0.32,8.46));
#13245 = DIRECTION('',(0.707106781187,1.735167508357E-18,-0.707106781187
    ));
#13246 = DIRECTION('',(-1.226948711654E-18,1.,1.226948711654E-18));
#13247 = ADVANCED_FACE('',(#13248),#13259,.F.);
#13248 = FACE_BOUND('',#13249,.T.);
#13249 = EDGE_LOOP('',(#13250,#13251,#13252,#13253));
#13250 = ORIENTED_EDGE('',*,*,#13227,.F.);
#13251 = ORIENTED_EDGE('',*,*,#12678,.T.);
#13252 = ORIENTED_EDGE('',*,*,#13172,.T.);
#13253 = ORIENTED_EDGE('',*,*,#13254,.F.);
#13254 = EDGE_CURVE('',#13228,#13173,#13255,.T.);
#13255 = LINE('',#13256,#13257);
#13256 = CARTESIAN_POINT('',(-0.32,-0.16,8.54));
#13257 = VECTOR('',#13258,1.);
#13258 = DIRECTION('',(1.,0.,0.));
#13259 = PLANE('',#13260);
#13260 = AXIS2_PLACEMENT_3D('',#13261,#13262,#13263);
#13261 = CARTESIAN_POINT('',(-0.32,-0.24,8.46));
#13262 = DIRECTION('',(-1.735167508357E-18,0.707106781187,
    -0.707106781187));
#13263 = DIRECTION('',(-1.,-1.226948711654E-18,1.226948711654E-18));
#13264 = ADVANCED_FACE('',(#13265),#13290,.F.);
#13265 = FACE_BOUND('',#13266,.T.);
#13266 = EDGE_LOOP('',(#13267,#13275,#13276,#13284));
#13267 = ORIENTED_EDGE('',*,*,#13268,.F.);
#13268 = EDGE_CURVE('',#12702,#13269,#13271,.T.);
#13269 = VERTEX_POINT('',#13270);
#13270 = CARTESIAN_POINT('',(-0.16,-2.7,8.54));
#13271 = LINE('',#13272,#13273);
#13272 = CARTESIAN_POINT('',(-0.266666666667,-2.806666666667,
    8.433333333333));
#13273 = VECTOR('',#13274,1.);
#13274 = DIRECTION('',(0.57735026919,0.57735026919,0.57735026919));
#13275 = ORIENTED_EDGE('',*,*,#12709,.T.);
#13276 = ORIENTED_EDGE('',*,*,#13277,.T.);
#13277 = EDGE_CURVE('',#12693,#13278,#13280,.T.);
#13278 = VERTEX_POINT('',#13279);
#13279 = CARTESIAN_POINT('',(0.16,-2.7,8.54));
#13280 = LINE('',#13281,#13282);
#13281 = CARTESIAN_POINT('',(0.16,-2.7,8.54));
#13282 = VECTOR('',#13283,1.);
#13283 = DIRECTION('',(-0.57735026919,0.57735026919,0.57735026919));
#13284 = ORIENTED_EDGE('',*,*,#13285,.F.);
#13285 = EDGE_CURVE('',#13269,#13278,#13286,.T.);
#13286 = LINE('',#13287,#13288);
#13287 = CARTESIAN_POINT('',(-0.32,-2.7,8.54));
#13288 = VECTOR('',#13289,1.);
#13289 = DIRECTION('',(1.,0.,0.));
#13290 = PLANE('',#13291);
#13291 = AXIS2_PLACEMENT_3D('',#13292,#13293,#13294);
#13292 = CARTESIAN_POINT('',(-0.32,-2.78,8.46));
#13293 = DIRECTION('',(-1.735167508357E-18,0.707106781187,
    -0.707106781187));
#13294 = DIRECTION('',(-1.,-1.226948711654E-18,1.226948711654E-18));
#13295 = ADVANCED_FACE('',(#13296),#13314,.T.);
#13296 = FACE_BOUND('',#13297,.T.);
#13297 = EDGE_LOOP('',(#13298,#13299,#13300,#13308));
#13298 = ORIENTED_EDGE('',*,*,#13277,.F.);
#13299 = ORIENTED_EDGE('',*,*,#12733,.T.);
#13300 = ORIENTED_EDGE('',*,*,#13301,.T.);
#13301 = EDGE_CURVE('',#12726,#13302,#13304,.T.);
#13302 = VERTEX_POINT('',#13303);
#13303 = CARTESIAN_POINT('',(0.16,-2.38,8.54));
#13304 = LINE('',#13305,#13306);
#13305 = CARTESIAN_POINT('',(5.333333333333E-02,-2.486666666667,
    8.646666666667));
#13306 = VECTOR('',#13307,1.);
#13307 = DIRECTION('',(-0.57735026919,-0.57735026919,0.57735026919));
#13308 = ORIENTED_EDGE('',*,*,#13309,.F.);
#13309 = EDGE_CURVE('',#13278,#13302,#13310,.T.);
#13310 = LINE('',#13311,#13312);
#13311 = CARTESIAN_POINT('',(0.16,-2.86,8.54));
#13312 = VECTOR('',#13313,1.);
#13313 = DIRECTION('',(0.,1.,0.));
#13314 = PLANE('',#13315);
#13315 = AXIS2_PLACEMENT_3D('',#13316,#13317,#13318);
#13316 = CARTESIAN_POINT('',(0.24,-2.86,8.46));
#13317 = DIRECTION('',(0.707106781187,-1.735167508357E-18,0.707106781187
    ));
#13318 = DIRECTION('',(1.226948711654E-18,1.,1.226948711654E-18));
#13319 = ADVANCED_FACE('',(#13320),#13338,.T.);
#13320 = FACE_BOUND('',#13321,.F.);
#13321 = EDGE_LOOP('',(#13322,#13330,#13331,#13332));
#13322 = ORIENTED_EDGE('',*,*,#13323,.F.);
#13323 = EDGE_CURVE('',#12750,#13324,#13326,.T.);
#13324 = VERTEX_POINT('',#13325);
#13325 = CARTESIAN_POINT('',(-0.16,-2.38,8.54));
#13326 = LINE('',#13327,#13328);
#13327 = CARTESIAN_POINT('',(-0.16,-2.38,8.54));
#13328 = VECTOR('',#13329,1.);
#13329 = DIRECTION('',(0.57735026919,-0.57735026919,0.57735026919));
#13330 = ORIENTED_EDGE('',*,*,#12757,.T.);
#13331 = ORIENTED_EDGE('',*,*,#13301,.T.);
#13332 = ORIENTED_EDGE('',*,*,#13333,.F.);
#13333 = EDGE_CURVE('',#13324,#13302,#13334,.T.);
#13334 = LINE('',#13335,#13336);
#13335 = CARTESIAN_POINT('',(-0.32,-2.38,8.54));
#13336 = VECTOR('',#13337,1.);
#13337 = DIRECTION('',(1.,0.,0.));
#13338 = PLANE('',#13339);
#13339 = AXIS2_PLACEMENT_3D('',#13340,#13341,#13342);
#13340 = CARTESIAN_POINT('',(-0.32,-2.3,8.46));
#13341 = DIRECTION('',(1.735167508357E-18,0.707106781187,0.707106781187)
  );
#13342 = DIRECTION('',(-1.,1.226948711654E-18,1.226948711654E-18));
#13343 = ADVANCED_FACE('',(#13344),#13355,.F.);
#13344 = FACE_BOUND('',#13345,.F.);
#13345 = EDGE_LOOP('',(#13346,#13347,#13348,#13349));
#13346 = ORIENTED_EDGE('',*,*,#13268,.F.);
#13347 = ORIENTED_EDGE('',*,*,#12774,.T.);
#13348 = ORIENTED_EDGE('',*,*,#13323,.T.);
#13349 = ORIENTED_EDGE('',*,*,#13350,.F.);
#13350 = EDGE_CURVE('',#13269,#13324,#13351,.T.);
#13351 = LINE('',#13352,#13353);
#13352 = CARTESIAN_POINT('',(-0.16,-2.86,8.54));
#13353 = VECTOR('',#13354,1.);
#13354 = DIRECTION('',(0.,1.,0.));
#13355 = PLANE('',#13356);
#13356 = AXIS2_PLACEMENT_3D('',#13357,#13358,#13359);
#13357 = CARTESIAN_POINT('',(-0.24,-2.86,8.46));
#13358 = DIRECTION('',(0.707106781187,1.735167508357E-18,-0.707106781187
    ));
#13359 = DIRECTION('',(-1.226948711654E-18,1.,1.226948711654E-18));
#13360 = ADVANCED_FACE('',(#13361),#13386,.T.);
#13361 = FACE_BOUND('',#13362,.F.);
#13362 = EDGE_LOOP('',(#13363,#13371,#13372,#13380));
#13363 = ORIENTED_EDGE('',*,*,#13364,.F.);
#13364 = EDGE_CURVE('',#12798,#13365,#13367,.T.);
#13365 = VERTEX_POINT('',#13366);
#13366 = CARTESIAN_POINT('',(-0.16,-4.92,8.54));
#13367 = LINE('',#13368,#13369);
#13368 = CARTESIAN_POINT('',(-0.16,-4.92,8.54));
#13369 = VECTOR('',#13370,1.);
#13370 = DIRECTION('',(0.57735026919,-0.57735026919,0.57735026919));
#13371 = ORIENTED_EDGE('',*,*,#12805,.T.);
#13372 = ORIENTED_EDGE('',*,*,#13373,.T.);
#13373 = EDGE_CURVE('',#12789,#13374,#13376,.T.);
#13374 = VERTEX_POINT('',#13375);
#13375 = CARTESIAN_POINT('',(0.16,-4.92,8.54));
#13376 = LINE('',#13377,#13378);
#13377 = CARTESIAN_POINT('',(5.333333333333E-02,-5.026666666667,
    8.646666666667));
#13378 = VECTOR('',#13379,1.);
#13379 = DIRECTION('',(-0.57735026919,-0.57735026919,0.57735026919));
#13380 = ORIENTED_EDGE('',*,*,#13381,.F.);
#13381 = EDGE_CURVE('',#13365,#13374,#13382,.T.);
#13382 = LINE('',#13383,#13384);
#13383 = CARTESIAN_POINT('',(-0.32,-4.92,8.54));
#13384 = VECTOR('',#13385,1.);
#13385 = DIRECTION('',(1.,0.,0.));
#13386 = PLANE('',#13387);
#13387 = AXIS2_PLACEMENT_3D('',#13388,#13389,#13390);
#13388 = CARTESIAN_POINT('',(-0.32,-4.84,8.46));
#13389 = DIRECTION('',(1.735167508357E-18,0.707106781187,0.707106781187)
  );
#13390 = DIRECTION('',(-1.,1.226948711654E-18,1.226948711654E-18));
#13391 = ADVANCED_FACE('',(#13392),#13410,.F.);
#13392 = FACE_BOUND('',#13393,.F.);
#13393 = EDGE_LOOP('',(#13394,#13402,#13403,#13404));
#13394 = ORIENTED_EDGE('',*,*,#13395,.F.);
#13395 = EDGE_CURVE('',#12820,#13396,#13398,.T.);
#13396 = VERTEX_POINT('',#13397);
#13397 = CARTESIAN_POINT('',(-0.16,-5.24,8.54));
#13398 = LINE('',#13399,#13400);
#13399 = CARTESIAN_POINT('',(-0.266666666667,-5.346666666667,
    8.433333333333));
#13400 = VECTOR('',#13401,1.);
#13401 = DIRECTION('',(0.57735026919,0.57735026919,0.57735026919));
#13402 = ORIENTED_EDGE('',*,*,#12829,.T.);
#13403 = ORIENTED_EDGE('',*,*,#13364,.T.);
#13404 = ORIENTED_EDGE('',*,*,#13405,.F.);
#13405 = EDGE_CURVE('',#13396,#13365,#13406,.T.);
#13406 = LINE('',#13407,#13408);
#13407 = CARTESIAN_POINT('',(-0.16,-5.4,8.54));
#13408 = VECTOR('',#13409,1.);
#13409 = DIRECTION('',(0.,1.,0.));
#13410 = PLANE('',#13411);
#13411 = AXIS2_PLACEMENT_3D('',#13412,#13413,#13414);
#13412 = CARTESIAN_POINT('',(-0.24,-5.4,8.46));
#13413 = DIRECTION('',(0.707106781187,1.735167508357E-18,-0.707106781187
    ));
#13414 = DIRECTION('',(-1.226948711654E-18,1.,1.226948711654E-18));
#13415 = ADVANCED_FACE('',(#13416),#13434,.F.);
#13416 = FACE_BOUND('',#13417,.T.);
#13417 = EDGE_LOOP('',(#13418,#13419,#13420,#13428));
#13418 = ORIENTED_EDGE('',*,*,#13395,.F.);
#13419 = ORIENTED_EDGE('',*,*,#12853,.T.);
#13420 = ORIENTED_EDGE('',*,*,#13421,.T.);
#13421 = EDGE_CURVE('',#12844,#13422,#13424,.T.);
#13422 = VERTEX_POINT('',#13423);
#13423 = CARTESIAN_POINT('',(0.16,-5.24,8.54));
#13424 = LINE('',#13425,#13426);
#13425 = CARTESIAN_POINT('',(0.16,-5.24,8.54));
#13426 = VECTOR('',#13427,1.);
#13427 = DIRECTION('',(-0.57735026919,0.57735026919,0.57735026919));
#13428 = ORIENTED_EDGE('',*,*,#13429,.F.);
#13429 = EDGE_CURVE('',#13396,#13422,#13430,.T.);
#13430 = LINE('',#13431,#13432);
#13431 = CARTESIAN_POINT('',(-0.32,-5.24,8.54));
#13432 = VECTOR('',#13433,1.);
#13433 = DIRECTION('',(1.,0.,0.));
#13434 = PLANE('',#13435);
#13435 = AXIS2_PLACEMENT_3D('',#13436,#13437,#13438);
#13436 = CARTESIAN_POINT('',(-0.32,-5.32,8.46));
#13437 = DIRECTION('',(-1.735167508357E-18,0.707106781187,
    -0.707106781187));
#13438 = DIRECTION('',(-1.,-1.226948711654E-18,1.226948711654E-18));
#13439 = ADVANCED_FACE('',(#13440),#13451,.T.);
#13440 = FACE_BOUND('',#13441,.T.);
#13441 = EDGE_LOOP('',(#13442,#13443,#13444,#13445));
#13442 = ORIENTED_EDGE('',*,*,#13421,.F.);
#13443 = ORIENTED_EDGE('',*,*,#12870,.T.);
#13444 = ORIENTED_EDGE('',*,*,#13373,.T.);
#13445 = ORIENTED_EDGE('',*,*,#13446,.F.);
#13446 = EDGE_CURVE('',#13422,#13374,#13447,.T.);
#13447 = LINE('',#13448,#13449);
#13448 = CARTESIAN_POINT('',(0.16,-5.4,8.54));
#13449 = VECTOR('',#13450,1.);
#13450 = DIRECTION('',(0.,1.,0.));
#13451 = PLANE('',#13452);
#13452 = AXIS2_PLACEMENT_3D('',#13453,#13454,#13455);
#13453 = CARTESIAN_POINT('',(0.24,-5.4,8.46));
#13454 = DIRECTION('',(0.707106781187,-1.735167508357E-18,0.707106781187
    ));
#13455 = DIRECTION('',(1.226948711654E-18,1.,1.226948711654E-18));
#13456 = ADVANCED_FACE('',(#13457),#13463,.F.);
#13457 = FACE_BOUND('',#13458,.F.);
#13458 = EDGE_LOOP('',(#13459,#13460,#13461,#13462));
#13459 = ORIENTED_EDGE('',*,*,#12925,.F.);
#13460 = ORIENTED_EDGE('',*,*,#12949,.F.);
#13461 = ORIENTED_EDGE('',*,*,#12966,.T.);
#13462 = ORIENTED_EDGE('',*,*,#12901,.T.);
#13463 = PLANE('',#13464);
#13464 = AXIS2_PLACEMENT_3D('',#13465,#13466,#13467);
#13465 = CARTESIAN_POINT('',(-0.32,-0.32,-3.));
#13466 = DIRECTION('',(0.,0.,1.));
#13467 = DIRECTION('',(1.,0.,-0.));
#13468 = ADVANCED_FACE('',(#13469),#13475,.F.);
#13469 = FACE_BOUND('',#13470,.F.);
#13470 = EDGE_LOOP('',(#13471,#13472,#13473,#13474));
#13471 = ORIENTED_EDGE('',*,*,#13045,.F.);
#13472 = ORIENTED_EDGE('',*,*,#13062,.F.);
#13473 = ORIENTED_EDGE('',*,*,#12997,.T.);
#13474 = ORIENTED_EDGE('',*,*,#13021,.T.);
#13475 = PLANE('',#13476);
#13476 = AXIS2_PLACEMENT_3D('',#13477,#13478,#13479);
#13477 = CARTESIAN_POINT('',(-0.32,-2.86,-3.));
#13478 = DIRECTION('',(0.,0.,1.));
#13479 = DIRECTION('',(1.,0.,-0.));
#13480 = ADVANCED_FACE('',(#13481),#13487,.F.);
#13481 = FACE_BOUND('',#13482,.F.);
#13482 = EDGE_LOOP('',(#13483,#13484,#13485,#13486));
#13483 = ORIENTED_EDGE('',*,*,#13093,.F.);
#13484 = ORIENTED_EDGE('',*,*,#13117,.F.);
#13485 = ORIENTED_EDGE('',*,*,#13141,.T.);
#13486 = ORIENTED_EDGE('',*,*,#13158,.T.);
#13487 = PLANE('',#13488);
#13488 = AXIS2_PLACEMENT_3D('',#13489,#13490,#13491);
#13489 = CARTESIAN_POINT('',(-0.32,-5.4,-3.));
#13490 = DIRECTION('',(0.,0.,1.));
#13491 = DIRECTION('',(1.,0.,-0.));
#13492 = ADVANCED_FACE('',(#13493),#13499,.T.);
#13493 = FACE_BOUND('',#13494,.T.);
#13494 = EDGE_LOOP('',(#13495,#13496,#13497,#13498));
#13495 = ORIENTED_EDGE('',*,*,#13254,.T.);
#13496 = ORIENTED_EDGE('',*,*,#13189,.T.);
#13497 = ORIENTED_EDGE('',*,*,#13213,.F.);
#13498 = ORIENTED_EDGE('',*,*,#13237,.F.);
#13499 = PLANE('',#13500);
#13500 = AXIS2_PLACEMENT_3D('',#13501,#13502,#13503);
#13501 = CARTESIAN_POINT('',(-0.32,-0.32,8.54));
#13502 = DIRECTION('',(0.,0.,1.));
#13503 = DIRECTION('',(1.,0.,-0.));
#13504 = ADVANCED_FACE('',(#13505),#13511,.T.);
#13505 = FACE_BOUND('',#13506,.T.);
#13506 = EDGE_LOOP('',(#13507,#13508,#13509,#13510));
#13507 = ORIENTED_EDGE('',*,*,#13285,.T.);
#13508 = ORIENTED_EDGE('',*,*,#13309,.T.);
#13509 = ORIENTED_EDGE('',*,*,#13333,.F.);
#13510 = ORIENTED_EDGE('',*,*,#13350,.F.);
#13511 = PLANE('',#13512);
#13512 = AXIS2_PLACEMENT_3D('',#13513,#13514,#13515);
#13513 = CARTESIAN_POINT('',(-0.32,-2.86,8.54));
#13514 = DIRECTION('',(0.,0.,1.));
#13515 = DIRECTION('',(1.,0.,-0.));
#13516 = ADVANCED_FACE('',(#13517),#13523,.T.);
#13517 = FACE_BOUND('',#13518,.T.);
#13518 = EDGE_LOOP('',(#13519,#13520,#13521,#13522));
#13519 = ORIENTED_EDGE('',*,*,#13429,.T.);
#13520 = ORIENTED_EDGE('',*,*,#13446,.T.);
#13521 = ORIENTED_EDGE('',*,*,#13381,.F.);
#13522 = ORIENTED_EDGE('',*,*,#13405,.F.);
#13523 = PLANE('',#13524);
#13524 = AXIS2_PLACEMENT_3D('',#13525,#13526,#13527);
#13525 = CARTESIAN_POINT('',(-0.32,-5.4,8.54));
#13526 = DIRECTION('',(0.,0.,1.));
#13527 = DIRECTION('',(1.,0.,-0.));
#13528 = ( GEOMETRIC_REPRESENTATION_CONTEXT(3) 
GLOBAL_UNCERTAINTY_ASSIGNED_CONTEXT((#13532)) 
GLOBAL_UNIT_ASSIGNED_CONTEXT((#13529,#13530,#13531)) 
REPRESENTATION_CONTEXT('Context #1',
  '3D Context with UNIT and UNCERTAINTY') );
#13529 = ( LENGTH_UNIT() NAMED_UNIT(*) SI_UNIT(.MILLI.,.METRE.) );
#13530 = ( NAMED_UNIT(*) PLANE_ANGLE_UNIT() SI_UNIT($,.RADIAN.) );
#13531 = ( NAMED_UNIT(*) SI_UNIT($,.STERADIAN.) SOLID_ANGLE_UNIT() );
#13532 = UNCERTAINTY_MEASURE_WITH_UNIT(LENGTH_MEASURE(1.E-07),#13529,
  'distance_accuracy_value','confusion accuracy');
#13533 = CONTEXT_DEPENDENT_SHAPE_REPRESENTATION(#13534,#13536);
#13534 = ( REPRESENTATION_RELATIONSHIP('','',#11421,#10) 
REPRESENTATION_RELATIONSHIP_WITH_TRANSFORMATION(#13535) 
SHAPE_REPRESENTATION_RELATIONSHIP() );
#13535 = ITEM_DEFINED_TRANSFORMATION('','',#11,#43);
#13536 = PRODUCT_DEFINITION_SHAPE('Placement','Placement of an item',
  #13537);
#13537 = NEXT_ASSEMBLY_USAGE_OCCURRENCE('8','J1','',#5,#11416,$);
#13538 = PRODUCT_RELATED_PRODUCT_CATEGORY('part',$,(#11418));
#13539 = SHAPE_DEFINITION_REPRESENTATION(#13540,#13546);
#13540 = PRODUCT_DEFINITION_SHAPE('','',#13541);
#13541 = PRODUCT_DEFINITION('design','',#13542,#13545);
#13542 = PRODUCT_DEFINITION_FORMATION('','',#13543);
#13543 = PRODUCT('','','',(
    #13544));
#13544 = PRODUCT_CONTEXT('',#2,'mechanical');
#13545 = PRODUCT_DEFINITION_CONTEXT('part definition',#2,'design');
#13546 = ADVANCED_BREP_SHAPE_REPRESENTATION('',(#11,#13547),#14282);
#13547 = MANIFOLD_SOLID_BREP('',#13548);
#13548 = CLOSED_SHELL('',(#13549,#13589,#13620,#13651,#13833,#14015,
    #14027,#14044,#14061,#14078,#14095,#14112,#14129,#14146,#14163,
    #14180,#14197,#14214,#14231,#14248,#14265));
#13549 = ADVANCED_FACE('',(#13550),#13584,.T.);
#13550 = FACE_BOUND('',#13551,.T.);
#13551 = EDGE_LOOP('',(#13552,#13562,#13570,#13578));
#13552 = ORIENTED_EDGE('',*,*,#13553,.T.);
#13553 = EDGE_CURVE('',#13554,#13556,#13558,.T.);
#13554 = VERTEX_POINT('',#13555);
#13555 = CARTESIAN_POINT('',(47.,-0.,0.));
#13556 = VERTEX_POINT('',#13557);
#13557 = CARTESIAN_POINT('',(47.,0.,1.51));
#13558 = LINE('',#13559,#13560);
#13559 = CARTESIAN_POINT('',(47.,-0.,0.));
#13560 = VECTOR('',#13561,1.);
#13561 = DIRECTION('',(0.,0.,1.));
#13562 = ORIENTED_EDGE('',*,*,#13563,.T.);
#13563 = EDGE_CURVE('',#13556,#13564,#13566,.T.);
#13564 = VERTEX_POINT('',#13565);
#13565 = CARTESIAN_POINT('',(0.,0.,1.51));
#13566 = LINE('',#13567,#13568);
#13567 = CARTESIAN_POINT('',(47.,0.,1.51));
#13568 = VECTOR('',#13569,1.);
#13569 = DIRECTION('',(-1.,0.,0.));
#13570 = ORIENTED_EDGE('',*,*,#13571,.F.);
#13571 = EDGE_CURVE('',#13572,#13564,#13574,.T.);
#13572 = VERTEX_POINT('',#13573);
#13573 = CARTESIAN_POINT('',(0.,-0.,0.));
#13574 = LINE('',#13575,#13576);
#13575 = CARTESIAN_POINT('',(0.,-0.,0.));
#13576 = VECTOR('',#13577,1.);
#13577 = DIRECTION('',(0.,0.,1.));
#13578 = ORIENTED_EDGE('',*,*,#13579,.F.);
#13579 = EDGE_CURVE('',#13554,#13572,#13580,.T.);
#13580 = LINE('',#13581,#13582);
#13581 = CARTESIAN_POINT('',(47.,-0.,0.));
#13582 = VECTOR('',#13583,1.);
#13583 = DIRECTION('',(-1.,0.,0.));
#13584 = PLANE('',#13585);
#13585 = AXIS2_PLACEMENT_3D('',#13586,#13587,#13588);
#13586 = CARTESIAN_POINT('',(47.,0.,0.));
#13587 = DIRECTION('',(0.,-1.,0.));
#13588 = DIRECTION('',(-1.,0.,0.));
#13589 = ADVANCED_FACE('',(#13590),#13615,.T.);
#13590 = FACE_BOUND('',#13591,.T.);
#13591 = EDGE_LOOP('',(#13592,#13602,#13608,#13609));
#13592 = ORIENTED_EDGE('',*,*,#13593,.T.);
#13593 = EDGE_CURVE('',#13594,#13596,#13598,.T.);
#13594 = VERTEX_POINT('',#13595);
#13595 = CARTESIAN_POINT('',(47.,27.,0.));
#13596 = VERTEX_POINT('',#13597);
#13597 = CARTESIAN_POINT('',(47.,27.,1.51));
#13598 = LINE('',#13599,#13600);
#13599 = CARTESIAN_POINT('',(47.,27.,0.));
#13600 = VECTOR('',#13601,1.);
#13601 = DIRECTION('',(0.,0.,1.));
#13602 = ORIENTED_EDGE('',*,*,#13603,.T.);
#13603 = EDGE_CURVE('',#13596,#13556,#13604,.T.);
#13604 = LINE('',#13605,#13606);
#13605 = CARTESIAN_POINT('',(47.,27.,1.51));
#13606 = VECTOR('',#13607,1.);
#13607 = DIRECTION('',(0.,-1.,0.));
#13608 = ORIENTED_EDGE('',*,*,#13553,.F.);
#13609 = ORIENTED_EDGE('',*,*,#13610,.F.);
#13610 = EDGE_CURVE('',#13594,#13554,#13611,.T.);
#13611 = LINE('',#13612,#13613);
#13612 = CARTESIAN_POINT('',(47.,27.,0.));
#13613 = VECTOR('',#13614,1.);
#13614 = DIRECTION('',(0.,-1.,0.));
#13615 = PLANE('',#13616);
#13616 = AXIS2_PLACEMENT_3D('',#13617,#13618,#13619);
#13617 = CARTESIAN_POINT('',(47.,27.,0.));
#13618 = DIRECTION('',(1.,0.,-0.));
#13619 = DIRECTION('',(0.,-1.,0.));
#13620 = ADVANCED_FACE('',(#13621),#13646,.T.);
#13621 = FACE_BOUND('',#13622,.T.);
#13622 = EDGE_LOOP('',(#13623,#13624,#13632,#13640));
#13623 = ORIENTED_EDGE('',*,*,#13571,.T.);
#13624 = ORIENTED_EDGE('',*,*,#13625,.T.);
#13625 = EDGE_CURVE('',#13564,#13626,#13628,.T.);
#13626 = VERTEX_POINT('',#13627);
#13627 = CARTESIAN_POINT('',(0.,27.,1.51));
#13628 = LINE('',#13629,#13630);
#13629 = CARTESIAN_POINT('',(0.,0.,1.51));
#13630 = VECTOR('',#13631,1.);
#13631 = DIRECTION('',(0.,1.,0.));
#13632 = ORIENTED_EDGE('',*,*,#13633,.F.);
#13633 = EDGE_CURVE('',#13634,#13626,#13636,.T.);
#13634 = VERTEX_POINT('',#13635);
#13635 = CARTESIAN_POINT('',(0.,27.,0.));
#13636 = LINE('',#13637,#13638);
#13637 = CARTESIAN_POINT('',(0.,27.,0.));
#13638 = VECTOR('',#13639,1.);
#13639 = DIRECTION('',(0.,0.,1.));
#13640 = ORIENTED_EDGE('',*,*,#13641,.F.);
#13641 = EDGE_CURVE('',#13572,#13634,#13642,.T.);
#13642 = LINE('',#13643,#13644);
#13643 = CARTESIAN_POINT('',(0.,-0.,0.));
#13644 = VECTOR('',#13645,1.);
#13645 = DIRECTION('',(0.,1.,0.));
#13646 = PLANE('',#13647);
#13647 = AXIS2_PLACEMENT_3D('',#13648,#13649,#13650);
#13648 = CARTESIAN_POINT('',(0.,0.,0.));
#13649 = DIRECTION('',(-1.,0.,0.));
#13650 = DIRECTION('',(0.,1.,0.));
#13651 = ADVANCED_FACE('',(#13652,#13663,#13674,#13685,#13696,#13707,
    #13718,#13729,#13740,#13751,#13762,#13773,#13784,#13795,#13806,
    #13817),#13828,.F.);
#13652 = FACE_BOUND('',#13653,.F.);
#13653 = EDGE_LOOP('',(#13654,#13655,#13656,#13662));
#13654 = ORIENTED_EDGE('',*,*,#13579,.F.);
#13655 = ORIENTED_EDGE('',*,*,#13610,.F.);
#13656 = ORIENTED_EDGE('',*,*,#13657,.F.);
#13657 = EDGE_CURVE('',#13634,#13594,#13658,.T.);
#13658 = LINE('',#13659,#13660);
#13659 = CARTESIAN_POINT('',(0.,27.,0.));
#13660 = VECTOR('',#13661,1.);
#13661 = DIRECTION('',(1.,0.,0.));
#13662 = ORIENTED_EDGE('',*,*,#13641,.F.);
#13663 = FACE_BOUND('',#13664,.F.);
#13664 = EDGE_LOOP('',(#13665));
#13665 = ORIENTED_EDGE('',*,*,#13666,.T.);
#13666 = EDGE_CURVE('',#13667,#13667,#13669,.T.);
#13667 = VERTEX_POINT('',#13668);
#13668 = CARTESIAN_POINT('',(3.5,1.9,0.));
#13669 = CIRCLE('',#13670,1.6);
#13670 = AXIS2_PLACEMENT_3D('',#13671,#13672,#13673);
#13671 = CARTESIAN_POINT('',(3.5,3.5,0.));
#13672 = DIRECTION('',(-0.,0.,-1.));
#13673 = DIRECTION('',(-0.,-1.,0.));
#13674 = FACE_BOUND('',#13675,.F.);
#13675 = EDGE_LOOP('',(#13676));
#13676 = ORIENTED_EDGE('',*,*,#13677,.T.);
#13677 = EDGE_CURVE('',#13678,#13678,#13680,.T.);
#13678 = VERTEX_POINT('',#13679);
#13679 = CARTESIAN_POINT('',(15.,6.85,0.));
#13680 = CIRCLE('',#13681,0.65);
#13681 = AXIS2_PLACEMENT_3D('',#13682,#13683,#13684);
#13682 = CARTESIAN_POINT('',(15.,7.5,0.));
#13683 = DIRECTION('',(-0.,0.,-1.));
#13684 = DIRECTION('',(-0.,-1.,0.));
#13685 = FACE_BOUND('',#13686,.F.);
#13686 = EDGE_LOOP('',(#13687));
#13687 = ORIENTED_EDGE('',*,*,#13688,.T.);
#13688 = EDGE_CURVE('',#13689,#13689,#13691,.T.);
#13689 = VERTEX_POINT('',#13690);
#13690 = CARTESIAN_POINT('',(4.,10.445,0.));
#13691 = CIRCLE('',#13692,0.5);
#13692 = AXIS2_PLACEMENT_3D('',#13693,#13694,#13695);
#13693 = CARTESIAN_POINT('',(4.,10.945,0.));
#13694 = DIRECTION('',(-0.,0.,-1.));
#13695 = DIRECTION('',(-0.,-1.,0.));
#13696 = FACE_BOUND('',#13697,.F.);
#13697 = EDGE_LOOP('',(#13698));
#13698 = ORIENTED_EDGE('',*,*,#13699,.T.);
#13699 = EDGE_CURVE('',#13700,#13700,#13702,.T.);
#13700 = VERTEX_POINT('',#13701);
#13701 = CARTESIAN_POINT('',(4.,12.985,0.));
#13702 = CIRCLE('',#13703,0.5);
#13703 = AXIS2_PLACEMENT_3D('',#13704,#13705,#13706);
#13704 = CARTESIAN_POINT('',(4.,13.485,0.));
#13705 = DIRECTION('',(-0.,0.,-1.));
#13706 = DIRECTION('',(-0.,-1.,0.));
#13707 = FACE_BOUND('',#13708,.F.);
#13708 = EDGE_LOOP('',(#13709));
#13709 = ORIENTED_EDGE('',*,*,#13710,.T.);
#13710 = EDGE_CURVE('',#13711,#13711,#13713,.T.);
#13711 = VERTEX_POINT('',#13712);
#13712 = CARTESIAN_POINT('',(27.2,6.85,0.));
#13713 = CIRCLE('',#13714,0.65);
#13714 = AXIS2_PLACEMENT_3D('',#13715,#13716,#13717);
#13715 = CARTESIAN_POINT('',(27.2,7.5,0.));
#13716 = DIRECTION('',(-0.,0.,-1.));
#13717 = DIRECTION('',(-5.465713352001E-15,-1.,0.));
#13718 = FACE_BOUND('',#13719,.F.);
#13719 = EDGE_LOOP('',(#13720));
#13720 = ORIENTED_EDGE('',*,*,#13721,.T.);
#13721 = EDGE_CURVE('',#13722,#13722,#13724,.T.);
#13722 = VERTEX_POINT('',#13723);
#13723 = CARTESIAN_POINT('',(43.5,1.9,0.));
#13724 = CIRCLE('',#13725,1.6);
#13725 = AXIS2_PLACEMENT_3D('',#13726,#13727,#13728);
#13726 = CARTESIAN_POINT('',(43.5,3.5,0.));
#13727 = DIRECTION('',(-0.,0.,-1.));
#13728 = DIRECTION('',(-0.,-1.,0.));
#13729 = FACE_BOUND('',#13730,.F.);
#13730 = EDGE_LOOP('',(#13731));
#13731 = ORIENTED_EDGE('',*,*,#13732,.T.);
#13732 = EDGE_CURVE('',#13733,#13733,#13735,.T.);
#13733 = VERTEX_POINT('',#13734);
#13734 = CARTESIAN_POINT('',(36.5,7.85,0.));
#13735 = CIRCLE('',#13736,0.65);
#13736 = AXIS2_PLACEMENT_3D('',#13737,#13738,#13739);
#13737 = CARTESIAN_POINT('',(36.5,8.5,0.));
#13738 = DIRECTION('',(-0.,0.,-1.));
#13739 = DIRECTION('',(-0.,-1.,0.));
#13740 = FACE_BOUND('',#13741,.F.);
#13741 = EDGE_LOOP('',(#13742));
#13742 = ORIENTED_EDGE('',*,*,#13743,.T.);
#13743 = EDGE_CURVE('',#13744,#13744,#13746,.T.);
#13744 = VERTEX_POINT('',#13745);
#13745 = CARTESIAN_POINT('',(4.,15.525,0.));
#13746 = CIRCLE('',#13747,0.5);
#13747 = AXIS2_PLACEMENT_3D('',#13748,#13749,#13750);
#13748 = CARTESIAN_POINT('',(4.,16.025,0.));
#13749 = DIRECTION('',(-0.,0.,-1.));
#13750 = DIRECTION('',(-0.,-1.,0.));
#13751 = FACE_BOUND('',#13752,.F.);
#13752 = EDGE_LOOP('',(#13753));
#13753 = ORIENTED_EDGE('',*,*,#13754,.T.);
#13754 = EDGE_CURVE('',#13755,#13755,#13757,.T.);
#13755 = VERTEX_POINT('',#13756);
#13756 = CARTESIAN_POINT('',(13.,12.85,0.));
#13757 = CIRCLE('',#13758,0.65);
#13758 = AXIS2_PLACEMENT_3D('',#13759,#13760,#13761);
#13759 = CARTESIAN_POINT('',(13.,13.5,0.));
#13760 = DIRECTION('',(-0.,0.,-1.));
#13761 = DIRECTION('',(-0.,-1.,0.));
#13762 = FACE_BOUND('',#13763,.F.);
#13763 = EDGE_LOOP('',(#13764));
#13764 = ORIENTED_EDGE('',*,*,#13765,.T.);
#13765 = EDGE_CURVE('',#13766,#13766,#13768,.T.);
#13766 = VERTEX_POINT('',#13767);
#13767 = CARTESIAN_POINT('',(3.5,21.9,0.));
#13768 = CIRCLE('',#13769,1.6);
#13769 = AXIS2_PLACEMENT_3D('',#13770,#13771,#13772);
#13770 = CARTESIAN_POINT('',(3.5,23.5,0.));
#13771 = DIRECTION('',(-0.,0.,-1.));
#13772 = DIRECTION('',(-0.,-1.,0.));
#13773 = FACE_BOUND('',#13774,.F.);
#13774 = EDGE_LOOP('',(#13775));
#13775 = ORIENTED_EDGE('',*,*,#13776,.T.);
#13776 = EDGE_CURVE('',#13777,#13777,#13779,.T.);
#13777 = VERTEX_POINT('',#13778);
#13778 = CARTESIAN_POINT('',(15.,18.85,0.));
#13779 = CIRCLE('',#13780,0.65);
#13780 = AXIS2_PLACEMENT_3D('',#13781,#13782,#13783);
#13781 = CARTESIAN_POINT('',(15.,19.5,0.));
#13782 = DIRECTION('',(-0.,0.,-1.));
#13783 = DIRECTION('',(-0.,-1.,0.));
#13784 = FACE_BOUND('',#13785,.F.);
#13785 = EDGE_LOOP('',(#13786));
#13786 = ORIENTED_EDGE('',*,*,#13787,.T.);
#13787 = EDGE_CURVE('',#13788,#13788,#13790,.T.);
#13788 = VERTEX_POINT('',#13789);
#13789 = CARTESIAN_POINT('',(36.5,12.85,0.));
#13790 = CIRCLE('',#13791,0.65);
#13791 = AXIS2_PLACEMENT_3D('',#13792,#13793,#13794);
#13792 = CARTESIAN_POINT('',(36.5,13.5,0.));
#13793 = DIRECTION('',(-0.,0.,-1.));
#13794 = DIRECTION('',(-0.,-1.,0.));
#13795 = FACE_BOUND('',#13796,.F.);
#13796 = EDGE_LOOP('',(#13797));
#13797 = ORIENTED_EDGE('',*,*,#13798,.T.);
#13798 = EDGE_CURVE('',#13799,#13799,#13801,.T.);
#13799 = VERTEX_POINT('',#13800);
#13800 = CARTESIAN_POINT('',(36.5,17.85,0.));
#13801 = CIRCLE('',#13802,0.65);
#13802 = AXIS2_PLACEMENT_3D('',#13803,#13804,#13805);
#13803 = CARTESIAN_POINT('',(36.5,18.5,0.));
#13804 = DIRECTION('',(-0.,0.,-1.));
#13805 = DIRECTION('',(-0.,-1.,0.));
#13806 = FACE_BOUND('',#13807,.F.);
#13807 = EDGE_LOOP('',(#13808));
#13808 = ORIENTED_EDGE('',*,*,#13809,.T.);
#13809 = EDGE_CURVE('',#13810,#13810,#13812,.T.);
#13810 = VERTEX_POINT('',#13811);
#13811 = CARTESIAN_POINT('',(27.2,18.85,0.));
#13812 = CIRCLE('',#13813,0.65);
#13813 = AXIS2_PLACEMENT_3D('',#13814,#13815,#13816);
#13814 = CARTESIAN_POINT('',(27.2,19.5,0.));
#13815 = DIRECTION('',(-0.,0.,-1.));
#13816 = DIRECTION('',(-5.465713352001E-15,-1.,0.));
#13817 = FACE_BOUND('',#13818,.F.);
#13818 = EDGE_LOOP('',(#13819));
#13819 = ORIENTED_EDGE('',*,*,#13820,.T.);
#13820 = EDGE_CURVE('',#13821,#13821,#13823,.T.);
#13821 = VERTEX_POINT('',#13822);
#13822 = CARTESIAN_POINT('',(43.5,21.9,0.));
#13823 = CIRCLE('',#13824,1.6);
#13824 = AXIS2_PLACEMENT_3D('',#13825,#13826,#13827);
#13825 = CARTESIAN_POINT('',(43.5,23.5,0.));
#13826 = DIRECTION('',(-0.,0.,-1.));
#13827 = DIRECTION('',(-0.,-1.,0.));
#13828 = PLANE('',#13829);
#13829 = AXIS2_PLACEMENT_3D('',#13830,#13831,#13832);
#13830 = CARTESIAN_POINT('',(0.,0.,0.));
#13831 = DIRECTION('',(0.,0.,1.));
#13832 = DIRECTION('',(1.,0.,-0.));
#13833 = ADVANCED_FACE('',(#13834,#13845,#13856,#13867,#13878,#13889,
    #13900,#13911,#13922,#13933,#13944,#13955,#13966,#13977,#13988,
    #13999),#14010,.T.);
#13834 = FACE_BOUND('',#13835,.T.);
#13835 = EDGE_LOOP('',(#13836,#13837,#13838,#13844));
#13836 = ORIENTED_EDGE('',*,*,#13563,.F.);
#13837 = ORIENTED_EDGE('',*,*,#13603,.F.);
#13838 = ORIENTED_EDGE('',*,*,#13839,.F.);
#13839 = EDGE_CURVE('',#13626,#13596,#13840,.T.);
#13840 = LINE('',#13841,#13842);
#13841 = CARTESIAN_POINT('',(0.,27.,1.51));
#13842 = VECTOR('',#13843,1.);
#13843 = DIRECTION('',(1.,0.,0.));
#13844 = ORIENTED_EDGE('',*,*,#13625,.F.);
#13845 = FACE_BOUND('',#13846,.T.);
#13846 = EDGE_LOOP('',(#13847));
#13847 = ORIENTED_EDGE('',*,*,#13848,.T.);
#13848 = EDGE_CURVE('',#13849,#13849,#13851,.T.);
#13849 = VERTEX_POINT('',#13850);
#13850 = CARTESIAN_POINT('',(3.5,1.9,1.51));
#13851 = CIRCLE('',#13852,1.6);
#13852 = AXIS2_PLACEMENT_3D('',#13853,#13854,#13855);
#13853 = CARTESIAN_POINT('',(3.5,3.5,1.51));
#13854 = DIRECTION('',(-0.,0.,-1.));
#13855 = DIRECTION('',(-0.,-1.,0.));
#13856 = FACE_BOUND('',#13857,.T.);
#13857 = EDGE_LOOP('',(#13858));
#13858 = ORIENTED_EDGE('',*,*,#13859,.T.);
#13859 = EDGE_CURVE('',#13860,#13860,#13862,.T.);
#13860 = VERTEX_POINT('',#13861);
#13861 = CARTESIAN_POINT('',(15.,6.85,1.51));
#13862 = CIRCLE('',#13863,0.65);
#13863 = AXIS2_PLACEMENT_3D('',#13864,#13865,#13866);
#13864 = CARTESIAN_POINT('',(15.,7.5,1.51));
#13865 = DIRECTION('',(-0.,0.,-1.));
#13866 = DIRECTION('',(-0.,-1.,0.));
#13867 = FACE_BOUND('',#13868,.T.);
#13868 = EDGE_LOOP('',(#13869));
#13869 = ORIENTED_EDGE('',*,*,#13870,.T.);
#13870 = EDGE_CURVE('',#13871,#13871,#13873,.T.);
#13871 = VERTEX_POINT('',#13872);
#13872 = CARTESIAN_POINT('',(4.,10.445,1.51));
#13873 = CIRCLE('',#13874,0.5);
#13874 = AXIS2_PLACEMENT_3D('',#13875,#13876,#13877);
#13875 = CARTESIAN_POINT('',(4.,10.945,1.51));
#13876 = DIRECTION('',(-0.,0.,-1.));
#13877 = DIRECTION('',(-0.,-1.,0.));
#13878 = FACE_BOUND('',#13879,.T.);
#13879 = EDGE_LOOP('',(#13880));
#13880 = ORIENTED_EDGE('',*,*,#13881,.T.);
#13881 = EDGE_CURVE('',#13882,#13882,#13884,.T.);
#13882 = VERTEX_POINT('',#13883);
#13883 = CARTESIAN_POINT('',(4.,12.985,1.51));
#13884 = CIRCLE('',#13885,0.5);
#13885 = AXIS2_PLACEMENT_3D('',#13886,#13887,#13888);
#13886 = CARTESIAN_POINT('',(4.,13.485,1.51));
#13887 = DIRECTION('',(-0.,0.,-1.));
#13888 = DIRECTION('',(-0.,-1.,0.));
#13889 = FACE_BOUND('',#13890,.T.);
#13890 = EDGE_LOOP('',(#13891));
#13891 = ORIENTED_EDGE('',*,*,#13892,.T.);
#13892 = EDGE_CURVE('',#13893,#13893,#13895,.T.);
#13893 = VERTEX_POINT('',#13894);
#13894 = CARTESIAN_POINT('',(27.2,6.85,1.51));
#13895 = CIRCLE('',#13896,0.65);
#13896 = AXIS2_PLACEMENT_3D('',#13897,#13898,#13899);
#13897 = CARTESIAN_POINT('',(27.2,7.5,1.51));
#13898 = DIRECTION('',(-0.,0.,-1.));
#13899 = DIRECTION('',(-5.465713352001E-15,-1.,0.));
#13900 = FACE_BOUND('',#13901,.T.);
#13901 = EDGE_LOOP('',(#13902));
#13902 = ORIENTED_EDGE('',*,*,#13903,.T.);
#13903 = EDGE_CURVE('',#13904,#13904,#13906,.T.);
#13904 = VERTEX_POINT('',#13905);
#13905 = CARTESIAN_POINT('',(43.5,1.9,1.51));
#13906 = CIRCLE('',#13907,1.6);
#13907 = AXIS2_PLACEMENT_3D('',#13908,#13909,#13910);
#13908 = CARTESIAN_POINT('',(43.5,3.5,1.51));
#13909 = DIRECTION('',(-0.,0.,-1.));
#13910 = DIRECTION('',(-0.,-1.,0.));
#13911 = FACE_BOUND('',#13912,.T.);
#13912 = EDGE_LOOP('',(#13913));
#13913 = ORIENTED_EDGE('',*,*,#13914,.T.);
#13914 = EDGE_CURVE('',#13915,#13915,#13917,.T.);
#13915 = VERTEX_POINT('',#13916);
#13916 = CARTESIAN_POINT('',(36.5,7.85,1.51));
#13917 = CIRCLE('',#13918,0.65);
#13918 = AXIS2_PLACEMENT_3D('',#13919,#13920,#13921);
#13919 = CARTESIAN_POINT('',(36.5,8.5,1.51));
#13920 = DIRECTION('',(-0.,0.,-1.));
#13921 = DIRECTION('',(-0.,-1.,0.));
#13922 = FACE_BOUND('',#13923,.T.);
#13923 = EDGE_LOOP('',(#13924));
#13924 = ORIENTED_EDGE('',*,*,#13925,.T.);
#13925 = EDGE_CURVE('',#13926,#13926,#13928,.T.);
#13926 = VERTEX_POINT('',#13927);
#13927 = CARTESIAN_POINT('',(4.,15.525,1.51));
#13928 = CIRCLE('',#13929,0.5);
#13929 = AXIS2_PLACEMENT_3D('',#13930,#13931,#13932);
#13930 = CARTESIAN_POINT('',(4.,16.025,1.51));
#13931 = DIRECTION('',(-0.,0.,-1.));
#13932 = DIRECTION('',(-0.,-1.,0.));
#13933 = FACE_BOUND('',#13934,.T.);
#13934 = EDGE_LOOP('',(#13935));
#13935 = ORIENTED_EDGE('',*,*,#13936,.T.);
#13936 = EDGE_CURVE('',#13937,#13937,#13939,.T.);
#13937 = VERTEX_POINT('',#13938);
#13938 = CARTESIAN_POINT('',(13.,12.85,1.51));
#13939 = CIRCLE('',#13940,0.65);
#13940 = AXIS2_PLACEMENT_3D('',#13941,#13942,#13943);
#13941 = CARTESIAN_POINT('',(13.,13.5,1.51));
#13942 = DIRECTION('',(-0.,0.,-1.));
#13943 = DIRECTION('',(-0.,-1.,0.));
#13944 = FACE_BOUND('',#13945,.T.);
#13945 = EDGE_LOOP('',(#13946));
#13946 = ORIENTED_EDGE('',*,*,#13947,.T.);
#13947 = EDGE_CURVE('',#13948,#13948,#13950,.T.);
#13948 = VERTEX_POINT('',#13949);
#13949 = CARTESIAN_POINT('',(3.5,21.9,1.51));
#13950 = CIRCLE('',#13951,1.6);
#13951 = AXIS2_PLACEMENT_3D('',#13952,#13953,#13954);
#13952 = CARTESIAN_POINT('',(3.5,23.5,1.51));
#13953 = DIRECTION('',(-0.,0.,-1.));
#13954 = DIRECTION('',(-0.,-1.,0.));
#13955 = FACE_BOUND('',#13956,.T.);
#13956 = EDGE_LOOP('',(#13957));
#13957 = ORIENTED_EDGE('',*,*,#13958,.T.);
#13958 = EDGE_CURVE('',#13959,#13959,#13961,.T.);
#13959 = VERTEX_POINT('',#13960);
#13960 = CARTESIAN_POINT('',(15.,18.85,1.51));
#13961 = CIRCLE('',#13962,0.65);
#13962 = AXIS2_PLACEMENT_3D('',#13963,#13964,#13965);
#13963 = CARTESIAN_POINT('',(15.,19.5,1.51));
#13964 = DIRECTION('',(-0.,0.,-1.));
#13965 = DIRECTION('',(-0.,-1.,0.));
#13966 = FACE_BOUND('',#13967,.T.);
#13967 = EDGE_LOOP('',(#13968));
#13968 = ORIENTED_EDGE('',*,*,#13969,.T.);
#13969 = EDGE_CURVE('',#13970,#13970,#13972,.T.);
#13970 = VERTEX_POINT('',#13971);
#13971 = CARTESIAN_POINT('',(36.5,12.85,1.51));
#13972 = CIRCLE('',#13973,0.65);
#13973 = AXIS2_PLACEMENT_3D('',#13974,#13975,#13976);
#13974 = CARTESIAN_POINT('',(36.5,13.5,1.51));
#13975 = DIRECTION('',(-0.,0.,-1.));
#13976 = DIRECTION('',(-0.,-1.,0.));
#13977 = FACE_BOUND('',#13978,.T.);
#13978 = EDGE_LOOP('',(#13979));
#13979 = ORIENTED_EDGE('',*,*,#13980,.T.);
#13980 = EDGE_CURVE('',#13981,#13981,#13983,.T.);
#13981 = VERTEX_POINT('',#13982);
#13982 = CARTESIAN_POINT('',(36.5,17.85,1.51));
#13983 = CIRCLE('',#13984,0.65);
#13984 = AXIS2_PLACEMENT_3D('',#13985,#13986,#13987);
#13985 = CARTESIAN_POINT('',(36.5,18.5,1.51));
#13986 = DIRECTION('',(-0.,0.,-1.));
#13987 = DIRECTION('',(-0.,-1.,0.));
#13988 = FACE_BOUND('',#13989,.T.);
#13989 = EDGE_LOOP('',(#13990));
#13990 = ORIENTED_EDGE('',*,*,#13991,.T.);
#13991 = EDGE_CURVE('',#13992,#13992,#13994,.T.);
#13992 = VERTEX_POINT('',#13993);
#13993 = CARTESIAN_POINT('',(27.2,18.85,1.51));
#13994 = CIRCLE('',#13995,0.65);
#13995 = AXIS2_PLACEMENT_3D('',#13996,#13997,#13998);
#13996 = CARTESIAN_POINT('',(27.2,19.5,1.51));
#13997 = DIRECTION('',(-0.,0.,-1.));
#13998 = DIRECTION('',(-5.465713352001E-15,-1.,0.));
#13999 = FACE_BOUND('',#14000,.T.);
#14000 = EDGE_LOOP('',(#14001));
#14001 = ORIENTED_EDGE('',*,*,#14002,.T.);
#14002 = EDGE_CURVE('',#14003,#14003,#14005,.T.);
#14003 = VERTEX_POINT('',#14004);
#14004 = CARTESIAN_POINT('',(43.5,21.9,1.51));
#14005 = CIRCLE('',#14006,1.6);
#14006 = AXIS2_PLACEMENT_3D('',#14007,#14008,#14009);
#14007 = CARTESIAN_POINT('',(43.5,23.5,1.51));
#14008 = DIRECTION('',(-0.,0.,-1.));
#14009 = DIRECTION('',(-0.,-1.,0.));
#14010 = PLANE('',#14011);
#14011 = AXIS2_PLACEMENT_3D('',#14012,#14013,#14014);
#14012 = CARTESIAN_POINT('',(0.,0.,1.51));
#14013 = DIRECTION('',(0.,0.,1.));
#14014 = DIRECTION('',(1.,0.,-0.));
#14015 = ADVANCED_FACE('',(#14016),#14022,.T.);
#14016 = FACE_BOUND('',#14017,.T.);
#14017 = EDGE_LOOP('',(#14018,#14019,#14020,#14021));
#14018 = ORIENTED_EDGE('',*,*,#13633,.T.);
#14019 = ORIENTED_EDGE('',*,*,#13839,.T.);
#14020 = ORIENTED_EDGE('',*,*,#13593,.F.);
#14021 = ORIENTED_EDGE('',*,*,#13657,.F.);
#14022 = PLANE('',#14023);
#14023 = AXIS2_PLACEMENT_3D('',#14024,#14025,#14026);
#14024 = CARTESIAN_POINT('',(0.,27.,0.));
#14025 = DIRECTION('',(0.,1.,0.));
#14026 = DIRECTION('',(1.,0.,0.));
#14027 = ADVANCED_FACE('',(#14028),#14039,.F.);
#14028 = FACE_BOUND('',#14029,.T.);
#14029 = EDGE_LOOP('',(#14030,#14031,#14037,#14038));
#14030 = ORIENTED_EDGE('',*,*,#13666,.T.);
#14031 = ORIENTED_EDGE('',*,*,#14032,.T.);
#14032 = EDGE_CURVE('',#13667,#13849,#14033,.T.);
#14033 = LINE('',#14034,#14035);
#14034 = CARTESIAN_POINT('',(3.5,1.9,-4.6E-02));
#14035 = VECTOR('',#14036,1.);
#14036 = DIRECTION('',(0.,0.,1.));
#14037 = ORIENTED_EDGE('',*,*,#13848,.F.);
#14038 = ORIENTED_EDGE('',*,*,#14032,.F.);
#14039 = CYLINDRICAL_SURFACE('',#14040,1.6);
#14040 = AXIS2_PLACEMENT_3D('',#14041,#14042,#14043);
#14041 = CARTESIAN_POINT('',(3.5,3.5,-4.6E-02));
#14042 = DIRECTION('',(-0.,-0.,-1.));
#14043 = DIRECTION('',(-0.,-1.,0.));
#14044 = ADVANCED_FACE('',(#14045),#14056,.F.);
#14045 = FACE_BOUND('',#14046,.T.);
#14046 = EDGE_LOOP('',(#14047,#14048,#14054,#14055));
#14047 = ORIENTED_EDGE('',*,*,#13677,.T.);
#14048 = ORIENTED_EDGE('',*,*,#14049,.T.);
#14049 = EDGE_CURVE('',#13678,#13860,#14050,.T.);
#14050 = LINE('',#14051,#14052);
#14051 = CARTESIAN_POINT('',(15.,6.85,-4.6E-02));
#14052 = VECTOR('',#14053,1.);
#14053 = DIRECTION('',(0.,0.,1.));
#14054 = ORIENTED_EDGE('',*,*,#13859,.F.);
#14055 = ORIENTED_EDGE('',*,*,#14049,.F.);
#14056 = CYLINDRICAL_SURFACE('',#14057,0.65);
#14057 = AXIS2_PLACEMENT_3D('',#14058,#14059,#14060);
#14058 = CARTESIAN_POINT('',(15.,7.5,-4.6E-02));
#14059 = DIRECTION('',(-0.,-0.,-1.));
#14060 = DIRECTION('',(-0.,-1.,0.));
#14061 = ADVANCED_FACE('',(#14062),#14073,.F.);
#14062 = FACE_BOUND('',#14063,.T.);
#14063 = EDGE_LOOP('',(#14064,#14065,#14071,#14072));
#14064 = ORIENTED_EDGE('',*,*,#13688,.T.);
#14065 = ORIENTED_EDGE('',*,*,#14066,.T.);
#14066 = EDGE_CURVE('',#13689,#13871,#14067,.T.);
#14067 = LINE('',#14068,#14069);
#14068 = CARTESIAN_POINT('',(4.,10.445,-4.6E-02));
#14069 = VECTOR('',#14070,1.);
#14070 = DIRECTION('',(0.,0.,1.));
#14071 = ORIENTED_EDGE('',*,*,#13870,.F.);
#14072 = ORIENTED_EDGE('',*,*,#14066,.F.);
#14073 = CYLINDRICAL_SURFACE('',#14074,0.5);
#14074 = AXIS2_PLACEMENT_3D('',#14075,#14076,#14077);
#14075 = CARTESIAN_POINT('',(4.,10.945,-4.6E-02));
#14076 = DIRECTION('',(-0.,-0.,-1.));
#14077 = DIRECTION('',(-0.,-1.,0.));
#14078 = ADVANCED_FACE('',(#14079),#14090,.F.);
#14079 = FACE_BOUND('',#14080,.T.);
#14080 = EDGE_LOOP('',(#14081,#14082,#14088,#14089));
#14081 = ORIENTED_EDGE('',*,*,#13699,.T.);
#14082 = ORIENTED_EDGE('',*,*,#14083,.T.);
#14083 = EDGE_CURVE('',#13700,#13882,#14084,.T.);
#14084 = LINE('',#14085,#14086);
#14085 = CARTESIAN_POINT('',(4.,12.985,-4.6E-02));
#14086 = VECTOR('',#14087,1.);
#14087 = DIRECTION('',(0.,0.,1.));
#14088 = ORIENTED_EDGE('',*,*,#13881,.F.);
#14089 = ORIENTED_EDGE('',*,*,#14083,.F.);
#14090 = CYLINDRICAL_SURFACE('',#14091,0.5);
#14091 = AXIS2_PLACEMENT_3D('',#14092,#14093,#14094);
#14092 = CARTESIAN_POINT('',(4.,13.485,-4.6E-02));
#14093 = DIRECTION('',(-0.,-0.,-1.));
#14094 = DIRECTION('',(-0.,-1.,0.));
#14095 = ADVANCED_FACE('',(#14096),#14107,.F.);
#14096 = FACE_BOUND('',#14097,.T.);
#14097 = EDGE_LOOP('',(#14098,#14099,#14105,#14106));
#14098 = ORIENTED_EDGE('',*,*,#13710,.T.);
#14099 = ORIENTED_EDGE('',*,*,#14100,.T.);
#14100 = EDGE_CURVE('',#13711,#13893,#14101,.T.);
#14101 = LINE('',#14102,#14103);
#14102 = CARTESIAN_POINT('',(27.2,6.85,-4.6E-02));
#14103 = VECTOR('',#14104,1.);
#14104 = DIRECTION('',(0.,0.,1.));
#14105 = ORIENTED_EDGE('',*,*,#13892,.F.);
#14106 = ORIENTED_EDGE('',*,*,#14100,.F.);
#14107 = CYLINDRICAL_SURFACE('',#14108,0.65);
#14108 = AXIS2_PLACEMENT_3D('',#14109,#14110,#14111);
#14109 = CARTESIAN_POINT('',(27.2,7.5,-4.6E-02));
#14110 = DIRECTION('',(-0.,-0.,-1.));
#14111 = DIRECTION('',(-5.465713352001E-15,-1.,0.));
#14112 = ADVANCED_FACE('',(#14113),#14124,.F.);
#14113 = FACE_BOUND('',#14114,.T.);
#14114 = EDGE_LOOP('',(#14115,#14116,#14122,#14123));
#14115 = ORIENTED_EDGE('',*,*,#13721,.T.);
#14116 = ORIENTED_EDGE('',*,*,#14117,.T.);
#14117 = EDGE_CURVE('',#13722,#13904,#14118,.T.);
#14118 = LINE('',#14119,#14120);
#14119 = CARTESIAN_POINT('',(43.5,1.9,-4.6E-02));
#14120 = VECTOR('',#14121,1.);
#14121 = DIRECTION('',(0.,0.,1.));
#14122 = ORIENTED_EDGE('',*,*,#13903,.F.);
#14123 = ORIENTED_EDGE('',*,*,#14117,.F.);
#14124 = CYLINDRICAL_SURFACE('',#14125,1.6);
#14125 = AXIS2_PLACEMENT_3D('',#14126,#14127,#14128);
#14126 = CARTESIAN_POINT('',(43.5,3.5,-4.6E-02));
#14127 = DIRECTION('',(-0.,-0.,-1.));
#14128 = DIRECTION('',(-0.,-1.,0.));
#14129 = ADVANCED_FACE('',(#14130),#14141,.F.);
#14130 = FACE_BOUND('',#14131,.T.);
#14131 = EDGE_LOOP('',(#14132,#14133,#14139,#14140));
#14132 = ORIENTED_EDGE('',*,*,#13732,.T.);
#14133 = ORIENTED_EDGE('',*,*,#14134,.T.);
#14134 = EDGE_CURVE('',#13733,#13915,#14135,.T.);
#14135 = LINE('',#14136,#14137);
#14136 = CARTESIAN_POINT('',(36.5,7.85,-4.6E-02));
#14137 = VECTOR('',#14138,1.);
#14138 = DIRECTION('',(0.,0.,1.));
#14139 = ORIENTED_EDGE('',*,*,#13914,.F.);
#14140 = ORIENTED_EDGE('',*,*,#14134,.F.);
#14141 = CYLINDRICAL_SURFACE('',#14142,0.65);
#14142 = AXIS2_PLACEMENT_3D('',#14143,#14144,#14145);
#14143 = CARTESIAN_POINT('',(36.5,8.5,-4.6E-02));
#14144 = DIRECTION('',(-0.,-0.,-1.));
#14145 = DIRECTION('',(-0.,-1.,0.));
#14146 = ADVANCED_FACE('',(#14147),#14158,.F.);
#14147 = FACE_BOUND('',#14148,.T.);
#14148 = EDGE_LOOP('',(#14149,#14150,#14156,#14157));
#14149 = ORIENTED_EDGE('',*,*,#13743,.T.);
#14150 = ORIENTED_EDGE('',*,*,#14151,.T.);
#14151 = EDGE_CURVE('',#13744,#13926,#14152,.T.);
#14152 = LINE('',#14153,#14154);
#14153 = CARTESIAN_POINT('',(4.,15.525,-4.6E-02));
#14154 = VECTOR('',#14155,1.);
#14155 = DIRECTION('',(0.,0.,1.));
#14156 = ORIENTED_EDGE('',*,*,#13925,.F.);
#14157 = ORIENTED_EDGE('',*,*,#14151,.F.);
#14158 = CYLINDRICAL_SURFACE('',#14159,0.5);
#14159 = AXIS2_PLACEMENT_3D('',#14160,#14161,#14162);
#14160 = CARTESIAN_POINT('',(4.,16.025,-4.6E-02));
#14161 = DIRECTION('',(-0.,-0.,-1.));
#14162 = DIRECTION('',(-0.,-1.,0.));
#14163 = ADVANCED_FACE('',(#14164),#14175,.F.);
#14164 = FACE_BOUND('',#14165,.T.);
#14165 = EDGE_LOOP('',(#14166,#14167,#14173,#14174));
#14166 = ORIENTED_EDGE('',*,*,#13754,.T.);
#14167 = ORIENTED_EDGE('',*,*,#14168,.T.);
#14168 = EDGE_CURVE('',#13755,#13937,#14169,.T.);
#14169 = LINE('',#14170,#14171);
#14170 = CARTESIAN_POINT('',(13.,12.85,-4.6E-02));
#14171 = VECTOR('',#14172,1.);
#14172 = DIRECTION('',(0.,0.,1.));
#14173 = ORIENTED_EDGE('',*,*,#13936,.F.);
#14174 = ORIENTED_EDGE('',*,*,#14168,.F.);
#14175 = CYLINDRICAL_SURFACE('',#14176,0.65);
#14176 = AXIS2_PLACEMENT_3D('',#14177,#14178,#14179);
#14177 = CARTESIAN_POINT('',(13.,13.5,-4.6E-02));
#14178 = DIRECTION('',(-0.,-0.,-1.));
#14179 = DIRECTION('',(-0.,-1.,0.));
#14180 = ADVANCED_FACE('',(#14181),#14192,.F.);
#14181 = FACE_BOUND('',#14182,.T.);
#14182 = EDGE_LOOP('',(#14183,#14184,#14190,#14191));
#14183 = ORIENTED_EDGE('',*,*,#13765,.T.);
#14184 = ORIENTED_EDGE('',*,*,#14185,.T.);
#14185 = EDGE_CURVE('',#13766,#13948,#14186,.T.);
#14186 = LINE('',#14187,#14188);
#14187 = CARTESIAN_POINT('',(3.5,21.9,-4.6E-02));
#14188 = VECTOR('',#14189,1.);
#14189 = DIRECTION('',(0.,0.,1.));
#14190 = ORIENTED_EDGE('',*,*,#13947,.F.);
#14191 = ORIENTED_EDGE('',*,*,#14185,.F.);
#14192 = CYLINDRICAL_SURFACE('',#14193,1.6);
#14193 = AXIS2_PLACEMENT_3D('',#14194,#14195,#14196);
#14194 = CARTESIAN_POINT('',(3.5,23.5,-4.6E-02));
#14195 = DIRECTION('',(-0.,-0.,-1.));
#14196 = DIRECTION('',(-0.,-1.,0.));
#14197 = ADVANCED_FACE('',(#14198),#14209,.F.);
#14198 = FACE_BOUND('',#14199,.T.);
#14199 = EDGE_LOOP('',(#14200,#14201,#14207,#14208));
#14200 = ORIENTED_EDGE('',*,*,#13776,.T.);
#14201 = ORIENTED_EDGE('',*,*,#14202,.T.);
#14202 = EDGE_CURVE('',#13777,#13959,#14203,.T.);
#14203 = LINE('',#14204,#14205);
#14204 = CARTESIAN_POINT('',(15.,18.85,-4.6E-02));
#14205 = VECTOR('',#14206,1.);
#14206 = DIRECTION('',(0.,0.,1.));
#14207 = ORIENTED_EDGE('',*,*,#13958,.F.);
#14208 = ORIENTED_EDGE('',*,*,#14202,.F.);
#14209 = CYLINDRICAL_SURFACE('',#14210,0.65);
#14210 = AXIS2_PLACEMENT_3D('',#14211,#14212,#14213);
#14211 = CARTESIAN_POINT('',(15.,19.5,-4.6E-02));
#14212 = DIRECTION('',(-0.,-0.,-1.));
#14213 = DIRECTION('',(-0.,-1.,0.));
#14214 = ADVANCED_FACE('',(#14215),#14226,.F.);
#14215 = FACE_BOUND('',#14216,.T.);
#14216 = EDGE_LOOP('',(#14217,#14218,#14224,#14225));
#14217 = ORIENTED_EDGE('',*,*,#13787,.T.);
#14218 = ORIENTED_EDGE('',*,*,#14219,.T.);
#14219 = EDGE_CURVE('',#13788,#13970,#14220,.T.);
#14220 = LINE('',#14221,#14222);
#14221 = CARTESIAN_POINT('',(36.5,12.85,-4.6E-02));
#14222 = VECTOR('',#14223,1.);
#14223 = DIRECTION('',(0.,0.,1.));
#14224 = ORIENTED_EDGE('',*,*,#13969,.F.);
#14225 = ORIENTED_EDGE('',*,*,#14219,.F.);
#14226 = CYLINDRICAL_SURFACE('',#14227,0.65);
#14227 = AXIS2_PLACEMENT_3D('',#14228,#14229,#14230);
#14228 = CARTESIAN_POINT('',(36.5,13.5,-4.6E-02));
#14229 = DIRECTION('',(-0.,-0.,-1.));
#14230 = DIRECTION('',(-0.,-1.,0.));
#14231 = ADVANCED_FACE('',(#14232),#14243,.F.);
#14232 = FACE_BOUND('',#14233,.T.);
#14233 = EDGE_LOOP('',(#14234,#14235,#14241,#14242));
#14234 = ORIENTED_EDGE('',*,*,#13798,.T.);
#14235 = ORIENTED_EDGE('',*,*,#14236,.T.);
#14236 = EDGE_CURVE('',#13799,#13981,#14237,.T.);
#14237 = LINE('',#14238,#14239);
#14238 = CARTESIAN_POINT('',(36.5,17.85,-4.6E-02));
#14239 = VECTOR('',#14240,1.);
#14240 = DIRECTION('',(0.,0.,1.));
#14241 = ORIENTED_EDGE('',*,*,#13980,.F.);
#14242 = ORIENTED_EDGE('',*,*,#14236,.F.);
#14243 = CYLINDRICAL_SURFACE('',#14244,0.65);
#14244 = AXIS2_PLACEMENT_3D('',#14245,#14246,#14247);
#14245 = CARTESIAN_POINT('',(36.5,18.5,-4.6E-02));
#14246 = DIRECTION('',(-0.,-0.,-1.));
#14247 = DIRECTION('',(-0.,-1.,0.));
#14248 = ADVANCED_FACE('',(#14249),#14260,.F.);
#14249 = FACE_BOUND('',#14250,.T.);
#14250 = EDGE_LOOP('',(#14251,#14252,#14258,#14259));
#14251 = ORIENTED_EDGE('',*,*,#13809,.T.);
#14252 = ORIENTED_EDGE('',*,*,#14253,.T.);
#14253 = EDGE_CURVE('',#13810,#13992,#14254,.T.);
#14254 = LINE('',#14255,#14256);
#14255 = CARTESIAN_POINT('',(27.2,18.85,-4.6E-02));
#14256 = VECTOR('',#14257,1.);
#14257 = DIRECTION('',(0.,0.,1.));
#14258 = ORIENTED_EDGE('',*,*,#13991,.F.);
#14259 = ORIENTED_EDGE('',*,*,#14253,.F.);
#14260 = CYLINDRICAL_SURFACE('',#14261,0.65);
#14261 = AXIS2_PLACEMENT_3D('',#14262,#14263,#14264);
#14262 = CARTESIAN_POINT('',(27.2,19.5,-4.6E-02));
#14263 = DIRECTION('',(-0.,-0.,-1.));
#14264 = DIRECTION('',(-5.465713352001E-15,-1.,0.));
#14265 = ADVANCED_FACE('',(#14266),#14277,.F.);
#14266 = FACE_BOUND('',#14267,.T.);
#14267 = EDGE_LOOP('',(#14268,#14269,#14275,#14276));
#14268 = ORIENTED_EDGE('',*,*,#13820,.T.);
#14269 = ORIENTED_EDGE('',*,*,#14270,.T.);
#14270 = EDGE_CURVE('',#13821,#14003,#14271,.T.);
#14271 = LINE('',#14272,#14273);
#14272 = CARTESIAN_POINT('',(43.5,21.9,-4.6E-02));
#14273 = VECTOR('',#14274,1.);
#14274 = DIRECTION('',(0.,0.,1.));
#14275 = ORIENTED_EDGE('',*,*,#14002,.F.);
#14276 = ORIENTED_EDGE('',*,*,#14270,.F.);
#14277 = CYLINDRICAL_SURFACE('',#14278,1.6);
#14278 = AXIS2_PLACEMENT_3D('',#14279,#14280,#14281);
#14279 = CARTESIAN_POINT('',(43.5,23.5,-4.6E-02));
#14280 = DIRECTION('',(-0.,-0.,-1.));
#14281 = DIRECTION('',(-0.,-1.,0.));
#14282 = ( GEOMETRIC_REPRESENTATION_CONTEXT(3) 
GLOBAL_UNCERTAINTY_ASSIGNED_CONTEXT((#14286)) 
GLOBAL_UNIT_ASSIGNED_CONTEXT((#14283,#14284,#14285)) 
REPRESENTATION_CONTEXT('Context #1',
  '3D Context with UNIT and UNCERTAINTY') );
#14283 = ( LENGTH_UNIT() NAMED_UNIT(*) SI_UNIT(.MILLI.,.METRE.) );
#14284 = ( NAMED_UNIT(*) PLANE_ANGLE_UNIT() SI_UNIT($,.RADIAN.) );
#14285 = ( NAMED_UNIT(*) SI_UNIT($,.STERADIAN.) SOLID_ANGLE_UNIT() );
#14286 = UNCERTAINTY_MEASURE_WITH_UNIT(LENGTH_MEASURE(1.E-07),#14283,
  'distance_accuracy_value','confusion accuracy');
#14287 = CONTEXT_DEPENDENT_SHAPE_REPRESENTATION(#14288,#14290);
#14288 = ( REPRESENTATION_RELATIONSHIP('','',#13546,#10) 
REPRESENTATION_RELATIONSHIP_WITH_TRANSFORMATION(#14289) 
SHAPE_REPRESENTATION_RELATIONSHIP() );
#14289 = ITEM_DEFINED_TRANSFORMATION('','',#11,#47);
#14290 = PRODUCT_DEFINITION_SHAPE('Placement','Placement of an item',
  #14291);
#14291 = NEXT_ASSEMBLY_USAGE_OCCURRENCE('9','=>[0:1:1:9]','',#5,#13541,$
  );
#14292 = PRODUCT_RELATED_PRODUCT_CATEGORY('part',$,(#13543));
#14293 = MECHANICAL_DESIGN_GEOMETRIC_PRESENTATION_REPRESENTATION('',(
    #14294,#14304,#14313,#14322,#14331,#14340,#14349,#14358,#14367,
    #14376,#14385,#14394,#14403,#14412,#14421,#14430,#14439,#14448,
    #14457,#14466,#14476,#14485,#14494,#14503,#14512,#14521,#14530,
    #14539,#14548,#14557,#14566,#14575,#14584,#14593,#14602,#14611,
    #14620,#14629,#14638,#14647,#14656,#14665,#14674,#14683,#14692,
    #14701,#14710,#14719,#14728,#14737,#14746,#14755,#14764,#14773,
    #14782,#14791,#14800,#14809,#14818,#14827,#14836,#14845,#14854,
    #14863,#14872,#14881,#14890,#14899,#14908,#14917,#14926,#14935,
    #14944,#14953,#14962,#14971,#14980,#14989,#14998,#15007,#15016,
    #15025,#15034,#15043,#15052,#15061,#15070,#15079,#15088,#15097,
    #15106,#15115,#15124,#15133,#15142),#4894);
#14294 = STYLED_ITEM('color',(#14295),#2836);
#14295 = PRESENTATION_STYLE_ASSIGNMENT((#14296,#14302));
#14296 = SURFACE_STYLE_USAGE(.BOTH.,#14297);
#14297 = SURFACE_SIDE_STYLE('',(#14298));
#14298 = SURFACE_STYLE_FILL_AREA(#14299);
#14299 = FILL_AREA_STYLE('',(#14300));
#14300 = FILL_AREA_STYLE_COLOUR('',#14301);
#14301 = COLOUR_RGB('',0.894999996726,0.890999991539,0.812999995914);
#14302 = CURVE_STYLE('',#14303,POSITIVE_LENGTH_MEASURE(0.1),#14301);
#14303 = DRAUGHTING_PRE_DEFINED_CURVE_FONT('continuous');
#14304 = STYLED_ITEM('color',(#14305),#2876);
#14305 = PRESENTATION_STYLE_ASSIGNMENT((#14306,#14311));
#14306 = SURFACE_STYLE_USAGE(.BOTH.,#14307);
#14307 = SURFACE_SIDE_STYLE('',(#14308));
#14308 = SURFACE_STYLE_FILL_AREA(#14309);
#14309 = FILL_AREA_STYLE('',(#14310));
#14310 = FILL_AREA_STYLE_COLOUR('',#14301);
#14311 = CURVE_STYLE('',#14312,POSITIVE_LENGTH_MEASURE(0.1),#14301);
#14312 = DRAUGHTING_PRE_DEFINED_CURVE_FONT('continuous');
#14313 = STYLED_ITEM('color',(#14314),#2909);
#14314 = PRESENTATION_STYLE_ASSIGNMENT((#14315,#14320));
#14315 = SURFACE_STYLE_USAGE(.BOTH.,#14316);
#14316 = SURFACE_SIDE_STYLE('',(#14317));
#14317 = SURFACE_STYLE_FILL_AREA(#14318);
#14318 = FILL_AREA_STYLE('',(#14319));
#14319 = FILL_AREA_STYLE_COLOUR('',#14301);
#14320 = CURVE_STYLE('',#14321,POSITIVE_LENGTH_MEASURE(0.1),#14301);
#14321 = DRAUGHTING_PRE_DEFINED_CURVE_FONT('continuous');
#14322 = STYLED_ITEM('color',(#14323),#2942);
#14323 = PRESENTATION_STYLE_ASSIGNMENT((#14324,#14329));
#14324 = SURFACE_STYLE_USAGE(.BOTH.,#14325);
#14325 = SURFACE_SIDE_STYLE('',(#14326));
#14326 = SURFACE_STYLE_FILL_AREA(#14327);
#14327 = FILL_AREA_STYLE('',(#14328));
#14328 = FILL_AREA_STYLE_COLOUR('',#14301);
#14329 = CURVE_STYLE('',#14330,POSITIVE_LENGTH_MEASURE(0.1),#14301);
#14330 = DRAUGHTING_PRE_DEFINED_CURVE_FONT('continuous');
#14331 = STYLED_ITEM('color',(#14332),#2975);
#14332 = PRESENTATION_STYLE_ASSIGNMENT((#14333,#14338));
#14333 = SURFACE_STYLE_USAGE(.BOTH.,#14334);
#14334 = SURFACE_SIDE_STYLE('',(#14335));
#14335 = SURFACE_STYLE_FILL_AREA(#14336);
#14336 = FILL_AREA_STYLE('',(#14337));
#14337 = FILL_AREA_STYLE_COLOUR('',#14301);
#14338 = CURVE_STYLE('',#14339,POSITIVE_LENGTH_MEASURE(0.1),#14301);
#14339 = DRAUGHTING_PRE_DEFINED_CURVE_FONT('continuous');
#14340 = STYLED_ITEM('color',(#14341),#3008);
#14341 = PRESENTATION_STYLE_ASSIGNMENT((#14342,#14347));
#14342 = SURFACE_STYLE_USAGE(.BOTH.,#14343);
#14343 = SURFACE_SIDE_STYLE('',(#14344));
#14344 = SURFACE_STYLE_FILL_AREA(#14345);
#14345 = FILL_AREA_STYLE('',(#14346));
#14346 = FILL_AREA_STYLE_COLOUR('',#14301);
#14347 = CURVE_STYLE('',#14348,POSITIVE_LENGTH_MEASURE(0.1),#14301);
#14348 = DRAUGHTING_PRE_DEFINED_CURVE_FONT('continuous');
#14349 = STYLED_ITEM('color',(#14350),#3025);
#14350 = PRESENTATION_STYLE_ASSIGNMENT((#14351,#14356));
#14351 = SURFACE_STYLE_USAGE(.BOTH.,#14352);
#14352 = SURFACE_SIDE_STYLE('',(#14353));
#14353 = SURFACE_STYLE_FILL_AREA(#14354);
#14354 = FILL_AREA_STYLE('',(#14355));
#14355 = FILL_AREA_STYLE_COLOUR('',#14301);
#14356 = CURVE_STYLE('',#14357,POSITIVE_LENGTH_MEASURE(0.1),#14301);
#14357 = DRAUGHTING_PRE_DEFINED_CURVE_FONT('continuous');
#14358 = STYLED_ITEM('color',(#14359),#3088);
#14359 = PRESENTATION_STYLE_ASSIGNMENT((#14360,#14365));
#14360 = SURFACE_STYLE_USAGE(.BOTH.,#14361);
#14361 = SURFACE_SIDE_STYLE('',(#14362));
#14362 = SURFACE_STYLE_FILL_AREA(#14363);
#14363 = FILL_AREA_STYLE('',(#14364));
#14364 = FILL_AREA_STYLE_COLOUR('',#14301);
#14365 = CURVE_STYLE('',#14366,POSITIVE_LENGTH_MEASURE(0.1),#14301);
#14366 = DRAUGHTING_PRE_DEFINED_CURVE_FONT('continuous');
#14367 = STYLED_ITEM('color',(#14368),#3105);
#14368 = PRESENTATION_STYLE_ASSIGNMENT((#14369,#14374));
#14369 = SURFACE_STYLE_USAGE(.BOTH.,#14370);
#14370 = SURFACE_SIDE_STYLE('',(#14371));
#14371 = SURFACE_STYLE_FILL_AREA(#14372);
#14372 = FILL_AREA_STYLE('',(#14373));
#14373 = FILL_AREA_STYLE_COLOUR('',#14301);
#14374 = CURVE_STYLE('',#14375,POSITIVE_LENGTH_MEASURE(0.1),#14301);
#14375 = DRAUGHTING_PRE_DEFINED_CURVE_FONT('continuous');
#14376 = STYLED_ITEM('color',(#14377),#3122);
#14377 = PRESENTATION_STYLE_ASSIGNMENT((#14378,#14383));
#14378 = SURFACE_STYLE_USAGE(.BOTH.,#14379);
#14379 = SURFACE_SIDE_STYLE('',(#14380));
#14380 = SURFACE_STYLE_FILL_AREA(#14381);
#14381 = FILL_AREA_STYLE('',(#14382));
#14382 = FILL_AREA_STYLE_COLOUR('',#14301);
#14383 = CURVE_STYLE('',#14384,POSITIVE_LENGTH_MEASURE(0.1),#14301);
#14384 = DRAUGHTING_PRE_DEFINED_CURVE_FONT('continuous');
#14385 = STYLED_ITEM('color',(#14386),#3185);
#14386 = PRESENTATION_STYLE_ASSIGNMENT((#14387,#14392));
#14387 = SURFACE_STYLE_USAGE(.BOTH.,#14388);
#14388 = SURFACE_SIDE_STYLE('',(#14389));
#14389 = SURFACE_STYLE_FILL_AREA(#14390);
#14390 = FILL_AREA_STYLE('',(#14391));
#14391 = FILL_AREA_STYLE_COLOUR('',#14301);
#14392 = CURVE_STYLE('',#14393,POSITIVE_LENGTH_MEASURE(0.1),#14301);
#14393 = DRAUGHTING_PRE_DEFINED_CURVE_FONT('continuous');
#14394 = STYLED_ITEM('color',(#14395),#3248);
#14395 = PRESENTATION_STYLE_ASSIGNMENT((#14396,#14401));
#14396 = SURFACE_STYLE_USAGE(.BOTH.,#14397);
#14397 = SURFACE_SIDE_STYLE('',(#14398));
#14398 = SURFACE_STYLE_FILL_AREA(#14399);
#14399 = FILL_AREA_STYLE('',(#14400));
#14400 = FILL_AREA_STYLE_COLOUR('',#14301);
#14401 = CURVE_STYLE('',#14402,POSITIVE_LENGTH_MEASURE(0.1),#14301);
#14402 = DRAUGHTING_PRE_DEFINED_CURVE_FONT('continuous');
#14403 = STYLED_ITEM('color',(#14404),#3265);
#14404 = PRESENTATION_STYLE_ASSIGNMENT((#14405,#14410));
#14405 = SURFACE_STYLE_USAGE(.BOTH.,#14406);
#14406 = SURFACE_SIDE_STYLE('',(#14407));
#14407 = SURFACE_STYLE_FILL_AREA(#14408);
#14408 = FILL_AREA_STYLE('',(#14409));
#14409 = FILL_AREA_STYLE_COLOUR('',#14301);
#14410 = CURVE_STYLE('',#14411,POSITIVE_LENGTH_MEASURE(0.1),#14301);
#14411 = DRAUGHTING_PRE_DEFINED_CURVE_FONT('continuous');
#14412 = STYLED_ITEM('color',(#14413),#3328);
#14413 = PRESENTATION_STYLE_ASSIGNMENT((#14414,#14419));
#14414 = SURFACE_STYLE_USAGE(.BOTH.,#14415);
#14415 = SURFACE_SIDE_STYLE('',(#14416));
#14416 = SURFACE_STYLE_FILL_AREA(#14417);
#14417 = FILL_AREA_STYLE('',(#14418));
#14418 = FILL_AREA_STYLE_COLOUR('',#14301);
#14419 = CURVE_STYLE('',#14420,POSITIVE_LENGTH_MEASURE(0.1),#14301);
#14420 = DRAUGHTING_PRE_DEFINED_CURVE_FONT('continuous');
#14421 = STYLED_ITEM('color',(#14422),#3346);
#14422 = PRESENTATION_STYLE_ASSIGNMENT((#14423,#14428));
#14423 = SURFACE_STYLE_USAGE(.BOTH.,#14424);
#14424 = SURFACE_SIDE_STYLE('',(#14425));
#14425 = SURFACE_STYLE_FILL_AREA(#14426);
#14426 = FILL_AREA_STYLE('',(#14427));
#14427 = FILL_AREA_STYLE_COLOUR('',#14301);
#14428 = CURVE_STYLE('',#14429,POSITIVE_LENGTH_MEASURE(0.1),#14301);
#14429 = DRAUGHTING_PRE_DEFINED_CURVE_FONT('continuous');
#14430 = STYLED_ITEM('color',(#14431),#3364);
#14431 = PRESENTATION_STYLE_ASSIGNMENT((#14432,#14437));
#14432 = SURFACE_STYLE_USAGE(.BOTH.,#14433);
#14433 = SURFACE_SIDE_STYLE('',(#14434));
#14434 = SURFACE_STYLE_FILL_AREA(#14435);
#14435 = FILL_AREA_STYLE('',(#14436));
#14436 = FILL_AREA_STYLE_COLOUR('',#14301);
#14437 = CURVE_STYLE('',#14438,POSITIVE_LENGTH_MEASURE(0.1),#14301);
#14438 = DRAUGHTING_PRE_DEFINED_CURVE_FONT('continuous');
#14439 = STYLED_ITEM('color',(#14440),#3389);
#14440 = PRESENTATION_STYLE_ASSIGNMENT((#14441,#14446));
#14441 = SURFACE_STYLE_USAGE(.BOTH.,#14442);
#14442 = SURFACE_SIDE_STYLE('',(#14443));
#14443 = SURFACE_STYLE_FILL_AREA(#14444);
#14444 = FILL_AREA_STYLE('',(#14445));
#14445 = FILL_AREA_STYLE_COLOUR('',#14301);
#14446 = CURVE_STYLE('',#14447,POSITIVE_LENGTH_MEASURE(0.1),#14301);
#14447 = DRAUGHTING_PRE_DEFINED_CURVE_FONT('continuous');
#14448 = STYLED_ITEM('color',(#14449),#3413);
#14449 = PRESENTATION_STYLE_ASSIGNMENT((#14450,#14455));
#14450 = SURFACE_STYLE_USAGE(.BOTH.,#14451);
#14451 = SURFACE_SIDE_STYLE('',(#14452));
#14452 = SURFACE_STYLE_FILL_AREA(#14453);
#14453 = FILL_AREA_STYLE('',(#14454));
#14454 = FILL_AREA_STYLE_COLOUR('',#14301);
#14455 = CURVE_STYLE('',#14456,POSITIVE_LENGTH_MEASURE(0.1),#14301);
#14456 = DRAUGHTING_PRE_DEFINED_CURVE_FONT('continuous');
#14457 = STYLED_ITEM('color',(#14458),#3438);
#14458 = PRESENTATION_STYLE_ASSIGNMENT((#14459,#14464));
#14459 = SURFACE_STYLE_USAGE(.BOTH.,#14460);
#14460 = SURFACE_SIDE_STYLE('',(#14461));
#14461 = SURFACE_STYLE_FILL_AREA(#14462);
#14462 = FILL_AREA_STYLE('',(#14463));
#14463 = FILL_AREA_STYLE_COLOUR('',#14301);
#14464 = CURVE_STYLE('',#14465,POSITIVE_LENGTH_MEASURE(0.1),#14301);
#14465 = DRAUGHTING_PRE_DEFINED_CURVE_FONT('continuous');
#14466 = OVER_RIDING_STYLED_ITEM('overriding color',(#14467),#3497,
  #14457);
#14467 = PRESENTATION_STYLE_ASSIGNMENT((#14468,#14474));
#14468 = SURFACE_STYLE_USAGE(.BOTH.,#14469);
#14469 = SURFACE_SIDE_STYLE('',(#14470));
#14470 = SURFACE_STYLE_FILL_AREA(#14471);
#14471 = FILL_AREA_STYLE('',(#14472));
#14472 = FILL_AREA_STYLE_COLOUR('',#14473);
#14473 = COLOUR_RGB('',0.823999987314,0.819999987296,0.781000009244);
#14474 = CURVE_STYLE('',#14475,POSITIVE_LENGTH_MEASURE(0.1),#14473);
#14475 = DRAUGHTING_PRE_DEFINED_CURVE_FONT('continuous');
#14476 = OVER_RIDING_STYLED_ITEM('overriding color',(#14477),#3507,
  #14457);
#14477 = PRESENTATION_STYLE_ASSIGNMENT((#14478,#14483));
#14478 = SURFACE_STYLE_USAGE(.BOTH.,#14479);
#14479 = SURFACE_SIDE_STYLE('',(#14480));
#14480 = SURFACE_STYLE_FILL_AREA(#14481);
#14481 = FILL_AREA_STYLE('',(#14482));
#14482 = FILL_AREA_STYLE_COLOUR('',#14473);
#14483 = CURVE_STYLE('',#14484,POSITIVE_LENGTH_MEASURE(0.1),#14473);
#14484 = DRAUGHTING_PRE_DEFINED_CURVE_FONT('continuous');
#14485 = OVER_RIDING_STYLED_ITEM('overriding color',(#14486),#3515,
  #14457);
#14486 = PRESENTATION_STYLE_ASSIGNMENT((#14487,#14492));
#14487 = SURFACE_STYLE_USAGE(.BOTH.,#14488);
#14488 = SURFACE_SIDE_STYLE('',(#14489));
#14489 = SURFACE_STYLE_FILL_AREA(#14490);
#14490 = FILL_AREA_STYLE('',(#14491));
#14491 = FILL_AREA_STYLE_COLOUR('',#14473);
#14492 = CURVE_STYLE('',#14493,POSITIVE_LENGTH_MEASURE(0.1),#14473);
#14493 = DRAUGHTING_PRE_DEFINED_CURVE_FONT('continuous');
#14494 = OVER_RIDING_STYLED_ITEM('overriding color',(#14495),#3523,
  #14457);
#14495 = PRESENTATION_STYLE_ASSIGNMENT((#14496,#14501));
#14496 = SURFACE_STYLE_USAGE(.BOTH.,#14497);
#14497 = SURFACE_SIDE_STYLE('',(#14498));
#14498 = SURFACE_STYLE_FILL_AREA(#14499);
#14499 = FILL_AREA_STYLE('',(#14500));
#14500 = FILL_AREA_STYLE_COLOUR('',#14473);
#14501 = CURVE_STYLE('',#14502,POSITIVE_LENGTH_MEASURE(0.1),#14473);
#14502 = DRAUGHTING_PRE_DEFINED_CURVE_FONT('continuous');
#14503 = OVER_RIDING_STYLED_ITEM('overriding color',(#14504),#3531,
  #14457);
#14504 = PRESENTATION_STYLE_ASSIGNMENT((#14505,#14510));
#14505 = SURFACE_STYLE_USAGE(.BOTH.,#14506);
#14506 = SURFACE_SIDE_STYLE('',(#14507));
#14507 = SURFACE_STYLE_FILL_AREA(#14508);
#14508 = FILL_AREA_STYLE('',(#14509));
#14509 = FILL_AREA_STYLE_COLOUR('',#14473);
#14510 = CURVE_STYLE('',#14511,POSITIVE_LENGTH_MEASURE(0.1),#14473);
#14511 = DRAUGHTING_PRE_DEFINED_CURVE_FONT('continuous');
#14512 = OVER_RIDING_STYLED_ITEM('overriding color',(#14513),#3541,
  #14457);
#14513 = PRESENTATION_STYLE_ASSIGNMENT((#14514,#14519));
#14514 = SURFACE_STYLE_USAGE(.BOTH.,#14515);
#14515 = SURFACE_SIDE_STYLE('',(#14516));
#14516 = SURFACE_STYLE_FILL_AREA(#14517);
#14517 = FILL_AREA_STYLE('',(#14518));
#14518 = FILL_AREA_STYLE_COLOUR('',#14473);
#14519 = CURVE_STYLE('',#14520,POSITIVE_LENGTH_MEASURE(0.1),#14473);
#14520 = DRAUGHTING_PRE_DEFINED_CURVE_FONT('continuous');
#14521 = OVER_RIDING_STYLED_ITEM('overriding color',(#14522),#3549,
  #14457);
#14522 = PRESENTATION_STYLE_ASSIGNMENT((#14523,#14528));
#14523 = SURFACE_STYLE_USAGE(.BOTH.,#14524);
#14524 = SURFACE_SIDE_STYLE('',(#14525));
#14525 = SURFACE_STYLE_FILL_AREA(#14526);
#14526 = FILL_AREA_STYLE('',(#14527));
#14527 = FILL_AREA_STYLE_COLOUR('',#14473);
#14528 = CURVE_STYLE('',#14529,POSITIVE_LENGTH_MEASURE(0.1),#14473);
#14529 = DRAUGHTING_PRE_DEFINED_CURVE_FONT('continuous');
#14530 = OVER_RIDING_STYLED_ITEM('overriding color',(#14531),#3557,
  #14457);
#14531 = PRESENTATION_STYLE_ASSIGNMENT((#14532,#14537));
#14532 = SURFACE_STYLE_USAGE(.BOTH.,#14533);
#14533 = SURFACE_SIDE_STYLE('',(#14534));
#14534 = SURFACE_STYLE_FILL_AREA(#14535);
#14535 = FILL_AREA_STYLE('',(#14536));
#14536 = FILL_AREA_STYLE_COLOUR('',#14473);
#14537 = CURVE_STYLE('',#14538,POSITIVE_LENGTH_MEASURE(0.1),#14473);
#14538 = DRAUGHTING_PRE_DEFINED_CURVE_FONT('continuous');
#14539 = OVER_RIDING_STYLED_ITEM('overriding color',(#14540),#3565,
  #14457);
#14540 = PRESENTATION_STYLE_ASSIGNMENT((#14541,#14546));
#14541 = SURFACE_STYLE_USAGE(.BOTH.,#14542);
#14542 = SURFACE_SIDE_STYLE('',(#14543));
#14543 = SURFACE_STYLE_FILL_AREA(#14544);
#14544 = FILL_AREA_STYLE('',(#14545));
#14545 = FILL_AREA_STYLE_COLOUR('',#14473);
#14546 = CURVE_STYLE('',#14547,POSITIVE_LENGTH_MEASURE(0.1),#14473);
#14547 = DRAUGHTING_PRE_DEFINED_CURVE_FONT('continuous');
#14548 = OVER_RIDING_STYLED_ITEM('overriding color',(#14549),#3575,
  #14457);
#14549 = PRESENTATION_STYLE_ASSIGNMENT((#14550,#14555));
#14550 = SURFACE_STYLE_USAGE(.BOTH.,#14551);
#14551 = SURFACE_SIDE_STYLE('',(#14552));
#14552 = SURFACE_STYLE_FILL_AREA(#14553);
#14553 = FILL_AREA_STYLE('',(#14554));
#14554 = FILL_AREA_STYLE_COLOUR('',#14473);
#14555 = CURVE_STYLE('',#14556,POSITIVE_LENGTH_MEASURE(0.1),#14473);
#14556 = DRAUGHTING_PRE_DEFINED_CURVE_FONT('continuous');
#14557 = OVER_RIDING_STYLED_ITEM('overriding color',(#14558),#3583,
  #14457);
#14558 = PRESENTATION_STYLE_ASSIGNMENT((#14559,#14564));
#14559 = SURFACE_STYLE_USAGE(.BOTH.,#14560);
#14560 = SURFACE_SIDE_STYLE('',(#14561));
#14561 = SURFACE_STYLE_FILL_AREA(#14562);
#14562 = FILL_AREA_STYLE('',(#14563));
#14563 = FILL_AREA_STYLE_COLOUR('',#14473);
#14564 = CURVE_STYLE('',#14565,POSITIVE_LENGTH_MEASURE(0.1),#14473);
#14565 = DRAUGHTING_PRE_DEFINED_CURVE_FONT('continuous');
#14566 = OVER_RIDING_STYLED_ITEM('overriding color',(#14567),#3591,
  #14457);
#14567 = PRESENTATION_STYLE_ASSIGNMENT((#14568,#14573));
#14568 = SURFACE_STYLE_USAGE(.BOTH.,#14569);
#14569 = SURFACE_SIDE_STYLE('',(#14570));
#14570 = SURFACE_STYLE_FILL_AREA(#14571);
#14571 = FILL_AREA_STYLE('',(#14572));
#14572 = FILL_AREA_STYLE_COLOUR('',#14473);
#14573 = CURVE_STYLE('',#14574,POSITIVE_LENGTH_MEASURE(0.1),#14473);
#14574 = DRAUGHTING_PRE_DEFINED_CURVE_FONT('continuous');
#14575 = OVER_RIDING_STYLED_ITEM('overriding color',(#14576),#3599,
  #14457);
#14576 = PRESENTATION_STYLE_ASSIGNMENT((#14577,#14582));
#14577 = SURFACE_STYLE_USAGE(.BOTH.,#14578);
#14578 = SURFACE_SIDE_STYLE('',(#14579));
#14579 = SURFACE_STYLE_FILL_AREA(#14580);
#14580 = FILL_AREA_STYLE('',(#14581));
#14581 = FILL_AREA_STYLE_COLOUR('',#14473);
#14582 = CURVE_STYLE('',#14583,POSITIVE_LENGTH_MEASURE(0.1),#14473);
#14583 = DRAUGHTING_PRE_DEFINED_CURVE_FONT('continuous');
#14584 = OVER_RIDING_STYLED_ITEM('overriding color',(#14585),#3609,
  #14457);
#14585 = PRESENTATION_STYLE_ASSIGNMENT((#14586,#14591));
#14586 = SURFACE_STYLE_USAGE(.BOTH.,#14587);
#14587 = SURFACE_SIDE_STYLE('',(#14588));
#14588 = SURFACE_STYLE_FILL_AREA(#14589);
#14589 = FILL_AREA_STYLE('',(#14590));
#14590 = FILL_AREA_STYLE_COLOUR('',#14473);
#14591 = CURVE_STYLE('',#14592,POSITIVE_LENGTH_MEASURE(0.1),#14473);
#14592 = DRAUGHTING_PRE_DEFINED_CURVE_FONT('continuous');
#14593 = OVER_RIDING_STYLED_ITEM('overriding color',(#14594),#3617,
  #14457);
#14594 = PRESENTATION_STYLE_ASSIGNMENT((#14595,#14600));
#14595 = SURFACE_STYLE_USAGE(.BOTH.,#14596);
#14596 = SURFACE_SIDE_STYLE('',(#14597));
#14597 = SURFACE_STYLE_FILL_AREA(#14598);
#14598 = FILL_AREA_STYLE('',(#14599));
#14599 = FILL_AREA_STYLE_COLOUR('',#14473);
#14600 = CURVE_STYLE('',#14601,POSITIVE_LENGTH_MEASURE(0.1),#14473);
#14601 = DRAUGHTING_PRE_DEFINED_CURVE_FONT('continuous');
#14602 = OVER_RIDING_STYLED_ITEM('overriding color',(#14603),#3625,
  #14457);
#14603 = PRESENTATION_STYLE_ASSIGNMENT((#14604,#14609));
#14604 = SURFACE_STYLE_USAGE(.BOTH.,#14605);
#14605 = SURFACE_SIDE_STYLE('',(#14606));
#14606 = SURFACE_STYLE_FILL_AREA(#14607);
#14607 = FILL_AREA_STYLE('',(#14608));
#14608 = FILL_AREA_STYLE_COLOUR('',#14473);
#14609 = CURVE_STYLE('',#14610,POSITIVE_LENGTH_MEASURE(0.1),#14473);
#14610 = DRAUGHTING_PRE_DEFINED_CURVE_FONT('continuous');
#14611 = OVER_RIDING_STYLED_ITEM('overriding color',(#14612),#3633,
  #14457);
#14612 = PRESENTATION_STYLE_ASSIGNMENT((#14613,#14618));
#14613 = SURFACE_STYLE_USAGE(.BOTH.,#14614);
#14614 = SURFACE_SIDE_STYLE('',(#14615));
#14615 = SURFACE_STYLE_FILL_AREA(#14616);
#14616 = FILL_AREA_STYLE('',(#14617));
#14617 = FILL_AREA_STYLE_COLOUR('',#14473);
#14618 = CURVE_STYLE('',#14619,POSITIVE_LENGTH_MEASURE(0.1),#14473);
#14619 = DRAUGHTING_PRE_DEFINED_CURVE_FONT('continuous');
#14620 = OVER_RIDING_STYLED_ITEM('overriding color',(#14621),#3643,
  #14457);
#14621 = PRESENTATION_STYLE_ASSIGNMENT((#14622,#14627));
#14622 = SURFACE_STYLE_USAGE(.BOTH.,#14623);
#14623 = SURFACE_SIDE_STYLE('',(#14624));
#14624 = SURFACE_STYLE_FILL_AREA(#14625);
#14625 = FILL_AREA_STYLE('',(#14626));
#14626 = FILL_AREA_STYLE_COLOUR('',#14473);
#14627 = CURVE_STYLE('',#14628,POSITIVE_LENGTH_MEASURE(0.1),#14473);
#14628 = DRAUGHTING_PRE_DEFINED_CURVE_FONT('continuous');
#14629 = OVER_RIDING_STYLED_ITEM('overriding color',(#14630),#3651,
  #14457);
#14630 = PRESENTATION_STYLE_ASSIGNMENT((#14631,#14636));
#14631 = SURFACE_STYLE_USAGE(.BOTH.,#14632);
#14632 = SURFACE_SIDE_STYLE('',(#14633));
#14633 = SURFACE_STYLE_FILL_AREA(#14634);
#14634 = FILL_AREA_STYLE('',(#14635));
#14635 = FILL_AREA_STYLE_COLOUR('',#14473);
#14636 = CURVE_STYLE('',#14637,POSITIVE_LENGTH_MEASURE(0.1),#14473);
#14637 = DRAUGHTING_PRE_DEFINED_CURVE_FONT('continuous');
#14638 = OVER_RIDING_STYLED_ITEM('overriding color',(#14639),#3659,
  #14457);
#14639 = PRESENTATION_STYLE_ASSIGNMENT((#14640,#14645));
#14640 = SURFACE_STYLE_USAGE(.BOTH.,#14641);
#14641 = SURFACE_SIDE_STYLE('',(#14642));
#14642 = SURFACE_STYLE_FILL_AREA(#14643);
#14643 = FILL_AREA_STYLE('',(#14644));
#14644 = FILL_AREA_STYLE_COLOUR('',#14473);
#14645 = CURVE_STYLE('',#14646,POSITIVE_LENGTH_MEASURE(0.1),#14473);
#14646 = DRAUGHTING_PRE_DEFINED_CURVE_FONT('continuous');
#14647 = STYLED_ITEM('color',(#14648),#3669);
#14648 = PRESENTATION_STYLE_ASSIGNMENT((#14649,#14654));
#14649 = SURFACE_STYLE_USAGE(.BOTH.,#14650);
#14650 = SURFACE_SIDE_STYLE('',(#14651));
#14651 = SURFACE_STYLE_FILL_AREA(#14652);
#14652 = FILL_AREA_STYLE('',(#14653));
#14653 = FILL_AREA_STYLE_COLOUR('',#14301);
#14654 = CURVE_STYLE('',#14655,POSITIVE_LENGTH_MEASURE(0.1),#14301);
#14655 = DRAUGHTING_PRE_DEFINED_CURVE_FONT('continuous');
#14656 = STYLED_ITEM('color',(#14657),#3686);
#14657 = PRESENTATION_STYLE_ASSIGNMENT((#14658,#14663));
#14658 = SURFACE_STYLE_USAGE(.BOTH.,#14659);
#14659 = SURFACE_SIDE_STYLE('',(#14660));
#14660 = SURFACE_STYLE_FILL_AREA(#14661);
#14661 = FILL_AREA_STYLE('',(#14662));
#14662 = FILL_AREA_STYLE_COLOUR('',#14301);
#14663 = CURVE_STYLE('',#14664,POSITIVE_LENGTH_MEASURE(0.1),#14301);
#14664 = DRAUGHTING_PRE_DEFINED_CURVE_FONT('continuous');
#14665 = STYLED_ITEM('color',(#14666),#3704);
#14666 = PRESENTATION_STYLE_ASSIGNMENT((#14667,#14672));
#14667 = SURFACE_STYLE_USAGE(.BOTH.,#14668);
#14668 = SURFACE_SIDE_STYLE('',(#14669));
#14669 = SURFACE_STYLE_FILL_AREA(#14670);
#14670 = FILL_AREA_STYLE('',(#14671));
#14671 = FILL_AREA_STYLE_COLOUR('',#14301);
#14672 = CURVE_STYLE('',#14673,POSITIVE_LENGTH_MEASURE(0.1),#14301);
#14673 = DRAUGHTING_PRE_DEFINED_CURVE_FONT('continuous');
#14674 = STYLED_ITEM('color',(#14675),#3716);
#14675 = PRESENTATION_STYLE_ASSIGNMENT((#14676,#14681));
#14676 = SURFACE_STYLE_USAGE(.BOTH.,#14677);
#14677 = SURFACE_SIDE_STYLE('',(#14678));
#14678 = SURFACE_STYLE_FILL_AREA(#14679);
#14679 = FILL_AREA_STYLE('',(#14680));
#14680 = FILL_AREA_STYLE_COLOUR('',#14301);
#14681 = CURVE_STYLE('',#14682,POSITIVE_LENGTH_MEASURE(0.1),#14301);
#14682 = DRAUGHTING_PRE_DEFINED_CURVE_FONT('continuous');
#14683 = STYLED_ITEM('color',(#14684),#3741);
#14684 = PRESENTATION_STYLE_ASSIGNMENT((#14685,#14690));
#14685 = SURFACE_STYLE_USAGE(.BOTH.,#14686);
#14686 = SURFACE_SIDE_STYLE('',(#14687));
#14687 = SURFACE_STYLE_FILL_AREA(#14688);
#14688 = FILL_AREA_STYLE('',(#14689));
#14689 = FILL_AREA_STYLE_COLOUR('',#14301);
#14690 = CURVE_STYLE('',#14691,POSITIVE_LENGTH_MEASURE(0.1),#14301);
#14691 = DRAUGHTING_PRE_DEFINED_CURVE_FONT('continuous');
#14692 = STYLED_ITEM('color',(#14693),#3758);
#14693 = PRESENTATION_STYLE_ASSIGNMENT((#14694,#14699));
#14694 = SURFACE_STYLE_USAGE(.BOTH.,#14695);
#14695 = SURFACE_SIDE_STYLE('',(#14696));
#14696 = SURFACE_STYLE_FILL_AREA(#14697);
#14697 = FILL_AREA_STYLE('',(#14698));
#14698 = FILL_AREA_STYLE_COLOUR('',#14301);
#14699 = CURVE_STYLE('',#14700,POSITIVE_LENGTH_MEASURE(0.1),#14301);
#14700 = DRAUGHTING_PRE_DEFINED_CURVE_FONT('continuous');
#14701 = STYLED_ITEM('color',(#14702),#3776);
#14702 = PRESENTATION_STYLE_ASSIGNMENT((#14703,#14708));
#14703 = SURFACE_STYLE_USAGE(.BOTH.,#14704);
#14704 = SURFACE_SIDE_STYLE('',(#14705));
#14705 = SURFACE_STYLE_FILL_AREA(#14706);
#14706 = FILL_AREA_STYLE('',(#14707));
#14707 = FILL_AREA_STYLE_COLOUR('',#14301);
#14708 = CURVE_STYLE('',#14709,POSITIVE_LENGTH_MEASURE(0.1),#14301);
#14709 = DRAUGHTING_PRE_DEFINED_CURVE_FONT('continuous');
#14710 = STYLED_ITEM('color',(#14711),#3788);
#14711 = PRESENTATION_STYLE_ASSIGNMENT((#14712,#14717));
#14712 = SURFACE_STYLE_USAGE(.BOTH.,#14713);
#14713 = SURFACE_SIDE_STYLE('',(#14714));
#14714 = SURFACE_STYLE_FILL_AREA(#14715);
#14715 = FILL_AREA_STYLE('',(#14716));
#14716 = FILL_AREA_STYLE_COLOUR('',#14301);
#14717 = CURVE_STYLE('',#14718,POSITIVE_LENGTH_MEASURE(0.1),#14301);
#14718 = DRAUGHTING_PRE_DEFINED_CURVE_FONT('continuous');
#14719 = STYLED_ITEM('color',(#14720),#3813);
#14720 = PRESENTATION_STYLE_ASSIGNMENT((#14721,#14726));
#14721 = SURFACE_STYLE_USAGE(.BOTH.,#14722);
#14722 = SURFACE_SIDE_STYLE('',(#14723));
#14723 = SURFACE_STYLE_FILL_AREA(#14724);
#14724 = FILL_AREA_STYLE('',(#14725));
#14725 = FILL_AREA_STYLE_COLOUR('',#14301);
#14726 = CURVE_STYLE('',#14727,POSITIVE_LENGTH_MEASURE(0.1),#14301);
#14727 = DRAUGHTING_PRE_DEFINED_CURVE_FONT('continuous');
#14728 = STYLED_ITEM('color',(#14729),#3830);
#14729 = PRESENTATION_STYLE_ASSIGNMENT((#14730,#14735));
#14730 = SURFACE_STYLE_USAGE(.BOTH.,#14731);
#14731 = SURFACE_SIDE_STYLE('',(#14732));
#14732 = SURFACE_STYLE_FILL_AREA(#14733);
#14733 = FILL_AREA_STYLE('',(#14734));
#14734 = FILL_AREA_STYLE_COLOUR('',#14301);
#14735 = CURVE_STYLE('',#14736,POSITIVE_LENGTH_MEASURE(0.1),#14301);
#14736 = DRAUGHTING_PRE_DEFINED_CURVE_FONT('continuous');
#14737 = STYLED_ITEM('color',(#14738),#3842);
#14738 = PRESENTATION_STYLE_ASSIGNMENT((#14739,#14744));
#14739 = SURFACE_STYLE_USAGE(.BOTH.,#14740);
#14740 = SURFACE_SIDE_STYLE('',(#14741));
#14741 = SURFACE_STYLE_FILL_AREA(#14742);
#14742 = FILL_AREA_STYLE('',(#14743));
#14743 = FILL_AREA_STYLE_COLOUR('',#14301);
#14744 = CURVE_STYLE('',#14745,POSITIVE_LENGTH_MEASURE(0.1),#14301);
#14745 = DRAUGHTING_PRE_DEFINED_CURVE_FONT('continuous');
#14746 = STYLED_ITEM('color',(#14747),#3854);
#14747 = PRESENTATION_STYLE_ASSIGNMENT((#14748,#14753));
#14748 = SURFACE_STYLE_USAGE(.BOTH.,#14749);
#14749 = SURFACE_SIDE_STYLE('',(#14750));
#14750 = SURFACE_STYLE_FILL_AREA(#14751);
#14751 = FILL_AREA_STYLE('',(#14752));
#14752 = FILL_AREA_STYLE_COLOUR('',#14473);
#14753 = CURVE_STYLE('',#14754,POSITIVE_LENGTH_MEASURE(0.1),#14473);
#14754 = DRAUGHTING_PRE_DEFINED_CURVE_FONT('continuous');
#14755 = STYLED_ITEM('color',(#14756),#3885);
#14756 = PRESENTATION_STYLE_ASSIGNMENT((#14757,#14762));
#14757 = SURFACE_STYLE_USAGE(.BOTH.,#14758);
#14758 = SURFACE_SIDE_STYLE('',(#14759));
#14759 = SURFACE_STYLE_FILL_AREA(#14760);
#14760 = FILL_AREA_STYLE('',(#14761));
#14761 = FILL_AREA_STYLE_COLOUR('',#14473);
#14762 = CURVE_STYLE('',#14763,POSITIVE_LENGTH_MEASURE(0.1),#14473);
#14763 = DRAUGHTING_PRE_DEFINED_CURVE_FONT('continuous');
#14764 = STYLED_ITEM('color',(#14765),#3909);
#14765 = PRESENTATION_STYLE_ASSIGNMENT((#14766,#14771));
#14766 = SURFACE_STYLE_USAGE(.BOTH.,#14767);
#14767 = SURFACE_SIDE_STYLE('',(#14768));
#14768 = SURFACE_STYLE_FILL_AREA(#14769);
#14769 = FILL_AREA_STYLE('',(#14770));
#14770 = FILL_AREA_STYLE_COLOUR('',#14473);
#14771 = CURVE_STYLE('',#14772,POSITIVE_LENGTH_MEASURE(0.1),#14473);
#14772 = DRAUGHTING_PRE_DEFINED_CURVE_FONT('continuous');
#14773 = STYLED_ITEM('color',(#14774),#3933);
#14774 = PRESENTATION_STYLE_ASSIGNMENT((#14775,#14780));
#14775 = SURFACE_STYLE_USAGE(.BOTH.,#14776);
#14776 = SURFACE_SIDE_STYLE('',(#14777));
#14777 = SURFACE_STYLE_FILL_AREA(#14778);
#14778 = FILL_AREA_STYLE('',(#14779));
#14779 = FILL_AREA_STYLE_COLOUR('',#14473);
#14780 = CURVE_STYLE('',#14781,POSITIVE_LENGTH_MEASURE(0.1),#14473);
#14781 = DRAUGHTING_PRE_DEFINED_CURVE_FONT('continuous');
#14782 = STYLED_ITEM('color',(#14783),#3950);
#14783 = PRESENTATION_STYLE_ASSIGNMENT((#14784,#14789));
#14784 = SURFACE_STYLE_USAGE(.BOTH.,#14785);
#14785 = SURFACE_SIDE_STYLE('',(#14786));
#14786 = SURFACE_STYLE_FILL_AREA(#14787);
#14787 = FILL_AREA_STYLE('',(#14788));
#14788 = FILL_AREA_STYLE_COLOUR('',#14473);
#14789 = CURVE_STYLE('',#14790,POSITIVE_LENGTH_MEASURE(0.1),#14473);
#14790 = DRAUGHTING_PRE_DEFINED_CURVE_FONT('continuous');
#14791 = STYLED_ITEM('color',(#14792),#3981);
#14792 = PRESENTATION_STYLE_ASSIGNMENT((#14793,#14798));
#14793 = SURFACE_STYLE_USAGE(.BOTH.,#14794);
#14794 = SURFACE_SIDE_STYLE('',(#14795));
#14795 = SURFACE_STYLE_FILL_AREA(#14796);
#14796 = FILL_AREA_STYLE('',(#14797));
#14797 = FILL_AREA_STYLE_COLOUR('',#14473);
#14798 = CURVE_STYLE('',#14799,POSITIVE_LENGTH_MEASURE(0.1),#14473);
#14799 = DRAUGHTING_PRE_DEFINED_CURVE_FONT('continuous');
#14800 = STYLED_ITEM('color',(#14801),#4005);
#14801 = PRESENTATION_STYLE_ASSIGNMENT((#14802,#14807));
#14802 = SURFACE_STYLE_USAGE(.BOTH.,#14803);
#14803 = SURFACE_SIDE_STYLE('',(#14804));
#14804 = SURFACE_STYLE_FILL_AREA(#14805);
#14805 = FILL_AREA_STYLE('',(#14806));
#14806 = FILL_AREA_STYLE_COLOUR('',#14473);
#14807 = CURVE_STYLE('',#14808,POSITIVE_LENGTH_MEASURE(0.1),#14473);
#14808 = DRAUGHTING_PRE_DEFINED_CURVE_FONT('continuous');
#14809 = STYLED_ITEM('color',(#14810),#4029);
#14810 = PRESENTATION_STYLE_ASSIGNMENT((#14811,#14816));
#14811 = SURFACE_STYLE_USAGE(.BOTH.,#14812);
#14812 = SURFACE_SIDE_STYLE('',(#14813));
#14813 = SURFACE_STYLE_FILL_AREA(#14814);
#14814 = FILL_AREA_STYLE('',(#14815));
#14815 = FILL_AREA_STYLE_COLOUR('',#14473);
#14816 = CURVE_STYLE('',#14817,POSITIVE_LENGTH_MEASURE(0.1),#14473);
#14817 = DRAUGHTING_PRE_DEFINED_CURVE_FONT('continuous');
#14818 = STYLED_ITEM('color',(#14819),#4046);
#14819 = PRESENTATION_STYLE_ASSIGNMENT((#14820,#14825));
#14820 = SURFACE_STYLE_USAGE(.BOTH.,#14821);
#14821 = SURFACE_SIDE_STYLE('',(#14822));
#14822 = SURFACE_STYLE_FILL_AREA(#14823);
#14823 = FILL_AREA_STYLE('',(#14824));
#14824 = FILL_AREA_STYLE_COLOUR('',#14473);
#14825 = CURVE_STYLE('',#14826,POSITIVE_LENGTH_MEASURE(0.1),#14473);
#14826 = DRAUGHTING_PRE_DEFINED_CURVE_FONT('continuous');
#14827 = STYLED_ITEM('color',(#14828),#4077);
#14828 = PRESENTATION_STYLE_ASSIGNMENT((#14829,#14834));
#14829 = SURFACE_STYLE_USAGE(.BOTH.,#14830);
#14830 = SURFACE_SIDE_STYLE('',(#14831));
#14831 = SURFACE_STYLE_FILL_AREA(#14832);
#14832 = FILL_AREA_STYLE('',(#14833));
#14833 = FILL_AREA_STYLE_COLOUR('',#14473);
#14834 = CURVE_STYLE('',#14835,POSITIVE_LENGTH_MEASURE(0.1),#14473);
#14835 = DRAUGHTING_PRE_DEFINED_CURVE_FONT('continuous');
#14836 = STYLED_ITEM('color',(#14837),#4101);
#14837 = PRESENTATION_STYLE_ASSIGNMENT((#14838,#14843));
#14838 = SURFACE_STYLE_USAGE(.BOTH.,#14839);
#14839 = SURFACE_SIDE_STYLE('',(#14840));
#14840 = SURFACE_STYLE_FILL_AREA(#14841);
#14841 = FILL_AREA_STYLE('',(#14842));
#14842 = FILL_AREA_STYLE_COLOUR('',#14473);
#14843 = CURVE_STYLE('',#14844,POSITIVE_LENGTH_MEASURE(0.1),#14473);
#14844 = DRAUGHTING_PRE_DEFINED_CURVE_FONT('continuous');
#14845 = STYLED_ITEM('color',(#14846),#4125);
#14846 = PRESENTATION_STYLE_ASSIGNMENT((#14847,#14852));
#14847 = SURFACE_STYLE_USAGE(.BOTH.,#14848);
#14848 = SURFACE_SIDE_STYLE('',(#14849));
#14849 = SURFACE_STYLE_FILL_AREA(#14850);
#14850 = FILL_AREA_STYLE('',(#14851));
#14851 = FILL_AREA_STYLE_COLOUR('',#14473);
#14852 = CURVE_STYLE('',#14853,POSITIVE_LENGTH_MEASURE(0.1),#14473);
#14853 = DRAUGHTING_PRE_DEFINED_CURVE_FONT('continuous');
#14854 = STYLED_ITEM('color',(#14855),#4142);
#14855 = PRESENTATION_STYLE_ASSIGNMENT((#14856,#14861));
#14856 = SURFACE_STYLE_USAGE(.BOTH.,#14857);
#14857 = SURFACE_SIDE_STYLE('',(#14858));
#14858 = SURFACE_STYLE_FILL_AREA(#14859);
#14859 = FILL_AREA_STYLE('',(#14860));
#14860 = FILL_AREA_STYLE_COLOUR('',#14473);
#14861 = CURVE_STYLE('',#14862,POSITIVE_LENGTH_MEASURE(0.1),#14473);
#14862 = DRAUGHTING_PRE_DEFINED_CURVE_FONT('continuous');
#14863 = STYLED_ITEM('color',(#14864),#4173);
#14864 = PRESENTATION_STYLE_ASSIGNMENT((#14865,#14870));
#14865 = SURFACE_STYLE_USAGE(.BOTH.,#14866);
#14866 = SURFACE_SIDE_STYLE('',(#14867));
#14867 = SURFACE_STYLE_FILL_AREA(#14868);
#14868 = FILL_AREA_STYLE('',(#14869));
#14869 = FILL_AREA_STYLE_COLOUR('',#14473);
#14870 = CURVE_STYLE('',#14871,POSITIVE_LENGTH_MEASURE(0.1),#14473);
#14871 = DRAUGHTING_PRE_DEFINED_CURVE_FONT('continuous');
#14872 = STYLED_ITEM('color',(#14873),#4197);
#14873 = PRESENTATION_STYLE_ASSIGNMENT((#14874,#14879));
#14874 = SURFACE_STYLE_USAGE(.BOTH.,#14875);
#14875 = SURFACE_SIDE_STYLE('',(#14876));
#14876 = SURFACE_STYLE_FILL_AREA(#14877);
#14877 = FILL_AREA_STYLE('',(#14878));
#14878 = FILL_AREA_STYLE_COLOUR('',#14473);
#14879 = CURVE_STYLE('',#14880,POSITIVE_LENGTH_MEASURE(0.1),#14473);
#14880 = DRAUGHTING_PRE_DEFINED_CURVE_FONT('continuous');
#14881 = STYLED_ITEM('color',(#14882),#4221);
#14882 = PRESENTATION_STYLE_ASSIGNMENT((#14883,#14888));
#14883 = SURFACE_STYLE_USAGE(.BOTH.,#14884);
#14884 = SURFACE_SIDE_STYLE('',(#14885));
#14885 = SURFACE_STYLE_FILL_AREA(#14886);
#14886 = FILL_AREA_STYLE('',(#14887));
#14887 = FILL_AREA_STYLE_COLOUR('',#14473);
#14888 = CURVE_STYLE('',#14889,POSITIVE_LENGTH_MEASURE(0.1),#14473);
#14889 = DRAUGHTING_PRE_DEFINED_CURVE_FONT('continuous');
#14890 = STYLED_ITEM('color',(#14891),#4238);
#14891 = PRESENTATION_STYLE_ASSIGNMENT((#14892,#14897));
#14892 = SURFACE_STYLE_USAGE(.BOTH.,#14893);
#14893 = SURFACE_SIDE_STYLE('',(#14894));
#14894 = SURFACE_STYLE_FILL_AREA(#14895);
#14895 = FILL_AREA_STYLE('',(#14896));
#14896 = FILL_AREA_STYLE_COLOUR('',#14473);
#14897 = CURVE_STYLE('',#14898,POSITIVE_LENGTH_MEASURE(0.1),#14473);
#14898 = DRAUGHTING_PRE_DEFINED_CURVE_FONT('continuous');
#14899 = STYLED_ITEM('color',(#14900),#4269);
#14900 = PRESENTATION_STYLE_ASSIGNMENT((#14901,#14906));
#14901 = SURFACE_STYLE_USAGE(.BOTH.,#14902);
#14902 = SURFACE_SIDE_STYLE('',(#14903));
#14903 = SURFACE_STYLE_FILL_AREA(#14904);
#14904 = FILL_AREA_STYLE('',(#14905));
#14905 = FILL_AREA_STYLE_COLOUR('',#14473);
#14906 = CURVE_STYLE('',#14907,POSITIVE_LENGTH_MEASURE(0.1),#14473);
#14907 = DRAUGHTING_PRE_DEFINED_CURVE_FONT('continuous');
#14908 = STYLED_ITEM('color',(#14909),#4293);
#14909 = PRESENTATION_STYLE_ASSIGNMENT((#14910,#14915));
#14910 = SURFACE_STYLE_USAGE(.BOTH.,#14911);
#14911 = SURFACE_SIDE_STYLE('',(#14912));
#14912 = SURFACE_STYLE_FILL_AREA(#14913);
#14913 = FILL_AREA_STYLE('',(#14914));
#14914 = FILL_AREA_STYLE_COLOUR('',#14473);
#14915 = CURVE_STYLE('',#14916,POSITIVE_LENGTH_MEASURE(0.1),#14473);
#14916 = DRAUGHTING_PRE_DEFINED_CURVE_FONT('continuous');
#14917 = STYLED_ITEM('color',(#14918),#4317);
#14918 = PRESENTATION_STYLE_ASSIGNMENT((#14919,#14924));
#14919 = SURFACE_STYLE_USAGE(.BOTH.,#14920);
#14920 = SURFACE_SIDE_STYLE('',(#14921));
#14921 = SURFACE_STYLE_FILL_AREA(#14922);
#14922 = FILL_AREA_STYLE('',(#14923));
#14923 = FILL_AREA_STYLE_COLOUR('',#14473);
#14924 = CURVE_STYLE('',#14925,POSITIVE_LENGTH_MEASURE(0.1),#14473);
#14925 = DRAUGHTING_PRE_DEFINED_CURVE_FONT('continuous');
#14926 = STYLED_ITEM('color',(#14927),#4334);
#14927 = PRESENTATION_STYLE_ASSIGNMENT((#14928,#14933));
#14928 = SURFACE_STYLE_USAGE(.BOTH.,#14929);
#14929 = SURFACE_SIDE_STYLE('',(#14930));
#14930 = SURFACE_STYLE_FILL_AREA(#14931);
#14931 = FILL_AREA_STYLE('',(#14932));
#14932 = FILL_AREA_STYLE_COLOUR('',#14473);
#14933 = CURVE_STYLE('',#14934,POSITIVE_LENGTH_MEASURE(0.1),#14473);
#14934 = DRAUGHTING_PRE_DEFINED_CURVE_FONT('continuous');
#14935 = STYLED_ITEM('color',(#14936),#4367);
#14936 = PRESENTATION_STYLE_ASSIGNMENT((#14937,#14942));
#14937 = SURFACE_STYLE_USAGE(.BOTH.,#14938);
#14938 = SURFACE_SIDE_STYLE('',(#14939));
#14939 = SURFACE_STYLE_FILL_AREA(#14940);
#14940 = FILL_AREA_STYLE('',(#14941));
#14941 = FILL_AREA_STYLE_COLOUR('',#14473);
#14942 = CURVE_STYLE('',#14943,POSITIVE_LENGTH_MEASURE(0.1),#14473);
#14943 = DRAUGHTING_PRE_DEFINED_CURVE_FONT('continuous');
#14944 = STYLED_ITEM('color',(#14945),#4392);
#14945 = PRESENTATION_STYLE_ASSIGNMENT((#14946,#14951));
#14946 = SURFACE_STYLE_USAGE(.BOTH.,#14947);
#14947 = SURFACE_SIDE_STYLE('',(#14948));
#14948 = SURFACE_STYLE_FILL_AREA(#14949);
#14949 = FILL_AREA_STYLE('',(#14950));
#14950 = FILL_AREA_STYLE_COLOUR('',#14473);
#14951 = CURVE_STYLE('',#14952,POSITIVE_LENGTH_MEASURE(0.1),#14473);
#14952 = DRAUGHTING_PRE_DEFINED_CURVE_FONT('continuous');
#14953 = STYLED_ITEM('color',(#14954),#4417);
#14954 = PRESENTATION_STYLE_ASSIGNMENT((#14955,#14960));
#14955 = SURFACE_STYLE_USAGE(.BOTH.,#14956);
#14956 = SURFACE_SIDE_STYLE('',(#14957));
#14957 = SURFACE_STYLE_FILL_AREA(#14958);
#14958 = FILL_AREA_STYLE('',(#14959));
#14959 = FILL_AREA_STYLE_COLOUR('',#14473);
#14960 = CURVE_STYLE('',#14961,POSITIVE_LENGTH_MEASURE(0.1),#14473);
#14961 = DRAUGHTING_PRE_DEFINED_CURVE_FONT('continuous');
#14962 = STYLED_ITEM('color',(#14963),#4434);
#14963 = PRESENTATION_STYLE_ASSIGNMENT((#14964,#14969));
#14964 = SURFACE_STYLE_USAGE(.BOTH.,#14965);
#14965 = SURFACE_SIDE_STYLE('',(#14966));
#14966 = SURFACE_STYLE_FILL_AREA(#14967);
#14967 = FILL_AREA_STYLE('',(#14968));
#14968 = FILL_AREA_STYLE_COLOUR('',#14473);
#14969 = CURVE_STYLE('',#14970,POSITIVE_LENGTH_MEASURE(0.1),#14473);
#14970 = DRAUGHTING_PRE_DEFINED_CURVE_FONT('continuous');
#14971 = STYLED_ITEM('color',(#14972),#4467);
#14972 = PRESENTATION_STYLE_ASSIGNMENT((#14973,#14978));
#14973 = SURFACE_STYLE_USAGE(.BOTH.,#14974);
#14974 = SURFACE_SIDE_STYLE('',(#14975));
#14975 = SURFACE_STYLE_FILL_AREA(#14976);
#14976 = FILL_AREA_STYLE('',(#14977));
#14977 = FILL_AREA_STYLE_COLOUR('',#14473);
#14978 = CURVE_STYLE('',#14979,POSITIVE_LENGTH_MEASURE(0.1),#14473);
#14979 = DRAUGHTING_PRE_DEFINED_CURVE_FONT('continuous');
#14980 = STYLED_ITEM('color',(#14981),#4492);
#14981 = PRESENTATION_STYLE_ASSIGNMENT((#14982,#14987));
#14982 = SURFACE_STYLE_USAGE(.BOTH.,#14983);
#14983 = SURFACE_SIDE_STYLE('',(#14984));
#14984 = SURFACE_STYLE_FILL_AREA(#14985);
#14985 = FILL_AREA_STYLE('',(#14986));
#14986 = FILL_AREA_STYLE_COLOUR('',#14473);
#14987 = CURVE_STYLE('',#14988,POSITIVE_LENGTH_MEASURE(0.1),#14473);
#14988 = DRAUGHTING_PRE_DEFINED_CURVE_FONT('continuous');
#14989 = STYLED_ITEM('color',(#14990),#4517);
#14990 = PRESENTATION_STYLE_ASSIGNMENT((#14991,#14996));
#14991 = SURFACE_STYLE_USAGE(.BOTH.,#14992);
#14992 = SURFACE_SIDE_STYLE('',(#14993));
#14993 = SURFACE_STYLE_FILL_AREA(#14994);
#14994 = FILL_AREA_STYLE('',(#14995));
#14995 = FILL_AREA_STYLE_COLOUR('',#14473);
#14996 = CURVE_STYLE('',#14997,POSITIVE_LENGTH_MEASURE(0.1),#14473);
#14997 = DRAUGHTING_PRE_DEFINED_CURVE_FONT('continuous');
#14998 = STYLED_ITEM('color',(#14999),#4534);
#14999 = PRESENTATION_STYLE_ASSIGNMENT((#15000,#15005));
#15000 = SURFACE_STYLE_USAGE(.BOTH.,#15001);
#15001 = SURFACE_SIDE_STYLE('',(#15002));
#15002 = SURFACE_STYLE_FILL_AREA(#15003);
#15003 = FILL_AREA_STYLE('',(#15004));
#15004 = FILL_AREA_STYLE_COLOUR('',#14473);
#15005 = CURVE_STYLE('',#15006,POSITIVE_LENGTH_MEASURE(0.1),#14473);
#15006 = DRAUGHTING_PRE_DEFINED_CURVE_FONT('continuous');
#15007 = STYLED_ITEM('color',(#15008),#4567);
#15008 = PRESENTATION_STYLE_ASSIGNMENT((#15009,#15014));
#15009 = SURFACE_STYLE_USAGE(.BOTH.,#15010);
#15010 = SURFACE_SIDE_STYLE('',(#15011));
#15011 = SURFACE_STYLE_FILL_AREA(#15012);
#15012 = FILL_AREA_STYLE('',(#15013));
#15013 = FILL_AREA_STYLE_COLOUR('',#14473);
#15014 = CURVE_STYLE('',#15015,POSITIVE_LENGTH_MEASURE(0.1),#14473);
#15015 = DRAUGHTING_PRE_DEFINED_CURVE_FONT('continuous');
#15016 = STYLED_ITEM('color',(#15017),#4592);
#15017 = PRESENTATION_STYLE_ASSIGNMENT((#15018,#15023));
#15018 = SURFACE_STYLE_USAGE(.BOTH.,#15019);
#15019 = SURFACE_SIDE_STYLE('',(#15020));
#15020 = SURFACE_STYLE_FILL_AREA(#15021);
#15021 = FILL_AREA_STYLE('',(#15022));
#15022 = FILL_AREA_STYLE_COLOUR('',#14473);
#15023 = CURVE_STYLE('',#15024,POSITIVE_LENGTH_MEASURE(0.1),#14473);
#15024 = DRAUGHTING_PRE_DEFINED_CURVE_FONT('continuous');
#15025 = STYLED_ITEM('color',(#15026),#4617);
#15026 = PRESENTATION_STYLE_ASSIGNMENT((#15027,#15032));
#15027 = SURFACE_STYLE_USAGE(.BOTH.,#15028);
#15028 = SURFACE_SIDE_STYLE('',(#15029));
#15029 = SURFACE_STYLE_FILL_AREA(#15030);
#15030 = FILL_AREA_STYLE('',(#15031));
#15031 = FILL_AREA_STYLE_COLOUR('',#14473);
#15032 = CURVE_STYLE('',#15033,POSITIVE_LENGTH_MEASURE(0.1),#14473);
#15033 = DRAUGHTING_PRE_DEFINED_CURVE_FONT('continuous');
#15034 = STYLED_ITEM('color',(#15035),#4634);
#15035 = PRESENTATION_STYLE_ASSIGNMENT((#15036,#15041));
#15036 = SURFACE_STYLE_USAGE(.BOTH.,#15037);
#15037 = SURFACE_SIDE_STYLE('',(#15038));
#15038 = SURFACE_STYLE_FILL_AREA(#15039);
#15039 = FILL_AREA_STYLE('',(#15040));
#15040 = FILL_AREA_STYLE_COLOUR('',#14473);
#15041 = CURVE_STYLE('',#15042,POSITIVE_LENGTH_MEASURE(0.1),#14473);
#15042 = DRAUGHTING_PRE_DEFINED_CURVE_FONT('continuous');
#15043 = STYLED_ITEM('color',(#15044),#4667);
#15044 = PRESENTATION_STYLE_ASSIGNMENT((#15045,#15050));
#15045 = SURFACE_STYLE_USAGE(.BOTH.,#15046);
#15046 = SURFACE_SIDE_STYLE('',(#15047));
#15047 = SURFACE_STYLE_FILL_AREA(#15048);
#15048 = FILL_AREA_STYLE('',(#15049));
#15049 = FILL_AREA_STYLE_COLOUR('',#14473);
#15050 = CURVE_STYLE('',#15051,POSITIVE_LENGTH_MEASURE(0.1),#14473);
#15051 = DRAUGHTING_PRE_DEFINED_CURVE_FONT('continuous');
#15052 = STYLED_ITEM('color',(#15053),#4692);
#15053 = PRESENTATION_STYLE_ASSIGNMENT((#15054,#15059));
#15054 = SURFACE_STYLE_USAGE(.BOTH.,#15055);
#15055 = SURFACE_SIDE_STYLE('',(#15056));
#15056 = SURFACE_STYLE_FILL_AREA(#15057);
#15057 = FILL_AREA_STYLE('',(#15058));
#15058 = FILL_AREA_STYLE_COLOUR('',#14473);
#15059 = CURVE_STYLE('',#15060,POSITIVE_LENGTH_MEASURE(0.1),#14473);
#15060 = DRAUGHTING_PRE_DEFINED_CURVE_FONT('continuous');
#15061 = STYLED_ITEM('color',(#15062),#4717);
#15062 = PRESENTATION_STYLE_ASSIGNMENT((#15063,#15068));
#15063 = SURFACE_STYLE_USAGE(.BOTH.,#15064);
#15064 = SURFACE_SIDE_STYLE('',(#15065));
#15065 = SURFACE_STYLE_FILL_AREA(#15066);
#15066 = FILL_AREA_STYLE('',(#15067));
#15067 = FILL_AREA_STYLE_COLOUR('',#14473);
#15068 = CURVE_STYLE('',#15069,POSITIVE_LENGTH_MEASURE(0.1),#14473);
#15069 = DRAUGHTING_PRE_DEFINED_CURVE_FONT('continuous');
#15070 = STYLED_ITEM('color',(#15071),#4734);
#15071 = PRESENTATION_STYLE_ASSIGNMENT((#15072,#15077));
#15072 = SURFACE_STYLE_USAGE(.BOTH.,#15073);
#15073 = SURFACE_SIDE_STYLE('',(#15074));
#15074 = SURFACE_STYLE_FILL_AREA(#15075);
#15075 = FILL_AREA_STYLE('',(#15076));
#15076 = FILL_AREA_STYLE_COLOUR('',#14473);
#15077 = CURVE_STYLE('',#15078,POSITIVE_LENGTH_MEASURE(0.1),#14473);
#15078 = DRAUGHTING_PRE_DEFINED_CURVE_FONT('continuous');
#15079 = STYLED_ITEM('color',(#15080),#4767);
#15080 = PRESENTATION_STYLE_ASSIGNMENT((#15081,#15086));
#15081 = SURFACE_STYLE_USAGE(.BOTH.,#15082);
#15082 = SURFACE_SIDE_STYLE('',(#15083));
#15083 = SURFACE_STYLE_FILL_AREA(#15084);
#15084 = FILL_AREA_STYLE('',(#15085));
#15085 = FILL_AREA_STYLE_COLOUR('',#14473);
#15086 = CURVE_STYLE('',#15087,POSITIVE_LENGTH_MEASURE(0.1),#14473);
#15087 = DRAUGHTING_PRE_DEFINED_CURVE_FONT('continuous');
#15088 = STYLED_ITEM('color',(#15089),#4792);
#15089 = PRESENTATION_STYLE_ASSIGNMENT((#15090,#15095));
#15090 = SURFACE_STYLE_USAGE(.BOTH.,#15091);
#15091 = SURFACE_SIDE_STYLE('',(#15092));
#15092 = SURFACE_STYLE_FILL_AREA(#15093);
#15093 = FILL_AREA_STYLE('',(#15094));
#15094 = FILL_AREA_STYLE_COLOUR('',#14473);
#15095 = CURVE_STYLE('',#15096,POSITIVE_LENGTH_MEASURE(0.1),#14473);
#15096 = DRAUGHTING_PRE_DEFINED_CURVE_FONT('continuous');
#15097 = STYLED_ITEM('color',(#15098),#4817);
#15098 = PRESENTATION_STYLE_ASSIGNMENT((#15099,#15104));
#15099 = SURFACE_STYLE_USAGE(.BOTH.,#15100);
#15100 = SURFACE_SIDE_STYLE('',(#15101));
#15101 = SURFACE_STYLE_FILL_AREA(#15102);
#15102 = FILL_AREA_STYLE('',(#15103));
#15103 = FILL_AREA_STYLE_COLOUR('',#14473);
#15104 = CURVE_STYLE('',#15105,POSITIVE_LENGTH_MEASURE(0.1),#14473);
#15105 = DRAUGHTING_PRE_DEFINED_CURVE_FONT('continuous');
#15106 = STYLED_ITEM('color',(#15107),#4834);
#15107 = PRESENTATION_STYLE_ASSIGNMENT((#15108,#15113));
#15108 = SURFACE_STYLE_USAGE(.BOTH.,#15109);
#15109 = SURFACE_SIDE_STYLE('',(#15110));
#15110 = SURFACE_STYLE_FILL_AREA(#15111);
#15111 = FILL_AREA_STYLE('',(#15112));
#15112 = FILL_AREA_STYLE_COLOUR('',#14473);
#15113 = CURVE_STYLE('',#15114,POSITIVE_LENGTH_MEASURE(0.1),#14473);
#15114 = DRAUGHTING_PRE_DEFINED_CURVE_FONT('continuous');
#15115 = STYLED_ITEM('color',(#15116),#4846);
#15116 = PRESENTATION_STYLE_ASSIGNMENT((#15117,#15122));
#15117 = SURFACE_STYLE_USAGE(.BOTH.,#15118);
#15118 = SURFACE_SIDE_STYLE('',(#15119));
#15119 = SURFACE_STYLE_FILL_AREA(#15120);
#15120 = FILL_AREA_STYLE('',(#15121));
#15121 = FILL_AREA_STYLE_COLOUR('',#14473);
#15122 = CURVE_STYLE('',#15123,POSITIVE_LENGTH_MEASURE(0.1),#14473);
#15123 = DRAUGHTING_PRE_DEFINED_CURVE_FONT('continuous');
#15124 = STYLED_ITEM('color',(#15125),#4858);
#15125 = PRESENTATION_STYLE_ASSIGNMENT((#15126,#15131));
#15126 = SURFACE_STYLE_USAGE(.BOTH.,#15127);
#15127 = SURFACE_SIDE_STYLE('',(#15128));
#15128 = SURFACE_STYLE_FILL_AREA(#15129);
#15129 = FILL_AREA_STYLE('',(#15130));
#15130 = FILL_AREA_STYLE_COLOUR('',#14473);
#15131 = CURVE_STYLE('',#15132,POSITIVE_LENGTH_MEASURE(0.1),#14473);
#15132 = DRAUGHTING_PRE_DEFINED_CURVE_FONT('continuous');
#15133 = STYLED_ITEM('color',(#15134),#4870);
#15134 = PRESENTATION_STYLE_ASSIGNMENT((#15135,#15140));
#15135 = SURFACE_STYLE_USAGE(.BOTH.,#15136);
#15136 = SURFACE_SIDE_STYLE('',(#15137));
#15137 = SURFACE_STYLE_FILL_AREA(#15138);
#15138 = FILL_AREA_STYLE('',(#15139));
#15139 = FILL_AREA_STYLE_COLOUR('',#14473);
#15140 = CURVE_STYLE('',#15141,POSITIVE_LENGTH_MEASURE(0.1),#14473);
#15141 = DRAUGHTING_PRE_DEFINED_CURVE_FONT('continuous');
#15142 = STYLED_ITEM('color',(#15143),#4882);
#15143 = PRESENTATION_STYLE_ASSIGNMENT((#15144,#15149));
#15144 = SURFACE_STYLE_USAGE(.BOTH.,#15145);
#15145 = SURFACE_SIDE_STYLE('',(#15146));
#15146 = SURFACE_STYLE_FILL_AREA(#15147);
#15147 = FILL_AREA_STYLE('',(#15148));
#15148 = FILL_AREA_STYLE_COLOUR('',#14473);
#15149 = CURVE_STYLE('',#15150,POSITIVE_LENGTH_MEASURE(0.1),#14473);
#15150 = DRAUGHTING_PRE_DEFINED_CURVE_FONT('continuous');
#15151 = MECHANICAL_DESIGN_GEOMETRIC_PRESENTATION_REPRESENTATION('',(
    #15152,#15159,#15166,#15173,#15180,#15187,#15194,#15201,#15208,
    #15215,#15222,#15230,#15237,#15244,#15251,#15258,#15265,#15272,
    #15279,#15286,#15293,#15300,#15307,#15314,#15321,#15328,#15335,
    #15342,#15349,#15356,#15363,#15371,#15378,#15385,#15392,#15399,
    #15406,#15413,#15420,#15427,#15434),#2815);
#15152 = STYLED_ITEM('color',(#15153),#1609);
#15153 = PRESENTATION_STYLE_ASSIGNMENT((#15154));
#15154 = SURFACE_STYLE_USAGE(.BOTH.,#15155);
#15155 = SURFACE_SIDE_STYLE('',(#15156));
#15156 = SURFACE_STYLE_FILL_AREA(#15157);
#15157 = FILL_AREA_STYLE('',(#15158));
#15158 = FILL_AREA_STYLE_COLOUR('',#14473);
#15159 = STYLED_ITEM('color',(#15160),#1649);
#15160 = PRESENTATION_STYLE_ASSIGNMENT((#15161));
#15161 = SURFACE_STYLE_USAGE(.BOTH.,#15162);
#15162 = SURFACE_SIDE_STYLE('',(#15163));
#15163 = SURFACE_STYLE_FILL_AREA(#15164);
#15164 = FILL_AREA_STYLE('',(#15165));
#15165 = FILL_AREA_STYLE_COLOUR('',#14473);
#15166 = STYLED_ITEM('color',(#15167),#1732);
#15167 = PRESENTATION_STYLE_ASSIGNMENT((#15168));
#15168 = SURFACE_STYLE_USAGE(.BOTH.,#15169);
#15169 = SURFACE_SIDE_STYLE('',(#15170));
#15170 = SURFACE_STYLE_FILL_AREA(#15171);
#15171 = FILL_AREA_STYLE('',(#15172));
#15172 = FILL_AREA_STYLE_COLOUR('',#14473);
#15173 = STYLED_ITEM('color',(#15174),#1757);
#15174 = PRESENTATION_STYLE_ASSIGNMENT((#15175));
#15175 = SURFACE_STYLE_USAGE(.BOTH.,#15176);
#15176 = SURFACE_SIDE_STYLE('',(#15177));
#15177 = SURFACE_STYLE_FILL_AREA(#15178);
#15178 = FILL_AREA_STYLE('',(#15179));
#15179 = FILL_AREA_STYLE_COLOUR('',#14473);
#15180 = STYLED_ITEM('color',(#15181),#1832);
#15181 = PRESENTATION_STYLE_ASSIGNMENT((#15182));
#15182 = SURFACE_STYLE_USAGE(.BOTH.,#15183);
#15183 = SURFACE_SIDE_STYLE('',(#15184));
#15184 = SURFACE_STYLE_FILL_AREA(#15185);
#15185 = FILL_AREA_STYLE('',(#15186));
#15186 = FILL_AREA_STYLE_COLOUR('',#14473);
#15187 = STYLED_ITEM('color',(#15188),#1849);
#15188 = PRESENTATION_STYLE_ASSIGNMENT((#15189));
#15189 = SURFACE_STYLE_USAGE(.BOTH.,#15190);
#15190 = SURFACE_SIDE_STYLE('',(#15191));
#15191 = SURFACE_STYLE_FILL_AREA(#15192);
#15192 = FILL_AREA_STYLE('',(#15193));
#15193 = FILL_AREA_STYLE_COLOUR('',#14473);
#15194 = STYLED_ITEM('color',(#15195),#1866);
#15195 = PRESENTATION_STYLE_ASSIGNMENT((#15196));
#15196 = SURFACE_STYLE_USAGE(.BOTH.,#15197);
#15197 = SURFACE_SIDE_STYLE('',(#15198));
#15198 = SURFACE_STYLE_FILL_AREA(#15199);
#15199 = FILL_AREA_STYLE('',(#15200));
#15200 = FILL_AREA_STYLE_COLOUR('',#14473);
#15201 = STYLED_ITEM('color',(#15202),#1883);
#15202 = PRESENTATION_STYLE_ASSIGNMENT((#15203));
#15203 = SURFACE_STYLE_USAGE(.BOTH.,#15204);
#15204 = SURFACE_SIDE_STYLE('',(#15205));
#15205 = SURFACE_STYLE_FILL_AREA(#15206);
#15206 = FILL_AREA_STYLE('',(#15207));
#15207 = FILL_AREA_STYLE_COLOUR('',#14473);
#15208 = STYLED_ITEM('color',(#15209),#1900);
#15209 = PRESENTATION_STYLE_ASSIGNMENT((#15210));
#15210 = SURFACE_STYLE_USAGE(.BOTH.,#15211);
#15211 = SURFACE_SIDE_STYLE('',(#15212));
#15212 = SURFACE_STYLE_FILL_AREA(#15213);
#15213 = FILL_AREA_STYLE('',(#15214));
#15214 = FILL_AREA_STYLE_COLOUR('',#14473);
#15215 = STYLED_ITEM('color',(#15216),#1917);
#15216 = PRESENTATION_STYLE_ASSIGNMENT((#15217));
#15217 = SURFACE_STYLE_USAGE(.BOTH.,#15218);
#15218 = SURFACE_SIDE_STYLE('',(#15219));
#15219 = SURFACE_STYLE_FILL_AREA(#15220);
#15220 = FILL_AREA_STYLE('',(#15221));
#15221 = FILL_AREA_STYLE_COLOUR('',#14473);
#15222 = STYLED_ITEM('color',(#15223),#1933);
#15223 = PRESENTATION_STYLE_ASSIGNMENT((#15224));
#15224 = SURFACE_STYLE_USAGE(.BOTH.,#15225);
#15225 = SURFACE_SIDE_STYLE('',(#15226));
#15226 = SURFACE_STYLE_FILL_AREA(#15227);
#15227 = FILL_AREA_STYLE('',(#15228));
#15228 = FILL_AREA_STYLE_COLOUR('',#15229);
#15229 = COLOUR_RGB('',0.147999998088,0.144999993226,0.144999993226);
#15230 = STYLED_ITEM('color',(#15231),#1980);
#15231 = PRESENTATION_STYLE_ASSIGNMENT((#15232));
#15232 = SURFACE_STYLE_USAGE(.BOTH.,#15233);
#15233 = SURFACE_SIDE_STYLE('',(#15234));
#15234 = SURFACE_STYLE_FILL_AREA(#15235);
#15235 = FILL_AREA_STYLE('',(#15236));
#15236 = FILL_AREA_STYLE_COLOUR('',#15229);
#15237 = STYLED_ITEM('color',(#15238),#2015);
#15238 = PRESENTATION_STYLE_ASSIGNMENT((#15239));
#15239 = SURFACE_STYLE_USAGE(.BOTH.,#15240);
#15240 = SURFACE_SIDE_STYLE('',(#15241));
#15241 = SURFACE_STYLE_FILL_AREA(#15242);
#15242 = FILL_AREA_STYLE('',(#15243));
#15243 = FILL_AREA_STYLE_COLOUR('',#15229);
#15244 = STYLED_ITEM('color',(#15245),#2054);
#15245 = PRESENTATION_STYLE_ASSIGNMENT((#15246));
#15246 = SURFACE_STYLE_USAGE(.BOTH.,#15247);
#15247 = SURFACE_SIDE_STYLE('',(#15248));
#15248 = SURFACE_STYLE_FILL_AREA(#15249);
#15249 = FILL_AREA_STYLE('',(#15250));
#15250 = FILL_AREA_STYLE_COLOUR('',#15229);
#15251 = STYLED_ITEM('color',(#15252),#2083);
#15252 = PRESENTATION_STYLE_ASSIGNMENT((#15253));
#15253 = SURFACE_STYLE_USAGE(.BOTH.,#15254);
#15254 = SURFACE_SIDE_STYLE('',(#15255));
#15255 = SURFACE_STYLE_FILL_AREA(#15256);
#15256 = FILL_AREA_STYLE('',(#15257));
#15257 = FILL_AREA_STYLE_COLOUR('',#15229);
#15258 = STYLED_ITEM('color',(#15259),#2122);
#15259 = PRESENTATION_STYLE_ASSIGNMENT((#15260));
#15260 = SURFACE_STYLE_USAGE(.BOTH.,#15261);
#15261 = SURFACE_SIDE_STYLE('',(#15262));
#15262 = SURFACE_STYLE_FILL_AREA(#15263);
#15263 = FILL_AREA_STYLE('',(#15264));
#15264 = FILL_AREA_STYLE_COLOUR('',#15229);
#15265 = STYLED_ITEM('color',(#15266),#2151);
#15266 = PRESENTATION_STYLE_ASSIGNMENT((#15267));
#15267 = SURFACE_STYLE_USAGE(.BOTH.,#15268);
#15268 = SURFACE_SIDE_STYLE('',(#15269));
#15269 = SURFACE_STYLE_FILL_AREA(#15270);
#15270 = FILL_AREA_STYLE('',(#15271));
#15271 = FILL_AREA_STYLE_COLOUR('',#15229);
#15272 = STYLED_ITEM('color',(#15273),#2205);
#15273 = PRESENTATION_STYLE_ASSIGNMENT((#15274));
#15274 = SURFACE_STYLE_USAGE(.BOTH.,#15275);
#15275 = SURFACE_SIDE_STYLE('',(#15276));
#15276 = SURFACE_STYLE_FILL_AREA(#15277);
#15277 = FILL_AREA_STYLE('',(#15278));
#15278 = FILL_AREA_STYLE_COLOUR('',#15229);
#15279 = STYLED_ITEM('color',(#15280),#2248);
#15280 = PRESENTATION_STYLE_ASSIGNMENT((#15281));
#15281 = SURFACE_STYLE_USAGE(.BOTH.,#15282);
#15282 = SURFACE_SIDE_STYLE('',(#15283));
#15283 = SURFACE_STYLE_FILL_AREA(#15284);
#15284 = FILL_AREA_STYLE('',(#15285));
#15285 = FILL_AREA_STYLE_COLOUR('',#15229);
#15286 = STYLED_ITEM('color',(#15287),#2271);
#15287 = PRESENTATION_STYLE_ASSIGNMENT((#15288));
#15288 = SURFACE_STYLE_USAGE(.BOTH.,#15289);
#15289 = SURFACE_SIDE_STYLE('',(#15290));
#15290 = SURFACE_STYLE_FILL_AREA(#15291);
#15291 = FILL_AREA_STYLE('',(#15292));
#15292 = FILL_AREA_STYLE_COLOUR('',#15229);
#15293 = STYLED_ITEM('color',(#15294),#2294);
#15294 = PRESENTATION_STYLE_ASSIGNMENT((#15295));
#15295 = SURFACE_STYLE_USAGE(.BOTH.,#15296);
#15296 = SURFACE_SIDE_STYLE('',(#15297));
#15297 = SURFACE_STYLE_FILL_AREA(#15298);
#15298 = FILL_AREA_STYLE('',(#15299));
#15299 = FILL_AREA_STYLE_COLOUR('',#15229);
#15300 = STYLED_ITEM('color',(#15301),#2317);
#15301 = PRESENTATION_STYLE_ASSIGNMENT((#15302));
#15302 = SURFACE_STYLE_USAGE(.BOTH.,#15303);
#15303 = SURFACE_SIDE_STYLE('',(#15304));
#15304 = SURFACE_STYLE_FILL_AREA(#15305);
#15305 = FILL_AREA_STYLE('',(#15306));
#15306 = FILL_AREA_STYLE_COLOUR('',#15229);
#15307 = STYLED_ITEM('color',(#15308),#2368);
#15308 = PRESENTATION_STYLE_ASSIGNMENT((#15309));
#15309 = SURFACE_STYLE_USAGE(.BOTH.,#15310);
#15310 = SURFACE_SIDE_STYLE('',(#15311));
#15311 = SURFACE_STYLE_FILL_AREA(#15312);
#15312 = FILL_AREA_STYLE('',(#15313));
#15313 = FILL_AREA_STYLE_COLOUR('',#15229);
#15314 = STYLED_ITEM('color',(#15315),#2391);
#15315 = PRESENTATION_STYLE_ASSIGNMENT((#15316));
#15316 = SURFACE_STYLE_USAGE(.BOTH.,#15317);
#15317 = SURFACE_SIDE_STYLE('',(#15318));
#15318 = SURFACE_STYLE_FILL_AREA(#15319);
#15319 = FILL_AREA_STYLE('',(#15320));
#15320 = FILL_AREA_STYLE_COLOUR('',#15229);
#15321 = STYLED_ITEM('color',(#15322),#2408);
#15322 = PRESENTATION_STYLE_ASSIGNMENT((#15323));
#15323 = SURFACE_STYLE_USAGE(.BOTH.,#15324);
#15324 = SURFACE_SIDE_STYLE('',(#15325));
#15325 = SURFACE_STYLE_FILL_AREA(#15326);
#15326 = FILL_AREA_STYLE('',(#15327));
#15327 = FILL_AREA_STYLE_COLOUR('',#14473);
#15328 = STYLED_ITEM('color',(#15329),#2482);
#15329 = PRESENTATION_STYLE_ASSIGNMENT((#15330));
#15330 = SURFACE_STYLE_USAGE(.BOTH.,#15331);
#15331 = SURFACE_SIDE_STYLE('',(#15332));
#15332 = SURFACE_STYLE_FILL_AREA(#15333);
#15333 = FILL_AREA_STYLE('',(#15334));
#15334 = FILL_AREA_STYLE_COLOUR('',#14473);
#15335 = STYLED_ITEM('color',(#15336),#2506);
#15336 = PRESENTATION_STYLE_ASSIGNMENT((#15337));
#15337 = SURFACE_STYLE_USAGE(.BOTH.,#15338);
#15338 = SURFACE_SIDE_STYLE('',(#15339));
#15339 = SURFACE_STYLE_FILL_AREA(#15340);
#15340 = FILL_AREA_STYLE('',(#15341));
#15341 = FILL_AREA_STYLE_COLOUR('',#14473);
#15342 = STYLED_ITEM('color',(#15343),#2573);
#15343 = PRESENTATION_STYLE_ASSIGNMENT((#15344));
#15344 = SURFACE_STYLE_USAGE(.BOTH.,#15345);
#15345 = SURFACE_SIDE_STYLE('',(#15346));
#15346 = SURFACE_STYLE_FILL_AREA(#15347);
#15347 = FILL_AREA_STYLE('',(#15348));
#15348 = FILL_AREA_STYLE_COLOUR('',#15229);
#15349 = STYLED_ITEM('color',(#15350),#2585);
#15350 = PRESENTATION_STYLE_ASSIGNMENT((#15351));
#15351 = SURFACE_STYLE_USAGE(.BOTH.,#15352);
#15352 = SURFACE_SIDE_STYLE('',(#15353));
#15353 = SURFACE_STYLE_FILL_AREA(#15354);
#15354 = FILL_AREA_STYLE('',(#15355));
#15355 = FILL_AREA_STYLE_COLOUR('',#15229);
#15356 = STYLED_ITEM('color',(#15357),#2597);
#15357 = PRESENTATION_STYLE_ASSIGNMENT((#15358));
#15358 = SURFACE_STYLE_USAGE(.BOTH.,#15359);
#15359 = SURFACE_SIDE_STYLE('',(#15360));
#15360 = SURFACE_STYLE_FILL_AREA(#15361);
#15361 = FILL_AREA_STYLE('',(#15362));
#15362 = FILL_AREA_STYLE_COLOUR('',#14473);
#15363 = STYLED_ITEM('color',(#15364),#2614);
#15364 = PRESENTATION_STYLE_ASSIGNMENT((#15365));
#15365 = SURFACE_STYLE_USAGE(.BOTH.,#15366);
#15366 = SURFACE_SIDE_STYLE('',(#15367));
#15367 = SURFACE_STYLE_FILL_AREA(#15368);
#15368 = FILL_AREA_STYLE('',(#15369));
#15369 = FILL_AREA_STYLE_COLOUR('',#15370);
#15370 = COLOUR_RGB('',0.690999977303,0.663999984767,0.597999987832);
#15371 = STYLED_ITEM('color',(#15372),#2643);
#15372 = PRESENTATION_STYLE_ASSIGNMENT((#15373));
#15373 = SURFACE_STYLE_USAGE(.BOTH.,#15374);
#15374 = SURFACE_SIDE_STYLE('',(#15375));
#15375 = SURFACE_STYLE_FILL_AREA(#15376);
#15376 = FILL_AREA_STYLE('',(#15377));
#15377 = FILL_AREA_STYLE_COLOUR('',#15370);
#15378 = STYLED_ITEM('color',(#15379),#2666);
#15379 = PRESENTATION_STYLE_ASSIGNMENT((#15380));
#15380 = SURFACE_STYLE_USAGE(.BOTH.,#15381);
#15381 = SURFACE_SIDE_STYLE('',(#15382));
#15382 = SURFACE_STYLE_FILL_AREA(#15383);
#15383 = FILL_AREA_STYLE('',(#15384));
#15384 = FILL_AREA_STYLE_COLOUR('',#15370);
#15385 = STYLED_ITEM('color',(#15386),#2689);
#15386 = PRESENTATION_STYLE_ASSIGNMENT((#15387));
#15387 = SURFACE_STYLE_USAGE(.BOTH.,#15388);
#15388 = SURFACE_SIDE_STYLE('',(#15389));
#15389 = SURFACE_STYLE_FILL_AREA(#15390);
#15390 = FILL_AREA_STYLE('',(#15391));
#15391 = FILL_AREA_STYLE_COLOUR('',#15370);
#15392 = STYLED_ITEM('color',(#15393),#2706);
#15393 = PRESENTATION_STYLE_ASSIGNMENT((#15394));
#15394 = SURFACE_STYLE_USAGE(.BOTH.,#15395);
#15395 = SURFACE_SIDE_STYLE('',(#15396));
#15396 = SURFACE_STYLE_FILL_AREA(#15397);
#15397 = FILL_AREA_STYLE('',(#15398));
#15398 = FILL_AREA_STYLE_COLOUR('',#14473);
#15399 = STYLED_ITEM('color',(#15400),#2728);
#15400 = PRESENTATION_STYLE_ASSIGNMENT((#15401));
#15401 = SURFACE_STYLE_USAGE(.BOTH.,#15402);
#15402 = SURFACE_SIDE_STYLE('',(#15403));
#15403 = SURFACE_STYLE_FILL_AREA(#15404);
#15404 = FILL_AREA_STYLE('',(#15405));
#15405 = FILL_AREA_STYLE_COLOUR('',#14473);
#15406 = STYLED_ITEM('color',(#15407),#2740);
#15407 = PRESENTATION_STYLE_ASSIGNMENT((#15408));
#15408 = SURFACE_STYLE_USAGE(.BOTH.,#15409);
#15409 = SURFACE_SIDE_STYLE('',(#15410));
#15410 = SURFACE_STYLE_FILL_AREA(#15411);
#15411 = FILL_AREA_STYLE('',(#15412));
#15412 = FILL_AREA_STYLE_COLOUR('',#14473);
#15413 = STYLED_ITEM('color',(#15414),#2757);
#15414 = PRESENTATION_STYLE_ASSIGNMENT((#15415));
#15415 = SURFACE_STYLE_USAGE(.BOTH.,#15416);
#15416 = SURFACE_SIDE_STYLE('',(#15417));
#15417 = SURFACE_STYLE_FILL_AREA(#15418);
#15418 = FILL_AREA_STYLE('',(#15419));
#15419 = FILL_AREA_STYLE_COLOUR('',#14473);
#15420 = STYLED_ITEM('color',(#15421),#2774);
#15421 = PRESENTATION_STYLE_ASSIGNMENT((#15422));
#15422 = SURFACE_STYLE_USAGE(.BOTH.,#15423);
#15423 = SURFACE_SIDE_STYLE('',(#15424));
#15424 = SURFACE_STYLE_FILL_AREA(#15425);
#15425 = FILL_AREA_STYLE('',(#15426));
#15426 = FILL_AREA_STYLE_COLOUR('',#14473);
#15427 = STYLED_ITEM('color',(#15428),#2791);
#15428 = PRESENTATION_STYLE_ASSIGNMENT((#15429));
#15429 = SURFACE_STYLE_USAGE(.BOTH.,#15430);
#15430 = SURFACE_SIDE_STYLE('',(#15431));
#15431 = SURFACE_STYLE_FILL_AREA(#15432);
#15432 = FILL_AREA_STYLE('',(#15433));
#15433 = FILL_AREA_STYLE_COLOUR('',#14473);
#15434 = STYLED_ITEM('color',(#15435),#2803);
#15435 = PRESENTATION_STYLE_ASSIGNMENT((#15436));
#15436 = SURFACE_STYLE_USAGE(.BOTH.,#15437);
#15437 = SURFACE_SIDE_STYLE('',(#15438));
#15438 = SURFACE_STYLE_FILL_AREA(#15439);
#15439 = FILL_AREA_STYLE('',(#15440));
#15440 = FILL_AREA_STYLE_COLOUR('',#15370);
#15441 = MECHANICAL_DESIGN_GEOMETRIC_PRESENTATION_REPRESENTATION('',(
    #15442),#14282);
#15442 = STYLED_ITEM('color',(#15443),#13547);
#15443 = PRESENTATION_STYLE_ASSIGNMENT((#15444));
#15444 = SURFACE_STYLE_USAGE(.BOTH.,#15445);
#15445 = SURFACE_SIDE_STYLE('',(#15446));
#15446 = SURFACE_STYLE_FILL_AREA(#15447);
#15447 = FILL_AREA_STYLE('',(#15448));
#15448 = FILL_AREA_STYLE_COLOUR('',#15449);
#15449 = COLOUR_RGB('',0.313304153717,0.484529207832,0.410020903123);
#15450 = MECHANICAL_DESIGN_GEOMETRIC_PRESENTATION_REPRESENTATION('',(
    #15451,#15458,#15465,#15472,#15479,#15486,#15493,#15500,#15507,
    #15514,#15521,#15528,#15535,#15542,#15549,#15556,#15563,#15570,
    #15577,#15584,#15591,#15598,#15605,#15613,#15620,#15627,#15634,
    #15641,#15648,#15655,#15662,#15669,#15676,#15683,#15690,#15697,
    #15704,#15711,#15718,#15725,#15732,#15739,#15746,#15753,#15760,
    #15767,#15774,#15781,#15788,#15795,#15802,#15809,#15816,#15823,
    #15830,#15837,#15844,#15851,#15858,#15865,#15872,#15879,#15886,
    #15893,#15900,#15907,#15914,#15921,#15928,#15935,#15942,#15949,
    #15956,#15963,#15970,#15977),#13528);
#15451 = STYLED_ITEM('color',(#15452),#11424);
#15452 = PRESENTATION_STYLE_ASSIGNMENT((#15453));
#15453 = SURFACE_STYLE_USAGE(.BOTH.,#15454);
#15454 = SURFACE_SIDE_STYLE('',(#15455));
#15455 = SURFACE_STYLE_FILL_AREA(#15456);
#15456 = FILL_AREA_STYLE('',(#15457));
#15457 = FILL_AREA_STYLE_COLOUR('',#15229);
#15458 = STYLED_ITEM('color',(#15459),#11464);
#15459 = PRESENTATION_STYLE_ASSIGNMENT((#15460));
#15460 = SURFACE_STYLE_USAGE(.BOTH.,#15461);
#15461 = SURFACE_SIDE_STYLE('',(#15462));
#15462 = SURFACE_STYLE_FILL_AREA(#15463);
#15463 = FILL_AREA_STYLE('',(#15464));
#15464 = FILL_AREA_STYLE_COLOUR('',#15229);
#15465 = STYLED_ITEM('color',(#15466),#11495);
#15466 = PRESENTATION_STYLE_ASSIGNMENT((#15467));
#15467 = SURFACE_STYLE_USAGE(.BOTH.,#15468);
#15468 = SURFACE_SIDE_STYLE('',(#15469));
#15469 = SURFACE_STYLE_FILL_AREA(#15470);
#15470 = FILL_AREA_STYLE('',(#15471));
#15471 = FILL_AREA_STYLE_COLOUR('',#15229);
#15472 = STYLED_ITEM('color',(#15473),#11526);
#15473 = PRESENTATION_STYLE_ASSIGNMENT((#15474));
#15474 = SURFACE_STYLE_USAGE(.BOTH.,#15475);
#15475 = SURFACE_SIDE_STYLE('',(#15476));
#15476 = SURFACE_STYLE_FILL_AREA(#15477);
#15477 = FILL_AREA_STYLE('',(#15478));
#15478 = FILL_AREA_STYLE_COLOUR('',#15229);
#15479 = STYLED_ITEM('color',(#15480),#11773);
#15480 = PRESENTATION_STYLE_ASSIGNMENT((#15481));
#15481 = SURFACE_STYLE_USAGE(.BOTH.,#15482);
#15482 = SURFACE_SIDE_STYLE('',(#15483));
#15483 = SURFACE_STYLE_FILL_AREA(#15484);
#15484 = FILL_AREA_STYLE('',(#15485));
#15485 = FILL_AREA_STYLE_COLOUR('',#15229);
#15486 = STYLED_ITEM('color',(#15487),#12020);
#15487 = PRESENTATION_STYLE_ASSIGNMENT((#15488));
#15488 = SURFACE_STYLE_USAGE(.BOTH.,#15489);
#15489 = SURFACE_SIDE_STYLE('',(#15490));
#15490 = SURFACE_STYLE_FILL_AREA(#15491);
#15491 = FILL_AREA_STYLE('',(#15492));
#15492 = FILL_AREA_STYLE_COLOUR('',#15229);
#15493 = STYLED_ITEM('color',(#15494),#12037);
#15494 = PRESENTATION_STYLE_ASSIGNMENT((#15495));
#15495 = SURFACE_STYLE_USAGE(.BOTH.,#15496);
#15496 = SURFACE_SIDE_STYLE('',(#15497));
#15497 = SURFACE_STYLE_FILL_AREA(#15498);
#15498 = FILL_AREA_STYLE('',(#15499));
#15499 = FILL_AREA_STYLE_COLOUR('',#15229);
#15500 = STYLED_ITEM('color',(#15501),#12054);
#15501 = PRESENTATION_STYLE_ASSIGNMENT((#15502));
#15502 = SURFACE_STYLE_USAGE(.BOTH.,#15503);
#15503 = SURFACE_SIDE_STYLE('',(#15504));
#15504 = SURFACE_STYLE_FILL_AREA(#15505);
#15505 = FILL_AREA_STYLE('',(#15506));
#15506 = FILL_AREA_STYLE_COLOUR('',#15229);
#15507 = STYLED_ITEM('color',(#15508),#12071);
#15508 = PRESENTATION_STYLE_ASSIGNMENT((#15509));
#15509 = SURFACE_STYLE_USAGE(.BOTH.,#15510);
#15510 = SURFACE_SIDE_STYLE('',(#15511));
#15511 = SURFACE_STYLE_FILL_AREA(#15512);
#15512 = FILL_AREA_STYLE('',(#15513));
#15513 = FILL_AREA_STYLE_COLOUR('',#15229);
#15514 = STYLED_ITEM('color',(#15515),#12088);
#15515 = PRESENTATION_STYLE_ASSIGNMENT((#15516));
#15516 = SURFACE_STYLE_USAGE(.BOTH.,#15517);
#15517 = SURFACE_SIDE_STYLE('',(#15518));
#15518 = SURFACE_STYLE_FILL_AREA(#15519);
#15519 = FILL_AREA_STYLE('',(#15520));
#15520 = FILL_AREA_STYLE_COLOUR('',#15229);
#15521 = STYLED_ITEM('color',(#15522),#12105);
#15522 = PRESENTATION_STYLE_ASSIGNMENT((#15523));
#15523 = SURFACE_STYLE_USAGE(.BOTH.,#15524);
#15524 = SURFACE_SIDE_STYLE('',(#15525));
#15525 = SURFACE_STYLE_FILL_AREA(#15526);
#15526 = FILL_AREA_STYLE('',(#15527));
#15527 = FILL_AREA_STYLE_COLOUR('',#15229);
#15528 = STYLED_ITEM('color',(#15529),#12122);
#15529 = PRESENTATION_STYLE_ASSIGNMENT((#15530));
#15530 = SURFACE_STYLE_USAGE(.BOTH.,#15531);
#15531 = SURFACE_SIDE_STYLE('',(#15532));
#15532 = SURFACE_STYLE_FILL_AREA(#15533);
#15533 = FILL_AREA_STYLE('',(#15534));
#15534 = FILL_AREA_STYLE_COLOUR('',#15229);
#15535 = STYLED_ITEM('color',(#15536),#12139);
#15536 = PRESENTATION_STYLE_ASSIGNMENT((#15537));
#15537 = SURFACE_STYLE_USAGE(.BOTH.,#15538);
#15538 = SURFACE_SIDE_STYLE('',(#15539));
#15539 = SURFACE_STYLE_FILL_AREA(#15540);
#15540 = FILL_AREA_STYLE('',(#15541));
#15541 = FILL_AREA_STYLE_COLOUR('',#15229);
#15542 = STYLED_ITEM('color',(#15543),#12156);
#15543 = PRESENTATION_STYLE_ASSIGNMENT((#15544));
#15544 = SURFACE_STYLE_USAGE(.BOTH.,#15545);
#15545 = SURFACE_SIDE_STYLE('',(#15546));
#15546 = SURFACE_STYLE_FILL_AREA(#15547);
#15547 = FILL_AREA_STYLE('',(#15548));
#15548 = FILL_AREA_STYLE_COLOUR('',#15229);
#15549 = STYLED_ITEM('color',(#15550),#12173);
#15550 = PRESENTATION_STYLE_ASSIGNMENT((#15551));
#15551 = SURFACE_STYLE_USAGE(.BOTH.,#15552);
#15552 = SURFACE_SIDE_STYLE('',(#15553));
#15553 = SURFACE_STYLE_FILL_AREA(#15554);
#15554 = FILL_AREA_STYLE('',(#15555));
#15555 = FILL_AREA_STYLE_COLOUR('',#15229);
#15556 = STYLED_ITEM('color',(#15557),#12190);
#15557 = PRESENTATION_STYLE_ASSIGNMENT((#15558));
#15558 = SURFACE_STYLE_USAGE(.BOTH.,#15559);
#15559 = SURFACE_SIDE_STYLE('',(#15560));
#15560 = SURFACE_STYLE_FILL_AREA(#15561);
#15561 = FILL_AREA_STYLE('',(#15562));
#15562 = FILL_AREA_STYLE_COLOUR('',#15229);
#15563 = STYLED_ITEM('color',(#15564),#12207);
#15564 = PRESENTATION_STYLE_ASSIGNMENT((#15565));
#15565 = SURFACE_STYLE_USAGE(.BOTH.,#15566);
#15566 = SURFACE_SIDE_STYLE('',(#15567));
#15567 = SURFACE_STYLE_FILL_AREA(#15568);
#15568 = FILL_AREA_STYLE('',(#15569));
#15569 = FILL_AREA_STYLE_COLOUR('',#15229);
#15570 = STYLED_ITEM('color',(#15571),#12224);
#15571 = PRESENTATION_STYLE_ASSIGNMENT((#15572));
#15572 = SURFACE_STYLE_USAGE(.BOTH.,#15573);
#15573 = SURFACE_SIDE_STYLE('',(#15574));
#15574 = SURFACE_STYLE_FILL_AREA(#15575);
#15575 = FILL_AREA_STYLE('',(#15576));
#15576 = FILL_AREA_STYLE_COLOUR('',#15229);
#15577 = STYLED_ITEM('color',(#15578),#12241);
#15578 = PRESENTATION_STYLE_ASSIGNMENT((#15579));
#15579 = SURFACE_STYLE_USAGE(.BOTH.,#15580);
#15580 = SURFACE_SIDE_STYLE('',(#15581));
#15581 = SURFACE_STYLE_FILL_AREA(#15582);
#15582 = FILL_AREA_STYLE('',(#15583));
#15583 = FILL_AREA_STYLE_COLOUR('',#15229);
#15584 = STYLED_ITEM('color',(#15585),#12258);
#15585 = PRESENTATION_STYLE_ASSIGNMENT((#15586));
#15586 = SURFACE_STYLE_USAGE(.BOTH.,#15587);
#15587 = SURFACE_SIDE_STYLE('',(#15588));
#15588 = SURFACE_STYLE_FILL_AREA(#15589);
#15589 = FILL_AREA_STYLE('',(#15590));
#15590 = FILL_AREA_STYLE_COLOUR('',#15229);
#15591 = STYLED_ITEM('color',(#15592),#12275);
#15592 = PRESENTATION_STYLE_ASSIGNMENT((#15593));
#15593 = SURFACE_STYLE_USAGE(.BOTH.,#15594);
#15594 = SURFACE_SIDE_STYLE('',(#15595));
#15595 = SURFACE_STYLE_FILL_AREA(#15596);
#15596 = FILL_AREA_STYLE('',(#15597));
#15597 = FILL_AREA_STYLE_COLOUR('',#15229);
#15598 = STYLED_ITEM('color',(#15599),#12292);
#15599 = PRESENTATION_STYLE_ASSIGNMENT((#15600));
#15600 = SURFACE_STYLE_USAGE(.BOTH.,#15601);
#15601 = SURFACE_SIDE_STYLE('',(#15602));
#15602 = SURFACE_STYLE_FILL_AREA(#15603);
#15603 = FILL_AREA_STYLE('',(#15604));
#15604 = FILL_AREA_STYLE_COLOUR('',#15229);
#15605 = STYLED_ITEM('color',(#15606),#12304);
#15606 = PRESENTATION_STYLE_ASSIGNMENT((#15607));
#15607 = SURFACE_STYLE_USAGE(.BOTH.,#15608);
#15608 = SURFACE_SIDE_STYLE('',(#15609));
#15609 = SURFACE_STYLE_FILL_AREA(#15610);
#15610 = FILL_AREA_STYLE('',(#15611));
#15611 = FILL_AREA_STYLE_COLOUR('',#15612);
#15612 = COLOUR_RGB('',0.859000020776,0.737999965183,0.495999988746);
#15613 = STYLED_ITEM('color',(#15614),#12335);
#15614 = PRESENTATION_STYLE_ASSIGNMENT((#15615));
#15615 = SURFACE_STYLE_USAGE(.BOTH.,#15616);
#15616 = SURFACE_SIDE_STYLE('',(#15617));
#15617 = SURFACE_STYLE_FILL_AREA(#15618);
#15618 = FILL_AREA_STYLE('',(#15619));
#15619 = FILL_AREA_STYLE_COLOUR('',#15612);
#15620 = STYLED_ITEM('color',(#15621),#12359);
#15621 = PRESENTATION_STYLE_ASSIGNMENT((#15622));
#15622 = SURFACE_STYLE_USAGE(.BOTH.,#15623);
#15623 = SURFACE_SIDE_STYLE('',(#15624));
#15624 = SURFACE_STYLE_FILL_AREA(#15625);
#15625 = FILL_AREA_STYLE('',(#15626));
#15626 = FILL_AREA_STYLE_COLOUR('',#15612);
#15627 = STYLED_ITEM('color',(#15628),#12383);
#15628 = PRESENTATION_STYLE_ASSIGNMENT((#15629));
#15629 = SURFACE_STYLE_USAGE(.BOTH.,#15630);
#15630 = SURFACE_SIDE_STYLE('',(#15631));
#15631 = SURFACE_STYLE_FILL_AREA(#15632);
#15632 = FILL_AREA_STYLE('',(#15633));
#15633 = FILL_AREA_STYLE_COLOUR('',#15612);
#15634 = STYLED_ITEM('color',(#15635),#12400);
#15635 = PRESENTATION_STYLE_ASSIGNMENT((#15636));
#15636 = SURFACE_STYLE_USAGE(.BOTH.,#15637);
#15637 = SURFACE_SIDE_STYLE('',(#15638));
#15638 = SURFACE_STYLE_FILL_AREA(#15639);
#15639 = FILL_AREA_STYLE('',(#15640));
#15640 = FILL_AREA_STYLE_COLOUR('',#15612);
#15641 = STYLED_ITEM('color',(#15642),#12431);
#15642 = PRESENTATION_STYLE_ASSIGNMENT((#15643));
#15643 = SURFACE_STYLE_USAGE(.BOTH.,#15644);
#15644 = SURFACE_SIDE_STYLE('',(#15645));
#15645 = SURFACE_STYLE_FILL_AREA(#15646);
#15646 = FILL_AREA_STYLE('',(#15647));
#15647 = FILL_AREA_STYLE_COLOUR('',#15612);
#15648 = STYLED_ITEM('color',(#15649),#12455);
#15649 = PRESENTATION_STYLE_ASSIGNMENT((#15650));
#15650 = SURFACE_STYLE_USAGE(.BOTH.,#15651);
#15651 = SURFACE_SIDE_STYLE('',(#15652));
#15652 = SURFACE_STYLE_FILL_AREA(#15653);
#15653 = FILL_AREA_STYLE('',(#15654));
#15654 = FILL_AREA_STYLE_COLOUR('',#15612);
#15655 = STYLED_ITEM('color',(#15656),#12479);
#15656 = PRESENTATION_STYLE_ASSIGNMENT((#15657));
#15657 = SURFACE_STYLE_USAGE(.BOTH.,#15658);
#15658 = SURFACE_SIDE_STYLE('',(#15659));
#15659 = SURFACE_STYLE_FILL_AREA(#15660);
#15660 = FILL_AREA_STYLE('',(#15661));
#15661 = FILL_AREA_STYLE_COLOUR('',#15612);
#15662 = STYLED_ITEM('color',(#15663),#12496);
#15663 = PRESENTATION_STYLE_ASSIGNMENT((#15664));
#15664 = SURFACE_STYLE_USAGE(.BOTH.,#15665);
#15665 = SURFACE_SIDE_STYLE('',(#15666));
#15666 = SURFACE_STYLE_FILL_AREA(#15667);
#15667 = FILL_AREA_STYLE('',(#15668));
#15668 = FILL_AREA_STYLE_COLOUR('',#15612);
#15669 = STYLED_ITEM('color',(#15670),#12527);
#15670 = PRESENTATION_STYLE_ASSIGNMENT((#15671));
#15671 = SURFACE_STYLE_USAGE(.BOTH.,#15672);
#15672 = SURFACE_SIDE_STYLE('',(#15673));
#15673 = SURFACE_STYLE_FILL_AREA(#15674);
#15674 = FILL_AREA_STYLE('',(#15675));
#15675 = FILL_AREA_STYLE_COLOUR('',#15612);
#15676 = STYLED_ITEM('color',(#15677),#12551);
#15677 = PRESENTATION_STYLE_ASSIGNMENT((#15678));
#15678 = SURFACE_STYLE_USAGE(.BOTH.,#15679);
#15679 = SURFACE_SIDE_STYLE('',(#15680));
#15680 = SURFACE_STYLE_FILL_AREA(#15681);
#15681 = FILL_AREA_STYLE('',(#15682));
#15682 = FILL_AREA_STYLE_COLOUR('',#15612);
#15683 = STYLED_ITEM('color',(#15684),#12575);
#15684 = PRESENTATION_STYLE_ASSIGNMENT((#15685));
#15685 = SURFACE_STYLE_USAGE(.BOTH.,#15686);
#15686 = SURFACE_SIDE_STYLE('',(#15687));
#15687 = SURFACE_STYLE_FILL_AREA(#15688);
#15688 = FILL_AREA_STYLE('',(#15689));
#15689 = FILL_AREA_STYLE_COLOUR('',#15612);
#15690 = STYLED_ITEM('color',(#15691),#12592);
#15691 = PRESENTATION_STYLE_ASSIGNMENT((#15692));
#15692 = SURFACE_STYLE_USAGE(.BOTH.,#15693);
#15693 = SURFACE_SIDE_STYLE('',(#15694));
#15694 = SURFACE_STYLE_FILL_AREA(#15695);
#15695 = FILL_AREA_STYLE('',(#15696));
#15696 = FILL_AREA_STYLE_COLOUR('',#15612);
#15697 = STYLED_ITEM('color',(#15698),#12623);
#15698 = PRESENTATION_STYLE_ASSIGNMENT((#15699));
#15699 = SURFACE_STYLE_USAGE(.BOTH.,#15700);
#15700 = SURFACE_SIDE_STYLE('',(#15701));
#15701 = SURFACE_STYLE_FILL_AREA(#15702);
#15702 = FILL_AREA_STYLE('',(#15703));
#15703 = FILL_AREA_STYLE_COLOUR('',#15612);
#15704 = STYLED_ITEM('color',(#15705),#12647);
#15705 = PRESENTATION_STYLE_ASSIGNMENT((#15706));
#15706 = SURFACE_STYLE_USAGE(.BOTH.,#15707);
#15707 = SURFACE_SIDE_STYLE('',(#15708));
#15708 = SURFACE_STYLE_FILL_AREA(#15709);
#15709 = FILL_AREA_STYLE('',(#15710));
#15710 = FILL_AREA_STYLE_COLOUR('',#15612);
#15711 = STYLED_ITEM('color',(#15712),#12671);
#15712 = PRESENTATION_STYLE_ASSIGNMENT((#15713));
#15713 = SURFACE_STYLE_USAGE(.BOTH.,#15714);
#15714 = SURFACE_SIDE_STYLE('',(#15715));
#15715 = SURFACE_STYLE_FILL_AREA(#15716);
#15716 = FILL_AREA_STYLE('',(#15717));
#15717 = FILL_AREA_STYLE_COLOUR('',#15612);
#15718 = STYLED_ITEM('color',(#15719),#12688);
#15719 = PRESENTATION_STYLE_ASSIGNMENT((#15720));
#15720 = SURFACE_STYLE_USAGE(.BOTH.,#15721);
#15721 = SURFACE_SIDE_STYLE('',(#15722));
#15722 = SURFACE_STYLE_FILL_AREA(#15723);
#15723 = FILL_AREA_STYLE('',(#15724));
#15724 = FILL_AREA_STYLE_COLOUR('',#15612);
#15725 = STYLED_ITEM('color',(#15726),#12719);
#15726 = PRESENTATION_STYLE_ASSIGNMENT((#15727));
#15727 = SURFACE_STYLE_USAGE(.BOTH.,#15728);
#15728 = SURFACE_SIDE_STYLE('',(#15729));
#15729 = SURFACE_STYLE_FILL_AREA(#15730);
#15730 = FILL_AREA_STYLE('',(#15731));
#15731 = FILL_AREA_STYLE_COLOUR('',#15612);
#15732 = STYLED_ITEM('color',(#15733),#12743);
#15733 = PRESENTATION_STYLE_ASSIGNMENT((#15734));
#15734 = SURFACE_STYLE_USAGE(.BOTH.,#15735);
#15735 = SURFACE_SIDE_STYLE('',(#15736));
#15736 = SURFACE_STYLE_FILL_AREA(#15737);
#15737 = FILL_AREA_STYLE('',(#15738));
#15738 = FILL_AREA_STYLE_COLOUR('',#15612);
#15739 = STYLED_ITEM('color',(#15740),#12767);
#15740 = PRESENTATION_STYLE_ASSIGNMENT((#15741));
#15741 = SURFACE_STYLE_USAGE(.BOTH.,#15742);
#15742 = SURFACE_SIDE_STYLE('',(#15743));
#15743 = SURFACE_STYLE_FILL_AREA(#15744);
#15744 = FILL_AREA_STYLE('',(#15745));
#15745 = FILL_AREA_STYLE_COLOUR('',#15612);
#15746 = STYLED_ITEM('color',(#15747),#12784);
#15747 = PRESENTATION_STYLE_ASSIGNMENT((#15748));
#15748 = SURFACE_STYLE_USAGE(.BOTH.,#15749);
#15749 = SURFACE_SIDE_STYLE('',(#15750));
#15750 = SURFACE_STYLE_FILL_AREA(#15751);
#15751 = FILL_AREA_STYLE('',(#15752));
#15752 = FILL_AREA_STYLE_COLOUR('',#15612);
#15753 = STYLED_ITEM('color',(#15754),#12815);
#15754 = PRESENTATION_STYLE_ASSIGNMENT((#15755));
#15755 = SURFACE_STYLE_USAGE(.BOTH.,#15756);
#15756 = SURFACE_SIDE_STYLE('',(#15757));
#15757 = SURFACE_STYLE_FILL_AREA(#15758);
#15758 = FILL_AREA_STYLE('',(#15759));
#15759 = FILL_AREA_STYLE_COLOUR('',#15612);
#15760 = STYLED_ITEM('color',(#15761),#12839);
#15761 = PRESENTATION_STYLE_ASSIGNMENT((#15762));
#15762 = SURFACE_STYLE_USAGE(.BOTH.,#15763);
#15763 = SURFACE_SIDE_STYLE('',(#15764));
#15764 = SURFACE_STYLE_FILL_AREA(#15765);
#15765 = FILL_AREA_STYLE('',(#15766));
#15766 = FILL_AREA_STYLE_COLOUR('',#15612);
#15767 = STYLED_ITEM('color',(#15768),#12863);
#15768 = PRESENTATION_STYLE_ASSIGNMENT((#15769));
#15769 = SURFACE_STYLE_USAGE(.BOTH.,#15770);
#15770 = SURFACE_SIDE_STYLE('',(#15771));
#15771 = SURFACE_STYLE_FILL_AREA(#15772);
#15772 = FILL_AREA_STYLE('',(#15773));
#15773 = FILL_AREA_STYLE_COLOUR('',#15612);
#15774 = STYLED_ITEM('color',(#15775),#12880);
#15775 = PRESENTATION_STYLE_ASSIGNMENT((#15776));
#15776 = SURFACE_STYLE_USAGE(.BOTH.,#15777);
#15777 = SURFACE_SIDE_STYLE('',(#15778));
#15778 = SURFACE_STYLE_FILL_AREA(#15779);
#15779 = FILL_AREA_STYLE('',(#15780));
#15780 = FILL_AREA_STYLE_COLOUR('',#15612);
#15781 = STYLED_ITEM('color',(#15782),#12911);
#15782 = PRESENTATION_STYLE_ASSIGNMENT((#15783));
#15783 = SURFACE_STYLE_USAGE(.BOTH.,#15784);
#15784 = SURFACE_SIDE_STYLE('',(#15785));
#15785 = SURFACE_STYLE_FILL_AREA(#15786);
#15786 = FILL_AREA_STYLE('',(#15787));
#15787 = FILL_AREA_STYLE_COLOUR('',#15612);
#15788 = STYLED_ITEM('color',(#15789),#12935);
#15789 = PRESENTATION_STYLE_ASSIGNMENT((#15790));
#15790 = SURFACE_STYLE_USAGE(.BOTH.,#15791);
#15791 = SURFACE_SIDE_STYLE('',(#15792));
#15792 = SURFACE_STYLE_FILL_AREA(#15793);
#15793 = FILL_AREA_STYLE('',(#15794));
#15794 = FILL_AREA_STYLE_COLOUR('',#15612);
#15795 = STYLED_ITEM('color',(#15796),#12959);
#15796 = PRESENTATION_STYLE_ASSIGNMENT((#15797));
#15797 = SURFACE_STYLE_USAGE(.BOTH.,#15798);
#15798 = SURFACE_SIDE_STYLE('',(#15799));
#15799 = SURFACE_STYLE_FILL_AREA(#15800);
#15800 = FILL_AREA_STYLE('',(#15801));
#15801 = FILL_AREA_STYLE_COLOUR('',#15612);
#15802 = STYLED_ITEM('color',(#15803),#12976);
#15803 = PRESENTATION_STYLE_ASSIGNMENT((#15804));
#15804 = SURFACE_STYLE_USAGE(.BOTH.,#15805);
#15805 = SURFACE_SIDE_STYLE('',(#15806));
#15806 = SURFACE_STYLE_FILL_AREA(#15807);
#15807 = FILL_AREA_STYLE('',(#15808));
#15808 = FILL_AREA_STYLE_COLOUR('',#15612);
#15809 = STYLED_ITEM('color',(#15810),#13007);
#15810 = PRESENTATION_STYLE_ASSIGNMENT((#15811));
#15811 = SURFACE_STYLE_USAGE(.BOTH.,#15812);
#15812 = SURFACE_SIDE_STYLE('',(#15813));
#15813 = SURFACE_STYLE_FILL_AREA(#15814);
#15814 = FILL_AREA_STYLE('',(#15815));
#15815 = FILL_AREA_STYLE_COLOUR('',#15612);
#15816 = STYLED_ITEM('color',(#15817),#13031);
#15817 = PRESENTATION_STYLE_ASSIGNMENT((#15818));
#15818 = SURFACE_STYLE_USAGE(.BOTH.,#15819);
#15819 = SURFACE_SIDE_STYLE('',(#15820));
#15820 = SURFACE_STYLE_FILL_AREA(#15821);
#15821 = FILL_AREA_STYLE('',(#15822));
#15822 = FILL_AREA_STYLE_COLOUR('',#15612);
#15823 = STYLED_ITEM('color',(#15824),#13055);
#15824 = PRESENTATION_STYLE_ASSIGNMENT((#15825));
#15825 = SURFACE_STYLE_USAGE(.BOTH.,#15826);
#15826 = SURFACE_SIDE_STYLE('',(#15827));
#15827 = SURFACE_STYLE_FILL_AREA(#15828);
#15828 = FILL_AREA_STYLE('',(#15829));
#15829 = FILL_AREA_STYLE_COLOUR('',#15612);
#15830 = STYLED_ITEM('color',(#15831),#13072);
#15831 = PRESENTATION_STYLE_ASSIGNMENT((#15832));
#15832 = SURFACE_STYLE_USAGE(.BOTH.,#15833);
#15833 = SURFACE_SIDE_STYLE('',(#15834));
#15834 = SURFACE_STYLE_FILL_AREA(#15835);
#15835 = FILL_AREA_STYLE('',(#15836));
#15836 = FILL_AREA_STYLE_COLOUR('',#15612);
#15837 = STYLED_ITEM('color',(#15838),#13103);
#15838 = PRESENTATION_STYLE_ASSIGNMENT((#15839));
#15839 = SURFACE_STYLE_USAGE(.BOTH.,#15840);
#15840 = SURFACE_SIDE_STYLE('',(#15841));
#15841 = SURFACE_STYLE_FILL_AREA(#15842);
#15842 = FILL_AREA_STYLE('',(#15843));
#15843 = FILL_AREA_STYLE_COLOUR('',#15612);
#15844 = STYLED_ITEM('color',(#15845),#13127);
#15845 = PRESENTATION_STYLE_ASSIGNMENT((#15846));
#15846 = SURFACE_STYLE_USAGE(.BOTH.,#15847);
#15847 = SURFACE_SIDE_STYLE('',(#15848));
#15848 = SURFACE_STYLE_FILL_AREA(#15849);
#15849 = FILL_AREA_STYLE('',(#15850));
#15850 = FILL_AREA_STYLE_COLOUR('',#15612);
#15851 = STYLED_ITEM('color',(#15852),#13151);
#15852 = PRESENTATION_STYLE_ASSIGNMENT((#15853));
#15853 = SURFACE_STYLE_USAGE(.BOTH.,#15854);
#15854 = SURFACE_SIDE_STYLE('',(#15855));
#15855 = SURFACE_STYLE_FILL_AREA(#15856);
#15856 = FILL_AREA_STYLE('',(#15857));
#15857 = FILL_AREA_STYLE_COLOUR('',#15612);
#15858 = STYLED_ITEM('color',(#15859),#13168);
#15859 = PRESENTATION_STYLE_ASSIGNMENT((#15860));
#15860 = SURFACE_STYLE_USAGE(.BOTH.,#15861);
#15861 = SURFACE_SIDE_STYLE('',(#15862));
#15862 = SURFACE_STYLE_FILL_AREA(#15863);
#15863 = FILL_AREA_STYLE('',(#15864));
#15864 = FILL_AREA_STYLE_COLOUR('',#15612);
#15865 = STYLED_ITEM('color',(#15866),#13199);
#15866 = PRESENTATION_STYLE_ASSIGNMENT((#15867));
#15867 = SURFACE_STYLE_USAGE(.BOTH.,#15868);
#15868 = SURFACE_SIDE_STYLE('',(#15869));
#15869 = SURFACE_STYLE_FILL_AREA(#15870);
#15870 = FILL_AREA_STYLE('',(#15871));
#15871 = FILL_AREA_STYLE_COLOUR('',#15612);
#15872 = STYLED_ITEM('color',(#15873),#13223);
#15873 = PRESENTATION_STYLE_ASSIGNMENT((#15874));
#15874 = SURFACE_STYLE_USAGE(.BOTH.,#15875);
#15875 = SURFACE_SIDE_STYLE('',(#15876));
#15876 = SURFACE_STYLE_FILL_AREA(#15877);
#15877 = FILL_AREA_STYLE('',(#15878));
#15878 = FILL_AREA_STYLE_COLOUR('',#15612);
#15879 = STYLED_ITEM('color',(#15880),#13247);
#15880 = PRESENTATION_STYLE_ASSIGNMENT((#15881));
#15881 = SURFACE_STYLE_USAGE(.BOTH.,#15882);
#15882 = SURFACE_SIDE_STYLE('',(#15883));
#15883 = SURFACE_STYLE_FILL_AREA(#15884);
#15884 = FILL_AREA_STYLE('',(#15885));
#15885 = FILL_AREA_STYLE_COLOUR('',#15612);
#15886 = STYLED_ITEM('color',(#15887),#13264);
#15887 = PRESENTATION_STYLE_ASSIGNMENT((#15888));
#15888 = SURFACE_STYLE_USAGE(.BOTH.,#15889);
#15889 = SURFACE_SIDE_STYLE('',(#15890));
#15890 = SURFACE_STYLE_FILL_AREA(#15891);
#15891 = FILL_AREA_STYLE('',(#15892));
#15892 = FILL_AREA_STYLE_COLOUR('',#15612);
#15893 = STYLED_ITEM('color',(#15894),#13295);
#15894 = PRESENTATION_STYLE_ASSIGNMENT((#15895));
#15895 = SURFACE_STYLE_USAGE(.BOTH.,#15896);
#15896 = SURFACE_SIDE_STYLE('',(#15897));
#15897 = SURFACE_STYLE_FILL_AREA(#15898);
#15898 = FILL_AREA_STYLE('',(#15899));
#15899 = FILL_AREA_STYLE_COLOUR('',#15612);
#15900 = STYLED_ITEM('color',(#15901),#13319);
#15901 = PRESENTATION_STYLE_ASSIGNMENT((#15902));
#15902 = SURFACE_STYLE_USAGE(.BOTH.,#15903);
#15903 = SURFACE_SIDE_STYLE('',(#15904));
#15904 = SURFACE_STYLE_FILL_AREA(#15905);
#15905 = FILL_AREA_STYLE('',(#15906));
#15906 = FILL_AREA_STYLE_COLOUR('',#15612);
#15907 = STYLED_ITEM('color',(#15908),#13343);
#15908 = PRESENTATION_STYLE_ASSIGNMENT((#15909));
#15909 = SURFACE_STYLE_USAGE(.BOTH.,#15910);
#15910 = SURFACE_SIDE_STYLE('',(#15911));
#15911 = SURFACE_STYLE_FILL_AREA(#15912);
#15912 = FILL_AREA_STYLE('',(#15913));
#15913 = FILL_AREA_STYLE_COLOUR('',#15612);
#15914 = STYLED_ITEM('color',(#15915),#13360);
#15915 = PRESENTATION_STYLE_ASSIGNMENT((#15916));
#15916 = SURFACE_STYLE_USAGE(.BOTH.,#15917);
#15917 = SURFACE_SIDE_STYLE('',(#15918));
#15918 = SURFACE_STYLE_FILL_AREA(#15919);
#15919 = FILL_AREA_STYLE('',(#15920));
#15920 = FILL_AREA_STYLE_COLOUR('',#15612);
#15921 = STYLED_ITEM('color',(#15922),#13391);
#15922 = PRESENTATION_STYLE_ASSIGNMENT((#15923));
#15923 = SURFACE_STYLE_USAGE(.BOTH.,#15924);
#15924 = SURFACE_SIDE_STYLE('',(#15925));
#15925 = SURFACE_STYLE_FILL_AREA(#15926);
#15926 = FILL_AREA_STYLE('',(#15927));
#15927 = FILL_AREA_STYLE_COLOUR('',#15612);
#15928 = STYLED_ITEM('color',(#15929),#13415);
#15929 = PRESENTATION_STYLE_ASSIGNMENT((#15930));
#15930 = SURFACE_STYLE_USAGE(.BOTH.,#15931);
#15931 = SURFACE_SIDE_STYLE('',(#15932));
#15932 = SURFACE_STYLE_FILL_AREA(#15933);
#15933 = FILL_AREA_STYLE('',(#15934));
#15934 = FILL_AREA_STYLE_COLOUR('',#15612);
#15935 = STYLED_ITEM('color',(#15936),#13439);
#15936 = PRESENTATION_STYLE_ASSIGNMENT((#15937));
#15937 = SURFACE_STYLE_USAGE(.BOTH.,#15938);
#15938 = SURFACE_SIDE_STYLE('',(#15939));
#15939 = SURFACE_STYLE_FILL_AREA(#15940);
#15940 = FILL_AREA_STYLE('',(#15941));
#15941 = FILL_AREA_STYLE_COLOUR('',#15612);
#15942 = STYLED_ITEM('color',(#15943),#13456);
#15943 = PRESENTATION_STYLE_ASSIGNMENT((#15944));
#15944 = SURFACE_STYLE_USAGE(.BOTH.,#15945);
#15945 = SURFACE_SIDE_STYLE('',(#15946));
#15946 = SURFACE_STYLE_FILL_AREA(#15947);
#15947 = FILL_AREA_STYLE('',(#15948));
#15948 = FILL_AREA_STYLE_COLOUR('',#15612);
#15949 = STYLED_ITEM('color',(#15950),#13468);
#15950 = PRESENTATION_STYLE_ASSIGNMENT((#15951));
#15951 = SURFACE_STYLE_USAGE(.BOTH.,#15952);
#15952 = SURFACE_SIDE_STYLE('',(#15953));
#15953 = SURFACE_STYLE_FILL_AREA(#15954);
#15954 = FILL_AREA_STYLE('',(#15955));
#15955 = FILL_AREA_STYLE_COLOUR('',#15612);
#15956 = STYLED_ITEM('color',(#15957),#13480);
#15957 = PRESENTATION_STYLE_ASSIGNMENT((#15958));
#15958 = SURFACE_STYLE_USAGE(.BOTH.,#15959);
#15959 = SURFACE_SIDE_STYLE('',(#15960));
#15960 = SURFACE_STYLE_FILL_AREA(#15961);
#15961 = FILL_AREA_STYLE('',(#15962));
#15962 = FILL_AREA_STYLE_COLOUR('',#15612);
#15963 = STYLED_ITEM('color',(#15964),#13492);
#15964 = PRESENTATION_STYLE_ASSIGNMENT((#15965));
#15965 = SURFACE_STYLE_USAGE(.BOTH.,#15966);
#15966 = SURFACE_SIDE_STYLE('',(#15967));
#15967 = SURFACE_STYLE_FILL_AREA(#15968);
#15968 = FILL_AREA_STYLE('',(#15969));
#15969 = FILL_AREA_STYLE_COLOUR('',#15612);
#15970 = STYLED_ITEM('color',(#15971),#13504);
#15971 = PRESENTATION_STYLE_ASSIGNMENT((#15972));
#15972 = SURFACE_STYLE_USAGE(.BOTH.,#15973);
#15973 = SURFACE_SIDE_STYLE('',(#15974));
#15974 = SURFACE_STYLE_FILL_AREA(#15975);
#15975 = FILL_AREA_STYLE('',(#15976));
#15976 = FILL_AREA_STYLE_COLOUR('',#15612);
#15977 = STYLED_ITEM('color',(#15978),#13516);
#15978 = PRESENTATION_STYLE_ASSIGNMENT((#15979));
#15979 = SURFACE_STYLE_USAGE(.BOTH.,#15980);
#15980 = SURFACE_SIDE_STYLE('',(#15981));
#15981 = SURFACE_STYLE_FILL_AREA(#15982);
#15982 = FILL_AREA_STYLE('',(#15983));
#15983 = FILL_AREA_STYLE_COLOUR('',#15612);
#15984 = MECHANICAL_DESIGN_GEOMETRIC_PRESENTATION_REPRESENTATION('',(
    #15985,#15992,#15999,#16006,#16013,#16020,#16027,#16034,#16042,
    #16049,#16056,#16063,#16070,#16077,#16085,#16092,#16099,#16106,
    #16113,#16120,#16127,#16134,#16141,#16148,#16155,#16162),#5703);
#15985 = STYLED_ITEM('color',(#15986),#4915);
#15986 = PRESENTATION_STYLE_ASSIGNMENT((#15987));
#15987 = SURFACE_STYLE_USAGE(.BOTH.,#15988);
#15988 = SURFACE_SIDE_STYLE('',(#15989));
#15989 = SURFACE_STYLE_FILL_AREA(#15990);
#15990 = FILL_AREA_STYLE('',(#15991));
#15991 = FILL_AREA_STYLE_COLOUR('',#14473);
#15992 = STYLED_ITEM('color',(#15993),#4955);
#15993 = PRESENTATION_STYLE_ASSIGNMENT((#15994));
#15994 = SURFACE_STYLE_USAGE(.BOTH.,#15995);
#15995 = SURFACE_SIDE_STYLE('',(#15996));
#15996 = SURFACE_STYLE_FILL_AREA(#15997);
#15997 = FILL_AREA_STYLE('',(#15998));
#15998 = FILL_AREA_STYLE_COLOUR('',#14473);
#15999 = STYLED_ITEM('color',(#16000),#5038);
#16000 = PRESENTATION_STYLE_ASSIGNMENT((#16001));
#16001 = SURFACE_STYLE_USAGE(.BOTH.,#16002);
#16002 = SURFACE_SIDE_STYLE('',(#16003));
#16003 = SURFACE_STYLE_FILL_AREA(#16004);
#16004 = FILL_AREA_STYLE('',(#16005));
#16005 = FILL_AREA_STYLE_COLOUR('',#14473);
#16006 = STYLED_ITEM('color',(#16007),#5063);
#16007 = PRESENTATION_STYLE_ASSIGNMENT((#16008));
#16008 = SURFACE_STYLE_USAGE(.BOTH.,#16009);
#16009 = SURFACE_SIDE_STYLE('',(#16010));
#16010 = SURFACE_STYLE_FILL_AREA(#16011);
#16011 = FILL_AREA_STYLE('',(#16012));
#16012 = FILL_AREA_STYLE_COLOUR('',#14473);
#16013 = STYLED_ITEM('color',(#16014),#5088);
#16014 = PRESENTATION_STYLE_ASSIGNMENT((#16015));
#16015 = SURFACE_STYLE_USAGE(.BOTH.,#16016);
#16016 = SURFACE_SIDE_STYLE('',(#16017));
#16017 = SURFACE_STYLE_FILL_AREA(#16018);
#16018 = FILL_AREA_STYLE('',(#16019));
#16019 = FILL_AREA_STYLE_COLOUR('',#14473);
#16020 = STYLED_ITEM('color',(#16021),#5155);
#16021 = PRESENTATION_STYLE_ASSIGNMENT((#16022));
#16022 = SURFACE_STYLE_USAGE(.BOTH.,#16023);
#16023 = SURFACE_SIDE_STYLE('',(#16024));
#16024 = SURFACE_STYLE_FILL_AREA(#16025);
#16025 = FILL_AREA_STYLE('',(#16026));
#16026 = FILL_AREA_STYLE_COLOUR('',#14473);
#16027 = STYLED_ITEM('color',(#16028),#5172);
#16028 = PRESENTATION_STYLE_ASSIGNMENT((#16029));
#16029 = SURFACE_STYLE_USAGE(.BOTH.,#16030);
#16030 = SURFACE_SIDE_STYLE('',(#16031));
#16031 = SURFACE_STYLE_FILL_AREA(#16032);
#16032 = FILL_AREA_STYLE('',(#16033));
#16033 = FILL_AREA_STYLE_COLOUR('',#14473);
#16034 = STYLED_ITEM('color',(#16035),#5189);
#16035 = PRESENTATION_STYLE_ASSIGNMENT((#16036));
#16036 = SURFACE_STYLE_USAGE(.BOTH.,#16037);
#16037 = SURFACE_SIDE_STYLE('',(#16038));
#16038 = SURFACE_STYLE_FILL_AREA(#16039);
#16039 = FILL_AREA_STYLE('',(#16040));
#16040 = FILL_AREA_STYLE_COLOUR('',#16041);
#16041 = COLOUR_RGB('',0.894999966383,0.890999961016,0.813000030345);
#16042 = STYLED_ITEM('color',(#16043),#5238);
#16043 = PRESENTATION_STYLE_ASSIGNMENT((#16044));
#16044 = SURFACE_STYLE_USAGE(.BOTH.,#16045);
#16045 = SURFACE_SIDE_STYLE('',(#16046));
#16046 = SURFACE_STYLE_FILL_AREA(#16047);
#16047 = FILL_AREA_STYLE('',(#16048));
#16048 = FILL_AREA_STYLE_COLOUR('',#14473);
#16049 = STYLED_ITEM('color',(#16050),#5255);
#16050 = PRESENTATION_STYLE_ASSIGNMENT((#16051));
#16051 = SURFACE_STYLE_USAGE(.BOTH.,#16052);
#16052 = SURFACE_SIDE_STYLE('',(#16053));
#16053 = SURFACE_STYLE_FILL_AREA(#16054);
#16054 = FILL_AREA_STYLE('',(#16055));
#16055 = FILL_AREA_STYLE_COLOUR('',#14473);
#16056 = STYLED_ITEM('color',(#16057),#5272);
#16057 = PRESENTATION_STYLE_ASSIGNMENT((#16058));
#16058 = SURFACE_STYLE_USAGE(.BOTH.,#16059);
#16059 = SURFACE_SIDE_STYLE('',(#16060));
#16060 = SURFACE_STYLE_FILL_AREA(#16061);
#16061 = FILL_AREA_STYLE('',(#16062));
#16062 = FILL_AREA_STYLE_COLOUR('',#16041);
#16063 = STYLED_ITEM('color',(#16064),#5321);
#16064 = PRESENTATION_STYLE_ASSIGNMENT((#16065));
#16065 = SURFACE_STYLE_USAGE(.BOTH.,#16066);
#16066 = SURFACE_SIDE_STYLE('',(#16067));
#16067 = SURFACE_STYLE_FILL_AREA(#16068);
#16068 = FILL_AREA_STYLE('',(#16069));
#16069 = FILL_AREA_STYLE_COLOUR('',#16041);
#16070 = STYLED_ITEM('color',(#16071),#5338);
#16071 = PRESENTATION_STYLE_ASSIGNMENT((#16072));
#16072 = SURFACE_STYLE_USAGE(.BOTH.,#16073);
#16073 = SURFACE_SIDE_STYLE('',(#16074));
#16074 = SURFACE_STYLE_FILL_AREA(#16075);
#16075 = FILL_AREA_STYLE('',(#16076));
#16076 = FILL_AREA_STYLE_COLOUR('',#14473);
#16077 = STYLED_ITEM('color',(#16078),#5407);
#16078 = PRESENTATION_STYLE_ASSIGNMENT((#16079));
#16079 = SURFACE_STYLE_USAGE(.BOTH.,#16080);
#16080 = SURFACE_SIDE_STYLE('',(#16081));
#16081 = SURFACE_STYLE_FILL_AREA(#16082);
#16082 = FILL_AREA_STYLE('',(#16083));
#16083 = FILL_AREA_STYLE_COLOUR('',#16084);
#16084 = COLOUR_RGB('',8.200000279077E-02,8.600000121357E-02,
  9.399999706163E-02);
#16085 = STYLED_ITEM('color',(#16086),#5438);
#16086 = PRESENTATION_STYLE_ASSIGNMENT((#16087));
#16087 = SURFACE_STYLE_USAGE(.BOTH.,#16088);
#16088 = SURFACE_SIDE_STYLE('',(#16089));
#16089 = SURFACE_STYLE_FILL_AREA(#16090);
#16090 = FILL_AREA_STYLE('',(#16091));
#16091 = FILL_AREA_STYLE_COLOUR('',#16084);
#16092 = STYLED_ITEM('color',(#16093),#5462);
#16093 = PRESENTATION_STYLE_ASSIGNMENT((#16094));
#16094 = SURFACE_STYLE_USAGE(.BOTH.,#16095);
#16095 = SURFACE_SIDE_STYLE('',(#16096));
#16096 = SURFACE_STYLE_FILL_AREA(#16097);
#16097 = FILL_AREA_STYLE('',(#16098));
#16098 = FILL_AREA_STYLE_COLOUR('',#14473);
#16099 = STYLED_ITEM('color',(#16100),#5531);
#16100 = PRESENTATION_STYLE_ASSIGNMENT((#16101));
#16101 = SURFACE_STYLE_USAGE(.BOTH.,#16102);
#16102 = SURFACE_SIDE_STYLE('',(#16103));
#16103 = SURFACE_STYLE_FILL_AREA(#16104);
#16104 = FILL_AREA_STYLE('',(#16105));
#16105 = FILL_AREA_STYLE_COLOUR('',#16084);
#16106 = STYLED_ITEM('color',(#16107),#5555);
#16107 = PRESENTATION_STYLE_ASSIGNMENT((#16108));
#16108 = SURFACE_STYLE_USAGE(.BOTH.,#16109);
#16109 = SURFACE_SIDE_STYLE('',(#16110));
#16110 = SURFACE_STYLE_FILL_AREA(#16111);
#16111 = FILL_AREA_STYLE('',(#16112));
#16112 = FILL_AREA_STYLE_COLOUR('',#14473);
#16113 = STYLED_ITEM('color',(#16114),#5572);
#16114 = PRESENTATION_STYLE_ASSIGNMENT((#16115));
#16115 = SURFACE_STYLE_USAGE(.BOTH.,#16116);
#16116 = SURFACE_SIDE_STYLE('',(#16117));
#16117 = SURFACE_STYLE_FILL_AREA(#16118);
#16118 = FILL_AREA_STYLE('',(#16119));
#16119 = FILL_AREA_STYLE_COLOUR('',#14473);
#16120 = STYLED_ITEM('color',(#16121),#5589);
#16121 = PRESENTATION_STYLE_ASSIGNMENT((#16122));
#16122 = SURFACE_STYLE_USAGE(.BOTH.,#16123);
#16123 = SURFACE_SIDE_STYLE('',(#16124));
#16124 = SURFACE_STYLE_FILL_AREA(#16125);
#16125 = FILL_AREA_STYLE('',(#16126));
#16126 = FILL_AREA_STYLE_COLOUR('',#14473);
#16127 = STYLED_ITEM('color',(#16128),#5606);
#16128 = PRESENTATION_STYLE_ASSIGNMENT((#16129));
#16129 = SURFACE_STYLE_USAGE(.BOTH.,#16130);
#16130 = SURFACE_SIDE_STYLE('',(#16131));
#16131 = SURFACE_STYLE_FILL_AREA(#16132);
#16132 = FILL_AREA_STYLE('',(#16133));
#16133 = FILL_AREA_STYLE_COLOUR('',#14473);
#16134 = STYLED_ITEM('color',(#16135),#5623);
#16135 = PRESENTATION_STYLE_ASSIGNMENT((#16136));
#16136 = SURFACE_STYLE_USAGE(.BOTH.,#16137);
#16137 = SURFACE_SIDE_STYLE('',(#16138));
#16138 = SURFACE_STYLE_FILL_AREA(#16139);
#16139 = FILL_AREA_STYLE('',(#16140));
#16140 = FILL_AREA_STYLE_COLOUR('',#14473);
#16141 = STYLED_ITEM('color',(#16142),#5640);
#16142 = PRESENTATION_STYLE_ASSIGNMENT((#16143));
#16143 = SURFACE_STYLE_USAGE(.BOTH.,#16144);
#16144 = SURFACE_SIDE_STYLE('',(#16145));
#16145 = SURFACE_STYLE_FILL_AREA(#16146);
#16146 = FILL_AREA_STYLE('',(#16147));
#16147 = FILL_AREA_STYLE_COLOUR('',#14473);
#16148 = STYLED_ITEM('color',(#16149),#5657);
#16149 = PRESENTATION_STYLE_ASSIGNMENT((#16150));
#16150 = SURFACE_STYLE_USAGE(.BOTH.,#16151);
#16151 = SURFACE_SIDE_STYLE('',(#16152));
#16152 = SURFACE_STYLE_FILL_AREA(#16153);
#16153 = FILL_AREA_STYLE('',(#16154));
#16154 = FILL_AREA_STYLE_COLOUR('',#14473);
#16155 = STYLED_ITEM('color',(#16156),#5674);
#16156 = PRESENTATION_STYLE_ASSIGNMENT((#16157));
#16157 = SURFACE_STYLE_USAGE(.BOTH.,#16158);
#16158 = SURFACE_SIDE_STYLE('',(#16159));
#16159 = SURFACE_STYLE_FILL_AREA(#16160);
#16160 = FILL_AREA_STYLE('',(#16161));
#16161 = FILL_AREA_STYLE_COLOUR('',#16084);
#16162 = STYLED_ITEM('color',(#16163),#5691);
#16163 = PRESENTATION_STYLE_ASSIGNMENT((#16164));
#16164 = SURFACE_STYLE_USAGE(.BOTH.,#16165);
#16165 = SURFACE_SIDE_STYLE('',(#16166));
#16166 = SURFACE_STYLE_FILL_AREA(#16167);
#16167 = FILL_AREA_STYLE('',(#16168));
#16168 = FILL_AREA_STYLE_COLOUR('',#16084);
#16169 = MECHANICAL_DESIGN_GEOMETRIC_PRESENTATION_REPRESENTATION('',(
    #16170,#16177,#16184,#16191,#16198,#16205,#16212,#16219,#16226,
    #16233,#16240,#16247,#16254,#16261,#16268,#16275,#16282,#16289,
    #16296,#16303,#16310,#16317,#16324,#16331,#16338,#16345,#16352,
    #16359,#16366,#16373,#16380,#16387,#16394,#16401,#16408,#16415,
    #16423,#16430,#16437,#16444,#16451,#16458,#16465,#16472,#16479,
    #16486,#16493,#16500,#16507,#16514),#1588);
#16170 = STYLED_ITEM('color',(#16171),#67);
#16171 = PRESENTATION_STYLE_ASSIGNMENT((#16172));
#16172 = SURFACE_STYLE_USAGE(.BOTH.,#16173);
#16173 = SURFACE_SIDE_STYLE('',(#16174));
#16174 = SURFACE_STYLE_FILL_AREA(#16175);
#16175 = FILL_AREA_STYLE('',(#16176));
#16176 = FILL_AREA_STYLE_COLOUR('',#16041);
#16177 = STYLED_ITEM('color',(#16178),#107);
#16178 = PRESENTATION_STYLE_ASSIGNMENT((#16179));
#16179 = SURFACE_STYLE_USAGE(.BOTH.,#16180);
#16180 = SURFACE_SIDE_STYLE('',(#16181));
#16181 = SURFACE_STYLE_FILL_AREA(#16182);
#16182 = FILL_AREA_STYLE('',(#16183));
#16183 = FILL_AREA_STYLE_COLOUR('',#16041);
#16184 = STYLED_ITEM('color',(#16185),#154);
#16185 = PRESENTATION_STYLE_ASSIGNMENT((#16186));
#16186 = SURFACE_STYLE_USAGE(.BOTH.,#16187);
#16187 = SURFACE_SIDE_STYLE('',(#16188));
#16188 = SURFACE_STYLE_FILL_AREA(#16189);
#16189 = FILL_AREA_STYLE('',(#16190));
#16190 = FILL_AREA_STYLE_COLOUR('',#16041);
#16191 = STYLED_ITEM('color',(#16192),#233);
#16192 = PRESENTATION_STYLE_ASSIGNMENT((#16193));
#16193 = SURFACE_STYLE_USAGE(.BOTH.,#16194);
#16194 = SURFACE_SIDE_STYLE('',(#16195));
#16195 = SURFACE_STYLE_FILL_AREA(#16196);
#16196 = FILL_AREA_STYLE('',(#16197));
#16197 = FILL_AREA_STYLE_COLOUR('',#16041);
#16198 = STYLED_ITEM('color',(#16199),#257);
#16199 = PRESENTATION_STYLE_ASSIGNMENT((#16200));
#16200 = SURFACE_STYLE_USAGE(.BOTH.,#16201);
#16201 = SURFACE_SIDE_STYLE('',(#16202));
#16202 = SURFACE_STYLE_FILL_AREA(#16203);
#16203 = FILL_AREA_STYLE('',(#16204));
#16204 = FILL_AREA_STYLE_COLOUR('',#16041);
#16205 = STYLED_ITEM('color',(#16206),#297);
#16206 = PRESENTATION_STYLE_ASSIGNMENT((#16207));
#16207 = SURFACE_STYLE_USAGE(.BOTH.,#16208);
#16208 = SURFACE_SIDE_STYLE('',(#16209));
#16209 = SURFACE_STYLE_FILL_AREA(#16210);
#16210 = FILL_AREA_STYLE('',(#16211));
#16211 = FILL_AREA_STYLE_COLOUR('',#16041);
#16212 = STYLED_ITEM('color',(#16213),#328);
#16213 = PRESENTATION_STYLE_ASSIGNMENT((#16214));
#16214 = SURFACE_STYLE_USAGE(.BOTH.,#16215);
#16215 = SURFACE_SIDE_STYLE('',(#16216));
#16216 = SURFACE_STYLE_FILL_AREA(#16217);
#16217 = FILL_AREA_STYLE('',(#16218));
#16218 = FILL_AREA_STYLE_COLOUR('',#16041);
#16219 = STYLED_ITEM('color',(#16220),#345);
#16220 = PRESENTATION_STYLE_ASSIGNMENT((#16221));
#16221 = SURFACE_STYLE_USAGE(.BOTH.,#16222);
#16222 = SURFACE_SIDE_STYLE('',(#16223));
#16223 = SURFACE_STYLE_FILL_AREA(#16224);
#16224 = FILL_AREA_STYLE('',(#16225));
#16225 = FILL_AREA_STYLE_COLOUR('',#15612);
#16226 = STYLED_ITEM('color',(#16227),#378);
#16227 = PRESENTATION_STYLE_ASSIGNMENT((#16228));
#16228 = SURFACE_STYLE_USAGE(.BOTH.,#16229);
#16229 = SURFACE_SIDE_STYLE('',(#16230));
#16230 = SURFACE_STYLE_FILL_AREA(#16231);
#16231 = FILL_AREA_STYLE('',(#16232));
#16232 = FILL_AREA_STYLE_COLOUR('',#16041);
#16233 = STYLED_ITEM('color',(#16234),#402);
#16234 = PRESENTATION_STYLE_ASSIGNMENT((#16235));
#16235 = SURFACE_STYLE_USAGE(.BOTH.,#16236);
#16236 = SURFACE_SIDE_STYLE('',(#16237));
#16237 = SURFACE_STYLE_FILL_AREA(#16238);
#16238 = FILL_AREA_STYLE('',(#16239));
#16239 = FILL_AREA_STYLE_COLOUR('',#15612);
#16240 = STYLED_ITEM('color',(#16241),#469);
#16241 = PRESENTATION_STYLE_ASSIGNMENT((#16242));
#16242 = SURFACE_STYLE_USAGE(.BOTH.,#16243);
#16243 = SURFACE_SIDE_STYLE('',(#16244));
#16244 = SURFACE_STYLE_FILL_AREA(#16245);
#16245 = FILL_AREA_STYLE('',(#16246));
#16246 = FILL_AREA_STYLE_COLOUR('',#16041);
#16247 = STYLED_ITEM('color',(#16248),#590);
#16248 = PRESENTATION_STYLE_ASSIGNMENT((#16249));
#16249 = SURFACE_STYLE_USAGE(.BOTH.,#16250);
#16250 = SURFACE_SIDE_STYLE('',(#16251));
#16251 = SURFACE_STYLE_FILL_AREA(#16252);
#16252 = FILL_AREA_STYLE('',(#16253));
#16253 = FILL_AREA_STYLE_COLOUR('',#15612);
#16254 = STYLED_ITEM('color',(#16255),#657);
#16255 = PRESENTATION_STYLE_ASSIGNMENT((#16256));
#16256 = SURFACE_STYLE_USAGE(.BOTH.,#16257);
#16257 = SURFACE_SIDE_STYLE('',(#16258));
#16258 = SURFACE_STYLE_FILL_AREA(#16259);
#16259 = FILL_AREA_STYLE('',(#16260));
#16260 = FILL_AREA_STYLE_COLOUR('',#16041);
#16261 = STYLED_ITEM('color',(#16262),#681);
#16262 = PRESENTATION_STYLE_ASSIGNMENT((#16263));
#16263 = SURFACE_STYLE_USAGE(.BOTH.,#16264);
#16264 = SURFACE_SIDE_STYLE('',(#16265));
#16265 = SURFACE_STYLE_FILL_AREA(#16266);
#16266 = FILL_AREA_STYLE('',(#16267));
#16267 = FILL_AREA_STYLE_COLOUR('',#16041);
#16268 = STYLED_ITEM('color',(#16269),#712);
#16269 = PRESENTATION_STYLE_ASSIGNMENT((#16270));
#16270 = SURFACE_STYLE_USAGE(.BOTH.,#16271);
#16271 = SURFACE_SIDE_STYLE('',(#16272));
#16272 = SURFACE_STYLE_FILL_AREA(#16273);
#16273 = FILL_AREA_STYLE('',(#16274));
#16274 = FILL_AREA_STYLE_COLOUR('',#15612);
#16275 = STYLED_ITEM('color',(#16276),#745);
#16276 = PRESENTATION_STYLE_ASSIGNMENT((#16277));
#16277 = SURFACE_STYLE_USAGE(.BOTH.,#16278);
#16278 = SURFACE_SIDE_STYLE('',(#16279));
#16279 = SURFACE_STYLE_FILL_AREA(#16280);
#16280 = FILL_AREA_STYLE('',(#16281));
#16281 = FILL_AREA_STYLE_COLOUR('',#16041);
#16282 = STYLED_ITEM('color',(#16283),#801);
#16283 = PRESENTATION_STYLE_ASSIGNMENT((#16284));
#16284 = SURFACE_STYLE_USAGE(.BOTH.,#16285);
#16285 = SURFACE_SIDE_STYLE('',(#16286));
#16286 = SURFACE_STYLE_FILL_AREA(#16287);
#16287 = FILL_AREA_STYLE('',(#16288));
#16288 = FILL_AREA_STYLE_COLOUR('',#15612);
#16289 = STYLED_ITEM('color',(#16290),#825);
#16290 = PRESENTATION_STYLE_ASSIGNMENT((#16291));
#16291 = SURFACE_STYLE_USAGE(.BOTH.,#16292);
#16292 = SURFACE_SIDE_STYLE('',(#16293));
#16293 = SURFACE_STYLE_FILL_AREA(#16294);
#16294 = FILL_AREA_STYLE('',(#16295));
#16295 = FILL_AREA_STYLE_COLOUR('',#15612);
#16296 = STYLED_ITEM('color',(#16297),#849);
#16297 = PRESENTATION_STYLE_ASSIGNMENT((#16298));
#16298 = SURFACE_STYLE_USAGE(.BOTH.,#16299);
#16299 = SURFACE_SIDE_STYLE('',(#16300));
#16300 = SURFACE_STYLE_FILL_AREA(#16301);
#16301 = FILL_AREA_STYLE('',(#16302));
#16302 = FILL_AREA_STYLE_COLOUR('',#15612);
#16303 = STYLED_ITEM('color',(#16304),#873);
#16304 = PRESENTATION_STYLE_ASSIGNMENT((#16305));
#16305 = SURFACE_STYLE_USAGE(.BOTH.,#16306);
#16306 = SURFACE_SIDE_STYLE('',(#16307));
#16307 = SURFACE_STYLE_FILL_AREA(#16308);
#16308 = FILL_AREA_STYLE('',(#16309));
#16309 = FILL_AREA_STYLE_COLOUR('',#15612);
#16310 = STYLED_ITEM('color',(#16311),#906);
#16311 = PRESENTATION_STYLE_ASSIGNMENT((#16312));
#16312 = SURFACE_STYLE_USAGE(.BOTH.,#16313);
#16313 = SURFACE_SIDE_STYLE('',(#16314));
#16314 = SURFACE_STYLE_FILL_AREA(#16315);
#16315 = FILL_AREA_STYLE('',(#16316));
#16316 = FILL_AREA_STYLE_COLOUR('',#15612);
#16317 = STYLED_ITEM('color',(#16318),#918);
#16318 = PRESENTATION_STYLE_ASSIGNMENT((#16319));
#16319 = SURFACE_STYLE_USAGE(.BOTH.,#16320);
#16320 = SURFACE_SIDE_STYLE('',(#16321));
#16321 = SURFACE_STYLE_FILL_AREA(#16322);
#16322 = FILL_AREA_STYLE('',(#16323));
#16323 = FILL_AREA_STYLE_COLOUR('',#15612);
#16324 = STYLED_ITEM('color',(#16325),#981);
#16325 = PRESENTATION_STYLE_ASSIGNMENT((#16326));
#16326 = SURFACE_STYLE_USAGE(.BOTH.,#16327);
#16327 = SURFACE_SIDE_STYLE('',(#16328));
#16328 = SURFACE_STYLE_FILL_AREA(#16329);
#16329 = FILL_AREA_STYLE('',(#16330));
#16330 = FILL_AREA_STYLE_COLOUR('',#15612);
#16331 = STYLED_ITEM('color',(#16332),#1006);
#16332 = PRESENTATION_STYLE_ASSIGNMENT((#16333));
#16333 = SURFACE_STYLE_USAGE(.BOTH.,#16334);
#16334 = SURFACE_SIDE_STYLE('',(#16335));
#16335 = SURFACE_STYLE_FILL_AREA(#16336);
#16336 = FILL_AREA_STYLE('',(#16337));
#16337 = FILL_AREA_STYLE_COLOUR('',#15612);
#16338 = STYLED_ITEM('color',(#16339),#1023);
#16339 = PRESENTATION_STYLE_ASSIGNMENT((#16340));
#16340 = SURFACE_STYLE_USAGE(.BOTH.,#16341);
#16341 = SURFACE_SIDE_STYLE('',(#16342));
#16342 = SURFACE_STYLE_FILL_AREA(#16343);
#16343 = FILL_AREA_STYLE('',(#16344));
#16344 = FILL_AREA_STYLE_COLOUR('',#15612);
#16345 = STYLED_ITEM('color',(#16346),#1047);
#16346 = PRESENTATION_STYLE_ASSIGNMENT((#16347));
#16347 = SURFACE_STYLE_USAGE(.BOTH.,#16348);
#16348 = SURFACE_SIDE_STYLE('',(#16349));
#16349 = SURFACE_STYLE_FILL_AREA(#16350);
#16350 = FILL_AREA_STYLE('',(#16351));
#16351 = FILL_AREA_STYLE_COLOUR('',#15612);
#16352 = STYLED_ITEM('color',(#16353),#1065);
#16353 = PRESENTATION_STYLE_ASSIGNMENT((#16354));
#16354 = SURFACE_STYLE_USAGE(.BOTH.,#16355);
#16355 = SURFACE_SIDE_STYLE('',(#16356));
#16356 = SURFACE_STYLE_FILL_AREA(#16357);
#16357 = FILL_AREA_STYLE('',(#16358));
#16358 = FILL_AREA_STYLE_COLOUR('',#15612);
#16359 = STYLED_ITEM('color',(#16360),#1083);
#16360 = PRESENTATION_STYLE_ASSIGNMENT((#16361));
#16361 = SURFACE_STYLE_USAGE(.BOTH.,#16362);
#16362 = SURFACE_SIDE_STYLE('',(#16363));
#16363 = SURFACE_STYLE_FILL_AREA(#16364);
#16364 = FILL_AREA_STYLE('',(#16365));
#16365 = FILL_AREA_STYLE_COLOUR('',#15612);
#16366 = STYLED_ITEM('color',(#16367),#1101);
#16367 = PRESENTATION_STYLE_ASSIGNMENT((#16368));
#16368 = SURFACE_STYLE_USAGE(.BOTH.,#16369);
#16369 = SURFACE_SIDE_STYLE('',(#16370));
#16370 = SURFACE_STYLE_FILL_AREA(#16371);
#16371 = FILL_AREA_STYLE('',(#16372));
#16372 = FILL_AREA_STYLE_COLOUR('',#15612);
#16373 = STYLED_ITEM('color',(#16374),#1118);
#16374 = PRESENTATION_STYLE_ASSIGNMENT((#16375));
#16375 = SURFACE_STYLE_USAGE(.BOTH.,#16376);
#16376 = SURFACE_SIDE_STYLE('',(#16377));
#16377 = SURFACE_STYLE_FILL_AREA(#16378);
#16378 = FILL_AREA_STYLE('',(#16379));
#16379 = FILL_AREA_STYLE_COLOUR('',#15612);
#16380 = STYLED_ITEM('color',(#16381),#1135);
#16381 = PRESENTATION_STYLE_ASSIGNMENT((#16382));
#16382 = SURFACE_STYLE_USAGE(.BOTH.,#16383);
#16383 = SURFACE_SIDE_STYLE('',(#16384));
#16384 = SURFACE_STYLE_FILL_AREA(#16385);
#16385 = FILL_AREA_STYLE('',(#16386));
#16386 = FILL_AREA_STYLE_COLOUR('',#15612);
#16387 = STYLED_ITEM('color',(#16388),#1166);
#16388 = PRESENTATION_STYLE_ASSIGNMENT((#16389));
#16389 = SURFACE_STYLE_USAGE(.BOTH.,#16390);
#16390 = SURFACE_SIDE_STYLE('',(#16391));
#16391 = SURFACE_STYLE_FILL_AREA(#16392);
#16392 = FILL_AREA_STYLE('',(#16393));
#16393 = FILL_AREA_STYLE_COLOUR('',#15612);
#16394 = STYLED_ITEM('color',(#16395),#1191);
#16395 = PRESENTATION_STYLE_ASSIGNMENT((#16396));
#16396 = SURFACE_STYLE_USAGE(.BOTH.,#16397);
#16397 = SURFACE_SIDE_STYLE('',(#16398));
#16398 = SURFACE_STYLE_FILL_AREA(#16399);
#16399 = FILL_AREA_STYLE('',(#16400));
#16400 = FILL_AREA_STYLE_COLOUR('',#15612);
#16401 = STYLED_ITEM('color',(#16402),#1216);
#16402 = PRESENTATION_STYLE_ASSIGNMENT((#16403));
#16403 = SURFACE_STYLE_USAGE(.BOTH.,#16404);
#16404 = SURFACE_SIDE_STYLE('',(#16405));
#16405 = SURFACE_STYLE_FILL_AREA(#16406);
#16406 = FILL_AREA_STYLE('',(#16407));
#16407 = FILL_AREA_STYLE_COLOUR('',#15612);
#16408 = STYLED_ITEM('color',(#16409),#1240);
#16409 = PRESENTATION_STYLE_ASSIGNMENT((#16410));
#16410 = SURFACE_STYLE_USAGE(.BOTH.,#16411);
#16411 = SURFACE_SIDE_STYLE('',(#16412));
#16412 = SURFACE_STYLE_FILL_AREA(#16413);
#16413 = FILL_AREA_STYLE('',(#16414));
#16414 = FILL_AREA_STYLE_COLOUR('',#15612);
#16415 = STYLED_ITEM('color',(#16416),#1257);
#16416 = PRESENTATION_STYLE_ASSIGNMENT((#16417));
#16417 = SURFACE_STYLE_USAGE(.BOTH.,#16418);
#16418 = SURFACE_SIDE_STYLE('',(#16419));
#16419 = SURFACE_STYLE_FILL_AREA(#16420);
#16420 = FILL_AREA_STYLE('',(#16421));
#16421 = FILL_AREA_STYLE_COLOUR('',#16422);
#16422 = COLOUR_RGB('',0.340000006699,0.68000001254,0.444999988852);
#16423 = STYLED_ITEM('color',(#16424),#1288);
#16424 = PRESENTATION_STYLE_ASSIGNMENT((#16425));
#16425 = SURFACE_STYLE_USAGE(.BOTH.,#16426);
#16426 = SURFACE_SIDE_STYLE('',(#16427));
#16427 = SURFACE_STYLE_FILL_AREA(#16428);
#16428 = FILL_AREA_STYLE('',(#16429));
#16429 = FILL_AREA_STYLE_COLOUR('',#16422);
#16430 = STYLED_ITEM('color',(#16431),#1312);
#16431 = PRESENTATION_STYLE_ASSIGNMENT((#16432));
#16432 = SURFACE_STYLE_USAGE(.BOTH.,#16433);
#16433 = SURFACE_SIDE_STYLE('',(#16434));
#16434 = SURFACE_STYLE_FILL_AREA(#16435);
#16435 = FILL_AREA_STYLE('',(#16436));
#16436 = FILL_AREA_STYLE_COLOUR('',#16422);
#16437 = STYLED_ITEM('color',(#16438),#1329);
#16438 = PRESENTATION_STYLE_ASSIGNMENT((#16439));
#16439 = SURFACE_STYLE_USAGE(.BOTH.,#16440);
#16440 = SURFACE_SIDE_STYLE('',(#16441));
#16441 = SURFACE_STYLE_FILL_AREA(#16442);
#16442 = FILL_AREA_STYLE('',(#16443));
#16443 = FILL_AREA_STYLE_COLOUR('',#15612);
#16444 = STYLED_ITEM('color',(#16445),#1357);
#16445 = PRESENTATION_STYLE_ASSIGNMENT((#16446));
#16446 = SURFACE_STYLE_USAGE(.BOTH.,#16447);
#16447 = SURFACE_SIDE_STYLE('',(#16448));
#16448 = SURFACE_STYLE_FILL_AREA(#16449);
#16449 = FILL_AREA_STYLE('',(#16450));
#16450 = FILL_AREA_STYLE_COLOUR('',#15612);
#16451 = STYLED_ITEM('color',(#16452),#1382);
#16452 = PRESENTATION_STYLE_ASSIGNMENT((#16453));
#16453 = SURFACE_STYLE_USAGE(.BOTH.,#16454);
#16454 = SURFACE_SIDE_STYLE('',(#16455));
#16455 = SURFACE_STYLE_FILL_AREA(#16456);
#16456 = FILL_AREA_STYLE('',(#16457));
#16457 = FILL_AREA_STYLE_COLOUR('',#15612);
#16458 = STYLED_ITEM('color',(#16459),#1406);
#16459 = PRESENTATION_STYLE_ASSIGNMENT((#16460));
#16460 = SURFACE_STYLE_USAGE(.BOTH.,#16461);
#16461 = SURFACE_SIDE_STYLE('',(#16462));
#16462 = SURFACE_STYLE_FILL_AREA(#16463);
#16463 = FILL_AREA_STYLE('',(#16464));
#16464 = FILL_AREA_STYLE_COLOUR('',#15612);
#16465 = STYLED_ITEM('color',(#16466),#1431);
#16466 = PRESENTATION_STYLE_ASSIGNMENT((#16467));
#16467 = SURFACE_STYLE_USAGE(.BOTH.,#16468);
#16468 = SURFACE_SIDE_STYLE('',(#16469));
#16469 = SURFACE_STYLE_FILL_AREA(#16470);
#16470 = FILL_AREA_STYLE('',(#16471));
#16471 = FILL_AREA_STYLE_COLOUR('',#15612);
#16472 = STYLED_ITEM('color',(#16473),#1478);
#16473 = PRESENTATION_STYLE_ASSIGNMENT((#16474));
#16474 = SURFACE_STYLE_USAGE(.BOTH.,#16475);
#16475 = SURFACE_SIDE_STYLE('',(#16476));
#16476 = SURFACE_STYLE_FILL_AREA(#16477);
#16477 = FILL_AREA_STYLE('',(#16478));
#16478 = FILL_AREA_STYLE_COLOUR('',#15612);
#16479 = STYLED_ITEM('color',(#16480),#1495);
#16480 = PRESENTATION_STYLE_ASSIGNMENT((#16481));
#16481 = SURFACE_STYLE_USAGE(.BOTH.,#16482);
#16482 = SURFACE_SIDE_STYLE('',(#16483));
#16483 = SURFACE_STYLE_FILL_AREA(#16484);
#16484 = FILL_AREA_STYLE('',(#16485));
#16485 = FILL_AREA_STYLE_COLOUR('',#15612);
#16486 = STYLED_ITEM('color',(#16487),#1507);
#16487 = PRESENTATION_STYLE_ASSIGNMENT((#16488));
#16488 = SURFACE_STYLE_USAGE(.BOTH.,#16489);
#16489 = SURFACE_SIDE_STYLE('',(#16490));
#16490 = SURFACE_STYLE_FILL_AREA(#16491);
#16491 = FILL_AREA_STYLE('',(#16492));
#16492 = FILL_AREA_STYLE_COLOUR('',#15612);
#16493 = STYLED_ITEM('color',(#16494),#1529);
#16494 = PRESENTATION_STYLE_ASSIGNMENT((#16495));
#16495 = SURFACE_STYLE_USAGE(.BOTH.,#16496);
#16496 = SURFACE_SIDE_STYLE('',(#16497));
#16497 = SURFACE_STYLE_FILL_AREA(#16498);
#16498 = FILL_AREA_STYLE('',(#16499));
#16499 = FILL_AREA_STYLE_COLOUR('',#15612);
#16500 = STYLED_ITEM('color',(#16501),#1541);
#16501 = PRESENTATION_STYLE_ASSIGNMENT((#16502));
#16502 = SURFACE_STYLE_USAGE(.BOTH.,#16503);
#16503 = SURFACE_SIDE_STYLE('',(#16504));
#16504 = SURFACE_STYLE_FILL_AREA(#16505);
#16505 = FILL_AREA_STYLE('',(#16506));
#16506 = FILL_AREA_STYLE_COLOUR('',#15612);
#16507 = STYLED_ITEM('color',(#16508),#1559);
#16508 = PRESENTATION_STYLE_ASSIGNMENT((#16509));
#16509 = SURFACE_STYLE_USAGE(.BOTH.,#16510);
#16510 = SURFACE_SIDE_STYLE('',(#16511));
#16511 = SURFACE_STYLE_FILL_AREA(#16512);
#16512 = FILL_AREA_STYLE('',(#16513));
#16513 = FILL_AREA_STYLE_COLOUR('',#15612);
#16514 = STYLED_ITEM('color',(#16515),#1577);
#16515 = PRESENTATION_STYLE_ASSIGNMENT((#16516));
#16516 = SURFACE_STYLE_USAGE(.BOTH.,#16517);
#16517 = SURFACE_SIDE_STYLE('',(#16518));
#16518 = SURFACE_STYLE_FILL_AREA(#16519);
#16519 = FILL_AREA_STYLE('',(#16520));
#16520 = FILL_AREA_STYLE_COLOUR('',#16422);
#16521 = MECHANICAL_DESIGN_GEOMETRIC_PRESENTATION_REPRESENTATION('',(
    #16522,#16529,#16536,#16543,#16550,#16557,#16564,#16571,#16578,
    #16585,#16592,#16599,#16606,#16613,#16620,#16627,#16634,#16641,
    #16648,#16655,#16662,#16669,#16676,#16683,#16690,#16697,#16704,
    #16711,#16718,#16725,#16732,#16739,#16746,#16753,#16760,#16767,
    #16774,#16781,#16788,#16795,#16802,#16809,#16816,#16823,#16830,
    #16837,#16844,#16851,#16858,#16865,#16872,#16879,#16886,#16893,
    #16900,#16907,#16914,#16921,#16928,#16935,#16942,#16949,#16956,
    #16963,#16970,#16977,#16984,#16991,#16998,#17005,#17012,#17019,
    #17026,#17033,#17040,#17047,#17054,#17061,#17068,#17075,#17082,
    #17089,#17096,#17103,#17110,#17117,#17124,#17131,#17138,#17145,
    #17152,#17159,#17166,#17173,#17180,#17187,#17194,#17201,#17208,
    #17215,#17222,#17229,#17236,#17243,#17250,#17257,#17264,#17271,
    #17278,#17285,#17292,#17299,#17306,#17313,#17320,#17327,#17334,
    #17341,#17348,#17355,#17362,#17369,#17376,#17383,#17390),#11403);
#16522 = STYLED_ITEM('color',(#16523),#7730);
#16523 = PRESENTATION_STYLE_ASSIGNMENT((#16524));
#16524 = SURFACE_STYLE_USAGE(.BOTH.,#16525);
#16525 = SURFACE_SIDE_STYLE('',(#16526));
#16526 = SURFACE_STYLE_FILL_AREA(#16527);
#16527 = FILL_AREA_STYLE('',(#16528));
#16528 = FILL_AREA_STYLE_COLOUR('',#16422);
#16529 = STYLED_ITEM('color',(#16530),#7826);
#16530 = PRESENTATION_STYLE_ASSIGNMENT((#16531));
#16531 = SURFACE_STYLE_USAGE(.BOTH.,#16532);
#16532 = SURFACE_SIDE_STYLE('',(#16533));
#16533 = SURFACE_STYLE_FILL_AREA(#16534);
#16534 = FILL_AREA_STYLE('',(#16535));
#16535 = FILL_AREA_STYLE_COLOUR('',#16422);
#16536 = STYLED_ITEM('color',(#16537),#7857);
#16537 = PRESENTATION_STYLE_ASSIGNMENT((#16538));
#16538 = SURFACE_STYLE_USAGE(.BOTH.,#16539);
#16539 = SURFACE_SIDE_STYLE('',(#16540));
#16540 = SURFACE_STYLE_FILL_AREA(#16541);
#16541 = FILL_AREA_STYLE('',(#16542));
#16542 = FILL_AREA_STYLE_COLOUR('',#16422);
#16543 = STYLED_ITEM('color',(#16544),#7914);
#16544 = PRESENTATION_STYLE_ASSIGNMENT((#16545));
#16545 = SURFACE_STYLE_USAGE(.BOTH.,#16546);
#16546 = SURFACE_SIDE_STYLE('',(#16547));
#16547 = SURFACE_STYLE_FILL_AREA(#16548);
#16548 = FILL_AREA_STYLE('',(#16549));
#16549 = FILL_AREA_STYLE_COLOUR('',#16422);
#16550 = STYLED_ITEM('color',(#16551),#7938);
#16551 = PRESENTATION_STYLE_ASSIGNMENT((#16552));
#16552 = SURFACE_STYLE_USAGE(.BOTH.,#16553);
#16553 = SURFACE_SIDE_STYLE('',(#16554));
#16554 = SURFACE_STYLE_FILL_AREA(#16555);
#16555 = FILL_AREA_STYLE('',(#16556));
#16556 = FILL_AREA_STYLE_COLOUR('',#16422);
#16557 = STYLED_ITEM('color',(#16558),#7962);
#16558 = PRESENTATION_STYLE_ASSIGNMENT((#16559));
#16559 = SURFACE_STYLE_USAGE(.BOTH.,#16560);
#16560 = SURFACE_SIDE_STYLE('',(#16561));
#16561 = SURFACE_STYLE_FILL_AREA(#16562);
#16562 = FILL_AREA_STYLE('',(#16563));
#16563 = FILL_AREA_STYLE_COLOUR('',#16422);
#16564 = STYLED_ITEM('color',(#16565),#8143);
#16565 = PRESENTATION_STYLE_ASSIGNMENT((#16566));
#16566 = SURFACE_STYLE_USAGE(.BOTH.,#16567);
#16567 = SURFACE_SIDE_STYLE('',(#16568));
#16568 = SURFACE_STYLE_FILL_AREA(#16569);
#16569 = FILL_AREA_STYLE('',(#16570));
#16570 = FILL_AREA_STYLE_COLOUR('',#16422);
#16571 = STYLED_ITEM('color',(#16572),#8167);
#16572 = PRESENTATION_STYLE_ASSIGNMENT((#16573));
#16573 = SURFACE_STYLE_USAGE(.BOTH.,#16574);
#16574 = SURFACE_SIDE_STYLE('',(#16575));
#16575 = SURFACE_STYLE_FILL_AREA(#16576);
#16576 = FILL_AREA_STYLE('',(#16577));
#16577 = FILL_AREA_STYLE_COLOUR('',#16422);
#16578 = STYLED_ITEM('color',(#16579),#8191);
#16579 = PRESENTATION_STYLE_ASSIGNMENT((#16580));
#16580 = SURFACE_STYLE_USAGE(.BOTH.,#16581);
#16581 = SURFACE_SIDE_STYLE('',(#16582));
#16582 = SURFACE_STYLE_FILL_AREA(#16583);
#16583 = FILL_AREA_STYLE('',(#16584));
#16584 = FILL_AREA_STYLE_COLOUR('',#16422);
#16585 = STYLED_ITEM('color',(#16586),#8208);
#16586 = PRESENTATION_STYLE_ASSIGNMENT((#16587));
#16587 = SURFACE_STYLE_USAGE(.BOTH.,#16588);
#16588 = SURFACE_SIDE_STYLE('',(#16589));
#16589 = SURFACE_STYLE_FILL_AREA(#16590);
#16590 = FILL_AREA_STYLE('',(#16591));
#16591 = FILL_AREA_STYLE_COLOUR('',#16422);
#16592 = STYLED_ITEM('color',(#16593),#8334);
#16593 = PRESENTATION_STYLE_ASSIGNMENT((#16594));
#16594 = SURFACE_STYLE_USAGE(.BOTH.,#16595);
#16595 = SURFACE_SIDE_STYLE('',(#16596));
#16596 = SURFACE_STYLE_FILL_AREA(#16597);
#16597 = FILL_AREA_STYLE('',(#16598));
#16598 = FILL_AREA_STYLE_COLOUR('',#16422);
#16599 = STYLED_ITEM('color',(#16600),#8351);
#16600 = PRESENTATION_STYLE_ASSIGNMENT((#16601));
#16601 = SURFACE_STYLE_USAGE(.BOTH.,#16602);
#16602 = SURFACE_SIDE_STYLE('',(#16603));
#16603 = SURFACE_STYLE_FILL_AREA(#16604);
#16604 = FILL_AREA_STYLE('',(#16605));
#16605 = FILL_AREA_STYLE_COLOUR('',#16422);
#16606 = STYLED_ITEM('color',(#16607),#8389);
#16607 = PRESENTATION_STYLE_ASSIGNMENT((#16608));
#16608 = SURFACE_STYLE_USAGE(.BOTH.,#16609);
#16609 = SURFACE_SIDE_STYLE('',(#16610));
#16610 = SURFACE_STYLE_FILL_AREA(#16611);
#16611 = FILL_AREA_STYLE('',(#16612));
#16612 = FILL_AREA_STYLE_COLOUR('',#16422);
#16613 = STYLED_ITEM('color',(#16614),#8500);
#16614 = PRESENTATION_STYLE_ASSIGNMENT((#16615));
#16615 = SURFACE_STYLE_USAGE(.BOTH.,#16616);
#16616 = SURFACE_SIDE_STYLE('',(#16617));
#16617 = SURFACE_STYLE_FILL_AREA(#16618);
#16618 = FILL_AREA_STYLE('',(#16619));
#16619 = FILL_AREA_STYLE_COLOUR('',#16422);
#16620 = STYLED_ITEM('color',(#16621),#8611);
#16621 = PRESENTATION_STYLE_ASSIGNMENT((#16622));
#16622 = SURFACE_STYLE_USAGE(.BOTH.,#16623);
#16623 = SURFACE_SIDE_STYLE('',(#16624));
#16624 = SURFACE_STYLE_FILL_AREA(#16625);
#16625 = FILL_AREA_STYLE('',(#16626));
#16626 = FILL_AREA_STYLE_COLOUR('',#16422);
#16627 = STYLED_ITEM('color',(#16628),#8722);
#16628 = PRESENTATION_STYLE_ASSIGNMENT((#16629));
#16629 = SURFACE_STYLE_USAGE(.BOTH.,#16630);
#16630 = SURFACE_SIDE_STYLE('',(#16631));
#16631 = SURFACE_STYLE_FILL_AREA(#16632);
#16632 = FILL_AREA_STYLE('',(#16633));
#16633 = FILL_AREA_STYLE_COLOUR('',#16422);
#16634 = STYLED_ITEM('color',(#16635),#8734);
#16635 = PRESENTATION_STYLE_ASSIGNMENT((#16636));
#16636 = SURFACE_STYLE_USAGE(.BOTH.,#16637);
#16637 = SURFACE_SIDE_STYLE('',(#16638));
#16638 = SURFACE_STYLE_FILL_AREA(#16639);
#16639 = FILL_AREA_STYLE('',(#16640));
#16640 = FILL_AREA_STYLE_COLOUR('',#16422);
#16641 = STYLED_ITEM('color',(#16642),#8758);
#16642 = PRESENTATION_STYLE_ASSIGNMENT((#16643));
#16643 = SURFACE_STYLE_USAGE(.BOTH.,#16644);
#16644 = SURFACE_SIDE_STYLE('',(#16645));
#16645 = SURFACE_STYLE_FILL_AREA(#16646);
#16646 = FILL_AREA_STYLE('',(#16647));
#16647 = FILL_AREA_STYLE_COLOUR('',#16422);
#16648 = STYLED_ITEM('color',(#16649),#8782);
#16649 = PRESENTATION_STYLE_ASSIGNMENT((#16650));
#16650 = SURFACE_STYLE_USAGE(.BOTH.,#16651);
#16651 = SURFACE_SIDE_STYLE('',(#16652));
#16652 = SURFACE_STYLE_FILL_AREA(#16653);
#16653 = FILL_AREA_STYLE('',(#16654));
#16654 = FILL_AREA_STYLE_COLOUR('',#16422);
#16655 = STYLED_ITEM('color',(#16656),#8799);
#16656 = PRESENTATION_STYLE_ASSIGNMENT((#16657));
#16657 = SURFACE_STYLE_USAGE(.BOTH.,#16658);
#16658 = SURFACE_SIDE_STYLE('',(#16659));
#16659 = SURFACE_STYLE_FILL_AREA(#16660);
#16660 = FILL_AREA_STYLE('',(#16661));
#16661 = FILL_AREA_STYLE_COLOUR('',#14473);
#16662 = STYLED_ITEM('color',(#16663),#8830);
#16663 = PRESENTATION_STYLE_ASSIGNMENT((#16664));
#16664 = SURFACE_STYLE_USAGE(.BOTH.,#16665);
#16665 = SURFACE_SIDE_STYLE('',(#16666));
#16666 = SURFACE_STYLE_FILL_AREA(#16667);
#16667 = FILL_AREA_STYLE('',(#16668));
#16668 = FILL_AREA_STYLE_COLOUR('',#14473);
#16669 = STYLED_ITEM('color',(#16670),#8854);
#16670 = PRESENTATION_STYLE_ASSIGNMENT((#16671));
#16671 = SURFACE_STYLE_USAGE(.BOTH.,#16672);
#16672 = SURFACE_SIDE_STYLE('',(#16673));
#16673 = SURFACE_STYLE_FILL_AREA(#16674);
#16674 = FILL_AREA_STYLE('',(#16675));
#16675 = FILL_AREA_STYLE_COLOUR('',#14473);
#16676 = STYLED_ITEM('color',(#16677),#8878);
#16677 = PRESENTATION_STYLE_ASSIGNMENT((#16678));
#16678 = SURFACE_STYLE_USAGE(.BOTH.,#16679);
#16679 = SURFACE_SIDE_STYLE('',(#16680));
#16680 = SURFACE_STYLE_FILL_AREA(#16681);
#16681 = FILL_AREA_STYLE('',(#16682));
#16682 = FILL_AREA_STYLE_COLOUR('',#14473);
#16683 = STYLED_ITEM('color',(#16684),#8895);
#16684 = PRESENTATION_STYLE_ASSIGNMENT((#16685));
#16685 = SURFACE_STYLE_USAGE(.BOTH.,#16686);
#16686 = SURFACE_SIDE_STYLE('',(#16687));
#16687 = SURFACE_STYLE_FILL_AREA(#16688);
#16688 = FILL_AREA_STYLE('',(#16689));
#16689 = FILL_AREA_STYLE_COLOUR('',#14473);
#16690 = STYLED_ITEM('color',(#16691),#8926);
#16691 = PRESENTATION_STYLE_ASSIGNMENT((#16692));
#16692 = SURFACE_STYLE_USAGE(.BOTH.,#16693);
#16693 = SURFACE_SIDE_STYLE('',(#16694));
#16694 = SURFACE_STYLE_FILL_AREA(#16695);
#16695 = FILL_AREA_STYLE('',(#16696));
#16696 = FILL_AREA_STYLE_COLOUR('',#14473);
#16697 = STYLED_ITEM('color',(#16698),#8950);
#16698 = PRESENTATION_STYLE_ASSIGNMENT((#16699));
#16699 = SURFACE_STYLE_USAGE(.BOTH.,#16700);
#16700 = SURFACE_SIDE_STYLE('',(#16701));
#16701 = SURFACE_STYLE_FILL_AREA(#16702);
#16702 = FILL_AREA_STYLE('',(#16703));
#16703 = FILL_AREA_STYLE_COLOUR('',#14473);
#16704 = STYLED_ITEM('color',(#16705),#8974);
#16705 = PRESENTATION_STYLE_ASSIGNMENT((#16706));
#16706 = SURFACE_STYLE_USAGE(.BOTH.,#16707);
#16707 = SURFACE_SIDE_STYLE('',(#16708));
#16708 = SURFACE_STYLE_FILL_AREA(#16709);
#16709 = FILL_AREA_STYLE('',(#16710));
#16710 = FILL_AREA_STYLE_COLOUR('',#14473);
#16711 = STYLED_ITEM('color',(#16712),#8991);
#16712 = PRESENTATION_STYLE_ASSIGNMENT((#16713));
#16713 = SURFACE_STYLE_USAGE(.BOTH.,#16714);
#16714 = SURFACE_SIDE_STYLE('',(#16715));
#16715 = SURFACE_STYLE_FILL_AREA(#16716);
#16716 = FILL_AREA_STYLE('',(#16717));
#16717 = FILL_AREA_STYLE_COLOUR('',#14473);
#16718 = STYLED_ITEM('color',(#16719),#9022);
#16719 = PRESENTATION_STYLE_ASSIGNMENT((#16720));
#16720 = SURFACE_STYLE_USAGE(.BOTH.,#16721);
#16721 = SURFACE_SIDE_STYLE('',(#16722));
#16722 = SURFACE_STYLE_FILL_AREA(#16723);
#16723 = FILL_AREA_STYLE('',(#16724));
#16724 = FILL_AREA_STYLE_COLOUR('',#14473);
#16725 = STYLED_ITEM('color',(#16726),#9046);
#16726 = PRESENTATION_STYLE_ASSIGNMENT((#16727));
#16727 = SURFACE_STYLE_USAGE(.BOTH.,#16728);
#16728 = SURFACE_SIDE_STYLE('',(#16729));
#16729 = SURFACE_STYLE_FILL_AREA(#16730);
#16730 = FILL_AREA_STYLE('',(#16731));
#16731 = FILL_AREA_STYLE_COLOUR('',#14473);
#16732 = STYLED_ITEM('color',(#16733),#9070);
#16733 = PRESENTATION_STYLE_ASSIGNMENT((#16734));
#16734 = SURFACE_STYLE_USAGE(.BOTH.,#16735);
#16735 = SURFACE_SIDE_STYLE('',(#16736));
#16736 = SURFACE_STYLE_FILL_AREA(#16737);
#16737 = FILL_AREA_STYLE('',(#16738));
#16738 = FILL_AREA_STYLE_COLOUR('',#14473);
#16739 = STYLED_ITEM('color',(#16740),#9087);
#16740 = PRESENTATION_STYLE_ASSIGNMENT((#16741));
#16741 = SURFACE_STYLE_USAGE(.BOTH.,#16742);
#16742 = SURFACE_SIDE_STYLE('',(#16743));
#16743 = SURFACE_STYLE_FILL_AREA(#16744);
#16744 = FILL_AREA_STYLE('',(#16745));
#16745 = FILL_AREA_STYLE_COLOUR('',#16422);
#16746 = STYLED_ITEM('color',(#16747),#9116);
#16747 = PRESENTATION_STYLE_ASSIGNMENT((#16748));
#16748 = SURFACE_STYLE_USAGE(.BOTH.,#16749);
#16749 = SURFACE_SIDE_STYLE('',(#16750));
#16750 = SURFACE_STYLE_FILL_AREA(#16751);
#16751 = FILL_AREA_STYLE('',(#16752));
#16752 = FILL_AREA_STYLE_COLOUR('',#16422);
#16753 = STYLED_ITEM('color',(#16754),#9139);
#16754 = PRESENTATION_STYLE_ASSIGNMENT((#16755));
#16755 = SURFACE_STYLE_USAGE(.BOTH.,#16756);
#16756 = SURFACE_SIDE_STYLE('',(#16757));
#16757 = SURFACE_STYLE_FILL_AREA(#16758);
#16758 = FILL_AREA_STYLE('',(#16759));
#16759 = FILL_AREA_STYLE_COLOUR('',#16422);
#16760 = STYLED_ITEM('color',(#16761),#9162);
#16761 = PRESENTATION_STYLE_ASSIGNMENT((#16762));
#16762 = SURFACE_STYLE_USAGE(.BOTH.,#16763);
#16763 = SURFACE_SIDE_STYLE('',(#16764));
#16764 = SURFACE_STYLE_FILL_AREA(#16765);
#16765 = FILL_AREA_STYLE('',(#16766));
#16766 = FILL_AREA_STYLE_COLOUR('',#16422);
#16767 = STYLED_ITEM('color',(#16768),#9179);
#16768 = PRESENTATION_STYLE_ASSIGNMENT((#16769));
#16769 = SURFACE_STYLE_USAGE(.BOTH.,#16770);
#16770 = SURFACE_SIDE_STYLE('',(#16771));
#16771 = SURFACE_STYLE_FILL_AREA(#16772);
#16772 = FILL_AREA_STYLE('',(#16773));
#16773 = FILL_AREA_STYLE_COLOUR('',#16422);
#16774 = STYLED_ITEM('color',(#16775),#9208);
#16775 = PRESENTATION_STYLE_ASSIGNMENT((#16776));
#16776 = SURFACE_STYLE_USAGE(.BOTH.,#16777);
#16777 = SURFACE_SIDE_STYLE('',(#16778));
#16778 = SURFACE_STYLE_FILL_AREA(#16779);
#16779 = FILL_AREA_STYLE('',(#16780));
#16780 = FILL_AREA_STYLE_COLOUR('',#16422);
#16781 = STYLED_ITEM('color',(#16782),#9231);
#16782 = PRESENTATION_STYLE_ASSIGNMENT((#16783));
#16783 = SURFACE_STYLE_USAGE(.BOTH.,#16784);
#16784 = SURFACE_SIDE_STYLE('',(#16785));
#16785 = SURFACE_STYLE_FILL_AREA(#16786);
#16786 = FILL_AREA_STYLE('',(#16787));
#16787 = FILL_AREA_STYLE_COLOUR('',#16422);
#16788 = STYLED_ITEM('color',(#16789),#9254);
#16789 = PRESENTATION_STYLE_ASSIGNMENT((#16790));
#16790 = SURFACE_STYLE_USAGE(.BOTH.,#16791);
#16791 = SURFACE_SIDE_STYLE('',(#16792));
#16792 = SURFACE_STYLE_FILL_AREA(#16793);
#16793 = FILL_AREA_STYLE('',(#16794));
#16794 = FILL_AREA_STYLE_COLOUR('',#16422);
#16795 = STYLED_ITEM('color',(#16796),#9271);
#16796 = PRESENTATION_STYLE_ASSIGNMENT((#16797));
#16797 = SURFACE_STYLE_USAGE(.BOTH.,#16798);
#16798 = SURFACE_SIDE_STYLE('',(#16799));
#16799 = SURFACE_STYLE_FILL_AREA(#16800);
#16800 = FILL_AREA_STYLE('',(#16801));
#16801 = FILL_AREA_STYLE_COLOUR('',#16422);
#16802 = STYLED_ITEM('color',(#16803),#9300);
#16803 = PRESENTATION_STYLE_ASSIGNMENT((#16804));
#16804 = SURFACE_STYLE_USAGE(.BOTH.,#16805);
#16805 = SURFACE_SIDE_STYLE('',(#16806));
#16806 = SURFACE_STYLE_FILL_AREA(#16807);
#16807 = FILL_AREA_STYLE('',(#16808));
#16808 = FILL_AREA_STYLE_COLOUR('',#16422);
#16809 = STYLED_ITEM('color',(#16810),#9323);
#16810 = PRESENTATION_STYLE_ASSIGNMENT((#16811));
#16811 = SURFACE_STYLE_USAGE(.BOTH.,#16812);
#16812 = SURFACE_SIDE_STYLE('',(#16813));
#16813 = SURFACE_STYLE_FILL_AREA(#16814);
#16814 = FILL_AREA_STYLE('',(#16815));
#16815 = FILL_AREA_STYLE_COLOUR('',#16422);
#16816 = STYLED_ITEM('color',(#16817),#9346);
#16817 = PRESENTATION_STYLE_ASSIGNMENT((#16818));
#16818 = SURFACE_STYLE_USAGE(.BOTH.,#16819);
#16819 = SURFACE_SIDE_STYLE('',(#16820));
#16820 = SURFACE_STYLE_FILL_AREA(#16821);
#16821 = FILL_AREA_STYLE('',(#16822));
#16822 = FILL_AREA_STYLE_COLOUR('',#16422);
#16823 = STYLED_ITEM('color',(#16824),#9363);
#16824 = PRESENTATION_STYLE_ASSIGNMENT((#16825));
#16825 = SURFACE_STYLE_USAGE(.BOTH.,#16826);
#16826 = SURFACE_SIDE_STYLE('',(#16827));
#16827 = SURFACE_STYLE_FILL_AREA(#16828);
#16828 = FILL_AREA_STYLE('',(#16829));
#16829 = FILL_AREA_STYLE_COLOUR('',#16422);
#16830 = STYLED_ITEM('color',(#16831),#9375);
#16831 = PRESENTATION_STYLE_ASSIGNMENT((#16832));
#16832 = SURFACE_STYLE_USAGE(.BOTH.,#16833);
#16833 = SURFACE_SIDE_STYLE('',(#16834));
#16834 = SURFACE_STYLE_FILL_AREA(#16835);
#16835 = FILL_AREA_STYLE('',(#16836));
#16836 = FILL_AREA_STYLE_COLOUR('',#16422);
#16837 = STYLED_ITEM('color',(#16838),#9391);
#16838 = PRESENTATION_STYLE_ASSIGNMENT((#16839));
#16839 = SURFACE_STYLE_USAGE(.BOTH.,#16840);
#16840 = SURFACE_SIDE_STYLE('',(#16841));
#16841 = SURFACE_STYLE_FILL_AREA(#16842);
#16842 = FILL_AREA_STYLE('',(#16843));
#16843 = FILL_AREA_STYLE_COLOUR('',#14473);
#16844 = STYLED_ITEM('color',(#16845),#9424);
#16845 = PRESENTATION_STYLE_ASSIGNMENT((#16846));
#16846 = SURFACE_STYLE_USAGE(.BOTH.,#16847);
#16847 = SURFACE_SIDE_STYLE('',(#16848));
#16848 = SURFACE_STYLE_FILL_AREA(#16849);
#16849 = FILL_AREA_STYLE('',(#16850));
#16850 = FILL_AREA_STYLE_COLOUR('',#14473);
#16851 = STYLED_ITEM('color',(#16852),#9449);
#16852 = PRESENTATION_STYLE_ASSIGNMENT((#16853));
#16853 = SURFACE_STYLE_USAGE(.BOTH.,#16854);
#16854 = SURFACE_SIDE_STYLE('',(#16855));
#16855 = SURFACE_STYLE_FILL_AREA(#16856);
#16856 = FILL_AREA_STYLE('',(#16857));
#16857 = FILL_AREA_STYLE_COLOUR('',#16422);
#16858 = STYLED_ITEM('color',(#16859),#9487);
#16859 = PRESENTATION_STYLE_ASSIGNMENT((#16860));
#16860 = SURFACE_STYLE_USAGE(.BOTH.,#16861);
#16861 = SURFACE_SIDE_STYLE('',(#16862));
#16862 = SURFACE_STYLE_FILL_AREA(#16863);
#16863 = FILL_AREA_STYLE('',(#16864));
#16864 = FILL_AREA_STYLE_COLOUR('',#14473);
#16865 = STYLED_ITEM('color',(#16866),#9519);
#16866 = PRESENTATION_STYLE_ASSIGNMENT((#16867));
#16867 = SURFACE_STYLE_USAGE(.BOTH.,#16868);
#16868 = SURFACE_SIDE_STYLE('',(#16869));
#16869 = SURFACE_STYLE_FILL_AREA(#16870);
#16870 = FILL_AREA_STYLE('',(#16871));
#16871 = FILL_AREA_STYLE_COLOUR('',#14473);
#16872 = STYLED_ITEM('color',(#16873),#9550);
#16873 = PRESENTATION_STYLE_ASSIGNMENT((#16874));
#16874 = SURFACE_STYLE_USAGE(.BOTH.,#16875);
#16875 = SURFACE_SIDE_STYLE('',(#16876));
#16876 = SURFACE_STYLE_FILL_AREA(#16877);
#16877 = FILL_AREA_STYLE('',(#16878));
#16878 = FILL_AREA_STYLE_COLOUR('',#16422);
#16879 = STYLED_ITEM('color',(#16880),#9560);
#16880 = PRESENTATION_STYLE_ASSIGNMENT((#16881));
#16881 = SURFACE_STYLE_USAGE(.BOTH.,#16882);
#16882 = SURFACE_SIDE_STYLE('',(#16883));
#16883 = SURFACE_STYLE_FILL_AREA(#16884);
#16884 = FILL_AREA_STYLE('',(#16885));
#16885 = FILL_AREA_STYLE_COLOUR('',#14473);
#16886 = STYLED_ITEM('color',(#16887),#9578);
#16887 = PRESENTATION_STYLE_ASSIGNMENT((#16888));
#16888 = SURFACE_STYLE_USAGE(.BOTH.,#16889);
#16889 = SURFACE_SIDE_STYLE('',(#16890));
#16890 = SURFACE_STYLE_FILL_AREA(#16891);
#16891 = FILL_AREA_STYLE('',(#16892));
#16892 = FILL_AREA_STYLE_COLOUR('',#16422);
#16893 = STYLED_ITEM('color',(#16894),#9594);
#16894 = PRESENTATION_STYLE_ASSIGNMENT((#16895));
#16895 = SURFACE_STYLE_USAGE(.BOTH.,#16896);
#16896 = SURFACE_SIDE_STYLE('',(#16897));
#16897 = SURFACE_STYLE_FILL_AREA(#16898);
#16898 = FILL_AREA_STYLE('',(#16899));
#16899 = FILL_AREA_STYLE_COLOUR('',#14473);
#16900 = STYLED_ITEM('color',(#16901),#9627);
#16901 = PRESENTATION_STYLE_ASSIGNMENT((#16902));
#16902 = SURFACE_STYLE_USAGE(.BOTH.,#16903);
#16903 = SURFACE_SIDE_STYLE('',(#16904));
#16904 = SURFACE_STYLE_FILL_AREA(#16905);
#16905 = FILL_AREA_STYLE('',(#16906));
#16906 = FILL_AREA_STYLE_COLOUR('',#14473);
#16907 = STYLED_ITEM('color',(#16908),#9652);
#16908 = PRESENTATION_STYLE_ASSIGNMENT((#16909));
#16909 = SURFACE_STYLE_USAGE(.BOTH.,#16910);
#16910 = SURFACE_SIDE_STYLE('',(#16911));
#16911 = SURFACE_STYLE_FILL_AREA(#16912);
#16912 = FILL_AREA_STYLE('',(#16913));
#16913 = FILL_AREA_STYLE_COLOUR('',#16422);
#16914 = STYLED_ITEM('color',(#16915),#9690);
#16915 = PRESENTATION_STYLE_ASSIGNMENT((#16916));
#16916 = SURFACE_STYLE_USAGE(.BOTH.,#16917);
#16917 = SURFACE_SIDE_STYLE('',(#16918));
#16918 = SURFACE_STYLE_FILL_AREA(#16919);
#16919 = FILL_AREA_STYLE('',(#16920));
#16920 = FILL_AREA_STYLE_COLOUR('',#14473);
#16921 = STYLED_ITEM('color',(#16922),#9722);
#16922 = PRESENTATION_STYLE_ASSIGNMENT((#16923));
#16923 = SURFACE_STYLE_USAGE(.BOTH.,#16924);
#16924 = SURFACE_SIDE_STYLE('',(#16925));
#16925 = SURFACE_STYLE_FILL_AREA(#16926);
#16926 = FILL_AREA_STYLE('',(#16927));
#16927 = FILL_AREA_STYLE_COLOUR('',#14473);
#16928 = STYLED_ITEM('color',(#16929),#9753);
#16929 = PRESENTATION_STYLE_ASSIGNMENT((#16930));
#16930 = SURFACE_STYLE_USAGE(.BOTH.,#16931);
#16931 = SURFACE_SIDE_STYLE('',(#16932));
#16932 = SURFACE_STYLE_FILL_AREA(#16933);
#16933 = FILL_AREA_STYLE('',(#16934));
#16934 = FILL_AREA_STYLE_COLOUR('',#16422);
#16935 = STYLED_ITEM('color',(#16936),#9763);
#16936 = PRESENTATION_STYLE_ASSIGNMENT((#16937));
#16937 = SURFACE_STYLE_USAGE(.BOTH.,#16938);
#16938 = SURFACE_SIDE_STYLE('',(#16939));
#16939 = SURFACE_STYLE_FILL_AREA(#16940);
#16940 = FILL_AREA_STYLE('',(#16941));
#16941 = FILL_AREA_STYLE_COLOUR('',#14473);
#16942 = STYLED_ITEM('color',(#16943),#9781);
#16943 = PRESENTATION_STYLE_ASSIGNMENT((#16944));
#16944 = SURFACE_STYLE_USAGE(.BOTH.,#16945);
#16945 = SURFACE_SIDE_STYLE('',(#16946));
#16946 = SURFACE_STYLE_FILL_AREA(#16947);
#16947 = FILL_AREA_STYLE('',(#16948));
#16948 = FILL_AREA_STYLE_COLOUR('',#16422);
#16949 = STYLED_ITEM('color',(#16950),#9797);
#16950 = PRESENTATION_STYLE_ASSIGNMENT((#16951));
#16951 = SURFACE_STYLE_USAGE(.BOTH.,#16952);
#16952 = SURFACE_SIDE_STYLE('',(#16953));
#16953 = SURFACE_STYLE_FILL_AREA(#16954);
#16954 = FILL_AREA_STYLE('',(#16955));
#16955 = FILL_AREA_STYLE_COLOUR('',#14473);
#16956 = STYLED_ITEM('color',(#16957),#9830);
#16957 = PRESENTATION_STYLE_ASSIGNMENT((#16958));
#16958 = SURFACE_STYLE_USAGE(.BOTH.,#16959);
#16959 = SURFACE_SIDE_STYLE('',(#16960));
#16960 = SURFACE_STYLE_FILL_AREA(#16961);
#16961 = FILL_AREA_STYLE('',(#16962));
#16962 = FILL_AREA_STYLE_COLOUR('',#14473);
#16963 = STYLED_ITEM('color',(#16964),#9855);
#16964 = PRESENTATION_STYLE_ASSIGNMENT((#16965));
#16965 = SURFACE_STYLE_USAGE(.BOTH.,#16966);
#16966 = SURFACE_SIDE_STYLE('',(#16967));
#16967 = SURFACE_STYLE_FILL_AREA(#16968);
#16968 = FILL_AREA_STYLE('',(#16969));
#16969 = FILL_AREA_STYLE_COLOUR('',#16422);
#16970 = STYLED_ITEM('color',(#16971),#9893);
#16971 = PRESENTATION_STYLE_ASSIGNMENT((#16972));
#16972 = SURFACE_STYLE_USAGE(.BOTH.,#16973);
#16973 = SURFACE_SIDE_STYLE('',(#16974));
#16974 = SURFACE_STYLE_FILL_AREA(#16975);
#16975 = FILL_AREA_STYLE('',(#16976));
#16976 = FILL_AREA_STYLE_COLOUR('',#14473);
#16977 = STYLED_ITEM('color',(#16978),#9925);
#16978 = PRESENTATION_STYLE_ASSIGNMENT((#16979));
#16979 = SURFACE_STYLE_USAGE(.BOTH.,#16980);
#16980 = SURFACE_SIDE_STYLE('',(#16981));
#16981 = SURFACE_STYLE_FILL_AREA(#16982);
#16982 = FILL_AREA_STYLE('',(#16983));
#16983 = FILL_AREA_STYLE_COLOUR('',#14473);
#16984 = STYLED_ITEM('color',(#16985),#9956);
#16985 = PRESENTATION_STYLE_ASSIGNMENT((#16986));
#16986 = SURFACE_STYLE_USAGE(.BOTH.,#16987);
#16987 = SURFACE_SIDE_STYLE('',(#16988));
#16988 = SURFACE_STYLE_FILL_AREA(#16989);
#16989 = FILL_AREA_STYLE('',(#16990));
#16990 = FILL_AREA_STYLE_COLOUR('',#16422);
#16991 = STYLED_ITEM('color',(#16992),#9966);
#16992 = PRESENTATION_STYLE_ASSIGNMENT((#16993));
#16993 = SURFACE_STYLE_USAGE(.BOTH.,#16994);
#16994 = SURFACE_SIDE_STYLE('',(#16995));
#16995 = SURFACE_STYLE_FILL_AREA(#16996);
#16996 = FILL_AREA_STYLE('',(#16997));
#16997 = FILL_AREA_STYLE_COLOUR('',#14473);
#16998 = STYLED_ITEM('color',(#16999),#9984);
#16999 = PRESENTATION_STYLE_ASSIGNMENT((#17000));
#17000 = SURFACE_STYLE_USAGE(.BOTH.,#17001);
#17001 = SURFACE_SIDE_STYLE('',(#17002));
#17002 = SURFACE_STYLE_FILL_AREA(#17003);
#17003 = FILL_AREA_STYLE('',(#17004));
#17004 = FILL_AREA_STYLE_COLOUR('',#14473);
#17005 = STYLED_ITEM('color',(#17006),#9996);
#17006 = PRESENTATION_STYLE_ASSIGNMENT((#17007));
#17007 = SURFACE_STYLE_USAGE(.BOTH.,#17008);
#17008 = SURFACE_SIDE_STYLE('',(#17009));
#17009 = SURFACE_STYLE_FILL_AREA(#17010);
#17010 = FILL_AREA_STYLE('',(#17011));
#17011 = FILL_AREA_STYLE_COLOUR('',#14473);
#17012 = STYLED_ITEM('color',(#17013),#10008);
#17013 = PRESENTATION_STYLE_ASSIGNMENT((#17014));
#17014 = SURFACE_STYLE_USAGE(.BOTH.,#17015);
#17015 = SURFACE_SIDE_STYLE('',(#17016));
#17016 = SURFACE_STYLE_FILL_AREA(#17017);
#17017 = FILL_AREA_STYLE('',(#17018));
#17018 = FILL_AREA_STYLE_COLOUR('',#14473);
#17019 = STYLED_ITEM('color',(#17020),#10020);
#17020 = PRESENTATION_STYLE_ASSIGNMENT((#17021));
#17021 = SURFACE_STYLE_USAGE(.BOTH.,#17022);
#17022 = SURFACE_SIDE_STYLE('',(#17023));
#17023 = SURFACE_STYLE_FILL_AREA(#17024);
#17024 = FILL_AREA_STYLE('',(#17025));
#17025 = FILL_AREA_STYLE_COLOUR('',#16422);
#17026 = STYLED_ITEM('color',(#17027),#10051);
#17027 = PRESENTATION_STYLE_ASSIGNMENT((#17028));
#17028 = SURFACE_STYLE_USAGE(.BOTH.,#17029);
#17029 = SURFACE_SIDE_STYLE('',(#17030));
#17030 = SURFACE_STYLE_FILL_AREA(#17031);
#17031 = FILL_AREA_STYLE('',(#17032));
#17032 = FILL_AREA_STYLE_COLOUR('',#16422);
#17033 = STYLED_ITEM('color',(#17034),#10068);
#17034 = PRESENTATION_STYLE_ASSIGNMENT((#17035));
#17035 = SURFACE_STYLE_USAGE(.BOTH.,#17036);
#17036 = SURFACE_SIDE_STYLE('',(#17037));
#17037 = SURFACE_STYLE_FILL_AREA(#17038);
#17038 = FILL_AREA_STYLE('',(#17039));
#17039 = FILL_AREA_STYLE_COLOUR('',#16422);
#17040 = STYLED_ITEM('color',(#17041),#10085);
#17041 = PRESENTATION_STYLE_ASSIGNMENT((#17042));
#17042 = SURFACE_STYLE_USAGE(.BOTH.,#17043);
#17043 = SURFACE_SIDE_STYLE('',(#17044));
#17044 = SURFACE_STYLE_FILL_AREA(#17045);
#17045 = FILL_AREA_STYLE('',(#17046));
#17046 = FILL_AREA_STYLE_COLOUR('',#16422);
#17047 = STYLED_ITEM('color',(#17048),#10116);
#17048 = PRESENTATION_STYLE_ASSIGNMENT((#17049));
#17049 = SURFACE_STYLE_USAGE(.BOTH.,#17050);
#17050 = SURFACE_SIDE_STYLE('',(#17051));
#17051 = SURFACE_STYLE_FILL_AREA(#17052);
#17052 = FILL_AREA_STYLE('',(#17053));
#17053 = FILL_AREA_STYLE_COLOUR('',#16422);
#17054 = STYLED_ITEM('color',(#17055),#10133);
#17055 = PRESENTATION_STYLE_ASSIGNMENT((#17056));
#17056 = SURFACE_STYLE_USAGE(.BOTH.,#17057);
#17057 = SURFACE_SIDE_STYLE('',(#17058));
#17058 = SURFACE_STYLE_FILL_AREA(#17059);
#17059 = FILL_AREA_STYLE('',(#17060));
#17060 = FILL_AREA_STYLE_COLOUR('',#16422);
#17061 = STYLED_ITEM('color',(#17062),#10150);
#17062 = PRESENTATION_STYLE_ASSIGNMENT((#17063));
#17063 = SURFACE_STYLE_USAGE(.BOTH.,#17064);
#17064 = SURFACE_SIDE_STYLE('',(#17065));
#17065 = SURFACE_STYLE_FILL_AREA(#17066);
#17066 = FILL_AREA_STYLE('',(#17067));
#17067 = FILL_AREA_STYLE_COLOUR('',#16422);
#17068 = STYLED_ITEM('color',(#17069),#10181);
#17069 = PRESENTATION_STYLE_ASSIGNMENT((#17070));
#17070 = SURFACE_STYLE_USAGE(.BOTH.,#17071);
#17071 = SURFACE_SIDE_STYLE('',(#17072));
#17072 = SURFACE_STYLE_FILL_AREA(#17073);
#17073 = FILL_AREA_STYLE('',(#17074));
#17074 = FILL_AREA_STYLE_COLOUR('',#16422);
#17075 = STYLED_ITEM('color',(#17076),#10198);
#17076 = PRESENTATION_STYLE_ASSIGNMENT((#17077));
#17077 = SURFACE_STYLE_USAGE(.BOTH.,#17078);
#17078 = SURFACE_SIDE_STYLE('',(#17079));
#17079 = SURFACE_STYLE_FILL_AREA(#17080);
#17080 = FILL_AREA_STYLE('',(#17081));
#17081 = FILL_AREA_STYLE_COLOUR('',#16422);
#17082 = STYLED_ITEM('color',(#17083),#10215);
#17083 = PRESENTATION_STYLE_ASSIGNMENT((#17084));
#17084 = SURFACE_STYLE_USAGE(.BOTH.,#17085);
#17085 = SURFACE_SIDE_STYLE('',(#17086));
#17086 = SURFACE_STYLE_FILL_AREA(#17087);
#17087 = FILL_AREA_STYLE('',(#17088));
#17088 = FILL_AREA_STYLE_COLOUR('',#14473);
#17089 = STYLED_ITEM('color',(#17090),#10240);
#17090 = PRESENTATION_STYLE_ASSIGNMENT((#17091));
#17091 = SURFACE_STYLE_USAGE(.BOTH.,#17092);
#17092 = SURFACE_SIDE_STYLE('',(#17093));
#17093 = SURFACE_STYLE_FILL_AREA(#17094);
#17094 = FILL_AREA_STYLE('',(#17095));
#17095 = FILL_AREA_STYLE_COLOUR('',#14473);
#17096 = STYLED_ITEM('color',(#17097),#10351);
#17097 = PRESENTATION_STYLE_ASSIGNMENT((#17098));
#17098 = SURFACE_STYLE_USAGE(.BOTH.,#17099);
#17099 = SURFACE_SIDE_STYLE('',(#17100));
#17100 = SURFACE_STYLE_FILL_AREA(#17101);
#17101 = FILL_AREA_STYLE('',(#17102));
#17102 = FILL_AREA_STYLE_COLOUR('',#14473);
#17103 = STYLED_ITEM('color',(#17104),#10406);
#17104 = PRESENTATION_STYLE_ASSIGNMENT((#17105));
#17105 = SURFACE_STYLE_USAGE(.BOTH.,#17106);
#17106 = SURFACE_SIDE_STYLE('',(#17107));
#17107 = SURFACE_STYLE_FILL_AREA(#17108);
#17108 = FILL_AREA_STYLE('',(#17109));
#17109 = FILL_AREA_STYLE_COLOUR('',#14473);
#17110 = STYLED_ITEM('color',(#17111),#10416);
#17111 = PRESENTATION_STYLE_ASSIGNMENT((#17112));
#17112 = SURFACE_STYLE_USAGE(.BOTH.,#17113);
#17113 = SURFACE_SIDE_STYLE('',(#17114));
#17114 = SURFACE_STYLE_FILL_AREA(#17115);
#17115 = FILL_AREA_STYLE('',(#17116));
#17116 = FILL_AREA_STYLE_COLOUR('',#14473);
#17117 = STYLED_ITEM('color',(#17118),#10441);
#17118 = PRESENTATION_STYLE_ASSIGNMENT((#17119));
#17119 = SURFACE_STYLE_USAGE(.BOTH.,#17120);
#17120 = SURFACE_SIDE_STYLE('',(#17121));
#17121 = SURFACE_STYLE_FILL_AREA(#17122);
#17122 = FILL_AREA_STYLE('',(#17123));
#17123 = FILL_AREA_STYLE_COLOUR('',#14473);
#17124 = STYLED_ITEM('color',(#17125),#10552);
#17125 = PRESENTATION_STYLE_ASSIGNMENT((#17126));
#17126 = SURFACE_STYLE_USAGE(.BOTH.,#17127);
#17127 = SURFACE_SIDE_STYLE('',(#17128));
#17128 = SURFACE_STYLE_FILL_AREA(#17129);
#17129 = FILL_AREA_STYLE('',(#17130));
#17130 = FILL_AREA_STYLE_COLOUR('',#14473);
#17131 = STYLED_ITEM('color',(#17132),#10607);
#17132 = PRESENTATION_STYLE_ASSIGNMENT((#17133));
#17133 = SURFACE_STYLE_USAGE(.BOTH.,#17134);
#17134 = SURFACE_SIDE_STYLE('',(#17135));
#17135 = SURFACE_STYLE_FILL_AREA(#17136);
#17136 = FILL_AREA_STYLE('',(#17137));
#17137 = FILL_AREA_STYLE_COLOUR('',#14473);
#17138 = STYLED_ITEM('color',(#17139),#10617);
#17139 = PRESENTATION_STYLE_ASSIGNMENT((#17140));
#17140 = SURFACE_STYLE_USAGE(.BOTH.,#17141);
#17141 = SURFACE_SIDE_STYLE('',(#17142));
#17142 = SURFACE_STYLE_FILL_AREA(#17143);
#17143 = FILL_AREA_STYLE('',(#17144));
#17144 = FILL_AREA_STYLE_COLOUR('',#14473);
#17145 = STYLED_ITEM('color',(#17146),#10642);
#17146 = PRESENTATION_STYLE_ASSIGNMENT((#17147));
#17147 = SURFACE_STYLE_USAGE(.BOTH.,#17148);
#17148 = SURFACE_SIDE_STYLE('',(#17149));
#17149 = SURFACE_STYLE_FILL_AREA(#17150);
#17150 = FILL_AREA_STYLE('',(#17151));
#17151 = FILL_AREA_STYLE_COLOUR('',#14473);
#17152 = STYLED_ITEM('color',(#17153),#10753);
#17153 = PRESENTATION_STYLE_ASSIGNMENT((#17154));
#17154 = SURFACE_STYLE_USAGE(.BOTH.,#17155);
#17155 = SURFACE_SIDE_STYLE('',(#17156));
#17156 = SURFACE_STYLE_FILL_AREA(#17157);
#17157 = FILL_AREA_STYLE('',(#17158));
#17158 = FILL_AREA_STYLE_COLOUR('',#14473);
#17159 = STYLED_ITEM('color',(#17160),#10808);
#17160 = PRESENTATION_STYLE_ASSIGNMENT((#17161));
#17161 = SURFACE_STYLE_USAGE(.BOTH.,#17162);
#17162 = SURFACE_SIDE_STYLE('',(#17163));
#17163 = SURFACE_STYLE_FILL_AREA(#17164);
#17164 = FILL_AREA_STYLE('',(#17165));
#17165 = FILL_AREA_STYLE_COLOUR('',#14473);
#17166 = STYLED_ITEM('color',(#17167),#10818);
#17167 = PRESENTATION_STYLE_ASSIGNMENT((#17168));
#17168 = SURFACE_STYLE_USAGE(.BOTH.,#17169);
#17169 = SURFACE_SIDE_STYLE('',(#17170));
#17170 = SURFACE_STYLE_FILL_AREA(#17171);
#17171 = FILL_AREA_STYLE('',(#17172));
#17172 = FILL_AREA_STYLE_COLOUR('',#14473);
#17173 = STYLED_ITEM('color',(#17174),#10834);
#17174 = PRESENTATION_STYLE_ASSIGNMENT((#17175));
#17175 = SURFACE_STYLE_USAGE(.BOTH.,#17176);
#17176 = SURFACE_SIDE_STYLE('',(#17177));
#17177 = SURFACE_STYLE_FILL_AREA(#17178);
#17178 = FILL_AREA_STYLE('',(#17179));
#17179 = FILL_AREA_STYLE_COLOUR('',#14473);
#17180 = STYLED_ITEM('color',(#17181),#10851);
#17181 = PRESENTATION_STYLE_ASSIGNMENT((#17182));
#17182 = SURFACE_STYLE_USAGE(.BOTH.,#17183);
#17183 = SURFACE_SIDE_STYLE('',(#17184));
#17184 = SURFACE_STYLE_FILL_AREA(#17185);
#17185 = FILL_AREA_STYLE('',(#17186));
#17186 = FILL_AREA_STYLE_COLOUR('',#14473);
#17187 = STYLED_ITEM('color',(#17188),#10868);
#17188 = PRESENTATION_STYLE_ASSIGNMENT((#17189));
#17189 = SURFACE_STYLE_USAGE(.BOTH.,#17190);
#17190 = SURFACE_SIDE_STYLE('',(#17191));
#17191 = SURFACE_STYLE_FILL_AREA(#17192);
#17192 = FILL_AREA_STYLE('',(#17193));
#17193 = FILL_AREA_STYLE_COLOUR('',#14473);
#17194 = STYLED_ITEM('color',(#17195),#10885);
#17195 = PRESENTATION_STYLE_ASSIGNMENT((#17196));
#17196 = SURFACE_STYLE_USAGE(.BOTH.,#17197);
#17197 = SURFACE_SIDE_STYLE('',(#17198));
#17198 = SURFACE_STYLE_FILL_AREA(#17199);
#17199 = FILL_AREA_STYLE('',(#17200));
#17200 = FILL_AREA_STYLE_COLOUR('',#14473);
#17201 = STYLED_ITEM('color',(#17202),#10895);
#17202 = PRESENTATION_STYLE_ASSIGNMENT((#17203));
#17203 = SURFACE_STYLE_USAGE(.BOTH.,#17204);
#17204 = SURFACE_SIDE_STYLE('',(#17205));
#17205 = SURFACE_STYLE_FILL_AREA(#17206);
#17206 = FILL_AREA_STYLE('',(#17207));
#17207 = FILL_AREA_STYLE_COLOUR('',#14473);
#17208 = STYLED_ITEM('color',(#17209),#10905);
#17209 = PRESENTATION_STYLE_ASSIGNMENT((#17210));
#17210 = SURFACE_STYLE_USAGE(.BOTH.,#17211);
#17211 = SURFACE_SIDE_STYLE('',(#17212));
#17212 = SURFACE_STYLE_FILL_AREA(#17213);
#17213 = FILL_AREA_STYLE('',(#17214));
#17214 = FILL_AREA_STYLE_COLOUR('',#14473);
#17215 = STYLED_ITEM('color',(#17216),#10936);
#17216 = PRESENTATION_STYLE_ASSIGNMENT((#17217));
#17217 = SURFACE_STYLE_USAGE(.BOTH.,#17218);
#17218 = SURFACE_SIDE_STYLE('',(#17219));
#17219 = SURFACE_STYLE_FILL_AREA(#17220);
#17220 = FILL_AREA_STYLE('',(#17221));
#17221 = FILL_AREA_STYLE_COLOUR('',#14473);
#17222 = STYLED_ITEM('color',(#17223),#10960);
#17223 = PRESENTATION_STYLE_ASSIGNMENT((#17224));
#17224 = SURFACE_STYLE_USAGE(.BOTH.,#17225);
#17225 = SURFACE_SIDE_STYLE('',(#17226));
#17226 = SURFACE_STYLE_FILL_AREA(#17227);
#17227 = FILL_AREA_STYLE('',(#17228));
#17228 = FILL_AREA_STYLE_COLOUR('',#14473);
#17229 = STYLED_ITEM('color',(#17230),#10984);
#17230 = PRESENTATION_STYLE_ASSIGNMENT((#17231));
#17231 = SURFACE_STYLE_USAGE(.BOTH.,#17232);
#17232 = SURFACE_SIDE_STYLE('',(#17233));
#17233 = SURFACE_STYLE_FILL_AREA(#17234);
#17234 = FILL_AREA_STYLE('',(#17235));
#17235 = FILL_AREA_STYLE_COLOUR('',#14473);
#17236 = STYLED_ITEM('color',(#17237),#11001);
#17237 = PRESENTATION_STYLE_ASSIGNMENT((#17238));
#17238 = SURFACE_STYLE_USAGE(.BOTH.,#17239);
#17239 = SURFACE_SIDE_STYLE('',(#17240));
#17240 = SURFACE_STYLE_FILL_AREA(#17241);
#17241 = FILL_AREA_STYLE('',(#17242));
#17242 = FILL_AREA_STYLE_COLOUR('',#14473);
#17243 = STYLED_ITEM('color',(#17244),#11017);
#17244 = PRESENTATION_STYLE_ASSIGNMENT((#17245));
#17245 = SURFACE_STYLE_USAGE(.BOTH.,#17246);
#17246 = SURFACE_SIDE_STYLE('',(#17247));
#17247 = SURFACE_STYLE_FILL_AREA(#17248);
#17248 = FILL_AREA_STYLE('',(#17249));
#17249 = FILL_AREA_STYLE_COLOUR('',#14473);
#17250 = STYLED_ITEM('color',(#17251),#11034);
#17251 = PRESENTATION_STYLE_ASSIGNMENT((#17252));
#17252 = SURFACE_STYLE_USAGE(.BOTH.,#17253);
#17253 = SURFACE_SIDE_STYLE('',(#17254));
#17254 = SURFACE_STYLE_FILL_AREA(#17255);
#17255 = FILL_AREA_STYLE('',(#17256));
#17256 = FILL_AREA_STYLE_COLOUR('',#14473);
#17257 = STYLED_ITEM('color',(#17258),#11051);
#17258 = PRESENTATION_STYLE_ASSIGNMENT((#17259));
#17259 = SURFACE_STYLE_USAGE(.BOTH.,#17260);
#17260 = SURFACE_SIDE_STYLE('',(#17261));
#17261 = SURFACE_STYLE_FILL_AREA(#17262);
#17262 = FILL_AREA_STYLE('',(#17263));
#17263 = FILL_AREA_STYLE_COLOUR('',#14473);
#17264 = STYLED_ITEM('color',(#17265),#11068);
#17265 = PRESENTATION_STYLE_ASSIGNMENT((#17266));
#17266 = SURFACE_STYLE_USAGE(.BOTH.,#17267);
#17267 = SURFACE_SIDE_STYLE('',(#17268));
#17268 = SURFACE_STYLE_FILL_AREA(#17269);
#17269 = FILL_AREA_STYLE('',(#17270));
#17270 = FILL_AREA_STYLE_COLOUR('',#14473);
#17271 = STYLED_ITEM('color',(#17272),#11078);
#17272 = PRESENTATION_STYLE_ASSIGNMENT((#17273));
#17273 = SURFACE_STYLE_USAGE(.BOTH.,#17274);
#17274 = SURFACE_SIDE_STYLE('',(#17275));
#17275 = SURFACE_STYLE_FILL_AREA(#17276);
#17276 = FILL_AREA_STYLE('',(#17277));
#17277 = FILL_AREA_STYLE_COLOUR('',#14473);
#17278 = STYLED_ITEM('color',(#17279),#11088);
#17279 = PRESENTATION_STYLE_ASSIGNMENT((#17280));
#17280 = SURFACE_STYLE_USAGE(.BOTH.,#17281);
#17281 = SURFACE_SIDE_STYLE('',(#17282));
#17282 = SURFACE_STYLE_FILL_AREA(#17283);
#17283 = FILL_AREA_STYLE('',(#17284));
#17284 = FILL_AREA_STYLE_COLOUR('',#14473);
#17285 = STYLED_ITEM('color',(#17286),#11119);
#17286 = PRESENTATION_STYLE_ASSIGNMENT((#17287));
#17287 = SURFACE_STYLE_USAGE(.BOTH.,#17288);
#17288 = SURFACE_SIDE_STYLE('',(#17289));
#17289 = SURFACE_STYLE_FILL_AREA(#17290);
#17290 = FILL_AREA_STYLE('',(#17291));
#17291 = FILL_AREA_STYLE_COLOUR('',#14473);
#17292 = STYLED_ITEM('color',(#17293),#11143);
#17293 = PRESENTATION_STYLE_ASSIGNMENT((#17294));
#17294 = SURFACE_STYLE_USAGE(.BOTH.,#17295);
#17295 = SURFACE_SIDE_STYLE('',(#17296));
#17296 = SURFACE_STYLE_FILL_AREA(#17297);
#17297 = FILL_AREA_STYLE('',(#17298));
#17298 = FILL_AREA_STYLE_COLOUR('',#14473);
#17299 = STYLED_ITEM('color',(#17300),#11167);
#17300 = PRESENTATION_STYLE_ASSIGNMENT((#17301));
#17301 = SURFACE_STYLE_USAGE(.BOTH.,#17302);
#17302 = SURFACE_SIDE_STYLE('',(#17303));
#17303 = SURFACE_STYLE_FILL_AREA(#17304);
#17304 = FILL_AREA_STYLE('',(#17305));
#17305 = FILL_AREA_STYLE_COLOUR('',#14473);
#17306 = STYLED_ITEM('color',(#17307),#11184);
#17307 = PRESENTATION_STYLE_ASSIGNMENT((#17308));
#17308 = SURFACE_STYLE_USAGE(.BOTH.,#17309);
#17309 = SURFACE_SIDE_STYLE('',(#17310));
#17310 = SURFACE_STYLE_FILL_AREA(#17311);
#17311 = FILL_AREA_STYLE('',(#17312));
#17312 = FILL_AREA_STYLE_COLOUR('',#14473);
#17313 = STYLED_ITEM('color',(#17314),#11200);
#17314 = PRESENTATION_STYLE_ASSIGNMENT((#17315));
#17315 = SURFACE_STYLE_USAGE(.BOTH.,#17316);
#17316 = SURFACE_SIDE_STYLE('',(#17317));
#17317 = SURFACE_STYLE_FILL_AREA(#17318);
#17318 = FILL_AREA_STYLE('',(#17319));
#17319 = FILL_AREA_STYLE_COLOUR('',#14473);
#17320 = STYLED_ITEM('color',(#17321),#11217);
#17321 = PRESENTATION_STYLE_ASSIGNMENT((#17322));
#17322 = SURFACE_STYLE_USAGE(.BOTH.,#17323);
#17323 = SURFACE_SIDE_STYLE('',(#17324));
#17324 = SURFACE_STYLE_FILL_AREA(#17325);
#17325 = FILL_AREA_STYLE('',(#17326));
#17326 = FILL_AREA_STYLE_COLOUR('',#14473);
#17327 = STYLED_ITEM('color',(#17328),#11234);
#17328 = PRESENTATION_STYLE_ASSIGNMENT((#17329));
#17329 = SURFACE_STYLE_USAGE(.BOTH.,#17330);
#17330 = SURFACE_SIDE_STYLE('',(#17331));
#17331 = SURFACE_STYLE_FILL_AREA(#17332);
#17332 = FILL_AREA_STYLE('',(#17333));
#17333 = FILL_AREA_STYLE_COLOUR('',#14473);
#17334 = STYLED_ITEM('color',(#17335),#11251);
#17335 = PRESENTATION_STYLE_ASSIGNMENT((#17336));
#17336 = SURFACE_STYLE_USAGE(.BOTH.,#17337);
#17337 = SURFACE_SIDE_STYLE('',(#17338));
#17338 = SURFACE_STYLE_FILL_AREA(#17339);
#17339 = FILL_AREA_STYLE('',(#17340));
#17340 = FILL_AREA_STYLE_COLOUR('',#14473);
#17341 = STYLED_ITEM('color',(#17342),#11261);
#17342 = PRESENTATION_STYLE_ASSIGNMENT((#17343));
#17343 = SURFACE_STYLE_USAGE(.BOTH.,#17344);
#17344 = SURFACE_SIDE_STYLE('',(#17345));
#17345 = SURFACE_STYLE_FILL_AREA(#17346);
#17346 = FILL_AREA_STYLE('',(#17347));
#17347 = FILL_AREA_STYLE_COLOUR('',#14473);
#17348 = STYLED_ITEM('color',(#17349),#11271);
#17349 = PRESENTATION_STYLE_ASSIGNMENT((#17350));
#17350 = SURFACE_STYLE_USAGE(.BOTH.,#17351);
#17351 = SURFACE_SIDE_STYLE('',(#17352));
#17352 = SURFACE_STYLE_FILL_AREA(#17353);
#17353 = FILL_AREA_STYLE('',(#17354));
#17354 = FILL_AREA_STYLE_COLOUR('',#14473);
#17355 = STYLED_ITEM('color',(#17356),#11302);
#17356 = PRESENTATION_STYLE_ASSIGNMENT((#17357));
#17357 = SURFACE_STYLE_USAGE(.BOTH.,#17358);
#17358 = SURFACE_SIDE_STYLE('',(#17359));
#17359 = SURFACE_STYLE_FILL_AREA(#17360);
#17360 = FILL_AREA_STYLE('',(#17361));
#17361 = FILL_AREA_STYLE_COLOUR('',#14473);
#17362 = STYLED_ITEM('color',(#17363),#11326);
#17363 = PRESENTATION_STYLE_ASSIGNMENT((#17364));
#17364 = SURFACE_STYLE_USAGE(.BOTH.,#17365);
#17365 = SURFACE_SIDE_STYLE('',(#17366));
#17366 = SURFACE_STYLE_FILL_AREA(#17367);
#17367 = FILL_AREA_STYLE('',(#17368));
#17368 = FILL_AREA_STYLE_COLOUR('',#14473);
#17369 = STYLED_ITEM('color',(#17370),#11350);
#17370 = PRESENTATION_STYLE_ASSIGNMENT((#17371));
#17371 = SURFACE_STYLE_USAGE(.BOTH.,#17372);
#17372 = SURFACE_SIDE_STYLE('',(#17373));
#17373 = SURFACE_STYLE_FILL_AREA(#17374);
#17374 = FILL_AREA_STYLE('',(#17375));
#17375 = FILL_AREA_STYLE_COLOUR('',#14473);
#17376 = STYLED_ITEM('color',(#17377),#11367);
#17377 = PRESENTATION_STYLE_ASSIGNMENT((#17378));
#17378 = SURFACE_STYLE_USAGE(.BOTH.,#17379);
#17379 = SURFACE_SIDE_STYLE('',(#17380));
#17380 = SURFACE_STYLE_FILL_AREA(#17381);
#17381 = FILL_AREA_STYLE('',(#17382));
#17382 = FILL_AREA_STYLE_COLOUR('',#16422);
#17383 = STYLED_ITEM('color',(#17384),#11379);
#17384 = PRESENTATION_STYLE_ASSIGNMENT((#17385));
#17385 = SURFACE_STYLE_USAGE(.BOTH.,#17386);
#17386 = SURFACE_SIDE_STYLE('',(#17387));
#17387 = SURFACE_STYLE_FILL_AREA(#17388);
#17388 = FILL_AREA_STYLE('',(#17389));
#17389 = FILL_AREA_STYLE_COLOUR('',#16422);
#17390 = STYLED_ITEM('color',(#17391),#11391);
#17391 = PRESENTATION_STYLE_ASSIGNMENT((#17392));
#17392 = SURFACE_STYLE_USAGE(.BOTH.,#17393);
#17393 = SURFACE_SIDE_STYLE('',(#17394));
#17394 = SURFACE_STYLE_FILL_AREA(#17395);
#17395 = FILL_AREA_STYLE('',(#17396));
#17396 = FILL_AREA_STYLE_COLOUR('',#16422);
#17397 = MECHANICAL_DESIGN_GEOMETRIC_PRESENTATION_REPRESENTATION('',(
    #17398,#17408,#17417,#17426,#17435,#17444,#17453,#17462,#17471,
    #17480,#17489,#17498,#17507,#17516,#17525,#17534,#17543,#17552,
    #17561,#17570,#17579,#17588,#17597,#17606,#17615,#17624,#17633,
    #17642,#17651,#17660,#17669,#17678,#17687,#17696,#17705,#17714,
    #17723,#17732,#17741,#17750,#17759,#17768,#17777,#17786,#17795,
    #17804,#17813,#17822,#17831,#17840,#17849,#17858,#17867,#17876,
    #17885,#17894,#17903,#17912,#17921,#17930,#17939,#17948,#17957,
    #17966,#17975,#17984,#17993,#18002,#18011),#7709);
#17398 = STYLED_ITEM('color',(#17399),#5729);
#17399 = PRESENTATION_STYLE_ASSIGNMENT((#17400,#17406));
#17400 = SURFACE_STYLE_USAGE(.BOTH.,#17401);
#17401 = SURFACE_SIDE_STYLE('',(#17402));
#17402 = SURFACE_STYLE_FILL_AREA(#17403);
#17403 = FILL_AREA_STYLE('',(#17404));
#17404 = FILL_AREA_STYLE_COLOUR('',#17405);
#17405 = COLOUR_RGB('',0.147999998088,0.145000001626,0.145000001626);
#17406 = CURVE_STYLE('',#17407,POSITIVE_LENGTH_MEASURE(0.1),#17405);
#17407 = DRAUGHTING_PRE_DEFINED_CURVE_FONT('continuous');
#17408 = STYLED_ITEM('color',(#17409),#5767);
#17409 = PRESENTATION_STYLE_ASSIGNMENT((#17410,#17415));
#17410 = SURFACE_STYLE_USAGE(.BOTH.,#17411);
#17411 = SURFACE_SIDE_STYLE('',(#17412));
#17412 = SURFACE_STYLE_FILL_AREA(#17413);
#17413 = FILL_AREA_STYLE('',(#17414));
#17414 = FILL_AREA_STYLE_COLOUR('',#17405);
#17415 = CURVE_STYLE('',#17416,POSITIVE_LENGTH_MEASURE(0.1),#17405);
#17416 = DRAUGHTING_PRE_DEFINED_CURVE_FONT('continuous');
#17417 = STYLED_ITEM('color',(#17418),#5830);
#17418 = PRESENTATION_STYLE_ASSIGNMENT((#17419,#17424));
#17419 = SURFACE_STYLE_USAGE(.BOTH.,#17420);
#17420 = SURFACE_SIDE_STYLE('',(#17421));
#17421 = SURFACE_STYLE_FILL_AREA(#17422);
#17422 = FILL_AREA_STYLE('',(#17423));
#17423 = FILL_AREA_STYLE_COLOUR('',#17405);
#17424 = CURVE_STYLE('',#17425,POSITIVE_LENGTH_MEASURE(0.1),#17405);
#17425 = DRAUGHTING_PRE_DEFINED_CURVE_FONT('continuous');
#17426 = STYLED_ITEM('color',(#17427),#5853);
#17427 = PRESENTATION_STYLE_ASSIGNMENT((#17428,#17433));
#17428 = SURFACE_STYLE_USAGE(.BOTH.,#17429);
#17429 = SURFACE_SIDE_STYLE('',(#17430));
#17430 = SURFACE_STYLE_FILL_AREA(#17431);
#17431 = FILL_AREA_STYLE('',(#17432));
#17432 = FILL_AREA_STYLE_COLOUR('',#17405);
#17433 = CURVE_STYLE('',#17434,POSITIVE_LENGTH_MEASURE(0.1),#17405);
#17434 = DRAUGHTING_PRE_DEFINED_CURVE_FONT('continuous');
#17435 = STYLED_ITEM('color',(#17436),#5882);
#17436 = PRESENTATION_STYLE_ASSIGNMENT((#17437,#17442));
#17437 = SURFACE_STYLE_USAGE(.BOTH.,#17438);
#17438 = SURFACE_SIDE_STYLE('',(#17439));
#17439 = SURFACE_STYLE_FILL_AREA(#17440);
#17440 = FILL_AREA_STYLE('',(#17441));
#17441 = FILL_AREA_STYLE_COLOUR('',#17405);
#17442 = CURVE_STYLE('',#17443,POSITIVE_LENGTH_MEASURE(0.1),#17405);
#17443 = DRAUGHTING_PRE_DEFINED_CURVE_FONT('continuous');
#17444 = STYLED_ITEM('color',(#17445),#5905);
#17445 = PRESENTATION_STYLE_ASSIGNMENT((#17446,#17451));
#17446 = SURFACE_STYLE_USAGE(.BOTH.,#17447);
#17447 = SURFACE_SIDE_STYLE('',(#17448));
#17448 = SURFACE_STYLE_FILL_AREA(#17449);
#17449 = FILL_AREA_STYLE('',(#17450));
#17450 = FILL_AREA_STYLE_COLOUR('',#17405);
#17451 = CURVE_STYLE('',#17452,POSITIVE_LENGTH_MEASURE(0.1),#17405);
#17452 = DRAUGHTING_PRE_DEFINED_CURVE_FONT('continuous');
#17453 = STYLED_ITEM('color',(#17454),#5960);
#17454 = PRESENTATION_STYLE_ASSIGNMENT((#17455,#17460));
#17455 = SURFACE_STYLE_USAGE(.BOTH.,#17456);
#17456 = SURFACE_SIDE_STYLE('',(#17457));
#17457 = SURFACE_STYLE_FILL_AREA(#17458);
#17458 = FILL_AREA_STYLE('',(#17459));
#17459 = FILL_AREA_STYLE_COLOUR('',#17405);
#17460 = CURVE_STYLE('',#17461,POSITIVE_LENGTH_MEASURE(0.1),#17405);
#17461 = DRAUGHTING_PRE_DEFINED_CURVE_FONT('continuous');
#17462 = STYLED_ITEM('color',(#17463),#5999);
#17463 = PRESENTATION_STYLE_ASSIGNMENT((#17464,#17469));
#17464 = SURFACE_STYLE_USAGE(.BOTH.,#17465);
#17465 = SURFACE_SIDE_STYLE('',(#17466));
#17466 = SURFACE_STYLE_FILL_AREA(#17467);
#17467 = FILL_AREA_STYLE('',(#17468));
#17468 = FILL_AREA_STYLE_COLOUR('',#17405);
#17469 = CURVE_STYLE('',#17470,POSITIVE_LENGTH_MEASURE(0.1),#17405);
#17470 = DRAUGHTING_PRE_DEFINED_CURVE_FONT('continuous');
#17471 = STYLED_ITEM('color',(#17472),#6022);
#17472 = PRESENTATION_STYLE_ASSIGNMENT((#17473,#17478));
#17473 = SURFACE_STYLE_USAGE(.BOTH.,#17474);
#17474 = SURFACE_SIDE_STYLE('',(#17475));
#17475 = SURFACE_STYLE_FILL_AREA(#17476);
#17476 = FILL_AREA_STYLE('',(#17477));
#17477 = FILL_AREA_STYLE_COLOUR('',#17405);
#17478 = CURVE_STYLE('',#17479,POSITIVE_LENGTH_MEASURE(0.1),#17405);
#17479 = DRAUGHTING_PRE_DEFINED_CURVE_FONT('continuous');
#17480 = STYLED_ITEM('color',(#17481),#6045);
#17481 = PRESENTATION_STYLE_ASSIGNMENT((#17482,#17487));
#17482 = SURFACE_STYLE_USAGE(.BOTH.,#17483);
#17483 = SURFACE_SIDE_STYLE('',(#17484));
#17484 = SURFACE_STYLE_FILL_AREA(#17485);
#17485 = FILL_AREA_STYLE('',(#17486));
#17486 = FILL_AREA_STYLE_COLOUR('',#17405);
#17487 = CURVE_STYLE('',#17488,POSITIVE_LENGTH_MEASURE(0.1),#17405);
#17488 = DRAUGHTING_PRE_DEFINED_CURVE_FONT('continuous');
#17489 = STYLED_ITEM('color',(#17490),#6062);
#17490 = PRESENTATION_STYLE_ASSIGNMENT((#17491,#17496));
#17491 = SURFACE_STYLE_USAGE(.BOTH.,#17492);
#17492 = SURFACE_SIDE_STYLE('',(#17493));
#17493 = SURFACE_STYLE_FILL_AREA(#17494);
#17494 = FILL_AREA_STYLE('',(#17495));
#17495 = FILL_AREA_STYLE_COLOUR('',#17405);
#17496 = CURVE_STYLE('',#17497,POSITIVE_LENGTH_MEASURE(0.1),#17405);
#17497 = DRAUGHTING_PRE_DEFINED_CURVE_FONT('continuous');
#17498 = STYLED_ITEM('color',(#17499),#6085);
#17499 = PRESENTATION_STYLE_ASSIGNMENT((#17500,#17505));
#17500 = SURFACE_STYLE_USAGE(.BOTH.,#17501);
#17501 = SURFACE_SIDE_STYLE('',(#17502));
#17502 = SURFACE_STYLE_FILL_AREA(#17503);
#17503 = FILL_AREA_STYLE('',(#17504));
#17504 = FILL_AREA_STYLE_COLOUR('',#17405);
#17505 = CURVE_STYLE('',#17506,POSITIVE_LENGTH_MEASURE(0.1),#17405);
#17506 = DRAUGHTING_PRE_DEFINED_CURVE_FONT('continuous');
#17507 = STYLED_ITEM('color',(#17508),#6173);
#17508 = PRESENTATION_STYLE_ASSIGNMENT((#17509,#17514));
#17509 = SURFACE_STYLE_USAGE(.BOTH.,#17510);
#17510 = SURFACE_SIDE_STYLE('',(#17511));
#17511 = SURFACE_STYLE_FILL_AREA(#17512);
#17512 = FILL_AREA_STYLE('',(#17513));
#17513 = FILL_AREA_STYLE_COLOUR('',#17405);
#17514 = CURVE_STYLE('',#17515,POSITIVE_LENGTH_MEASURE(0.1),#17405);
#17515 = DRAUGHTING_PRE_DEFINED_CURVE_FONT('continuous');
#17516 = STYLED_ITEM('color',(#17517),#6189);
#17517 = PRESENTATION_STYLE_ASSIGNMENT((#17518,#17523));
#17518 = SURFACE_STYLE_USAGE(.BOTH.,#17519);
#17519 = SURFACE_SIDE_STYLE('',(#17520));
#17520 = SURFACE_STYLE_FILL_AREA(#17521);
#17521 = FILL_AREA_STYLE('',(#17522));
#17522 = FILL_AREA_STYLE_COLOUR('',#17405);
#17523 = CURVE_STYLE('',#17524,POSITIVE_LENGTH_MEASURE(0.1),#17405);
#17524 = DRAUGHTING_PRE_DEFINED_CURVE_FONT('continuous');
#17525 = STYLED_ITEM('color',(#17526),#6219);
#17526 = PRESENTATION_STYLE_ASSIGNMENT((#17527,#17532));
#17527 = SURFACE_STYLE_USAGE(.BOTH.,#17528);
#17528 = SURFACE_SIDE_STYLE('',(#17529));
#17529 = SURFACE_STYLE_FILL_AREA(#17530);
#17530 = FILL_AREA_STYLE('',(#17531));
#17531 = FILL_AREA_STYLE_COLOUR('',#14473);
#17532 = CURVE_STYLE('',#17533,POSITIVE_LENGTH_MEASURE(0.1),#14473);
#17533 = DRAUGHTING_PRE_DEFINED_CURVE_FONT('continuous');
#17534 = STYLED_ITEM('color',(#17535),#6252);
#17535 = PRESENTATION_STYLE_ASSIGNMENT((#17536,#17541));
#17536 = SURFACE_STYLE_USAGE(.BOTH.,#17537);
#17537 = SURFACE_SIDE_STYLE('',(#17538));
#17538 = SURFACE_STYLE_FILL_AREA(#17539);
#17539 = FILL_AREA_STYLE('',(#17540));
#17540 = FILL_AREA_STYLE_COLOUR('',#17405);
#17541 = CURVE_STYLE('',#17542,POSITIVE_LENGTH_MEASURE(0.1),#17405);
#17542 = DRAUGHTING_PRE_DEFINED_CURVE_FONT('continuous');
#17543 = STYLED_ITEM('color',(#17544),#6283);
#17544 = PRESENTATION_STYLE_ASSIGNMENT((#17545,#17550));
#17545 = SURFACE_STYLE_USAGE(.BOTH.,#17546);
#17546 = SURFACE_SIDE_STYLE('',(#17547));
#17547 = SURFACE_STYLE_FILL_AREA(#17548);
#17548 = FILL_AREA_STYLE('',(#17549));
#17549 = FILL_AREA_STYLE_COLOUR('',#14473);
#17550 = CURVE_STYLE('',#17551,POSITIVE_LENGTH_MEASURE(0.1),#14473);
#17551 = DRAUGHTING_PRE_DEFINED_CURVE_FONT('continuous');
#17552 = STYLED_ITEM('color',(#17553),#6316);
#17553 = PRESENTATION_STYLE_ASSIGNMENT((#17554,#17559));
#17554 = SURFACE_STYLE_USAGE(.BOTH.,#17555);
#17555 = SURFACE_SIDE_STYLE('',(#17556));
#17556 = SURFACE_STYLE_FILL_AREA(#17557);
#17557 = FILL_AREA_STYLE('',(#17558));
#17558 = FILL_AREA_STYLE_COLOUR('',#17405);
#17559 = CURVE_STYLE('',#17560,POSITIVE_LENGTH_MEASURE(0.1),#17405);
#17560 = DRAUGHTING_PRE_DEFINED_CURVE_FONT('continuous');
#17561 = STYLED_ITEM('color',(#17562),#6333);
#17562 = PRESENTATION_STYLE_ASSIGNMENT((#17563,#17568));
#17563 = SURFACE_STYLE_USAGE(.BOTH.,#17564);
#17564 = SURFACE_SIDE_STYLE('',(#17565));
#17565 = SURFACE_STYLE_FILL_AREA(#17566);
#17566 = FILL_AREA_STYLE('',(#17567));
#17567 = FILL_AREA_STYLE_COLOUR('',#17405);
#17568 = CURVE_STYLE('',#17569,POSITIVE_LENGTH_MEASURE(0.1),#17405);
#17569 = DRAUGHTING_PRE_DEFINED_CURVE_FONT('continuous');
#17570 = STYLED_ITEM('color',(#17571),#6350);
#17571 = PRESENTATION_STYLE_ASSIGNMENT((#17572,#17577));
#17572 = SURFACE_STYLE_USAGE(.BOTH.,#17573);
#17573 = SURFACE_SIDE_STYLE('',(#17574));
#17574 = SURFACE_STYLE_FILL_AREA(#17575);
#17575 = FILL_AREA_STYLE('',(#17576));
#17576 = FILL_AREA_STYLE_COLOUR('',#14473);
#17577 = CURVE_STYLE('',#17578,POSITIVE_LENGTH_MEASURE(0.1),#14473);
#17578 = DRAUGHTING_PRE_DEFINED_CURVE_FONT('continuous');
#17579 = STYLED_ITEM('color',(#17580),#6383);
#17580 = PRESENTATION_STYLE_ASSIGNMENT((#17581,#17586));
#17581 = SURFACE_STYLE_USAGE(.BOTH.,#17582);
#17582 = SURFACE_SIDE_STYLE('',(#17583));
#17583 = SURFACE_STYLE_FILL_AREA(#17584);
#17584 = FILL_AREA_STYLE('',(#17585));
#17585 = FILL_AREA_STYLE_COLOUR('',#17405);
#17586 = CURVE_STYLE('',#17587,POSITIVE_LENGTH_MEASURE(0.1),#17405);
#17587 = DRAUGHTING_PRE_DEFINED_CURVE_FONT('continuous');
#17588 = STYLED_ITEM('color',(#17589),#6413);
#17589 = PRESENTATION_STYLE_ASSIGNMENT((#17590,#17595));
#17590 = SURFACE_STYLE_USAGE(.BOTH.,#17591);
#17591 = SURFACE_SIDE_STYLE('',(#17592));
#17592 = SURFACE_STYLE_FILL_AREA(#17593);
#17593 = FILL_AREA_STYLE('',(#17594));
#17594 = FILL_AREA_STYLE_COLOUR('',#17405);
#17595 = CURVE_STYLE('',#17596,POSITIVE_LENGTH_MEASURE(0.1),#17405);
#17596 = DRAUGHTING_PRE_DEFINED_CURVE_FONT('continuous');
#17597 = STYLED_ITEM('color',(#17598),#6436);
#17598 = PRESENTATION_STYLE_ASSIGNMENT((#17599,#17604));
#17599 = SURFACE_STYLE_USAGE(.BOTH.,#17600);
#17600 = SURFACE_SIDE_STYLE('',(#17601));
#17601 = SURFACE_STYLE_FILL_AREA(#17602);
#17602 = FILL_AREA_STYLE('',(#17603));
#17603 = FILL_AREA_STYLE_COLOUR('',#17405);
#17604 = CURVE_STYLE('',#17605,POSITIVE_LENGTH_MEASURE(0.1),#17405);
#17605 = DRAUGHTING_PRE_DEFINED_CURVE_FONT('continuous');
#17606 = STYLED_ITEM('color',(#17607),#6459);
#17607 = PRESENTATION_STYLE_ASSIGNMENT((#17608,#17613));
#17608 = SURFACE_STYLE_USAGE(.BOTH.,#17609);
#17609 = SURFACE_SIDE_STYLE('',(#17610));
#17610 = SURFACE_STYLE_FILL_AREA(#17611);
#17611 = FILL_AREA_STYLE('',(#17612));
#17612 = FILL_AREA_STYLE_COLOUR('',#17405);
#17613 = CURVE_STYLE('',#17614,POSITIVE_LENGTH_MEASURE(0.1),#17405);
#17614 = DRAUGHTING_PRE_DEFINED_CURVE_FONT('continuous');
#17615 = STYLED_ITEM('color',(#17616),#6476);
#17616 = PRESENTATION_STYLE_ASSIGNMENT((#17617,#17622));
#17617 = SURFACE_STYLE_USAGE(.BOTH.,#17618);
#17618 = SURFACE_SIDE_STYLE('',(#17619));
#17619 = SURFACE_STYLE_FILL_AREA(#17620);
#17620 = FILL_AREA_STYLE('',(#17621));
#17621 = FILL_AREA_STYLE_COLOUR('',#14473);
#17622 = CURVE_STYLE('',#17623,POSITIVE_LENGTH_MEASURE(0.1),#14473);
#17623 = DRAUGHTING_PRE_DEFINED_CURVE_FONT('continuous');
#17624 = STYLED_ITEM('color',(#17625),#6505);
#17625 = PRESENTATION_STYLE_ASSIGNMENT((#17626,#17631));
#17626 = SURFACE_STYLE_USAGE(.BOTH.,#17627);
#17627 = SURFACE_SIDE_STYLE('',(#17628));
#17628 = SURFACE_STYLE_FILL_AREA(#17629);
#17629 = FILL_AREA_STYLE('',(#17630));
#17630 = FILL_AREA_STYLE_COLOUR('',#17405);
#17631 = CURVE_STYLE('',#17632,POSITIVE_LENGTH_MEASURE(0.1),#17405);
#17632 = DRAUGHTING_PRE_DEFINED_CURVE_FONT('continuous');
#17633 = STYLED_ITEM('color',(#17634),#6559);
#17634 = PRESENTATION_STYLE_ASSIGNMENT((#17635,#17640));
#17635 = SURFACE_STYLE_USAGE(.BOTH.,#17636);
#17636 = SURFACE_SIDE_STYLE('',(#17637));
#17637 = SURFACE_STYLE_FILL_AREA(#17638);
#17638 = FILL_AREA_STYLE('',(#17639));
#17639 = FILL_AREA_STYLE_COLOUR('',#17405);
#17640 = CURVE_STYLE('',#17641,POSITIVE_LENGTH_MEASURE(0.1),#17405);
#17641 = DRAUGHTING_PRE_DEFINED_CURVE_FONT('continuous');
#17642 = STYLED_ITEM('color',(#17643),#6582);
#17643 = PRESENTATION_STYLE_ASSIGNMENT((#17644,#17649));
#17644 = SURFACE_STYLE_USAGE(.BOTH.,#17645);
#17645 = SURFACE_SIDE_STYLE('',(#17646));
#17646 = SURFACE_STYLE_FILL_AREA(#17647);
#17647 = FILL_AREA_STYLE('',(#17648));
#17648 = FILL_AREA_STYLE_COLOUR('',#17405);
#17649 = CURVE_STYLE('',#17650,POSITIVE_LENGTH_MEASURE(0.1),#17405);
#17650 = DRAUGHTING_PRE_DEFINED_CURVE_FONT('continuous');
#17651 = STYLED_ITEM('color',(#17652),#6605);
#17652 = PRESENTATION_STYLE_ASSIGNMENT((#17653,#17658));
#17653 = SURFACE_STYLE_USAGE(.BOTH.,#17654);
#17654 = SURFACE_SIDE_STYLE('',(#17655));
#17655 = SURFACE_STYLE_FILL_AREA(#17656);
#17656 = FILL_AREA_STYLE('',(#17657));
#17657 = FILL_AREA_STYLE_COLOUR('',#17405);
#17658 = CURVE_STYLE('',#17659,POSITIVE_LENGTH_MEASURE(0.1),#17405);
#17659 = DRAUGHTING_PRE_DEFINED_CURVE_FONT('continuous');
#17660 = STYLED_ITEM('color',(#17661),#6628);
#17661 = PRESENTATION_STYLE_ASSIGNMENT((#17662,#17667));
#17662 = SURFACE_STYLE_USAGE(.BOTH.,#17663);
#17663 = SURFACE_SIDE_STYLE('',(#17664));
#17664 = SURFACE_STYLE_FILL_AREA(#17665);
#17665 = FILL_AREA_STYLE('',(#17666));
#17666 = FILL_AREA_STYLE_COLOUR('',#17405);
#17667 = CURVE_STYLE('',#17668,POSITIVE_LENGTH_MEASURE(0.1),#17405);
#17668 = DRAUGHTING_PRE_DEFINED_CURVE_FONT('continuous');
#17669 = STYLED_ITEM('color',(#17670),#6667);
#17670 = PRESENTATION_STYLE_ASSIGNMENT((#17671,#17676));
#17671 = SURFACE_STYLE_USAGE(.BOTH.,#17672);
#17672 = SURFACE_SIDE_STYLE('',(#17673));
#17673 = SURFACE_STYLE_FILL_AREA(#17674);
#17674 = FILL_AREA_STYLE('',(#17675));
#17675 = FILL_AREA_STYLE_COLOUR('',#14473);
#17676 = CURVE_STYLE('',#17677,POSITIVE_LENGTH_MEASURE(0.1),#14473);
#17677 = DRAUGHTING_PRE_DEFINED_CURVE_FONT('continuous');
#17678 = STYLED_ITEM('color',(#17679),#6689);
#17679 = PRESENTATION_STYLE_ASSIGNMENT((#17680,#17685));
#17680 = SURFACE_STYLE_USAGE(.BOTH.,#17681);
#17681 = SURFACE_SIDE_STYLE('',(#17682));
#17682 = SURFACE_STYLE_FILL_AREA(#17683);
#17683 = FILL_AREA_STYLE('',(#17684));
#17684 = FILL_AREA_STYLE_COLOUR('',#17405);
#17685 = CURVE_STYLE('',#17686,POSITIVE_LENGTH_MEASURE(0.1),#17405);
#17686 = DRAUGHTING_PRE_DEFINED_CURVE_FONT('continuous');
#17687 = STYLED_ITEM('color',(#17688),#6733);
#17688 = PRESENTATION_STYLE_ASSIGNMENT((#17689,#17694));
#17689 = SURFACE_STYLE_USAGE(.BOTH.,#17690);
#17690 = SURFACE_SIDE_STYLE('',(#17691));
#17691 = SURFACE_STYLE_FILL_AREA(#17692);
#17692 = FILL_AREA_STYLE('',(#17693));
#17693 = FILL_AREA_STYLE_COLOUR('',#14473);
#17694 = CURVE_STYLE('',#17695,POSITIVE_LENGTH_MEASURE(0.1),#14473);
#17695 = DRAUGHTING_PRE_DEFINED_CURVE_FONT('continuous');
#17696 = STYLED_ITEM('color',(#17697),#6808);
#17697 = PRESENTATION_STYLE_ASSIGNMENT((#17698,#17703));
#17698 = SURFACE_STYLE_USAGE(.BOTH.,#17699);
#17699 = SURFACE_SIDE_STYLE('',(#17700));
#17700 = SURFACE_STYLE_FILL_AREA(#17701);
#17701 = FILL_AREA_STYLE('',(#17702));
#17702 = FILL_AREA_STYLE_COLOUR('',#14473);
#17703 = CURVE_STYLE('',#17704,POSITIVE_LENGTH_MEASURE(0.1),#14473);
#17704 = DRAUGHTING_PRE_DEFINED_CURVE_FONT('continuous');
#17705 = STYLED_ITEM('color',(#17706),#6832);
#17706 = PRESENTATION_STYLE_ASSIGNMENT((#17707,#17712));
#17707 = SURFACE_STYLE_USAGE(.BOTH.,#17708);
#17708 = SURFACE_SIDE_STYLE('',(#17709));
#17709 = SURFACE_STYLE_FILL_AREA(#17710);
#17710 = FILL_AREA_STYLE('',(#17711));
#17711 = FILL_AREA_STYLE_COLOUR('',#14473);
#17712 = CURVE_STYLE('',#17713,POSITIVE_LENGTH_MEASURE(0.1),#14473);
#17713 = DRAUGHTING_PRE_DEFINED_CURVE_FONT('continuous');
#17714 = STYLED_ITEM('color',(#17715),#6900);
#17715 = PRESENTATION_STYLE_ASSIGNMENT((#17716,#17721));
#17716 = SURFACE_STYLE_USAGE(.BOTH.,#17717);
#17717 = SURFACE_SIDE_STYLE('',(#17718));
#17718 = SURFACE_STYLE_FILL_AREA(#17719);
#17719 = FILL_AREA_STYLE('',(#17720));
#17720 = FILL_AREA_STYLE_COLOUR('',#17405);
#17721 = CURVE_STYLE('',#17722,POSITIVE_LENGTH_MEASURE(0.1),#17405);
#17722 = DRAUGHTING_PRE_DEFINED_CURVE_FONT('continuous');
#17723 = STYLED_ITEM('color',(#17724),#6917);
#17724 = PRESENTATION_STYLE_ASSIGNMENT((#17725,#17730));
#17725 = SURFACE_STYLE_USAGE(.BOTH.,#17726);
#17726 = SURFACE_SIDE_STYLE('',(#17727));
#17727 = SURFACE_STYLE_FILL_AREA(#17728);
#17728 = FILL_AREA_STYLE('',(#17729));
#17729 = FILL_AREA_STYLE_COLOUR('',#14473);
#17730 = CURVE_STYLE('',#17731,POSITIVE_LENGTH_MEASURE(0.1),#14473);
#17731 = DRAUGHTING_PRE_DEFINED_CURVE_FONT('continuous');
#17732 = STYLED_ITEM('color',(#17733),#6992);
#17733 = PRESENTATION_STYLE_ASSIGNMENT((#17734,#17739));
#17734 = SURFACE_STYLE_USAGE(.BOTH.,#17735);
#17735 = SURFACE_SIDE_STYLE('',(#17736));
#17736 = SURFACE_STYLE_FILL_AREA(#17737);
#17737 = FILL_AREA_STYLE('',(#17738));
#17738 = FILL_AREA_STYLE_COLOUR('',#14473);
#17739 = CURVE_STYLE('',#17740,POSITIVE_LENGTH_MEASURE(0.1),#14473);
#17740 = DRAUGHTING_PRE_DEFINED_CURVE_FONT('continuous');
#17741 = STYLED_ITEM('color',(#17742),#7016);
#17742 = PRESENTATION_STYLE_ASSIGNMENT((#17743,#17748));
#17743 = SURFACE_STYLE_USAGE(.BOTH.,#17744);
#17744 = SURFACE_SIDE_STYLE('',(#17745));
#17745 = SURFACE_STYLE_FILL_AREA(#17746);
#17746 = FILL_AREA_STYLE('',(#17747));
#17747 = FILL_AREA_STYLE_COLOUR('',#14473);
#17748 = CURVE_STYLE('',#17749,POSITIVE_LENGTH_MEASURE(0.1),#14473);
#17749 = DRAUGHTING_PRE_DEFINED_CURVE_FONT('continuous');
#17750 = STYLED_ITEM('color',(#17751),#7084);
#17751 = PRESENTATION_STYLE_ASSIGNMENT((#17752,#17757));
#17752 = SURFACE_STYLE_USAGE(.BOTH.,#17753);
#17753 = SURFACE_SIDE_STYLE('',(#17754));
#17754 = SURFACE_STYLE_FILL_AREA(#17755);
#17755 = FILL_AREA_STYLE('',(#17756));
#17756 = FILL_AREA_STYLE_COLOUR('',#14473);
#17757 = CURVE_STYLE('',#17758,POSITIVE_LENGTH_MEASURE(0.1),#14473);
#17758 = DRAUGHTING_PRE_DEFINED_CURVE_FONT('continuous');
#17759 = STYLED_ITEM('color',(#17760),#7159);
#17760 = PRESENTATION_STYLE_ASSIGNMENT((#17761,#17766));
#17761 = SURFACE_STYLE_USAGE(.BOTH.,#17762);
#17762 = SURFACE_SIDE_STYLE('',(#17763));
#17763 = SURFACE_STYLE_FILL_AREA(#17764);
#17764 = FILL_AREA_STYLE('',(#17765));
#17765 = FILL_AREA_STYLE_COLOUR('',#14473);
#17766 = CURVE_STYLE('',#17767,POSITIVE_LENGTH_MEASURE(0.1),#14473);
#17767 = DRAUGHTING_PRE_DEFINED_CURVE_FONT('continuous');
#17768 = STYLED_ITEM('color',(#17769),#7183);
#17769 = PRESENTATION_STYLE_ASSIGNMENT((#17770,#17775));
#17770 = SURFACE_STYLE_USAGE(.BOTH.,#17771);
#17771 = SURFACE_SIDE_STYLE('',(#17772));
#17772 = SURFACE_STYLE_FILL_AREA(#17773);
#17773 = FILL_AREA_STYLE('',(#17774));
#17774 = FILL_AREA_STYLE_COLOUR('',#14473);
#17775 = CURVE_STYLE('',#17776,POSITIVE_LENGTH_MEASURE(0.1),#14473);
#17776 = DRAUGHTING_PRE_DEFINED_CURVE_FONT('continuous');
#17777 = STYLED_ITEM('color',(#17778),#7251);
#17778 = PRESENTATION_STYLE_ASSIGNMENT((#17779,#17784));
#17779 = SURFACE_STYLE_USAGE(.BOTH.,#17780);
#17780 = SURFACE_SIDE_STYLE('',(#17781));
#17781 = SURFACE_STYLE_FILL_AREA(#17782);
#17782 = FILL_AREA_STYLE('',(#17783));
#17783 = FILL_AREA_STYLE_COLOUR('',#14473);
#17784 = CURVE_STYLE('',#17785,POSITIVE_LENGTH_MEASURE(0.1),#14473);
#17785 = DRAUGHTING_PRE_DEFINED_CURVE_FONT('continuous');
#17786 = STYLED_ITEM('color',(#17787),#7268);
#17787 = PRESENTATION_STYLE_ASSIGNMENT((#17788,#17793));
#17788 = SURFACE_STYLE_USAGE(.BOTH.,#17789);
#17789 = SURFACE_SIDE_STYLE('',(#17790));
#17790 = SURFACE_STYLE_FILL_AREA(#17791);
#17791 = FILL_AREA_STYLE('',(#17792));
#17792 = FILL_AREA_STYLE_COLOUR('',#14473);
#17793 = CURVE_STYLE('',#17794,POSITIVE_LENGTH_MEASURE(0.1),#14473);
#17794 = DRAUGHTING_PRE_DEFINED_CURVE_FONT('continuous');
#17795 = STYLED_ITEM('color',(#17796),#7285);
#17796 = PRESENTATION_STYLE_ASSIGNMENT((#17797,#17802));
#17797 = SURFACE_STYLE_USAGE(.BOTH.,#17798);
#17798 = SURFACE_SIDE_STYLE('',(#17799));
#17799 = SURFACE_STYLE_FILL_AREA(#17800);
#17800 = FILL_AREA_STYLE('',(#17801));
#17801 = FILL_AREA_STYLE_COLOUR('',#17405);
#17802 = CURVE_STYLE('',#17803,POSITIVE_LENGTH_MEASURE(0.1),#17405);
#17803 = DRAUGHTING_PRE_DEFINED_CURVE_FONT('continuous');
#17804 = STYLED_ITEM('color',(#17805),#7331);
#17805 = PRESENTATION_STYLE_ASSIGNMENT((#17806,#17811));
#17806 = SURFACE_STYLE_USAGE(.BOTH.,#17807);
#17807 = SURFACE_SIDE_STYLE('',(#17808));
#17808 = SURFACE_STYLE_FILL_AREA(#17809);
#17809 = FILL_AREA_STYLE('',(#17810));
#17810 = FILL_AREA_STYLE_COLOUR('',#17405);
#17811 = CURVE_STYLE('',#17812,POSITIVE_LENGTH_MEASURE(0.1),#17405);
#17812 = DRAUGHTING_PRE_DEFINED_CURVE_FONT('continuous');
#17813 = STYLED_ITEM('color',(#17814),#7347);
#17814 = PRESENTATION_STYLE_ASSIGNMENT((#17815,#17820));
#17815 = SURFACE_STYLE_USAGE(.BOTH.,#17816);
#17816 = SURFACE_SIDE_STYLE('',(#17817));
#17817 = SURFACE_STYLE_FILL_AREA(#17818);
#17818 = FILL_AREA_STYLE('',(#17819));
#17819 = FILL_AREA_STYLE_COLOUR('',#17405);
#17820 = CURVE_STYLE('',#17821,POSITIVE_LENGTH_MEASURE(0.1),#17405);
#17821 = DRAUGHTING_PRE_DEFINED_CURVE_FONT('continuous');
#17822 = STYLED_ITEM('color',(#17823),#7363);
#17823 = PRESENTATION_STYLE_ASSIGNMENT((#17824,#17829));
#17824 = SURFACE_STYLE_USAGE(.BOTH.,#17825);
#17825 = SURFACE_SIDE_STYLE('',(#17826));
#17826 = SURFACE_STYLE_FILL_AREA(#17827);
#17827 = FILL_AREA_STYLE('',(#17828));
#17828 = FILL_AREA_STYLE_COLOUR('',#14473);
#17829 = CURVE_STYLE('',#17830,POSITIVE_LENGTH_MEASURE(0.1),#14473);
#17830 = DRAUGHTING_PRE_DEFINED_CURVE_FONT('continuous');
#17831 = STYLED_ITEM('color',(#17832),#7380);
#17832 = PRESENTATION_STYLE_ASSIGNMENT((#17833,#17838));
#17833 = SURFACE_STYLE_USAGE(.BOTH.,#17834);
#17834 = SURFACE_SIDE_STYLE('',(#17835));
#17835 = SURFACE_STYLE_FILL_AREA(#17836);
#17836 = FILL_AREA_STYLE('',(#17837));
#17837 = FILL_AREA_STYLE_COLOUR('',#17405);
#17838 = CURVE_STYLE('',#17839,POSITIVE_LENGTH_MEASURE(0.1),#17405);
#17839 = DRAUGHTING_PRE_DEFINED_CURVE_FONT('continuous');
#17840 = STYLED_ITEM('color',(#17841),#7392);
#17841 = PRESENTATION_STYLE_ASSIGNMENT((#17842,#17847));
#17842 = SURFACE_STYLE_USAGE(.BOTH.,#17843);
#17843 = SURFACE_SIDE_STYLE('',(#17844));
#17844 = SURFACE_STYLE_FILL_AREA(#17845);
#17845 = FILL_AREA_STYLE('',(#17846));
#17846 = FILL_AREA_STYLE_COLOUR('',#14473);
#17847 = CURVE_STYLE('',#17848,POSITIVE_LENGTH_MEASURE(0.1),#14473);
#17848 = DRAUGHTING_PRE_DEFINED_CURVE_FONT('continuous');
#17849 = STYLED_ITEM('color',(#17850),#7409);
#17850 = PRESENTATION_STYLE_ASSIGNMENT((#17851,#17856));
#17851 = SURFACE_STYLE_USAGE(.BOTH.,#17852);
#17852 = SURFACE_SIDE_STYLE('',(#17853));
#17853 = SURFACE_STYLE_FILL_AREA(#17854);
#17854 = FILL_AREA_STYLE('',(#17855));
#17855 = FILL_AREA_STYLE_COLOUR('',#14473);
#17856 = CURVE_STYLE('',#17857,POSITIVE_LENGTH_MEASURE(0.1),#14473);
#17857 = DRAUGHTING_PRE_DEFINED_CURVE_FONT('continuous');
#17858 = STYLED_ITEM('color',(#17859),#7426);
#17859 = PRESENTATION_STYLE_ASSIGNMENT((#17860,#17865));
#17860 = SURFACE_STYLE_USAGE(.BOTH.,#17861);
#17861 = SURFACE_SIDE_STYLE('',(#17862));
#17862 = SURFACE_STYLE_FILL_AREA(#17863);
#17863 = FILL_AREA_STYLE('',(#17864));
#17864 = FILL_AREA_STYLE_COLOUR('',#14473);
#17865 = CURVE_STYLE('',#17866,POSITIVE_LENGTH_MEASURE(0.1),#14473);
#17866 = DRAUGHTING_PRE_DEFINED_CURVE_FONT('continuous');
#17867 = STYLED_ITEM('color',(#17868),#7443);
#17868 = PRESENTATION_STYLE_ASSIGNMENT((#17869,#17874));
#17869 = SURFACE_STYLE_USAGE(.BOTH.,#17870);
#17870 = SURFACE_SIDE_STYLE('',(#17871));
#17871 = SURFACE_STYLE_FILL_AREA(#17872);
#17872 = FILL_AREA_STYLE('',(#17873));
#17873 = FILL_AREA_STYLE_COLOUR('',#14473);
#17874 = CURVE_STYLE('',#17875,POSITIVE_LENGTH_MEASURE(0.1),#14473);
#17875 = DRAUGHTING_PRE_DEFINED_CURVE_FONT('continuous');
#17876 = STYLED_ITEM('color',(#17877),#7460);
#17877 = PRESENTATION_STYLE_ASSIGNMENT((#17878,#17883));
#17878 = SURFACE_STYLE_USAGE(.BOTH.,#17879);
#17879 = SURFACE_SIDE_STYLE('',(#17880));
#17880 = SURFACE_STYLE_FILL_AREA(#17881);
#17881 = FILL_AREA_STYLE('',(#17882));
#17882 = FILL_AREA_STYLE_COLOUR('',#14473);
#17883 = CURVE_STYLE('',#17884,POSITIVE_LENGTH_MEASURE(0.1),#14473);
#17884 = DRAUGHTING_PRE_DEFINED_CURVE_FONT('continuous');
#17885 = STYLED_ITEM('color',(#17886),#7477);
#17886 = PRESENTATION_STYLE_ASSIGNMENT((#17887,#17892));
#17887 = SURFACE_STYLE_USAGE(.BOTH.,#17888);
#17888 = SURFACE_SIDE_STYLE('',(#17889));
#17889 = SURFACE_STYLE_FILL_AREA(#17890);
#17890 = FILL_AREA_STYLE('',(#17891));
#17891 = FILL_AREA_STYLE_COLOUR('',#14473);
#17892 = CURVE_STYLE('',#17893,POSITIVE_LENGTH_MEASURE(0.1),#14473);
#17893 = DRAUGHTING_PRE_DEFINED_CURVE_FONT('continuous');
#17894 = STYLED_ITEM('color',(#17895),#7494);
#17895 = PRESENTATION_STYLE_ASSIGNMENT((#17896,#17901));
#17896 = SURFACE_STYLE_USAGE(.BOTH.,#17897);
#17897 = SURFACE_SIDE_STYLE('',(#17898));
#17898 = SURFACE_STYLE_FILL_AREA(#17899);
#17899 = FILL_AREA_STYLE('',(#17900));
#17900 = FILL_AREA_STYLE_COLOUR('',#14473);
#17901 = CURVE_STYLE('',#17902,POSITIVE_LENGTH_MEASURE(0.1),#14473);
#17902 = DRAUGHTING_PRE_DEFINED_CURVE_FONT('continuous');
#17903 = STYLED_ITEM('color',(#17904),#7506);
#17904 = PRESENTATION_STYLE_ASSIGNMENT((#17905,#17910));
#17905 = SURFACE_STYLE_USAGE(.BOTH.,#17906);
#17906 = SURFACE_SIDE_STYLE('',(#17907));
#17907 = SURFACE_STYLE_FILL_AREA(#17908);
#17908 = FILL_AREA_STYLE('',(#17909));
#17909 = FILL_AREA_STYLE_COLOUR('',#14473);
#17910 = CURVE_STYLE('',#17911,POSITIVE_LENGTH_MEASURE(0.1),#14473);
#17911 = DRAUGHTING_PRE_DEFINED_CURVE_FONT('continuous');
#17912 = STYLED_ITEM('color',(#17913),#7523);
#17913 = PRESENTATION_STYLE_ASSIGNMENT((#17914,#17919));
#17914 = SURFACE_STYLE_USAGE(.BOTH.,#17915);
#17915 = SURFACE_SIDE_STYLE('',(#17916));
#17916 = SURFACE_STYLE_FILL_AREA(#17917);
#17917 = FILL_AREA_STYLE('',(#17918));
#17918 = FILL_AREA_STYLE_COLOUR('',#14473);
#17919 = CURVE_STYLE('',#17920,POSITIVE_LENGTH_MEASURE(0.1),#14473);
#17920 = DRAUGHTING_PRE_DEFINED_CURVE_FONT('continuous');
#17921 = STYLED_ITEM('color',(#17922),#7540);
#17922 = PRESENTATION_STYLE_ASSIGNMENT((#17923,#17928));
#17923 = SURFACE_STYLE_USAGE(.BOTH.,#17924);
#17924 = SURFACE_SIDE_STYLE('',(#17925));
#17925 = SURFACE_STYLE_FILL_AREA(#17926);
#17926 = FILL_AREA_STYLE('',(#17927));
#17927 = FILL_AREA_STYLE_COLOUR('',#14473);
#17928 = CURVE_STYLE('',#17929,POSITIVE_LENGTH_MEASURE(0.1),#14473);
#17929 = DRAUGHTING_PRE_DEFINED_CURVE_FONT('continuous');
#17930 = STYLED_ITEM('color',(#17931),#7557);
#17931 = PRESENTATION_STYLE_ASSIGNMENT((#17932,#17937));
#17932 = SURFACE_STYLE_USAGE(.BOTH.,#17933);
#17933 = SURFACE_SIDE_STYLE('',(#17934));
#17934 = SURFACE_STYLE_FILL_AREA(#17935);
#17935 = FILL_AREA_STYLE('',(#17936));
#17936 = FILL_AREA_STYLE_COLOUR('',#14473);
#17937 = CURVE_STYLE('',#17938,POSITIVE_LENGTH_MEASURE(0.1),#14473);
#17938 = DRAUGHTING_PRE_DEFINED_CURVE_FONT('continuous');
#17939 = STYLED_ITEM('color',(#17940),#7574);
#17940 = PRESENTATION_STYLE_ASSIGNMENT((#17941,#17946));
#17941 = SURFACE_STYLE_USAGE(.BOTH.,#17942);
#17942 = SURFACE_SIDE_STYLE('',(#17943));
#17943 = SURFACE_STYLE_FILL_AREA(#17944);
#17944 = FILL_AREA_STYLE('',(#17945));
#17945 = FILL_AREA_STYLE_COLOUR('',#14473);
#17946 = CURVE_STYLE('',#17947,POSITIVE_LENGTH_MEASURE(0.1),#14473);
#17947 = DRAUGHTING_PRE_DEFINED_CURVE_FONT('continuous');
#17948 = STYLED_ITEM('color',(#17949),#7591);
#17949 = PRESENTATION_STYLE_ASSIGNMENT((#17950,#17955));
#17950 = SURFACE_STYLE_USAGE(.BOTH.,#17951);
#17951 = SURFACE_SIDE_STYLE('',(#17952));
#17952 = SURFACE_STYLE_FILL_AREA(#17953);
#17953 = FILL_AREA_STYLE('',(#17954));
#17954 = FILL_AREA_STYLE_COLOUR('',#14473);
#17955 = CURVE_STYLE('',#17956,POSITIVE_LENGTH_MEASURE(0.1),#14473);
#17956 = DRAUGHTING_PRE_DEFINED_CURVE_FONT('continuous');
#17957 = STYLED_ITEM('color',(#17958),#7603);
#17958 = PRESENTATION_STYLE_ASSIGNMENT((#17959,#17964));
#17959 = SURFACE_STYLE_USAGE(.BOTH.,#17960);
#17960 = SURFACE_SIDE_STYLE('',(#17961));
#17961 = SURFACE_STYLE_FILL_AREA(#17962);
#17962 = FILL_AREA_STYLE('',(#17963));
#17963 = FILL_AREA_STYLE_COLOUR('',#14473);
#17964 = CURVE_STYLE('',#17965,POSITIVE_LENGTH_MEASURE(0.1),#14473);
#17965 = DRAUGHTING_PRE_DEFINED_CURVE_FONT('continuous');
#17966 = STYLED_ITEM('color',(#17967),#7620);
#17967 = PRESENTATION_STYLE_ASSIGNMENT((#17968,#17973));
#17968 = SURFACE_STYLE_USAGE(.BOTH.,#17969);
#17969 = SURFACE_SIDE_STYLE('',(#17970));
#17970 = SURFACE_STYLE_FILL_AREA(#17971);
#17971 = FILL_AREA_STYLE('',(#17972));
#17972 = FILL_AREA_STYLE_COLOUR('',#14473);
#17973 = CURVE_STYLE('',#17974,POSITIVE_LENGTH_MEASURE(0.1),#14473);
#17974 = DRAUGHTING_PRE_DEFINED_CURVE_FONT('continuous');
#17975 = STYLED_ITEM('color',(#17976),#7637);
#17976 = PRESENTATION_STYLE_ASSIGNMENT((#17977,#17982));
#17977 = SURFACE_STYLE_USAGE(.BOTH.,#17978);
#17978 = SURFACE_SIDE_STYLE('',(#17979));
#17979 = SURFACE_STYLE_FILL_AREA(#17980);
#17980 = FILL_AREA_STYLE('',(#17981));
#17981 = FILL_AREA_STYLE_COLOUR('',#14473);
#17982 = CURVE_STYLE('',#17983,POSITIVE_LENGTH_MEASURE(0.1),#14473);
#17983 = DRAUGHTING_PRE_DEFINED_CURVE_FONT('continuous');
#17984 = STYLED_ITEM('color',(#17985),#7654);
#17985 = PRESENTATION_STYLE_ASSIGNMENT((#17986,#17991));
#17986 = SURFACE_STYLE_USAGE(.BOTH.,#17987);
#17987 = SURFACE_SIDE_STYLE('',(#17988));
#17988 = SURFACE_STYLE_FILL_AREA(#17989);
#17989 = FILL_AREA_STYLE('',(#17990));
#17990 = FILL_AREA_STYLE_COLOUR('',#14473);
#17991 = CURVE_STYLE('',#17992,POSITIVE_LENGTH_MEASURE(0.1),#14473);
#17992 = DRAUGHTING_PRE_DEFINED_CURVE_FONT('continuous');
#17993 = STYLED_ITEM('color',(#17994),#7671);
#17994 = PRESENTATION_STYLE_ASSIGNMENT((#17995,#18000));
#17995 = SURFACE_STYLE_USAGE(.BOTH.,#17996);
#17996 = SURFACE_SIDE_STYLE('',(#17997));
#17997 = SURFACE_STYLE_FILL_AREA(#17998);
#17998 = FILL_AREA_STYLE('',(#17999));
#17999 = FILL_AREA_STYLE_COLOUR('',#14473);
#18000 = CURVE_STYLE('',#18001,POSITIVE_LENGTH_MEASURE(0.1),#14473);
#18001 = DRAUGHTING_PRE_DEFINED_CURVE_FONT('continuous');
#18002 = STYLED_ITEM('color',(#18003),#7688);
#18003 = PRESENTATION_STYLE_ASSIGNMENT((#18004,#18009));
#18004 = SURFACE_STYLE_USAGE(.BOTH.,#18005);
#18005 = SURFACE_SIDE_STYLE('',(#18006));
#18006 = SURFACE_STYLE_FILL_AREA(#18007);
#18007 = FILL_AREA_STYLE('',(#18008));
#18008 = FILL_AREA_STYLE_COLOUR('',#14473);
#18009 = CURVE_STYLE('',#18010,POSITIVE_LENGTH_MEASURE(0.1),#14473);
#18010 = DRAUGHTING_PRE_DEFINED_CURVE_FONT('continuous');
#18011 = STYLED_ITEM('color',(#18012),#7700);
#18012 = PRESENTATION_STYLE_ASSIGNMENT((#18013,#18019));
#18013 = SURFACE_STYLE_USAGE(.BOTH.,#18014);
#18014 = SURFACE_SIDE_STYLE('',(#18015));
#18015 = SURFACE_STYLE_FILL_AREA(#18016);
#18016 = FILL_AREA_STYLE('',(#18017));
#18017 = FILL_AREA_STYLE_COLOUR('',#18018);
#18018 = COLOUR_RGB('',0.690999998585,0.664000007176,0.597999987832);
#18019 = CURVE_STYLE('',#18020,POSITIVE_LENGTH_MEASURE(0.1),#18018);
#18020 = DRAUGHTING_PRE_DEFINED_CURVE_FONT('continuous');
ENDSEC;
END-ISO-10303-21;
