ISO-10303-21;
HEADER;
/* Generated by software containing ST-Developer
 * from STEP Tools, Inc. (www.steptools.com) 
 */

FILE_DESCRIPTION(
/* description */ ('STEP AP214'),
/* implementation_level */ '2;1');

FILE_NAME(
/* name */ 'Inline Fuse Holder..stp',
/* time_stamp */ '2024-05-07T10:36:13-04:00',
/* author */ ('jvalderrama'),
/* organization */ (''),
/* preprocessor_version */ 'ST-DEVELOPER v19.2',
/* originating_system */ 'Autodesk Inventor 2024',
/* authorisation */ '');

FILE_SCHEMA (('AUTOMOTIVE_DESIGN { 1 0 10303 214 3 1 1 }'));
ENDSEC;

DATA;
#10=MECHANICAL_DESIGN_GEOMETRIC_PRESENTATION_REPRESENTATION('',(#72,#73,
#74,#75,#76,#77),#7315);
#11=SHAPE_REPRESENTATION_RELATIONSHIP('SRR','None',#7322,#12);
#12=ADVANCED_BREP_SHAPE_REPRESENTATION('',(#78,#79,#80,#81,#82,#83),#7314);
#13=TOROIDAL_SURFACE('',#4654,5.5,0.5);
#14=TOROIDAL_SURFACE('',#4658,6.,0.5);
#15=TOROIDAL_SURFACE('',#4662,1.75,0.5);
#16=TOROIDAL_SURFACE('',#4666,1.75,0.5);
#17=TOROIDAL_SURFACE('',#4670,1.25,0.5);
#18=TOROIDAL_SURFACE('',#4675,1.25,0.5);
#19=TOROIDAL_SURFACE('',#4679,1.75,0.5);
#20=TOROIDAL_SURFACE('',#4683,1.75,0.5);
#21=TOROIDAL_SURFACE('',#4687,6.,0.5);
#22=TOROIDAL_SURFACE('',#4691,5.5,0.5);
#23=TOROIDAL_SURFACE('',#4692,6.,0.5);
#24=TOROIDAL_SURFACE('',#4696,5.5,0.5);
#25=TOROIDAL_SURFACE('',#4700,1.25,0.5);
#26=TOROIDAL_SURFACE('',#4704,1.25,0.5);
#27=TOROIDAL_SURFACE('',#4708,1.75,0.5);
#28=TOROIDAL_SURFACE('',#4711,6.,0.5);
#29=TOROIDAL_SURFACE('',#4715,5.5,0.5);
#30=TOROIDAL_SURFACE('',#4719,1.25,0.5);
#31=TOROIDAL_SURFACE('',#4723,1.25,0.5);
#32=TOROIDAL_SURFACE('',#4727,1.75,0.5);
#33=B_SPLINE_CURVE_WITH_KNOTS('',3,(#6778,#6779,#6780,#6781,#6782,#6783),
 .UNSPECIFIED.,.F.,.F.,(4,2,4),(-2.6233345288577,-2.50087115326658,-2.37840777767545),
 .UNSPECIFIED.);
#34=B_SPLINE_CURVE_WITH_KNOTS('',3,(#6790,#6791,#6792,#6793,#6794,#6795),
 .UNSPECIFIED.,.F.,.F.,(4,2,4),(1.92647774382287,2.05103674172319,2.17559573962187),
 .UNSPECIFIED.);
#35=B_SPLINE_CURVE_WITH_KNOTS('',3,(#7188,#7189,#7190,#7191,#7192,#7193,
#7194,#7195,#7196,#7197,#7198,#7199),.UNSPECIFIED.,.F.,.F.,(4,2,2,2,2,4),
(0.15985251086507,0.179059031769923,0.200476107511868,0.220477847575129,
0.239236867097143,0.240790367685615),.UNSPECIFIED.);
#36=B_SPLINE_CURVE_WITH_KNOTS('',3,(#7237,#7238,#7239,#7240,#7241,#7242,
#7243,#7244,#7245,#7246,#7247,#7248),.UNSPECIFIED.,.F.,.F.,(4,2,2,2,2,4),
(0.0810410573494142,0.099201407701566,0.118079877173848,0.138503745395512,
0.159936409776478,0.161968874879027),.UNSPECIFIED.);
#37=B_SPLINE_CURVE_WITH_KNOTS('',3,(#7250,#7251,#7252,#7253,#7254,#7255,
#7256,#7257,#7258,#7259,#7260,#7261),.UNSPECIFIED.,.F.,.F.,(4,2,2,2,2,4),
(0.240738732722006,0.25740825937425,0.276403540497213,0.296722650766649,
0.309223775958145,0.321694091416701),.UNSPECIFIED.);
#38=B_SPLINE_CURVE_WITH_KNOTS('',3,(#7281,#7282,#7283,#7284,#7285,#7286,
#7287,#7288,#7289,#7290,#7291,#7292),.UNSPECIFIED.,.F.,.F.,(4,2,2,2,2,4),
(0.,0.0208525450583124,0.0418812917364994,0.0621122116131703,0.0809783743093419,
0.0810078732972055),.UNSPECIFIED.);
#39=SPHERICAL_SURFACE('',#4465,0.6);
#40=SPHERICAL_SURFACE('',#4467,0.6);
#41=SPHERICAL_SURFACE('',#4477,0.6);
#42=SPHERICAL_SURFACE('',#4479,0.6);
#43=SPHERICAL_SURFACE('',#4620,1.);
#44=SPHERICAL_SURFACE('',#4622,1.);
#45=SPHERICAL_SURFACE('',#4637,1.);
#46=SPHERICAL_SURFACE('',#4639,1.);
#47=SPHERICAL_SURFACE('',#4644,1.);
#48=SPHERICAL_SURFACE('',#4647,1.);
#49=SPHERICAL_SURFACE('',#4650,1.);
#50=SPHERICAL_SURFACE('',#4653,1.);
#51=(
BOUNDED_CURVE()
B_SPLINE_CURVE(2,(#6066,#6067,#6068),.UNSPECIFIED.,.F.,.F.)
B_SPLINE_CURVE_WITH_KNOTS((3,3),(1.0761458131345,1.23337086080266),
 .UNSPECIFIED.)
CURVE()
GEOMETRIC_REPRESENTATION_ITEM()
RATIONAL_B_SPLINE_CURVE((1.00217475177859,1.00201478703956,1.0017616599422))
REPRESENTATION_ITEM('')
);
#52=(
BOUNDED_CURVE()
B_SPLINE_CURVE(2,(#6072,#6073,#6074),.UNSPECIFIED.,.F.,.F.)
B_SPLINE_CURVE_WITH_KNOTS((3,3),(-1.23337086080394,-1.07614581313627),
 .UNSPECIFIED.)
CURVE()
GEOMETRIC_REPRESENTATION_ITEM()
RATIONAL_B_SPLINE_CURVE((1.00176165994108,1.00201478703828,1.00217475177721))
REPRESENTATION_ITEM('')
);
#53=(
BOUNDED_CURVE()
B_SPLINE_CURVE(2,(#6078,#6079,#6080),.UNSPECIFIED.,.F.,.F.)
B_SPLINE_CURVE_WITH_KNOTS((3,3),(-0.891613837567288,-0.741221406275694),
 .UNSPECIFIED.)
CURVE()
GEOMETRIC_REPRESENTATION_ITEM()
RATIONAL_B_SPLINE_CURVE((1.00242191320731,1.00247033519744,1.00243351610351))
REPRESENTATION_ITEM('')
);
#54=(
BOUNDED_CURVE()
B_SPLINE_CURVE(2,(#6084,#6085,#6086),.UNSPECIFIED.,.F.,.F.)
B_SPLINE_CURVE_WITH_KNOTS((3,3),(0.741221406273447,0.891613837564866),
 .UNSPECIFIED.)
CURVE()
GEOMETRIC_REPRESENTATION_ITEM()
RATIONAL_B_SPLINE_CURVE((1.00243351610197,1.00247033519588,1.00242191320578))
REPRESENTATION_ITEM('')
);
#55=(
BOUNDED_CURVE()
B_SPLINE_CURVE(2,(#6092,#6093,#6094),.UNSPECIFIED.,.F.,.F.)
B_SPLINE_CURVE_WITH_KNOTS((3,3),(1.07614581313314,1.23337086080171),
 .UNSPECIFIED.)
CURVE()
GEOMETRIC_REPRESENTATION_ITEM()
RATIONAL_B_SPLINE_CURVE((1.00217475177992,1.00201478704079,1.00176165994328))
REPRESENTATION_ITEM('')
);
#56=(
BOUNDED_CURVE()
B_SPLINE_CURVE(2,(#6097,#6098,#6099),.UNSPECIFIED.,.F.,.F.)
B_SPLINE_CURVE_WITH_KNOTS((3,3),(0.378993177302429,0.536218224970676),
 .UNSPECIFIED.)
CURVE()
GEOMETRIC_REPRESENTATION_ITEM()
RATIONAL_B_SPLINE_CURVE((1.00176165994093,1.00201478703811,1.00217475177702))
REPRESENTATION_ITEM('')
);
#57=(
BOUNDED_CURVE()
B_SPLINE_CURVE(2,(#6104,#6105,#6106),.UNSPECIFIED.,.F.,.F.)
B_SPLINE_CURVE_WITH_KNOTS((3,3),(0.720750200534256,0.871142631826029),
 .UNSPECIFIED.)
CURVE()
GEOMETRIC_REPRESENTATION_ITEM()
RATIONAL_B_SPLINE_CURVE((1.00242191320879,1.00247033519895,1.00243351610499))
REPRESENTATION_ITEM('')
);
#58=(
BOUNDED_CURVE()
B_SPLINE_CURVE(2,(#6109,#6110,#6111),.UNSPECIFIED.,.F.,.F.)
B_SPLINE_CURVE_WITH_KNOTS((3,3),(0.741221406277162,0.891613837568463),
 .UNSPECIFIED.)
CURVE()
GEOMETRIC_REPRESENTATION_ITEM()
RATIONAL_B_SPLINE_CURVE((1.00243351610175,1.00247033519566,1.00242191320556))
REPRESENTATION_ITEM('')
);
#59=(
BOUNDED_CURVE()
B_SPLINE_CURVE(2,(#6122,#6123,#6124),.UNSPECIFIED.,.F.,.F.)
B_SPLINE_CURVE_WITH_KNOTS((3,3),(0.741221406277164,0.891613837568461),
 .UNSPECIFIED.)
CURVE()
GEOMETRIC_REPRESENTATION_ITEM()
RATIONAL_B_SPLINE_CURVE((1.00243351610174,1.00247033519565,1.00242191320555))
REPRESENTATION_ITEM('')
);
#60=(
BOUNDED_CURVE()
B_SPLINE_CURVE(2,(#6127,#6128,#6129),.UNSPECIFIED.,.F.,.F.)
B_SPLINE_CURVE_WITH_KNOTS((3,3),(-0.891613837569189,-0.741221406277435),
 .UNSPECIFIED.)
CURVE()
GEOMETRIC_REPRESENTATION_ITEM()
RATIONAL_B_SPLINE_CURVE((1.00242191320866,1.00247033519882,1.00243351610486))
REPRESENTATION_ITEM('')
);
#61=(
BOUNDED_CURVE()
B_SPLINE_CURVE(2,(#6134,#6135,#6136),.UNSPECIFIED.,.F.,.F.)
B_SPLINE_CURVE_WITH_KNOTS((3,3),(-1.23337086080107,-1.07614581313282),
 .UNSPECIFIED.)
CURVE()
GEOMETRIC_REPRESENTATION_ITEM()
RATIONAL_B_SPLINE_CURVE((1.00176165994092,1.0020147870381,1.00217475177701))
REPRESENTATION_ITEM('')
);
#62=(
BOUNDED_CURVE()
B_SPLINE_CURVE(2,(#6139,#6140,#6141),.UNSPECIFIED.,.F.,.F.)
B_SPLINE_CURVE_WITH_KNOTS((3,3),(1.07614581313315,1.2333708608017),
 .UNSPECIFIED.)
CURVE()
GEOMETRIC_REPRESENTATION_ITEM()
RATIONAL_B_SPLINE_CURVE((1.0021747517798,1.00201478704068,1.00176165994318))
REPRESENTATION_ITEM('')
);
#63=(
BOUNDED_CURVE()
B_SPLINE_CURVE(2,(#6144,#6145,#6146),.UNSPECIFIED.,.F.,.F.)
B_SPLINE_CURVE_WITH_KNOTS((3,3),(0.741221406273484,0.891613837564683),
 .UNSPECIFIED.)
CURVE()
GEOMETRIC_REPRESENTATION_ITEM()
RATIONAL_B_SPLINE_CURVE((1.00243351610049,1.00247033519438,1.0024219132043))
REPRESENTATION_ITEM('')
);
#64=(
BOUNDED_CURVE()
B_SPLINE_CURVE(2,(#6150,#6151,#6152),.UNSPECIFIED.,.F.,.F.)
B_SPLINE_CURVE_WITH_KNOTS((3,3),(0.720750200536082,0.87114263182788),
 .UNSPECIFIED.)
CURVE()
GEOMETRIC_REPRESENTATION_ITEM()
RATIONAL_B_SPLINE_CURVE((1.00242191320867,1.00247033519884,1.00243351610488))
REPRESENTATION_ITEM('')
);
#65=(
BOUNDED_CURVE()
B_SPLINE_CURVE(2,(#6156,#6157,#6158),.UNSPECIFIED.,.F.,.F.)
B_SPLINE_CURVE_WITH_KNOTS((3,3),(0.37899317729998,0.536218224967537),
 .UNSPECIFIED.)
CURVE()
GEOMETRIC_REPRESENTATION_ITEM()
RATIONAL_B_SPLINE_CURVE((1.00176165994001,1.00201478703705,1.00217475177589))
REPRESENTATION_ITEM('')
);
#66=(
BOUNDED_CURVE()
B_SPLINE_CURVE(2,(#6162,#6163,#6164),.UNSPECIFIED.,.F.,.F.)
B_SPLINE_CURVE_WITH_KNOTS((3,3),(1.07614581313482,1.23337086080308),
 .UNSPECIFIED.)
CURVE()
GEOMETRIC_REPRESENTATION_ITEM()
RATIONAL_B_SPLINE_CURVE((1.00217475177981,1.00201478704069,1.00176165994319))
REPRESENTATION_ITEM('')
);
#67=(
BOUNDED_CURVE()
B_SPLINE_CURVE(2,(#6898,#6899,#6900),.UNSPECIFIED.,.F.,.F.)
B_SPLINE_CURVE_WITH_KNOTS((3,3),(0.418792069885113,0.469557072696223),
 .UNSPECIFIED.)
CURVE()
GEOMETRIC_REPRESENTATION_ITEM()
RATIONAL_B_SPLINE_CURVE((1.00105362521236,1.00107832875623,1.00109353963269))
REPRESENTATION_ITEM('')
);
#68=(
BOUNDED_CURVE()
B_SPLINE_CURVE(2,(#6944,#6945,#6946),.UNSPECIFIED.,.F.,.F.)
B_SPLINE_CURVE_WITH_KNOTS((3,3),(0.418792069885113,0.469557072696217),
 .UNSPECIFIED.)
CURVE()
GEOMETRIC_REPRESENTATION_ITEM()
RATIONAL_B_SPLINE_CURVE((1.00105362521236,1.00107832875623,1.00109353963269))
REPRESENTATION_ITEM('')
);
#69=CONICAL_SURFACE('',#4331,4.8,0.0531414087717367);
#70=CONICAL_SURFACE('',#4342,4.8,0.0531414087717367);
#71=CONICAL_SURFACE('',#4730,4.05000000103501,0.0531414087717371);
#72=STYLED_ITEM('',(#7332),#78);
#73=STYLED_ITEM('',(#7331),#79);
#74=STYLED_ITEM('',(#7331),#80);
#75=STYLED_ITEM('',(#7332),#81);
#76=STYLED_ITEM('',(#7333),#82);
#77=STYLED_ITEM('',(#7333),#83);
#78=MANIFOLD_SOLID_BREP('Solid1',#4271);
#79=MANIFOLD_SOLID_BREP('Solid2',#4272);
#80=MANIFOLD_SOLID_BREP('Solid3',#4273);
#81=MANIFOLD_SOLID_BREP('Solid4',#4274);
#82=MANIFOLD_SOLID_BREP('Solid5',#4275);
#83=MANIFOLD_SOLID_BREP('Solid6',#4276);
#84=FACE_BOUND('',#536,.T.);
#85=FACE_BOUND('',#538,.T.);
#86=FACE_BOUND('',#548,.T.);
#87=FACE_BOUND('',#550,.T.);
#88=FACE_BOUND('',#554,.T.);
#89=FACE_BOUND('',#555,.T.);
#90=FACE_BOUND('',#556,.T.);
#91=FACE_BOUND('',#557,.T.);
#92=FACE_BOUND('',#559,.T.);
#93=FACE_BOUND('',#560,.T.);
#94=FACE_BOUND('',#561,.T.);
#95=FACE_BOUND('',#562,.T.);
#96=FACE_BOUND('',#584,.T.);
#97=FACE_BOUND('',#585,.T.);
#98=FACE_BOUND('',#586,.T.);
#99=FACE_BOUND('',#587,.T.);
#100=FACE_BOUND('',#591,.T.);
#101=FACE_BOUND('',#592,.T.);
#102=FACE_BOUND('',#593,.T.);
#103=FACE_BOUND('',#595,.T.);
#104=FACE_BOUND('',#598,.T.);
#105=FACE_BOUND('',#674,.T.);
#106=FACE_BOUND('',#675,.T.);
#107=FACE_BOUND('',#676,.T.);
#108=FACE_BOUND('',#677,.T.);
#109=FACE_BOUND('',#680,.T.);
#110=FACE_BOUND('',#686,.T.);
#111=FACE_BOUND('',#687,.T.);
#112=FACE_BOUND('',#688,.T.);
#113=FACE_BOUND('',#689,.T.);
#114=PLANE('',#4305);
#115=PLANE('',#4306);
#116=PLANE('',#4310);
#117=PLANE('',#4311);
#118=PLANE('',#4315);
#119=PLANE('',#4316);
#120=PLANE('',#4323);
#121=PLANE('',#4324);
#122=PLANE('',#4359);
#123=PLANE('',#4360);
#124=PLANE('',#4361);
#125=PLANE('',#4362);
#126=PLANE('',#4363);
#127=PLANE('',#4367);
#128=PLANE('',#4369);
#129=PLANE('',#4372);
#130=PLANE('',#4373);
#131=PLANE('',#4374);
#132=PLANE('',#4375);
#133=PLANE('',#4376);
#134=PLANE('',#4377);
#135=PLANE('',#4378);
#136=PLANE('',#4379);
#137=PLANE('',#4380);
#138=PLANE('',#4381);
#139=PLANE('',#4388);
#140=PLANE('',#4389);
#141=PLANE('',#4390);
#142=PLANE('',#4391);
#143=PLANE('',#4392);
#144=PLANE('',#4397);
#145=PLANE('',#4398);
#146=PLANE('',#4399);
#147=PLANE('',#4400);
#148=PLANE('',#4401);
#149=PLANE('',#4402);
#150=PLANE('',#4403);
#151=PLANE('',#4404);
#152=PLANE('',#4405);
#153=PLANE('',#4406);
#154=PLANE('',#4407);
#155=PLANE('',#4408);
#156=PLANE('',#4409);
#157=PLANE('',#4410);
#158=PLANE('',#4411);
#159=PLANE('',#4412);
#160=PLANE('',#4413);
#161=PLANE('',#4414);
#162=PLANE('',#4415);
#163=PLANE('',#4416);
#164=PLANE('',#4417);
#165=PLANE('',#4418);
#166=PLANE('',#4419);
#167=PLANE('',#4420);
#168=PLANE('',#4421);
#169=PLANE('',#4422);
#170=PLANE('',#4423);
#171=PLANE('',#4424);
#172=PLANE('',#4425);
#173=PLANE('',#4426);
#174=PLANE('',#4427);
#175=PLANE('',#4428);
#176=PLANE('',#4429);
#177=PLANE('',#4430);
#178=PLANE('',#4431);
#179=PLANE('',#4432);
#180=PLANE('',#4433);
#181=PLANE('',#4434);
#182=PLANE('',#4435);
#183=PLANE('',#4436);
#184=PLANE('',#4437);
#185=PLANE('',#4438);
#186=PLANE('',#4439);
#187=PLANE('',#4440);
#188=PLANE('',#4441);
#189=PLANE('',#4442);
#190=PLANE('',#4443);
#191=PLANE('',#4444);
#192=PLANE('',#4445);
#193=PLANE('',#4446);
#194=PLANE('',#4447);
#195=PLANE('',#4448);
#196=PLANE('',#4449);
#197=PLANE('',#4450);
#198=PLANE('',#4451);
#199=PLANE('',#4452);
#200=PLANE('',#4453);
#201=PLANE('',#4454);
#202=PLANE('',#4455);
#203=PLANE('',#4456);
#204=PLANE('',#4457);
#205=PLANE('',#4482);
#206=PLANE('',#4483);
#207=PLANE('',#4488);
#208=PLANE('',#4493);
#209=PLANE('',#4494);
#210=PLANE('',#4495);
#211=PLANE('',#4496);
#212=PLANE('',#4497);
#213=PLANE('',#4498);
#214=PLANE('',#4505);
#215=PLANE('',#4509);
#216=PLANE('',#4513);
#217=PLANE('',#4517);
#218=PLANE('',#4521);
#219=PLANE('',#4522);
#220=PLANE('',#4526);
#221=PLANE('',#4530);
#222=PLANE('',#4534);
#223=PLANE('',#4538);
#224=PLANE('',#4549);
#225=PLANE('',#4560);
#226=PLANE('',#4561);
#227=PLANE('',#4562);
#228=PLANE('',#4563);
#229=PLANE('',#4564);
#230=PLANE('',#4565);
#231=PLANE('',#4566);
#232=PLANE('',#4567);
#233=PLANE('',#4568);
#234=PLANE('',#4569);
#235=PLANE('',#4570);
#236=PLANE('',#4571);
#237=PLANE('',#4572);
#238=PLANE('',#4573);
#239=PLANE('',#4574);
#240=PLANE('',#4575);
#241=PLANE('',#4576);
#242=PLANE('',#4577);
#243=PLANE('',#4578);
#244=PLANE('',#4579);
#245=PLANE('',#4580);
#246=PLANE('',#4581);
#247=PLANE('',#4582);
#248=PLANE('',#4583);
#249=PLANE('',#4584);
#250=PLANE('',#4585);
#251=PLANE('',#4586);
#252=PLANE('',#4587);
#253=PLANE('',#4588);
#254=PLANE('',#4589);
#255=PLANE('',#4590);
#256=PLANE('',#4591);
#257=PLANE('',#4592);
#258=PLANE('',#4593);
#259=PLANE('',#4594);
#260=PLANE('',#4595);
#261=PLANE('',#4596);
#262=PLANE('',#4597);
#263=PLANE('',#4598);
#264=PLANE('',#4599);
#265=PLANE('',#4600);
#266=PLANE('',#4601);
#267=PLANE('',#4602);
#268=PLANE('',#4603);
#269=PLANE('',#4604);
#270=PLANE('',#4605);
#271=PLANE('',#4606);
#272=PLANE('',#4607);
#273=FACE_OUTER_BOUND('',#533,.T.);
#274=FACE_OUTER_BOUND('',#534,.T.);
#275=FACE_OUTER_BOUND('',#535,.T.);
#276=FACE_OUTER_BOUND('',#537,.T.);
#277=FACE_OUTER_BOUND('',#539,.T.);
#278=FACE_OUTER_BOUND('',#540,.T.);
#279=FACE_OUTER_BOUND('',#541,.T.);
#280=FACE_OUTER_BOUND('',#542,.T.);
#281=FACE_OUTER_BOUND('',#543,.T.);
#282=FACE_OUTER_BOUND('',#544,.T.);
#283=FACE_OUTER_BOUND('',#545,.T.);
#284=FACE_OUTER_BOUND('',#546,.T.);
#285=FACE_OUTER_BOUND('',#547,.T.);
#286=FACE_OUTER_BOUND('',#549,.T.);
#287=FACE_OUTER_BOUND('',#551,.T.);
#288=FACE_OUTER_BOUND('',#552,.T.);
#289=FACE_OUTER_BOUND('',#553,.T.);
#290=FACE_OUTER_BOUND('',#558,.T.);
#291=FACE_OUTER_BOUND('',#563,.T.);
#292=FACE_OUTER_BOUND('',#564,.T.);
#293=FACE_OUTER_BOUND('',#565,.T.);
#294=FACE_OUTER_BOUND('',#566,.T.);
#295=FACE_OUTER_BOUND('',#567,.T.);
#296=FACE_OUTER_BOUND('',#568,.T.);
#297=FACE_OUTER_BOUND('',#569,.T.);
#298=FACE_OUTER_BOUND('',#570,.T.);
#299=FACE_OUTER_BOUND('',#571,.T.);
#300=FACE_OUTER_BOUND('',#572,.T.);
#301=FACE_OUTER_BOUND('',#573,.T.);
#302=FACE_OUTER_BOUND('',#574,.T.);
#303=FACE_OUTER_BOUND('',#575,.T.);
#304=FACE_OUTER_BOUND('',#576,.T.);
#305=FACE_OUTER_BOUND('',#577,.T.);
#306=FACE_OUTER_BOUND('',#578,.T.);
#307=FACE_OUTER_BOUND('',#579,.T.);
#308=FACE_OUTER_BOUND('',#580,.T.);
#309=FACE_OUTER_BOUND('',#581,.T.);
#310=FACE_OUTER_BOUND('',#582,.T.);
#311=FACE_OUTER_BOUND('',#583,.T.);
#312=FACE_OUTER_BOUND('',#588,.T.);
#313=FACE_OUTER_BOUND('',#589,.T.);
#314=FACE_OUTER_BOUND('',#590,.T.);
#315=FACE_OUTER_BOUND('',#594,.T.);
#316=FACE_OUTER_BOUND('',#596,.T.);
#317=FACE_OUTER_BOUND('',#597,.T.);
#318=FACE_OUTER_BOUND('',#599,.T.);
#319=FACE_OUTER_BOUND('',#600,.T.);
#320=FACE_OUTER_BOUND('',#601,.T.);
#321=FACE_OUTER_BOUND('',#602,.T.);
#322=FACE_OUTER_BOUND('',#603,.T.);
#323=FACE_OUTER_BOUND('',#604,.T.);
#324=FACE_OUTER_BOUND('',#605,.T.);
#325=FACE_OUTER_BOUND('',#606,.T.);
#326=FACE_OUTER_BOUND('',#607,.T.);
#327=FACE_OUTER_BOUND('',#608,.T.);
#328=FACE_OUTER_BOUND('',#609,.T.);
#329=FACE_OUTER_BOUND('',#610,.T.);
#330=FACE_OUTER_BOUND('',#611,.T.);
#331=FACE_OUTER_BOUND('',#612,.T.);
#332=FACE_OUTER_BOUND('',#613,.T.);
#333=FACE_OUTER_BOUND('',#614,.T.);
#334=FACE_OUTER_BOUND('',#615,.T.);
#335=FACE_OUTER_BOUND('',#616,.T.);
#336=FACE_OUTER_BOUND('',#617,.T.);
#337=FACE_OUTER_BOUND('',#618,.T.);
#338=FACE_OUTER_BOUND('',#619,.T.);
#339=FACE_OUTER_BOUND('',#620,.T.);
#340=FACE_OUTER_BOUND('',#621,.T.);
#341=FACE_OUTER_BOUND('',#622,.T.);
#342=FACE_OUTER_BOUND('',#623,.T.);
#343=FACE_OUTER_BOUND('',#624,.T.);
#344=FACE_OUTER_BOUND('',#625,.T.);
#345=FACE_OUTER_BOUND('',#626,.T.);
#346=FACE_OUTER_BOUND('',#627,.T.);
#347=FACE_OUTER_BOUND('',#628,.T.);
#348=FACE_OUTER_BOUND('',#629,.T.);
#349=FACE_OUTER_BOUND('',#630,.T.);
#350=FACE_OUTER_BOUND('',#631,.T.);
#351=FACE_OUTER_BOUND('',#632,.T.);
#352=FACE_OUTER_BOUND('',#633,.T.);
#353=FACE_OUTER_BOUND('',#634,.T.);
#354=FACE_OUTER_BOUND('',#635,.T.);
#355=FACE_OUTER_BOUND('',#636,.T.);
#356=FACE_OUTER_BOUND('',#637,.T.);
#357=FACE_OUTER_BOUND('',#638,.T.);
#358=FACE_OUTER_BOUND('',#639,.T.);
#359=FACE_OUTER_BOUND('',#640,.T.);
#360=FACE_OUTER_BOUND('',#641,.T.);
#361=FACE_OUTER_BOUND('',#642,.T.);
#362=FACE_OUTER_BOUND('',#643,.T.);
#363=FACE_OUTER_BOUND('',#644,.T.);
#364=FACE_OUTER_BOUND('',#645,.T.);
#365=FACE_OUTER_BOUND('',#646,.T.);
#366=FACE_OUTER_BOUND('',#647,.T.);
#367=FACE_OUTER_BOUND('',#648,.T.);
#368=FACE_OUTER_BOUND('',#649,.T.);
#369=FACE_OUTER_BOUND('',#650,.T.);
#370=FACE_OUTER_BOUND('',#651,.T.);
#371=FACE_OUTER_BOUND('',#652,.T.);
#372=FACE_OUTER_BOUND('',#653,.T.);
#373=FACE_OUTER_BOUND('',#654,.T.);
#374=FACE_OUTER_BOUND('',#655,.T.);
#375=FACE_OUTER_BOUND('',#656,.T.);
#376=FACE_OUTER_BOUND('',#657,.T.);
#377=FACE_OUTER_BOUND('',#658,.T.);
#378=FACE_OUTER_BOUND('',#659,.T.);
#379=FACE_OUTER_BOUND('',#660,.T.);
#380=FACE_OUTER_BOUND('',#661,.T.);
#381=FACE_OUTER_BOUND('',#662,.T.);
#382=FACE_OUTER_BOUND('',#663,.T.);
#383=FACE_OUTER_BOUND('',#664,.T.);
#384=FACE_OUTER_BOUND('',#665,.T.);
#385=FACE_OUTER_BOUND('',#666,.T.);
#386=FACE_OUTER_BOUND('',#667,.T.);
#387=FACE_OUTER_BOUND('',#668,.T.);
#388=FACE_OUTER_BOUND('',#669,.T.);
#389=FACE_OUTER_BOUND('',#670,.T.);
#390=FACE_OUTER_BOUND('',#671,.T.);
#391=FACE_OUTER_BOUND('',#672,.T.);
#392=FACE_OUTER_BOUND('',#673,.T.);
#393=FACE_OUTER_BOUND('',#678,.T.);
#394=FACE_OUTER_BOUND('',#679,.T.);
#395=FACE_OUTER_BOUND('',#681,.T.);
#396=FACE_OUTER_BOUND('',#682,.T.);
#397=FACE_OUTER_BOUND('',#683,.T.);
#398=FACE_OUTER_BOUND('',#684,.T.);
#399=FACE_OUTER_BOUND('',#685,.T.);
#400=FACE_OUTER_BOUND('',#690,.T.);
#401=FACE_OUTER_BOUND('',#691,.T.);
#402=FACE_OUTER_BOUND('',#692,.T.);
#403=FACE_OUTER_BOUND('',#693,.T.);
#404=FACE_OUTER_BOUND('',#694,.T.);
#405=FACE_OUTER_BOUND('',#695,.T.);
#406=FACE_OUTER_BOUND('',#696,.T.);
#407=FACE_OUTER_BOUND('',#697,.T.);
#408=FACE_OUTER_BOUND('',#698,.T.);
#409=FACE_OUTER_BOUND('',#699,.T.);
#410=FACE_OUTER_BOUND('',#700,.T.);
#411=FACE_OUTER_BOUND('',#701,.T.);
#412=FACE_OUTER_BOUND('',#702,.T.);
#413=FACE_OUTER_BOUND('',#703,.T.);
#414=FACE_OUTER_BOUND('',#704,.T.);
#415=FACE_OUTER_BOUND('',#705,.T.);
#416=FACE_OUTER_BOUND('',#706,.T.);
#417=FACE_OUTER_BOUND('',#707,.T.);
#418=FACE_OUTER_BOUND('',#708,.T.);
#419=FACE_OUTER_BOUND('',#709,.T.);
#420=FACE_OUTER_BOUND('',#710,.T.);
#421=FACE_OUTER_BOUND('',#711,.T.);
#422=FACE_OUTER_BOUND('',#712,.T.);
#423=FACE_OUTER_BOUND('',#713,.T.);
#424=FACE_OUTER_BOUND('',#714,.T.);
#425=FACE_OUTER_BOUND('',#715,.T.);
#426=FACE_OUTER_BOUND('',#716,.T.);
#427=FACE_OUTER_BOUND('',#717,.T.);
#428=FACE_OUTER_BOUND('',#718,.T.);
#429=FACE_OUTER_BOUND('',#719,.T.);
#430=FACE_OUTER_BOUND('',#720,.T.);
#431=FACE_OUTER_BOUND('',#721,.T.);
#432=FACE_OUTER_BOUND('',#722,.T.);
#433=FACE_OUTER_BOUND('',#723,.T.);
#434=FACE_OUTER_BOUND('',#724,.T.);
#435=FACE_OUTER_BOUND('',#725,.T.);
#436=FACE_OUTER_BOUND('',#726,.T.);
#437=FACE_OUTER_BOUND('',#727,.T.);
#438=FACE_OUTER_BOUND('',#728,.T.);
#439=FACE_OUTER_BOUND('',#729,.T.);
#440=FACE_OUTER_BOUND('',#730,.T.);
#441=FACE_OUTER_BOUND('',#731,.T.);
#442=FACE_OUTER_BOUND('',#732,.T.);
#443=FACE_OUTER_BOUND('',#733,.T.);
#444=FACE_OUTER_BOUND('',#734,.T.);
#445=FACE_OUTER_BOUND('',#735,.T.);
#446=FACE_OUTER_BOUND('',#736,.T.);
#447=FACE_OUTER_BOUND('',#737,.T.);
#448=FACE_OUTER_BOUND('',#738,.T.);
#449=FACE_OUTER_BOUND('',#739,.T.);
#450=FACE_OUTER_BOUND('',#740,.T.);
#451=FACE_OUTER_BOUND('',#741,.T.);
#452=FACE_OUTER_BOUND('',#742,.T.);
#453=FACE_OUTER_BOUND('',#743,.T.);
#454=FACE_OUTER_BOUND('',#744,.T.);
#455=FACE_OUTER_BOUND('',#745,.T.);
#456=FACE_OUTER_BOUND('',#746,.T.);
#457=FACE_OUTER_BOUND('',#747,.T.);
#458=FACE_OUTER_BOUND('',#748,.T.);
#459=FACE_OUTER_BOUND('',#749,.T.);
#460=FACE_OUTER_BOUND('',#750,.T.);
#461=FACE_OUTER_BOUND('',#751,.T.);
#462=FACE_OUTER_BOUND('',#752,.T.);
#463=FACE_OUTER_BOUND('',#753,.T.);
#464=FACE_OUTER_BOUND('',#754,.T.);
#465=FACE_OUTER_BOUND('',#755,.T.);
#466=FACE_OUTER_BOUND('',#756,.T.);
#467=FACE_OUTER_BOUND('',#757,.T.);
#468=FACE_OUTER_BOUND('',#758,.T.);
#469=FACE_OUTER_BOUND('',#759,.T.);
#470=FACE_OUTER_BOUND('',#760,.T.);
#471=FACE_OUTER_BOUND('',#761,.T.);
#472=FACE_OUTER_BOUND('',#762,.T.);
#473=FACE_OUTER_BOUND('',#763,.T.);
#474=FACE_OUTER_BOUND('',#764,.T.);
#475=FACE_OUTER_BOUND('',#765,.T.);
#476=FACE_OUTER_BOUND('',#766,.T.);
#477=FACE_OUTER_BOUND('',#767,.T.);
#478=FACE_OUTER_BOUND('',#768,.T.);
#479=FACE_OUTER_BOUND('',#769,.T.);
#480=FACE_OUTER_BOUND('',#770,.T.);
#481=FACE_OUTER_BOUND('',#771,.T.);
#482=FACE_OUTER_BOUND('',#772,.T.);
#483=FACE_OUTER_BOUND('',#773,.T.);
#484=FACE_OUTER_BOUND('',#774,.T.);
#485=FACE_OUTER_BOUND('',#775,.T.);
#486=FACE_OUTER_BOUND('',#776,.T.);
#487=FACE_OUTER_BOUND('',#777,.T.);
#488=FACE_OUTER_BOUND('',#778,.T.);
#489=FACE_OUTER_BOUND('',#779,.T.);
#490=FACE_OUTER_BOUND('',#780,.T.);
#491=FACE_OUTER_BOUND('',#781,.T.);
#492=FACE_OUTER_BOUND('',#782,.T.);
#493=FACE_OUTER_BOUND('',#783,.T.);
#494=FACE_OUTER_BOUND('',#784,.T.);
#495=FACE_OUTER_BOUND('',#785,.T.);
#496=FACE_OUTER_BOUND('',#786,.T.);
#497=FACE_OUTER_BOUND('',#787,.T.);
#498=FACE_OUTER_BOUND('',#788,.T.);
#499=FACE_OUTER_BOUND('',#789,.T.);
#500=FACE_OUTER_BOUND('',#790,.T.);
#501=FACE_OUTER_BOUND('',#791,.T.);
#502=FACE_OUTER_BOUND('',#792,.T.);
#503=FACE_OUTER_BOUND('',#793,.T.);
#504=FACE_OUTER_BOUND('',#794,.T.);
#505=FACE_OUTER_BOUND('',#795,.T.);
#506=FACE_OUTER_BOUND('',#796,.T.);
#507=FACE_OUTER_BOUND('',#797,.T.);
#508=FACE_OUTER_BOUND('',#798,.T.);
#509=FACE_OUTER_BOUND('',#799,.T.);
#510=FACE_OUTER_BOUND('',#800,.T.);
#511=FACE_OUTER_BOUND('',#801,.T.);
#512=FACE_OUTER_BOUND('',#802,.T.);
#513=FACE_OUTER_BOUND('',#803,.T.);
#514=FACE_OUTER_BOUND('',#804,.T.);
#515=FACE_OUTER_BOUND('',#805,.T.);
#516=FACE_OUTER_BOUND('',#806,.T.);
#517=FACE_OUTER_BOUND('',#807,.T.);
#518=FACE_OUTER_BOUND('',#808,.T.);
#519=FACE_OUTER_BOUND('',#809,.T.);
#520=FACE_OUTER_BOUND('',#810,.T.);
#521=FACE_OUTER_BOUND('',#811,.T.);
#522=FACE_OUTER_BOUND('',#812,.T.);
#523=FACE_OUTER_BOUND('',#813,.T.);
#524=FACE_OUTER_BOUND('',#814,.T.);
#525=FACE_OUTER_BOUND('',#815,.T.);
#526=FACE_OUTER_BOUND('',#816,.T.);
#527=FACE_OUTER_BOUND('',#817,.T.);
#528=FACE_OUTER_BOUND('',#818,.T.);
#529=FACE_OUTER_BOUND('',#819,.T.);
#530=FACE_OUTER_BOUND('',#820,.T.);
#531=FACE_OUTER_BOUND('',#821,.T.);
#532=FACE_OUTER_BOUND('',#822,.T.);
#533=EDGE_LOOP('',(#2757,#2758,#2759,#2760));
#534=EDGE_LOOP('',(#2761,#2762,#2763,#2764));
#535=EDGE_LOOP('',(#2765));
#536=EDGE_LOOP('',(#2766));
#537=EDGE_LOOP('',(#2767));
#538=EDGE_LOOP('',(#2768));
#539=EDGE_LOOP('',(#2769,#2770,#2771,#2772));
#540=EDGE_LOOP('',(#2773));
#541=EDGE_LOOP('',(#2774));
#542=EDGE_LOOP('',(#2775,#2776,#2777,#2778));
#543=EDGE_LOOP('',(#2779));
#544=EDGE_LOOP('',(#2780));
#545=EDGE_LOOP('',(#2781,#2782,#2783,#2784));
#546=EDGE_LOOP('',(#2785,#2786,#2787,#2788));
#547=EDGE_LOOP('',(#2789));
#548=EDGE_LOOP('',(#2790));
#549=EDGE_LOOP('',(#2791));
#550=EDGE_LOOP('',(#2792));
#551=EDGE_LOOP('',(#2793,#2794,#2795,#2796));
#552=EDGE_LOOP('',(#2797,#2798,#2799,#2800));
#553=EDGE_LOOP('',(#2801,#2802,#2803,#2804));
#554=EDGE_LOOP('',(#2805,#2806,#2807,#2808));
#555=EDGE_LOOP('',(#2809,#2810,#2811,#2812));
#556=EDGE_LOOP('',(#2813,#2814,#2815,#2816));
#557=EDGE_LOOP('',(#2817,#2818,#2819,#2820));
#558=EDGE_LOOP('',(#2821,#2822,#2823,#2824));
#559=EDGE_LOOP('',(#2825,#2826,#2827,#2828));
#560=EDGE_LOOP('',(#2829,#2830,#2831,#2832));
#561=EDGE_LOOP('',(#2833,#2834,#2835,#2836));
#562=EDGE_LOOP('',(#2837,#2838,#2839,#2840));
#563=EDGE_LOOP('',(#2841,#2842,#2843,#2844));
#564=EDGE_LOOP('',(#2845,#2846,#2847,#2848));
#565=EDGE_LOOP('',(#2849,#2850,#2851,#2852));
#566=EDGE_LOOP('',(#2853,#2854,#2855,#2856));
#567=EDGE_LOOP('',(#2857,#2858,#2859,#2860));
#568=EDGE_LOOP('',(#2861,#2862,#2863,#2864));
#569=EDGE_LOOP('',(#2865,#2866,#2867,#2868));
#570=EDGE_LOOP('',(#2869,#2870,#2871,#2872));
#571=EDGE_LOOP('',(#2873,#2874,#2875,#2876));
#572=EDGE_LOOP('',(#2877,#2878,#2879,#2880));
#573=EDGE_LOOP('',(#2881,#2882,#2883,#2884));
#574=EDGE_LOOP('',(#2885,#2886,#2887,#2888));
#575=EDGE_LOOP('',(#2889,#2890,#2891,#2892));
#576=EDGE_LOOP('',(#2893,#2894,#2895,#2896));
#577=EDGE_LOOP('',(#2897,#2898,#2899,#2900));
#578=EDGE_LOOP('',(#2901,#2902,#2903,#2904));
#579=EDGE_LOOP('',(#2905,#2906,#2907,#2908));
#580=EDGE_LOOP('',(#2909,#2910,#2911,#2912));
#581=EDGE_LOOP('',(#2913,#2914,#2915,#2916));
#582=EDGE_LOOP('',(#2917,#2918,#2919,#2920));
#583=EDGE_LOOP('',(#2921,#2922,#2923,#2924,#2925,#2926,#2927,#2928));
#584=EDGE_LOOP('',(#2929,#2930,#2931,#2932));
#585=EDGE_LOOP('',(#2933,#2934,#2935,#2936));
#586=EDGE_LOOP('',(#2937,#2938,#2939,#2940));
#587=EDGE_LOOP('',(#2941,#2942,#2943,#2944));
#588=EDGE_LOOP('',(#2945,#2946,#2947,#2948));
#589=EDGE_LOOP('',(#2949,#2950,#2951,#2952));
#590=EDGE_LOOP('',(#2953,#2954,#2955,#2956,#2957,#2958,#2959,#2960));
#591=EDGE_LOOP('',(#2961,#2962,#2963,#2964));
#592=EDGE_LOOP('',(#2965,#2966,#2967,#2968));
#593=EDGE_LOOP('',(#2969,#2970,#2971,#2972));
#594=EDGE_LOOP('',(#2973,#2974,#2975,#2976));
#595=EDGE_LOOP('',(#2977));
#596=EDGE_LOOP('',(#2978,#2979,#2980,#2981));
#597=EDGE_LOOP('',(#2982,#2983,#2984,#2985));
#598=EDGE_LOOP('',(#2986));
#599=EDGE_LOOP('',(#2987,#2988,#2989,#2990,#2991,#2992,#2993,#2994,#2995,
#2996,#2997,#2998,#2999,#3000,#3001,#3002));
#600=EDGE_LOOP('',(#3003,#3004,#3005,#3006));
#601=EDGE_LOOP('',(#3007,#3008,#3009,#3010));
#602=EDGE_LOOP('',(#3011,#3012,#3013,#3014));
#603=EDGE_LOOP('',(#3015,#3016,#3017,#3018));
#604=EDGE_LOOP('',(#3019,#3020,#3021,#3022));
#605=EDGE_LOOP('',(#3023,#3024,#3025,#3026));
#606=EDGE_LOOP('',(#3027,#3028,#3029,#3030));
#607=EDGE_LOOP('',(#3031,#3032,#3033,#3034));
#608=EDGE_LOOP('',(#3035,#3036,#3037,#3038));
#609=EDGE_LOOP('',(#3039,#3040,#3041,#3042));
#610=EDGE_LOOP('',(#3043,#3044,#3045,#3046));
#611=EDGE_LOOP('',(#3047,#3048,#3049,#3050));
#612=EDGE_LOOP('',(#3051,#3052,#3053,#3054));
#613=EDGE_LOOP('',(#3055,#3056,#3057,#3058));
#614=EDGE_LOOP('',(#3059,#3060,#3061,#3062));
#615=EDGE_LOOP('',(#3063,#3064,#3065,#3066));
#616=EDGE_LOOP('',(#3067,#3068,#3069,#3070));
#617=EDGE_LOOP('',(#3071,#3072,#3073,#3074));
#618=EDGE_LOOP('',(#3075,#3076,#3077,#3078));
#619=EDGE_LOOP('',(#3079,#3080,#3081,#3082));
#620=EDGE_LOOP('',(#3083,#3084,#3085,#3086));
#621=EDGE_LOOP('',(#3087,#3088,#3089,#3090));
#622=EDGE_LOOP('',(#3091,#3092,#3093,#3094));
#623=EDGE_LOOP('',(#3095,#3096,#3097,#3098));
#624=EDGE_LOOP('',(#3099,#3100,#3101,#3102));
#625=EDGE_LOOP('',(#3103,#3104,#3105,#3106));
#626=EDGE_LOOP('',(#3107));
#627=EDGE_LOOP('',(#3108,#3109,#3110,#3111));
#628=EDGE_LOOP('',(#3112));
#629=EDGE_LOOP('',(#3113,#3114,#3115,#3116));
#630=EDGE_LOOP('',(#3117,#3118,#3119,#3120));
#631=EDGE_LOOP('',(#3121,#3122,#3123,#3124));
#632=EDGE_LOOP('',(#3125,#3126,#3127,#3128));
#633=EDGE_LOOP('',(#3129,#3130,#3131,#3132));
#634=EDGE_LOOP('',(#3133,#3134,#3135,#3136));
#635=EDGE_LOOP('',(#3137,#3138,#3139,#3140));
#636=EDGE_LOOP('',(#3141,#3142,#3143,#3144));
#637=EDGE_LOOP('',(#3145,#3146,#3147,#3148));
#638=EDGE_LOOP('',(#3149,#3150,#3151,#3152));
#639=EDGE_LOOP('',(#3153,#3154,#3155,#3156));
#640=EDGE_LOOP('',(#3157,#3158,#3159,#3160));
#641=EDGE_LOOP('',(#3161,#3162,#3163,#3164));
#642=EDGE_LOOP('',(#3165,#3166,#3167,#3168));
#643=EDGE_LOOP('',(#3169,#3170,#3171,#3172));
#644=EDGE_LOOP('',(#3173,#3174,#3175,#3176));
#645=EDGE_LOOP('',(#3177,#3178,#3179,#3180));
#646=EDGE_LOOP('',(#3181,#3182,#3183,#3184));
#647=EDGE_LOOP('',(#3185,#3186,#3187,#3188));
#648=EDGE_LOOP('',(#3189,#3190,#3191,#3192));
#649=EDGE_LOOP('',(#3193,#3194,#3195,#3196));
#650=EDGE_LOOP('',(#3197,#3198,#3199,#3200));
#651=EDGE_LOOP('',(#3201,#3202,#3203,#3204));
#652=EDGE_LOOP('',(#3205,#3206,#3207,#3208));
#653=EDGE_LOOP('',(#3209,#3210,#3211,#3212));
#654=EDGE_LOOP('',(#3213,#3214,#3215,#3216));
#655=EDGE_LOOP('',(#3217,#3218,#3219,#3220));
#656=EDGE_LOOP('',(#3221,#3222,#3223,#3224));
#657=EDGE_LOOP('',(#3225,#3226,#3227,#3228));
#658=EDGE_LOOP('',(#3229,#3230,#3231,#3232));
#659=EDGE_LOOP('',(#3233,#3234,#3235,#3236));
#660=EDGE_LOOP('',(#3237,#3238,#3239,#3240));
#661=EDGE_LOOP('',(#3241,#3242,#3243,#3244));
#662=EDGE_LOOP('',(#3245,#3246,#3247,#3248));
#663=EDGE_LOOP('',(#3249,#3250,#3251,#3252));
#664=EDGE_LOOP('',(#3253,#3254,#3255));
#665=EDGE_LOOP('',(#3256,#3257,#3258));
#666=EDGE_LOOP('',(#3259,#3260,#3261,#3262));
#667=EDGE_LOOP('',(#3263,#3264,#3265,#3266));
#668=EDGE_LOOP('',(#3267,#3268,#3269,#3270));
#669=EDGE_LOOP('',(#3271,#3272,#3273,#3274));
#670=EDGE_LOOP('',(#3275,#3276,#3277));
#671=EDGE_LOOP('',(#3278,#3279,#3280));
#672=EDGE_LOOP('',(#3281,#3282,#3283,#3284));
#673=EDGE_LOOP('',(#3285,#3286,#3287,#3288,#3289,#3290,#3291,#3292,#3293,
#3294));
#674=EDGE_LOOP('',(#3295,#3296,#3297,#3298));
#675=EDGE_LOOP('',(#3299,#3300,#3301,#3302));
#676=EDGE_LOOP('',(#3303,#3304,#3305,#3306));
#677=EDGE_LOOP('',(#3307,#3308,#3309,#3310));
#678=EDGE_LOOP('',(#3311,#3312,#3313,#3314,#3315,#3316,#3317,#3318,#3319,
#3320,#3321,#3322,#3323,#3324,#3325,#3326));
#679=EDGE_LOOP('',(#3327,#3328,#3329,#3330));
#680=EDGE_LOOP('',(#3331,#3332,#3333,#3334,#3335,#3336,#3337,#3338));
#681=EDGE_LOOP('',(#3339,#3340,#3341,#3342));
#682=EDGE_LOOP('',(#3343,#3344,#3345,#3346));
#683=EDGE_LOOP('',(#3347,#3348,#3349,#3350));
#684=EDGE_LOOP('',(#3351,#3352,#3353,#3354));
#685=EDGE_LOOP('',(#3355,#3356,#3357,#3358,#3359,#3360,#3361,#3362,#3363,
#3364));
#686=EDGE_LOOP('',(#3365,#3366,#3367,#3368));
#687=EDGE_LOOP('',(#3369,#3370,#3371,#3372));
#688=EDGE_LOOP('',(#3373,#3374,#3375,#3376));
#689=EDGE_LOOP('',(#3377,#3378,#3379,#3380));
#690=EDGE_LOOP('',(#3381,#3382,#3383,#3384));
#691=EDGE_LOOP('',(#3385,#3386,#3387,#3388));
#692=EDGE_LOOP('',(#3389,#3390,#3391,#3392));
#693=EDGE_LOOP('',(#3393,#3394,#3395,#3396));
#694=EDGE_LOOP('',(#3397,#3398,#3399,#3400));
#695=EDGE_LOOP('',(#3401,#3402,#3403,#3404));
#696=EDGE_LOOP('',(#3405,#3406,#3407,#3408));
#697=EDGE_LOOP('',(#3409,#3410,#3411,#3412));
#698=EDGE_LOOP('',(#3413,#3414,#3415,#3416));
#699=EDGE_LOOP('',(#3417,#3418,#3419,#3420));
#700=EDGE_LOOP('',(#3421,#3422,#3423,#3424));
#701=EDGE_LOOP('',(#3425,#3426,#3427,#3428));
#702=EDGE_LOOP('',(#3429,#3430,#3431,#3432));
#703=EDGE_LOOP('',(#3433,#3434,#3435,#3436));
#704=EDGE_LOOP('',(#3437,#3438,#3439,#3440));
#705=EDGE_LOOP('',(#3441,#3442,#3443,#3444));
#706=EDGE_LOOP('',(#3445,#3446,#3447,#3448));
#707=EDGE_LOOP('',(#3449,#3450,#3451,#3452));
#708=EDGE_LOOP('',(#3453,#3454,#3455,#3456));
#709=EDGE_LOOP('',(#3457,#3458,#3459,#3460));
#710=EDGE_LOOP('',(#3461,#3462,#3463,#3464,#3465,#3466,#3467,#3468,#3469,
#3470,#3471,#3472,#3473,#3474,#3475,#3476,#3477,#3478,#3479,#3480,#3481,
#3482));
#711=EDGE_LOOP('',(#3483,#3484,#3485,#3486,#3487,#3488,#3489,#3490,#3491,
#3492,#3493,#3494,#3495,#3496,#3497,#3498,#3499,#3500,#3501,#3502,#3503,
#3504));
#712=EDGE_LOOP('',(#3505,#3506,#3507,#3508));
#713=EDGE_LOOP('',(#3509,#3510,#3511,#3512));
#714=EDGE_LOOP('',(#3513,#3514,#3515,#3516));
#715=EDGE_LOOP('',(#3517,#3518,#3519,#3520));
#716=EDGE_LOOP('',(#3521,#3522,#3523,#3524));
#717=EDGE_LOOP('',(#3525,#3526,#3527,#3528));
#718=EDGE_LOOP('',(#3529,#3530,#3531,#3532));
#719=EDGE_LOOP('',(#3533,#3534,#3535,#3536));
#720=EDGE_LOOP('',(#3537,#3538,#3539,#3540));
#721=EDGE_LOOP('',(#3541,#3542,#3543,#3544));
#722=EDGE_LOOP('',(#3545,#3546,#3547,#3548));
#723=EDGE_LOOP('',(#3549,#3550,#3551,#3552));
#724=EDGE_LOOP('',(#3553,#3554,#3555,#3556));
#725=EDGE_LOOP('',(#3557,#3558,#3559,#3560));
#726=EDGE_LOOP('',(#3561,#3562,#3563,#3564));
#727=EDGE_LOOP('',(#3565,#3566,#3567,#3568));
#728=EDGE_LOOP('',(#3569,#3570,#3571,#3572));
#729=EDGE_LOOP('',(#3573,#3574,#3575,#3576));
#730=EDGE_LOOP('',(#3577,#3578,#3579,#3580));
#731=EDGE_LOOP('',(#3581,#3582,#3583,#3584));
#732=EDGE_LOOP('',(#3585,#3586,#3587,#3588));
#733=EDGE_LOOP('',(#3589,#3590,#3591,#3592));
#734=EDGE_LOOP('',(#3593,#3594,#3595,#3596));
#735=EDGE_LOOP('',(#3597,#3598,#3599,#3600));
#736=EDGE_LOOP('',(#3601,#3602,#3603,#3604));
#737=EDGE_LOOP('',(#3605,#3606,#3607,#3608));
#738=EDGE_LOOP('',(#3609,#3610,#3611,#3612));
#739=EDGE_LOOP('',(#3613,#3614,#3615,#3616));
#740=EDGE_LOOP('',(#3617,#3618,#3619,#3620));
#741=EDGE_LOOP('',(#3621,#3622,#3623,#3624));
#742=EDGE_LOOP('',(#3625,#3626,#3627,#3628));
#743=EDGE_LOOP('',(#3629,#3630,#3631,#3632));
#744=EDGE_LOOP('',(#3633,#3634,#3635,#3636));
#745=EDGE_LOOP('',(#3637,#3638,#3639,#3640));
#746=EDGE_LOOP('',(#3641,#3642,#3643,#3644));
#747=EDGE_LOOP('',(#3645,#3646,#3647,#3648));
#748=EDGE_LOOP('',(#3649,#3650,#3651,#3652));
#749=EDGE_LOOP('',(#3653,#3654,#3655,#3656));
#750=EDGE_LOOP('',(#3657,#3658,#3659,#3660));
#751=EDGE_LOOP('',(#3661,#3662,#3663,#3664));
#752=EDGE_LOOP('',(#3665,#3666,#3667,#3668));
#753=EDGE_LOOP('',(#3669,#3670,#3671,#3672));
#754=EDGE_LOOP('',(#3673,#3674,#3675,#3676));
#755=EDGE_LOOP('',(#3677,#3678,#3679,#3680));
#756=EDGE_LOOP('',(#3681,#3682,#3683,#3684));
#757=EDGE_LOOP('',(#3685,#3686,#3687,#3688));
#758=EDGE_LOOP('',(#3689,#3690,#3691,#3692));
#759=EDGE_LOOP('',(#3693,#3694,#3695,#3696));
#760=EDGE_LOOP('',(#3697,#3698,#3699,#3700));
#761=EDGE_LOOP('',(#3701,#3702,#3703,#3704));
#762=EDGE_LOOP('',(#3705,#3706,#3707,#3708));
#763=EDGE_LOOP('',(#3709,#3710,#3711,#3712));
#764=EDGE_LOOP('',(#3713,#3714,#3715));
#765=EDGE_LOOP('',(#3716,#3717,#3718));
#766=EDGE_LOOP('',(#3719,#3720,#3721,#3722));
#767=EDGE_LOOP('',(#3723,#3724,#3725,#3726));
#768=EDGE_LOOP('',(#3727,#3728,#3729,#3730));
#769=EDGE_LOOP('',(#3731,#3732,#3733,#3734));
#770=EDGE_LOOP('',(#3735,#3736,#3737,#3738));
#771=EDGE_LOOP('',(#3739,#3740,#3741));
#772=EDGE_LOOP('',(#3742,#3743,#3744));
#773=EDGE_LOOP('',(#3745,#3746,#3747,#3748));
#774=EDGE_LOOP('',(#3749,#3750,#3751,#3752));
#775=EDGE_LOOP('',(#3753,#3754,#3755));
#776=EDGE_LOOP('',(#3756,#3757,#3758,#3759));
#777=EDGE_LOOP('',(#3760,#3761,#3762));
#778=EDGE_LOOP('',(#3763,#3764,#3765,#3766));
#779=EDGE_LOOP('',(#3767,#3768,#3769));
#780=EDGE_LOOP('',(#3770,#3771,#3772,#3773));
#781=EDGE_LOOP('',(#3774,#3775,#3776));
#782=EDGE_LOOP('',(#3777,#3778,#3779,#3780));
#783=EDGE_LOOP('',(#3781,#3782,#3783,#3784));
#784=EDGE_LOOP('',(#3785,#3786,#3787,#3788));
#785=EDGE_LOOP('',(#3789,#3790,#3791,#3792));
#786=EDGE_LOOP('',(#3793,#3794,#3795,#3796));
#787=EDGE_LOOP('',(#3797,#3798,#3799,#3800));
#788=EDGE_LOOP('',(#3801,#3802,#3803,#3804));
#789=EDGE_LOOP('',(#3805,#3806,#3807,#3808));
#790=EDGE_LOOP('',(#3809,#3810,#3811,#3812));
#791=EDGE_LOOP('',(#3813,#3814,#3815,#3816));
#792=EDGE_LOOP('',(#3817,#3818,#3819,#3820));
#793=EDGE_LOOP('',(#3821,#3822,#3823,#3824));
#794=EDGE_LOOP('',(#3825,#3826,#3827,#3828));
#795=EDGE_LOOP('',(#3829,#3830,#3831,#3832));
#796=EDGE_LOOP('',(#3833,#3834,#3835,#3836));
#797=EDGE_LOOP('',(#3837,#3838,#3839,#3840));
#798=EDGE_LOOP('',(#3841,#3842,#3843,#3844));
#799=EDGE_LOOP('',(#3845,#3846,#3847,#3848));
#800=EDGE_LOOP('',(#3849,#3850,#3851,#3852));
#801=EDGE_LOOP('',(#3853,#3854,#3855,#3856));
#802=EDGE_LOOP('',(#3857,#3858,#3859,#3860));
#803=EDGE_LOOP('',(#3861,#3862,#3863,#3864));
#804=EDGE_LOOP('',(#3865,#3866,#3867,#3868));
#805=EDGE_LOOP('',(#3869,#3870,#3871,#3872));
#806=EDGE_LOOP('',(#3873,#3874,#3875,#3876));
#807=EDGE_LOOP('',(#3877,#3878,#3879,#3880));
#808=EDGE_LOOP('',(#3881,#3882,#3883,#3884));
#809=EDGE_LOOP('',(#3885,#3886,#3887,#3888));
#810=EDGE_LOOP('',(#3889,#3890,#3891,#3892));
#811=EDGE_LOOP('',(#3893,#3894,#3895,#3896));
#812=EDGE_LOOP('',(#3897,#3898,#3899,#3900));
#813=EDGE_LOOP('',(#3901,#3902,#3903,#3904));
#814=EDGE_LOOP('',(#3905,#3906,#3907,#3908));
#815=EDGE_LOOP('',(#3909,#3910,#3911,#3912));
#816=EDGE_LOOP('',(#3913,#3914,#3915,#3916));
#817=EDGE_LOOP('',(#3917,#3918,#3919,#3920));
#818=EDGE_LOOP('',(#3921,#3922,#3923,#3924));
#819=EDGE_LOOP('',(#3925,#3926,#3927,#3928));
#820=EDGE_LOOP('',(#3929,#3930,#3931,#3932));
#821=EDGE_LOOP('',(#3933,#3934,#3935,#3936));
#822=EDGE_LOOP('',(#3937,#3938,#3939,#3940,#3941,#3942,#3943,#3944));
#823=LINE('',#6000,#1221);
#824=LINE('',#6006,#1222);
#825=LINE('',#6014,#1223);
#826=LINE('',#6022,#1224);
#827=LINE('',#6030,#1225);
#828=LINE('',#6036,#1226);
#829=LINE('',#6045,#1227);
#830=LINE('',#6048,#1228);
#831=LINE('',#6054,#1229);
#832=LINE('',#6057,#1230);
#833=LINE('',#6062,#1231);
#834=LINE('',#6116,#1232);
#835=LINE('',#6171,#1233);
#836=LINE('',#6174,#1234);
#837=LINE('',#6180,#1235);
#838=LINE('',#6183,#1236);
#839=LINE('',#6186,#1237);
#840=LINE('',#6188,#1238);
#841=LINE('',#6189,#1239);
#842=LINE('',#6191,#1240);
#843=LINE('',#6192,#1241);
#844=LINE('',#6194,#1242);
#845=LINE('',#6195,#1243);
#846=LINE('',#6198,#1244);
#847=LINE('',#6200,#1245);
#848=LINE('',#6201,#1246);
#849=LINE('',#6204,#1247);
#850=LINE('',#6209,#1248);
#851=LINE('',#6212,#1249);
#852=LINE('',#6215,#1250);
#853=LINE('',#6218,#1251);
#854=LINE('',#6221,#1252);
#855=LINE('',#6224,#1253);
#856=LINE('',#6226,#1254);
#857=LINE('',#6227,#1255);
#858=LINE('',#6229,#1256);
#859=LINE('',#6230,#1257);
#860=LINE('',#6232,#1258);
#861=LINE('',#6233,#1259);
#862=LINE('',#6236,#1260);
#863=LINE('',#6238,#1261);
#864=LINE('',#6239,#1262);
#865=LINE('',#6241,#1263);
#866=LINE('',#6243,#1264);
#867=LINE('',#6245,#1265);
#868=LINE('',#6247,#1266);
#869=LINE('',#6251,#1267);
#870=LINE('',#6253,#1268);
#871=LINE('',#6255,#1269);
#872=LINE('',#6257,#1270);
#873=LINE('',#6259,#1271);
#874=LINE('',#6261,#1272);
#875=LINE('',#6263,#1273);
#876=LINE('',#6264,#1274);
#877=LINE('',#6267,#1275);
#878=LINE('',#6269,#1276);
#879=LINE('',#6271,#1277);
#880=LINE('',#6272,#1278);
#881=LINE('',#6275,#1279);
#882=LINE('',#6277,#1280);
#883=LINE('',#6279,#1281);
#884=LINE('',#6280,#1282);
#885=LINE('',#6283,#1283);
#886=LINE('',#6285,#1284);
#887=LINE('',#6287,#1285);
#888=LINE('',#6288,#1286);
#889=LINE('',#6291,#1287);
#890=LINE('',#6293,#1288);
#891=LINE('',#6295,#1289);
#892=LINE('',#6296,#1290);
#893=LINE('',#6302,#1291);
#894=LINE('',#6307,#1292);
#895=LINE('',#6312,#1293);
#896=LINE('',#6314,#1294);
#897=LINE('',#6316,#1295);
#898=LINE('',#6318,#1296);
#899=LINE('',#6320,#1297);
#900=LINE('',#6322,#1298);
#901=LINE('',#6324,#1299);
#902=LINE('',#6325,#1300);
#903=LINE('',#6328,#1301);
#904=LINE('',#6330,#1302);
#905=LINE('',#6332,#1303);
#906=LINE('',#6333,#1304);
#907=LINE('',#6336,#1305);
#908=LINE('',#6338,#1306);
#909=LINE('',#6340,#1307);
#910=LINE('',#6341,#1308);
#911=LINE('',#6344,#1309);
#912=LINE('',#6346,#1310);
#913=LINE('',#6348,#1311);
#914=LINE('',#6349,#1312);
#915=LINE('',#6353,#1313);
#916=LINE('',#6355,#1314);
#917=LINE('',#6357,#1315);
#918=LINE('',#6358,#1316);
#919=LINE('',#6362,#1317);
#920=LINE('',#6364,#1318);
#921=LINE('',#6366,#1319);
#922=LINE('',#6367,#1320);
#923=LINE('',#6371,#1321);
#924=LINE('',#6373,#1322);
#925=LINE('',#6375,#1323);
#926=LINE('',#6376,#1324);
#927=LINE('',#6380,#1325);
#928=LINE('',#6382,#1326);
#929=LINE('',#6383,#1327);
#930=LINE('',#6387,#1328);
#931=LINE('',#6389,#1329);
#932=LINE('',#6390,#1330);
#933=LINE('',#6394,#1331);
#934=LINE('',#6395,#1332);
#935=LINE('',#6398,#1333);
#936=LINE('',#6399,#1334);
#937=LINE('',#6401,#1335);
#938=LINE('',#6405,#1336);
#939=LINE('',#6407,#1337);
#940=LINE('',#6408,#1338);
#941=LINE('',#6411,#1339);
#942=LINE('',#6412,#1340);
#943=LINE('',#6415,#1341);
#944=LINE('',#6416,#1342);
#945=LINE('',#6418,#1343);
#946=LINE('',#6422,#1344);
#947=LINE('',#6424,#1345);
#948=LINE('',#6425,#1346);
#949=LINE('',#6428,#1347);
#950=LINE('',#6429,#1348);
#951=LINE('',#6432,#1349);
#952=LINE('',#6433,#1350);
#953=LINE('',#6435,#1351);
#954=LINE('',#6439,#1352);
#955=LINE('',#6441,#1353);
#956=LINE('',#6442,#1354);
#957=LINE('',#6445,#1355);
#958=LINE('',#6446,#1356);
#959=LINE('',#6449,#1357);
#960=LINE('',#6450,#1358);
#961=LINE('',#6452,#1359);
#962=LINE('',#6455,#1360);
#963=LINE('',#6457,#1361);
#964=LINE('',#6459,#1362);
#965=LINE('',#6461,#1363);
#966=LINE('',#6463,#1364);
#967=LINE('',#6465,#1365);
#968=LINE('',#6467,#1366);
#969=LINE('',#6470,#1367);
#970=LINE('',#6474,#1368);
#971=LINE('',#6476,#1369);
#972=LINE('',#6477,#1370);
#973=LINE('',#6479,#1371);
#974=LINE('',#6481,#1372);
#975=LINE('',#6485,#1373);
#976=LINE('',#6487,#1374);
#977=LINE('',#6488,#1375);
#978=LINE('',#6491,#1376);
#979=LINE('',#6492,#1377);
#980=LINE('',#6495,#1378);
#981=LINE('',#6496,#1379);
#982=LINE('',#6498,#1380);
#983=LINE('',#6502,#1381);
#984=LINE('',#6504,#1382);
#985=LINE('',#6505,#1383);
#986=LINE('',#6508,#1384);
#987=LINE('',#6509,#1385);
#988=LINE('',#6512,#1386);
#989=LINE('',#6513,#1387);
#990=LINE('',#6515,#1388);
#991=LINE('',#6519,#1389);
#992=LINE('',#6521,#1390);
#993=LINE('',#6522,#1391);
#994=LINE('',#6525,#1392);
#995=LINE('',#6526,#1393);
#996=LINE('',#6529,#1394);
#997=LINE('',#6530,#1395);
#998=LINE('',#6532,#1396);
#999=LINE('',#6536,#1397);
#1000=LINE('',#6538,#1398);
#1001=LINE('',#6539,#1399);
#1002=LINE('',#6542,#1400);
#1003=LINE('',#6543,#1401);
#1004=LINE('',#6546,#1402);
#1005=LINE('',#6547,#1403);
#1006=LINE('',#6549,#1404);
#1007=LINE('',#6586,#1405);
#1008=LINE('',#6588,#1406);
#1009=LINE('',#6590,#1407);
#1010=LINE('',#6592,#1408);
#1011=LINE('',#6594,#1409);
#1012=LINE('',#6596,#1410);
#1013=LINE('',#6598,#1411);
#1014=LINE('',#6600,#1412);
#1015=LINE('',#6602,#1413);
#1016=LINE('',#6603,#1414);
#1017=LINE('',#6606,#1415);
#1018=LINE('',#6608,#1416);
#1019=LINE('',#6610,#1417);
#1020=LINE('',#6611,#1418);
#1021=LINE('',#6614,#1419);
#1022=LINE('',#6616,#1420);
#1023=LINE('',#6618,#1421);
#1024=LINE('',#6619,#1422);
#1025=LINE('',#6622,#1423);
#1026=LINE('',#6624,#1424);
#1027=LINE('',#6626,#1425);
#1028=LINE('',#6627,#1426);
#1029=LINE('',#6630,#1427);
#1030=LINE('',#6632,#1428);
#1031=LINE('',#6634,#1429);
#1032=LINE('',#6635,#1430);
#1033=LINE('',#6639,#1431);
#1034=LINE('',#6643,#1432);
#1035=LINE('',#6646,#1433);
#1036=LINE('',#6648,#1434);
#1037=LINE('',#6649,#1435);
#1038=LINE('',#6653,#1436);
#1039=LINE('',#6657,#1437);
#1040=LINE('',#6659,#1438);
#1041=LINE('',#6661,#1439);
#1042=LINE('',#6662,#1440);
#1043=LINE('',#6665,#1441);
#1044=LINE('',#6667,#1442);
#1045=LINE('',#6668,#1443);
#1046=LINE('',#6671,#1444);
#1047=LINE('',#6675,#1445);
#1048=LINE('',#6679,#1446);
#1049=LINE('',#6683,#1447);
#1050=LINE('',#6688,#1448);
#1051=LINE('',#6690,#1449);
#1052=LINE('',#6692,#1450);
#1053=LINE('',#6693,#1451);
#1054=LINE('',#6697,#1452);
#1055=LINE('',#6699,#1453);
#1056=LINE('',#6701,#1454);
#1057=LINE('',#6702,#1455);
#1058=LINE('',#6706,#1456);
#1059=LINE('',#6708,#1457);
#1060=LINE('',#6710,#1458);
#1061=LINE('',#6711,#1459);
#1062=LINE('',#6714,#1460);
#1063=LINE('',#6716,#1461);
#1064=LINE('',#6717,#1462);
#1065=LINE('',#6721,#1463);
#1066=LINE('',#6722,#1464);
#1067=LINE('',#6724,#1465);
#1068=LINE('',#6726,#1466);
#1069=LINE('',#6727,#1467);
#1070=LINE('',#6729,#1468);
#1071=LINE('',#6731,#1469);
#1072=LINE('',#6732,#1470);
#1073=LINE('',#6735,#1471);
#1074=LINE('',#6737,#1472);
#1075=LINE('',#6739,#1473);
#1076=LINE('',#6740,#1474);
#1077=LINE('',#6743,#1475);
#1078=LINE('',#6745,#1476);
#1079=LINE('',#6747,#1477);
#1080=LINE('',#6748,#1478);
#1081=LINE('',#6751,#1479);
#1082=LINE('',#6753,#1480);
#1083=LINE('',#6755,#1481);
#1084=LINE('',#6756,#1482);
#1085=LINE('',#6759,#1483);
#1086=LINE('',#6761,#1484);
#1087=LINE('',#6763,#1485);
#1088=LINE('',#6764,#1486);
#1089=LINE('',#6768,#1487);
#1090=LINE('',#6770,#1488);
#1091=LINE('',#6772,#1489);
#1092=LINE('',#6773,#1490);
#1093=LINE('',#6798,#1491);
#1094=LINE('',#6802,#1492);
#1095=LINE('',#6803,#1493);
#1096=LINE('',#6804,#1494);
#1097=LINE('',#6808,#1495);
#1098=LINE('',#6814,#1496);
#1099=LINE('',#6815,#1497);
#1100=LINE('',#6816,#1498);
#1101=LINE('',#6821,#1499);
#1102=LINE('',#6826,#1500);
#1103=LINE('',#6827,#1501);
#1104=LINE('',#6828,#1502);
#1105=LINE('',#6832,#1503);
#1106=LINE('',#6838,#1504);
#1107=LINE('',#6839,#1505);
#1108=LINE('',#6840,#1506);
#1109=LINE('',#6844,#1507);
#1110=LINE('',#6848,#1508);
#1111=LINE('',#6849,#1509);
#1112=LINE('',#6853,#1510);
#1113=LINE('',#6854,#1511);
#1114=LINE('',#6855,#1512);
#1115=LINE('',#6859,#1513);
#1116=LINE('',#6865,#1514);
#1117=LINE('',#6866,#1515);
#1118=LINE('',#6867,#1516);
#1119=LINE('',#6871,#1517);
#1120=LINE('',#6877,#1518);
#1121=LINE('',#6878,#1519);
#1122=LINE('',#6879,#1520);
#1123=LINE('',#6883,#1521);
#1124=LINE('',#6889,#1522);
#1125=LINE('',#6890,#1523);
#1126=LINE('',#6891,#1524);
#1127=LINE('',#6904,#1525);
#1128=LINE('',#6908,#1526);
#1129=LINE('',#6912,#1527);
#1130=LINE('',#6916,#1528);
#1131=LINE('',#6919,#1529);
#1132=LINE('',#6921,#1530);
#1133=LINE('',#6925,#1531);
#1134=LINE('',#6929,#1532);
#1135=LINE('',#6933,#1533);
#1136=LINE('',#6937,#1534);
#1137=LINE('',#6950,#1535);
#1138=LINE('',#6954,#1536);
#1139=LINE('',#6958,#1537);
#1140=LINE('',#6962,#1538);
#1141=LINE('',#6965,#1539);
#1142=LINE('',#6967,#1540);
#1143=LINE('',#6971,#1541);
#1144=LINE('',#6975,#1542);
#1145=LINE('',#6979,#1543);
#1146=LINE('',#6982,#1544);
#1147=LINE('',#6985,#1545);
#1148=LINE('',#6987,#1546);
#1149=LINE('',#6988,#1547);
#1150=LINE('',#6991,#1548);
#1151=LINE('',#6992,#1549);
#1152=LINE('',#6995,#1550);
#1153=LINE('',#6996,#1551);
#1154=LINE('',#6998,#1552);
#1155=LINE('',#7002,#1553);
#1156=LINE('',#7004,#1554);
#1157=LINE('',#7005,#1555);
#1158=LINE('',#7008,#1556);
#1159=LINE('',#7009,#1557);
#1160=LINE('',#7012,#1558);
#1161=LINE('',#7013,#1559);
#1162=LINE('',#7015,#1560);
#1163=LINE('',#7019,#1561);
#1164=LINE('',#7021,#1562);
#1165=LINE('',#7022,#1563);
#1166=LINE('',#7025,#1564);
#1167=LINE('',#7026,#1565);
#1168=LINE('',#7029,#1566);
#1169=LINE('',#7030,#1567);
#1170=LINE('',#7032,#1568);
#1171=LINE('',#7036,#1569);
#1172=LINE('',#7038,#1570);
#1173=LINE('',#7039,#1571);
#1174=LINE('',#7042,#1572);
#1175=LINE('',#7043,#1573);
#1176=LINE('',#7046,#1574);
#1177=LINE('',#7047,#1575);
#1178=LINE('',#7049,#1576);
#1179=LINE('',#7053,#1577);
#1180=LINE('',#7055,#1578);
#1181=LINE('',#7056,#1579);
#1182=LINE('',#7058,#1580);
#1183=LINE('',#7060,#1581);
#1184=LINE('',#7064,#1582);
#1185=LINE('',#7066,#1583);
#1186=LINE('',#7067,#1584);
#1187=LINE('',#7070,#1585);
#1188=LINE('',#7071,#1586);
#1189=LINE('',#7074,#1587);
#1190=LINE('',#7075,#1588);
#1191=LINE('',#7077,#1589);
#1192=LINE('',#7081,#1590);
#1193=LINE('',#7083,#1591);
#1194=LINE('',#7084,#1592);
#1195=LINE('',#7087,#1593);
#1196=LINE('',#7088,#1594);
#1197=LINE('',#7091,#1595);
#1198=LINE('',#7092,#1596);
#1199=LINE('',#7094,#1597);
#1200=LINE('',#7098,#1598);
#1201=LINE('',#7100,#1599);
#1202=LINE('',#7101,#1600);
#1203=LINE('',#7104,#1601);
#1204=LINE('',#7105,#1602);
#1205=LINE('',#7108,#1603);
#1206=LINE('',#7109,#1604);
#1207=LINE('',#7111,#1605);
#1208=LINE('',#7115,#1606);
#1209=LINE('',#7117,#1607);
#1210=LINE('',#7118,#1608);
#1211=LINE('',#7121,#1609);
#1212=LINE('',#7122,#1610);
#1213=LINE('',#7125,#1611);
#1214=LINE('',#7126,#1612);
#1215=LINE('',#7128,#1613);
#1216=LINE('',#7132,#1614);
#1217=LINE('',#7133,#1615);
#1218=LINE('',#7136,#1616);
#1219=LINE('',#7137,#1617);
#1220=LINE('',#7139,#1618);
#1221=VECTOR('',#4737,1.015);
#1222=VECTOR('',#4744,0.574000000000001);
#1223=VECTOR('',#4755,0.574000000000001);
#1224=VECTOR('',#4766,0.574000000000001);
#1225=VECTOR('',#4777,1.015);
#1226=VECTOR('',#4784,0.574000000000001);
#1227=VECTOR('',#4795,1000.);
#1228=VECTOR('',#4798,1000.);
#1229=VECTOR('',#4803,1000.);
#1230=VECTOR('',#4806,1000.);
#1231=VECTOR('',#4811,4.8);
#1232=VECTOR('',#4834,4.8);
#1233=VECTOR('',#4857,1000.);
#1234=VECTOR('',#4860,1000.);
#1235=VECTOR('',#4865,1000.);
#1236=VECTOR('',#4868,1000.);
#1237=VECTOR('',#4871,1000.);
#1238=VECTOR('',#4872,1000.);
#1239=VECTOR('',#4873,1000.);
#1240=VECTOR('',#4876,1000.);
#1241=VECTOR('',#4877,1000.);
#1242=VECTOR('',#4880,1000.);
#1243=VECTOR('',#4881,1000.);
#1244=VECTOR('',#4884,1000.);
#1245=VECTOR('',#4885,1000.);
#1246=VECTOR('',#4886,1000.);
#1247=VECTOR('',#4889,1000.);
#1248=VECTOR('',#4896,1000.);
#1249=VECTOR('',#4899,1000.);
#1250=VECTOR('',#4904,1000.);
#1251=VECTOR('',#4907,1000.);
#1252=VECTOR('',#4912,1000.);
#1253=VECTOR('',#4915,1000.);
#1254=VECTOR('',#4916,1000.);
#1255=VECTOR('',#4917,1000.);
#1256=VECTOR('',#4920,1000.);
#1257=VECTOR('',#4921,1000.);
#1258=VECTOR('',#4924,1000.);
#1259=VECTOR('',#4925,1000.);
#1260=VECTOR('',#4928,1000.);
#1261=VECTOR('',#4929,1000.);
#1262=VECTOR('',#4930,1000.);
#1263=VECTOR('',#4933,1000.);
#1264=VECTOR('',#4936,1000.);
#1265=VECTOR('',#4939,1000.);
#1266=VECTOR('',#4942,1000.);
#1267=VECTOR('',#4945,1000.);
#1268=VECTOR('',#4946,1000.);
#1269=VECTOR('',#4947,1000.);
#1270=VECTOR('',#4948,1000.);
#1271=VECTOR('',#4949,1000.);
#1272=VECTOR('',#4950,1000.);
#1273=VECTOR('',#4951,1000.);
#1274=VECTOR('',#4952,1000.);
#1275=VECTOR('',#4953,1000.);
#1276=VECTOR('',#4954,1000.);
#1277=VECTOR('',#4955,1000.);
#1278=VECTOR('',#4956,1000.);
#1279=VECTOR('',#4957,1000.);
#1280=VECTOR('',#4958,1000.);
#1281=VECTOR('',#4959,1000.);
#1282=VECTOR('',#4960,1000.);
#1283=VECTOR('',#4961,1000.);
#1284=VECTOR('',#4962,1000.);
#1285=VECTOR('',#4963,1000.);
#1286=VECTOR('',#4964,1000.);
#1287=VECTOR('',#4965,1000.);
#1288=VECTOR('',#4966,1000.);
#1289=VECTOR('',#4967,1000.);
#1290=VECTOR('',#4968,1000.);
#1291=VECTOR('',#4975,1000.);
#1292=VECTOR('',#4980,1000.);
#1293=VECTOR('',#4985,1000.);
#1294=VECTOR('',#4986,1000.);
#1295=VECTOR('',#4987,1000.);
#1296=VECTOR('',#4988,1000.);
#1297=VECTOR('',#4989,1000.);
#1298=VECTOR('',#4990,1000.);
#1299=VECTOR('',#4991,1000.);
#1300=VECTOR('',#4992,1000.);
#1301=VECTOR('',#4993,1000.);
#1302=VECTOR('',#4994,1000.);
#1303=VECTOR('',#4995,1000.);
#1304=VECTOR('',#4996,1000.);
#1305=VECTOR('',#4997,1000.);
#1306=VECTOR('',#4998,1000.);
#1307=VECTOR('',#4999,1000.);
#1308=VECTOR('',#5000,1000.);
#1309=VECTOR('',#5001,1000.);
#1310=VECTOR('',#5002,1000.);
#1311=VECTOR('',#5003,1000.);
#1312=VECTOR('',#5004,1000.);
#1313=VECTOR('',#5007,1000.);
#1314=VECTOR('',#5008,1000.);
#1315=VECTOR('',#5009,1000.);
#1316=VECTOR('',#5010,1000.);
#1317=VECTOR('',#5013,1000.);
#1318=VECTOR('',#5014,1000.);
#1319=VECTOR('',#5015,1000.);
#1320=VECTOR('',#5016,1000.);
#1321=VECTOR('',#5019,1000.);
#1322=VECTOR('',#5020,1000.);
#1323=VECTOR('',#5021,1000.);
#1324=VECTOR('',#5022,1000.);
#1325=VECTOR('',#5027,1000.);
#1326=VECTOR('',#5028,1000.);
#1327=VECTOR('',#5029,1000.);
#1328=VECTOR('',#5034,1000.);
#1329=VECTOR('',#5035,1000.);
#1330=VECTOR('',#5036,1000.);
#1331=VECTOR('',#5041,1000.);
#1332=VECTOR('',#5042,1000.);
#1333=VECTOR('',#5045,1000.);
#1334=VECTOR('',#5046,1000.);
#1335=VECTOR('',#5049,1000.);
#1336=VECTOR('',#5054,1000.);
#1337=VECTOR('',#5055,1000.);
#1338=VECTOR('',#5056,1000.);
#1339=VECTOR('',#5059,1000.);
#1340=VECTOR('',#5060,1000.);
#1341=VECTOR('',#5063,1000.);
#1342=VECTOR('',#5064,1000.);
#1343=VECTOR('',#5067,1000.);
#1344=VECTOR('',#5072,1000.);
#1345=VECTOR('',#5073,1000.);
#1346=VECTOR('',#5074,1000.);
#1347=VECTOR('',#5077,1000.);
#1348=VECTOR('',#5078,1000.);
#1349=VECTOR('',#5081,1000.);
#1350=VECTOR('',#5082,1000.);
#1351=VECTOR('',#5085,1000.);
#1352=VECTOR('',#5090,1000.);
#1353=VECTOR('',#5091,1000.);
#1354=VECTOR('',#5092,1000.);
#1355=VECTOR('',#5095,1000.);
#1356=VECTOR('',#5096,1000.);
#1357=VECTOR('',#5099,1000.);
#1358=VECTOR('',#5100,1000.);
#1359=VECTOR('',#5103,1000.);
#1360=VECTOR('',#5108,1000.);
#1361=VECTOR('',#5111,1000.);
#1362=VECTOR('',#5114,1000.);
#1363=VECTOR('',#5117,1000.);
#1364=VECTOR('',#5120,1000.);
#1365=VECTOR('',#5123,1000.);
#1366=VECTOR('',#5126,1000.);
#1367=VECTOR('',#5131,1000.);
#1368=VECTOR('',#5136,1000.);
#1369=VECTOR('',#5137,1000.);
#1370=VECTOR('',#5138,1000.);
#1371=VECTOR('',#5141,1000.);
#1372=VECTOR('',#5144,1000.);
#1373=VECTOR('',#5149,1000.);
#1374=VECTOR('',#5150,1000.);
#1375=VECTOR('',#5151,1000.);
#1376=VECTOR('',#5154,1000.);
#1377=VECTOR('',#5155,1000.);
#1378=VECTOR('',#5158,1000.);
#1379=VECTOR('',#5159,1000.);
#1380=VECTOR('',#5162,1000.);
#1381=VECTOR('',#5167,1000.);
#1382=VECTOR('',#5168,1000.);
#1383=VECTOR('',#5169,1000.);
#1384=VECTOR('',#5172,1000.);
#1385=VECTOR('',#5173,1000.);
#1386=VECTOR('',#5176,1000.);
#1387=VECTOR('',#5177,1000.);
#1388=VECTOR('',#5180,1000.);
#1389=VECTOR('',#5185,1000.);
#1390=VECTOR('',#5186,1000.);
#1391=VECTOR('',#5187,1000.);
#1392=VECTOR('',#5190,1000.);
#1393=VECTOR('',#5191,1000.);
#1394=VECTOR('',#5194,1000.);
#1395=VECTOR('',#5195,1000.);
#1396=VECTOR('',#5198,1000.);
#1397=VECTOR('',#5203,1000.);
#1398=VECTOR('',#5204,1000.);
#1399=VECTOR('',#5205,1000.);
#1400=VECTOR('',#5208,1000.);
#1401=VECTOR('',#5209,1000.);
#1402=VECTOR('',#5212,1000.);
#1403=VECTOR('',#5213,1000.);
#1404=VECTOR('',#5216,1000.);
#1405=VECTOR('',#5285,1000.);
#1406=VECTOR('',#5286,1000.);
#1407=VECTOR('',#5287,1000.);
#1408=VECTOR('',#5288,1000.);
#1409=VECTOR('',#5289,1000.);
#1410=VECTOR('',#5290,1000.);
#1411=VECTOR('',#5291,1000.);
#1412=VECTOR('',#5292,1000.);
#1413=VECTOR('',#5293,1000.);
#1414=VECTOR('',#5294,1000.);
#1415=VECTOR('',#5295,1000.);
#1416=VECTOR('',#5296,1000.);
#1417=VECTOR('',#5297,1000.);
#1418=VECTOR('',#5298,1000.);
#1419=VECTOR('',#5299,1000.);
#1420=VECTOR('',#5300,1000.);
#1421=VECTOR('',#5301,1000.);
#1422=VECTOR('',#5302,1000.);
#1423=VECTOR('',#5303,1000.);
#1424=VECTOR('',#5304,1000.);
#1425=VECTOR('',#5305,1000.);
#1426=VECTOR('',#5306,1000.);
#1427=VECTOR('',#5307,1000.);
#1428=VECTOR('',#5308,1000.);
#1429=VECTOR('',#5309,1000.);
#1430=VECTOR('',#5310,1000.);
#1431=VECTOR('',#5313,1000.);
#1432=VECTOR('',#5316,1000.);
#1433=VECTOR('',#5319,1000.);
#1434=VECTOR('',#5320,1000.);
#1435=VECTOR('',#5321,1000.);
#1436=VECTOR('',#5324,1000.);
#1437=VECTOR('',#5327,1000.);
#1438=VECTOR('',#5328,1000.);
#1439=VECTOR('',#5329,1000.);
#1440=VECTOR('',#5330,1000.);
#1441=VECTOR('',#5333,1000.);
#1442=VECTOR('',#5334,1000.);
#1443=VECTOR('',#5335,1000.);
#1444=VECTOR('',#5336,1000.);
#1445=VECTOR('',#5339,1000.);
#1446=VECTOR('',#5342,1000.);
#1447=VECTOR('',#5345,1000.);
#1448=VECTOR('',#5350,1000.);
#1449=VECTOR('',#5351,1000.);
#1450=VECTOR('',#5352,1000.);
#1451=VECTOR('',#5353,1000.);
#1452=VECTOR('',#5356,1000.);
#1453=VECTOR('',#5357,1000.);
#1454=VECTOR('',#5358,1000.);
#1455=VECTOR('',#5359,1000.);
#1456=VECTOR('',#5362,1000.);
#1457=VECTOR('',#5363,1000.);
#1458=VECTOR('',#5364,1000.);
#1459=VECTOR('',#5365,1000.);
#1460=VECTOR('',#5368,1000.);
#1461=VECTOR('',#5369,1000.);
#1462=VECTOR('',#5370,1000.);
#1463=VECTOR('',#5373,1000.);
#1464=VECTOR('',#5374,1000.);
#1465=VECTOR('',#5375,1000.);
#1466=VECTOR('',#5376,1000.);
#1467=VECTOR('',#5377,1000.);
#1468=VECTOR('',#5378,1000.);
#1469=VECTOR('',#5379,1000.);
#1470=VECTOR('',#5380,1000.);
#1471=VECTOR('',#5381,1000.);
#1472=VECTOR('',#5382,1000.);
#1473=VECTOR('',#5383,1000.);
#1474=VECTOR('',#5384,1000.);
#1475=VECTOR('',#5385,1000.);
#1476=VECTOR('',#5386,1000.);
#1477=VECTOR('',#5387,1000.);
#1478=VECTOR('',#5388,1000.);
#1479=VECTOR('',#5389,1000.);
#1480=VECTOR('',#5390,1000.);
#1481=VECTOR('',#5391,1000.);
#1482=VECTOR('',#5392,1000.);
#1483=VECTOR('',#5393,1000.);
#1484=VECTOR('',#5394,1000.);
#1485=VECTOR('',#5395,1000.);
#1486=VECTOR('',#5396,1000.);
#1487=VECTOR('',#5399,1000.);
#1488=VECTOR('',#5400,1000.);
#1489=VECTOR('',#5401,1000.);
#1490=VECTOR('',#5402,1000.);
#1491=VECTOR('',#5415,1000.);
#1492=VECTOR('',#5418,1000.);
#1493=VECTOR('',#5419,1000.);
#1494=VECTOR('',#5420,1000.);
#1495=VECTOR('',#5423,1000.);
#1496=VECTOR('',#5430,1000.);
#1497=VECTOR('',#5431,1000.);
#1498=VECTOR('',#5432,1000.);
#1499=VECTOR('',#5437,1000.);
#1500=VECTOR('',#5442,1000.);
#1501=VECTOR('',#5443,1000.);
#1502=VECTOR('',#5444,1000.);
#1503=VECTOR('',#5447,1000.);
#1504=VECTOR('',#5454,1000.);
#1505=VECTOR('',#5455,1000.);
#1506=VECTOR('',#5456,1000.);
#1507=VECTOR('',#5459,1000.);
#1508=VECTOR('',#5466,1000.);
#1509=VECTOR('',#5467,1000.);
#1510=VECTOR('',#5470,1000.);
#1511=VECTOR('',#5471,1000.);
#1512=VECTOR('',#5472,1000.);
#1513=VECTOR('',#5475,1000.);
#1514=VECTOR('',#5482,1000.);
#1515=VECTOR('',#5483,1000.);
#1516=VECTOR('',#5484,1000.);
#1517=VECTOR('',#5487,1000.);
#1518=VECTOR('',#5494,1000.);
#1519=VECTOR('',#5495,1000.);
#1520=VECTOR('',#5496,1000.);
#1521=VECTOR('',#5499,1000.);
#1522=VECTOR('',#5506,1000.);
#1523=VECTOR('',#5507,1000.);
#1524=VECTOR('',#5508,1000.);
#1525=VECTOR('',#5519,1000.);
#1526=VECTOR('',#5522,1000.);
#1527=VECTOR('',#5525,1000.);
#1528=VECTOR('',#5528,1000.);
#1529=VECTOR('',#5531,1000.);
#1530=VECTOR('',#5532,1000.);
#1531=VECTOR('',#5535,1000.);
#1532=VECTOR('',#5538,1000.);
#1533=VECTOR('',#5541,1000.);
#1534=VECTOR('',#5544,1000.);
#1535=VECTOR('',#5553,1000.);
#1536=VECTOR('',#5556,1000.);
#1537=VECTOR('',#5559,1000.);
#1538=VECTOR('',#5562,1000.);
#1539=VECTOR('',#5565,1000.);
#1540=VECTOR('',#5566,1000.);
#1541=VECTOR('',#5569,1000.);
#1542=VECTOR('',#5572,1000.);
#1543=VECTOR('',#5575,1000.);
#1544=VECTOR('',#5578,1000.);
#1545=VECTOR('',#5581,1000.);
#1546=VECTOR('',#5582,1000.);
#1547=VECTOR('',#5583,1000.);
#1548=VECTOR('',#5586,1000.);
#1549=VECTOR('',#5587,1000.);
#1550=VECTOR('',#5590,1000.);
#1551=VECTOR('',#5591,1000.);
#1552=VECTOR('',#5594,1000.);
#1553=VECTOR('',#5599,1000.);
#1554=VECTOR('',#5600,1000.);
#1555=VECTOR('',#5601,1000.);
#1556=VECTOR('',#5604,1000.);
#1557=VECTOR('',#5605,1000.);
#1558=VECTOR('',#5608,1000.);
#1559=VECTOR('',#5609,1000.);
#1560=VECTOR('',#5612,1000.);
#1561=VECTOR('',#5617,1000.);
#1562=VECTOR('',#5618,1000.);
#1563=VECTOR('',#5619,1000.);
#1564=VECTOR('',#5622,1000.);
#1565=VECTOR('',#5623,1000.);
#1566=VECTOR('',#5626,1000.);
#1567=VECTOR('',#5627,1000.);
#1568=VECTOR('',#5630,1000.);
#1569=VECTOR('',#5635,1000.);
#1570=VECTOR('',#5636,1000.);
#1571=VECTOR('',#5637,1000.);
#1572=VECTOR('',#5640,1000.);
#1573=VECTOR('',#5641,1000.);
#1574=VECTOR('',#5644,1000.);
#1575=VECTOR('',#5645,1000.);
#1576=VECTOR('',#5648,1000.);
#1577=VECTOR('',#5653,1000.);
#1578=VECTOR('',#5654,1000.);
#1579=VECTOR('',#5655,1000.);
#1580=VECTOR('',#5658,1000.);
#1581=VECTOR('',#5661,1000.);
#1582=VECTOR('',#5666,1000.);
#1583=VECTOR('',#5667,1000.);
#1584=VECTOR('',#5668,1000.);
#1585=VECTOR('',#5671,1000.);
#1586=VECTOR('',#5672,1000.);
#1587=VECTOR('',#5675,1000.);
#1588=VECTOR('',#5676,1000.);
#1589=VECTOR('',#5679,1000.);
#1590=VECTOR('',#5684,1000.);
#1591=VECTOR('',#5685,1000.);
#1592=VECTOR('',#5686,1000.);
#1593=VECTOR('',#5689,1000.);
#1594=VECTOR('',#5690,1000.);
#1595=VECTOR('',#5693,1000.);
#1596=VECTOR('',#5694,1000.);
#1597=VECTOR('',#5697,1000.);
#1598=VECTOR('',#5702,1000.);
#1599=VECTOR('',#5703,1000.);
#1600=VECTOR('',#5704,1000.);
#1601=VECTOR('',#5707,1000.);
#1602=VECTOR('',#5708,1000.);
#1603=VECTOR('',#5711,1000.);
#1604=VECTOR('',#5712,1000.);
#1605=VECTOR('',#5715,1000.);
#1606=VECTOR('',#5720,1000.);
#1607=VECTOR('',#5721,1000.);
#1608=VECTOR('',#5722,1000.);
#1609=VECTOR('',#5725,1000.);
#1610=VECTOR('',#5726,1000.);
#1611=VECTOR('',#5729,1000.);
#1612=VECTOR('',#5730,1000.);
#1613=VECTOR('',#5733,1000.);
#1614=VECTOR('',#5738,1000.);
#1615=VECTOR('',#5739,1000.);
#1616=VECTOR('',#5742,1000.);
#1617=VECTOR('',#5743,1000.);
#1618=VECTOR('',#5746,1000.);
#1619=CIRCLE('',#4300,1.015);
#1620=CIRCLE('',#4301,1.015);
#1621=CIRCLE('',#4303,0.574000000000001);
#1622=CIRCLE('',#4304,0.574000000000001);
#1623=CIRCLE('',#4308,0.574000000000001);
#1624=CIRCLE('',#4309,0.574000000000001);
#1625=CIRCLE('',#4313,0.574000000000001);
#1626=CIRCLE('',#4314,0.574000000000001);
#1627=CIRCLE('',#4318,1.015);
#1628=CIRCLE('',#4319,1.015);
#1629=CIRCLE('',#4321,0.574000000000001);
#1630=CIRCLE('',#4322,0.574000000000001);
#1631=CIRCLE('',#4326,1.5);
#1632=CIRCLE('',#4327,1.5);
#1633=CIRCLE('',#4329,1.5);
#1634=CIRCLE('',#4330,1.5);
#1635=CIRCLE('',#4332,4.8);
#1636=CIRCLE('',#4333,4.05000000103502);
#1637=CIRCLE('',#4334,4.18297872425576);
#1638=CIRCLE('',#4335,4.2627659581882);
#1639=CIRCLE('',#4336,4.3691489367648);
#1640=CIRCLE('',#4337,4.44893617069724);
#1641=CIRCLE('',#4338,4.18297872425576);
#1642=CIRCLE('',#4339,4.2627659581882);
#1643=CIRCLE('',#4340,4.3691489367648);
#1644=CIRCLE('',#4341,4.44893617069724);
#1645=CIRCLE('',#4343,4.8);
#1646=CIRCLE('',#4344,4.05000000103502);
#1647=CIRCLE('',#4345,4.3691489367648);
#1648=CIRCLE('',#4346,4.44893617069724);
#1649=CIRCLE('',#4347,4.18297872425576);
#1650=CIRCLE('',#4348,4.2627659581882);
#1651=CIRCLE('',#4349,4.3691489367648);
#1652=CIRCLE('',#4350,4.44893617069724);
#1653=CIRCLE('',#4351,4.18297872425576);
#1654=CIRCLE('',#4352,4.2627659581882);
#1655=CIRCLE('',#4354,1.5);
#1656=CIRCLE('',#4355,1.5);
#1657=CIRCLE('',#4357,1.5);
#1658=CIRCLE('',#4358,1.5);
#1659=CIRCLE('',#4364,1.5);
#1660=CIRCLE('',#4366,1.5);
#1661=CIRCLE('',#4368,1.5);
#1662=CIRCLE('',#4371,1.5);
#1663=CIRCLE('',#4383,1.5);
#1664=CIRCLE('',#4384,1.5);
#1665=CIRCLE('',#4386,1.5);
#1666=CIRCLE('',#4387,1.5);
#1667=CIRCLE('',#4393,0.6);
#1668=CIRCLE('',#4394,0.6);
#1669=CIRCLE('',#4395,0.6);
#1670=CIRCLE('',#4396,0.6);
#1671=CIRCLE('',#4459,0.6);
#1672=CIRCLE('',#4461,0.6);
#1673=CIRCLE('',#4462,0.6);
#1674=CIRCLE('',#4464,0.6);
#1675=CIRCLE('',#4466,0.6);
#1676=CIRCLE('',#4468,0.6);
#1677=CIRCLE('',#4470,0.6);
#1678=CIRCLE('',#4472,0.6);
#1679=CIRCLE('',#4474,0.6);
#1680=CIRCLE('',#4476,0.6);
#1681=CIRCLE('',#4478,0.6);
#1682=CIRCLE('',#4480,0.6);
#1683=CIRCLE('',#4484,1.);
#1684=CIRCLE('',#4485,1.);
#1685=CIRCLE('',#4486,1.);
#1686=CIRCLE('',#4487,1.);
#1687=CIRCLE('',#4489,0.5);
#1688=CIRCLE('',#4490,0.5);
#1689=CIRCLE('',#4491,0.5);
#1690=CIRCLE('',#4492,0.5);
#1691=CIRCLE('',#4500,6.5);
#1692=CIRCLE('',#4501,6.5);
#1693=CIRCLE('',#4503,5.);
#1694=CIRCLE('',#4504,5.);
#1695=CIRCLE('',#4507,6.5);
#1696=CIRCLE('',#4508,6.5);
#1697=CIRCLE('',#4511,2.25);
#1698=CIRCLE('',#4512,2.25);
#1699=CIRCLE('',#4515,2.25);
#1700=CIRCLE('',#4516,2.25);
#1701=CIRCLE('',#4519,0.750000000000001);
#1702=CIRCLE('',#4520,0.750000000000001);
#1703=CIRCLE('',#4524,2.25);
#1704=CIRCLE('',#4525,2.25);
#1705=CIRCLE('',#4528,0.750000000000001);
#1706=CIRCLE('',#4529,0.750000000000001);
#1707=CIRCLE('',#4532,0.750000000000001);
#1708=CIRCLE('',#4533,0.750000000000001);
#1709=CIRCLE('',#4536,5.);
#1710=CIRCLE('',#4537,5.);
#1711=CIRCLE('',#4539,5.50000000000001);
#1712=CIRCLE('',#4540,6.);
#1713=CIRCLE('',#4541,1.75);
#1714=CIRCLE('',#4542,1.75);
#1715=CIRCLE('',#4543,1.25);
#1716=CIRCLE('',#4544,1.75);
#1717=CIRCLE('',#4545,1.25);
#1718=CIRCLE('',#4546,1.25);
#1719=CIRCLE('',#4547,5.5);
#1720=CIRCLE('',#4548,6.);
#1721=CIRCLE('',#4550,5.50000000000001);
#1722=CIRCLE('',#4551,6.);
#1723=CIRCLE('',#4552,5.5);
#1724=CIRCLE('',#4553,1.25);
#1725=CIRCLE('',#4554,1.25);
#1726=CIRCLE('',#4555,1.75);
#1727=CIRCLE('',#4556,1.25);
#1728=CIRCLE('',#4557,1.75);
#1729=CIRCLE('',#4558,1.75);
#1730=CIRCLE('',#4559,6.);
#1731=CIRCLE('',#4609,1.);
#1732=CIRCLE('',#4610,1.);
#1733=CIRCLE('',#4612,1.);
#1734=CIRCLE('',#4613,1.);
#1735=CIRCLE('',#4615,1.);
#1736=CIRCLE('',#4616,1.);
#1737=CIRCLE('',#4618,1.);
#1738=CIRCLE('',#4619,1.);
#1739=CIRCLE('',#4621,1.);
#1740=CIRCLE('',#4623,1.);
#1741=CIRCLE('',#4625,1.);
#1742=CIRCLE('',#4626,1.);
#1743=CIRCLE('',#4628,1.);
#1744=CIRCLE('',#4629,1.);
#1745=CIRCLE('',#4631,1.);
#1746=CIRCLE('',#4633,1.);
#1747=CIRCLE('',#4635,1.);
#1748=CIRCLE('',#4636,1.);
#1749=CIRCLE('',#4638,1.);
#1750=CIRCLE('',#4640,1.);
#1751=CIRCLE('',#4643,1.);
#1752=CIRCLE('',#4646,1.);
#1753=CIRCLE('',#4649,1.);
#1754=CIRCLE('',#4652,1.);
#1755=CIRCLE('',#4655,0.500000000000001);
#1756=CIRCLE('',#4657,0.499999999999999);
#1757=CIRCLE('',#4659,0.5);
#1758=CIRCLE('',#4661,0.5);
#1759=CIRCLE('',#4663,0.500000000000001);
#1760=CIRCLE('',#4665,0.500000000000001);
#1761=CIRCLE('',#4667,0.5);
#1762=CIRCLE('',#4669,0.5);
#1763=CIRCLE('',#4671,0.5);
#1764=CIRCLE('',#4674,0.5);
#1765=CIRCLE('',#4676,0.5);
#1766=CIRCLE('',#4678,0.500000000000001);
#1767=CIRCLE('',#4680,0.500000000000001);
#1768=CIRCLE('',#4682,0.500000000000001);
#1769=CIRCLE('',#4684,0.5);
#1770=CIRCLE('',#4686,0.5);
#1771=CIRCLE('',#4688,0.500000000000001);
#1772=CIRCLE('',#4690,0.499999999999999);
#1773=CIRCLE('',#4693,0.500000000000001);
#1774=CIRCLE('',#4695,0.500000000000001);
#1775=CIRCLE('',#4697,0.5);
#1776=CIRCLE('',#4699,0.5);
#1777=CIRCLE('',#4701,0.500000000000001);
#1778=CIRCLE('',#4703,0.500000000000001);
#1779=CIRCLE('',#4705,0.500000000000001);
#1780=CIRCLE('',#4707,0.500000000000001);
#1781=CIRCLE('',#4709,0.5);
#1782=CIRCLE('',#4712,0.500000000000001);
#1783=CIRCLE('',#4714,0.500000000000001);
#1784=CIRCLE('',#4716,0.5);
#1785=CIRCLE('',#4718,0.5);
#1786=CIRCLE('',#4720,0.500000000000001);
#1787=CIRCLE('',#4722,0.500000000000001);
#1788=CIRCLE('',#4724,0.499999999999999);
#1789=CIRCLE('',#4726,0.5);
#1790=CIRCLE('',#4728,0.5);
#1791=VERTEX_POINT('',#5997);
#1792=VERTEX_POINT('',#5999);
#1793=VERTEX_POINT('',#6003);
#1794=VERTEX_POINT('',#6005);
#1795=VERTEX_POINT('',#6011);
#1796=VERTEX_POINT('',#6013);
#1797=VERTEX_POINT('',#6019);
#1798=VERTEX_POINT('',#6021);
#1799=VERTEX_POINT('',#6027);
#1800=VERTEX_POINT('',#6029);
#1801=VERTEX_POINT('',#6033);
#1802=VERTEX_POINT('',#6035);
#1803=VERTEX_POINT('',#6041);
#1804=VERTEX_POINT('',#6042);
#1805=VERTEX_POINT('',#6044);
#1806=VERTEX_POINT('',#6046);
#1807=VERTEX_POINT('',#6050);
#1808=VERTEX_POINT('',#6051);
#1809=VERTEX_POINT('',#6053);
#1810=VERTEX_POINT('',#6055);
#1811=VERTEX_POINT('',#6059);
#1812=VERTEX_POINT('',#6061);
#1813=VERTEX_POINT('',#6064);
#1814=VERTEX_POINT('',#6065);
#1815=VERTEX_POINT('',#6069);
#1816=VERTEX_POINT('',#6071);
#1817=VERTEX_POINT('',#6076);
#1818=VERTEX_POINT('',#6077);
#1819=VERTEX_POINT('',#6081);
#1820=VERTEX_POINT('',#6083);
#1821=VERTEX_POINT('',#6088);
#1822=VERTEX_POINT('',#6089);
#1823=VERTEX_POINT('',#6091);
#1824=VERTEX_POINT('',#6095);
#1825=VERTEX_POINT('',#6100);
#1826=VERTEX_POINT('',#6101);
#1827=VERTEX_POINT('',#6103);
#1828=VERTEX_POINT('',#6107);
#1829=VERTEX_POINT('',#6113);
#1830=VERTEX_POINT('',#6115);
#1831=VERTEX_POINT('',#6118);
#1832=VERTEX_POINT('',#6119);
#1833=VERTEX_POINT('',#6121);
#1834=VERTEX_POINT('',#6125);
#1835=VERTEX_POINT('',#6130);
#1836=VERTEX_POINT('',#6131);
#1837=VERTEX_POINT('',#6133);
#1838=VERTEX_POINT('',#6137);
#1839=VERTEX_POINT('',#6142);
#1840=VERTEX_POINT('',#6143);
#1841=VERTEX_POINT('',#6147);
#1842=VERTEX_POINT('',#6149);
#1843=VERTEX_POINT('',#6154);
#1844=VERTEX_POINT('',#6155);
#1845=VERTEX_POINT('',#6159);
#1846=VERTEX_POINT('',#6161);
#1847=VERTEX_POINT('',#6167);
#1848=VERTEX_POINT('',#6168);
#1849=VERTEX_POINT('',#6170);
#1850=VERTEX_POINT('',#6172);
#1851=VERTEX_POINT('',#6176);
#1852=VERTEX_POINT('',#6177);
#1853=VERTEX_POINT('',#6179);
#1854=VERTEX_POINT('',#6181);
#1855=VERTEX_POINT('',#6185);
#1856=VERTEX_POINT('',#6187);
#1857=VERTEX_POINT('',#6197);
#1858=VERTEX_POINT('',#6199);
#1859=VERTEX_POINT('',#6203);
#1860=VERTEX_POINT('',#6207);
#1861=VERTEX_POINT('',#6211);
#1862=VERTEX_POINT('',#6217);
#1863=VERTEX_POINT('',#6223);
#1864=VERTEX_POINT('',#6225);
#1865=VERTEX_POINT('',#6235);
#1866=VERTEX_POINT('',#6237);
#1867=VERTEX_POINT('',#6249);
#1868=VERTEX_POINT('',#6250);
#1869=VERTEX_POINT('',#6252);
#1870=VERTEX_POINT('',#6254);
#1871=VERTEX_POINT('',#6256);
#1872=VERTEX_POINT('',#6258);
#1873=VERTEX_POINT('',#6260);
#1874=VERTEX_POINT('',#6262);
#1875=VERTEX_POINT('',#6265);
#1876=VERTEX_POINT('',#6266);
#1877=VERTEX_POINT('',#6268);
#1878=VERTEX_POINT('',#6270);
#1879=VERTEX_POINT('',#6273);
#1880=VERTEX_POINT('',#6274);
#1881=VERTEX_POINT('',#6276);
#1882=VERTEX_POINT('',#6278);
#1883=VERTEX_POINT('',#6281);
#1884=VERTEX_POINT('',#6282);
#1885=VERTEX_POINT('',#6284);
#1886=VERTEX_POINT('',#6286);
#1887=VERTEX_POINT('',#6289);
#1888=VERTEX_POINT('',#6290);
#1889=VERTEX_POINT('',#6292);
#1890=VERTEX_POINT('',#6294);
#1891=VERTEX_POINT('',#6298);
#1892=VERTEX_POINT('',#6300);
#1893=VERTEX_POINT('',#6304);
#1894=VERTEX_POINT('',#6306);
#1895=VERTEX_POINT('',#6310);
#1896=VERTEX_POINT('',#6311);
#1897=VERTEX_POINT('',#6313);
#1898=VERTEX_POINT('',#6315);
#1899=VERTEX_POINT('',#6317);
#1900=VERTEX_POINT('',#6319);
#1901=VERTEX_POINT('',#6321);
#1902=VERTEX_POINT('',#6323);
#1903=VERTEX_POINT('',#6326);
#1904=VERTEX_POINT('',#6327);
#1905=VERTEX_POINT('',#6329);
#1906=VERTEX_POINT('',#6331);
#1907=VERTEX_POINT('',#6334);
#1908=VERTEX_POINT('',#6335);
#1909=VERTEX_POINT('',#6337);
#1910=VERTEX_POINT('',#6339);
#1911=VERTEX_POINT('',#6342);
#1912=VERTEX_POINT('',#6343);
#1913=VERTEX_POINT('',#6345);
#1914=VERTEX_POINT('',#6347);
#1915=VERTEX_POINT('',#6351);
#1916=VERTEX_POINT('',#6352);
#1917=VERTEX_POINT('',#6354);
#1918=VERTEX_POINT('',#6356);
#1919=VERTEX_POINT('',#6360);
#1920=VERTEX_POINT('',#6361);
#1921=VERTEX_POINT('',#6363);
#1922=VERTEX_POINT('',#6365);
#1923=VERTEX_POINT('',#6369);
#1924=VERTEX_POINT('',#6370);
#1925=VERTEX_POINT('',#6372);
#1926=VERTEX_POINT('',#6374);
#1927=VERTEX_POINT('',#6379);
#1928=VERTEX_POINT('',#6381);
#1929=VERTEX_POINT('',#6386);
#1930=VERTEX_POINT('',#6388);
#1931=VERTEX_POINT('',#6393);
#1932=VERTEX_POINT('',#6397);
#1933=VERTEX_POINT('',#6404);
#1934=VERTEX_POINT('',#6406);
#1935=VERTEX_POINT('',#6410);
#1936=VERTEX_POINT('',#6414);
#1937=VERTEX_POINT('',#6421);
#1938=VERTEX_POINT('',#6423);
#1939=VERTEX_POINT('',#6427);
#1940=VERTEX_POINT('',#6431);
#1941=VERTEX_POINT('',#6438);
#1942=VERTEX_POINT('',#6440);
#1943=VERTEX_POINT('',#6444);
#1944=VERTEX_POINT('',#6448);
#1945=VERTEX_POINT('',#6473);
#1946=VERTEX_POINT('',#6475);
#1947=VERTEX_POINT('',#6484);
#1948=VERTEX_POINT('',#6486);
#1949=VERTEX_POINT('',#6490);
#1950=VERTEX_POINT('',#6494);
#1951=VERTEX_POINT('',#6501);
#1952=VERTEX_POINT('',#6503);
#1953=VERTEX_POINT('',#6507);
#1954=VERTEX_POINT('',#6511);
#1955=VERTEX_POINT('',#6518);
#1956=VERTEX_POINT('',#6520);
#1957=VERTEX_POINT('',#6524);
#1958=VERTEX_POINT('',#6528);
#1959=VERTEX_POINT('',#6535);
#1960=VERTEX_POINT('',#6537);
#1961=VERTEX_POINT('',#6541);
#1962=VERTEX_POINT('',#6545);
#1963=VERTEX_POINT('',#6584);
#1964=VERTEX_POINT('',#6585);
#1965=VERTEX_POINT('',#6587);
#1966=VERTEX_POINT('',#6589);
#1967=VERTEX_POINT('',#6591);
#1968=VERTEX_POINT('',#6593);
#1969=VERTEX_POINT('',#6595);
#1970=VERTEX_POINT('',#6597);
#1971=VERTEX_POINT('',#6599);
#1972=VERTEX_POINT('',#6601);
#1973=VERTEX_POINT('',#6604);
#1974=VERTEX_POINT('',#6605);
#1975=VERTEX_POINT('',#6607);
#1976=VERTEX_POINT('',#6609);
#1977=VERTEX_POINT('',#6612);
#1978=VERTEX_POINT('',#6613);
#1979=VERTEX_POINT('',#6615);
#1980=VERTEX_POINT('',#6617);
#1981=VERTEX_POINT('',#6620);
#1982=VERTEX_POINT('',#6621);
#1983=VERTEX_POINT('',#6623);
#1984=VERTEX_POINT('',#6625);
#1985=VERTEX_POINT('',#6628);
#1986=VERTEX_POINT('',#6629);
#1987=VERTEX_POINT('',#6631);
#1988=VERTEX_POINT('',#6633);
#1989=VERTEX_POINT('',#6637);
#1990=VERTEX_POINT('',#6638);
#1991=VERTEX_POINT('',#6640);
#1992=VERTEX_POINT('',#6642);
#1993=VERTEX_POINT('',#6645);
#1994=VERTEX_POINT('',#6647);
#1995=VERTEX_POINT('',#6650);
#1996=VERTEX_POINT('',#6652);
#1997=VERTEX_POINT('',#6654);
#1998=VERTEX_POINT('',#6656);
#1999=VERTEX_POINT('',#6658);
#2000=VERTEX_POINT('',#6660);
#2001=VERTEX_POINT('',#6664);
#2002=VERTEX_POINT('',#6666);
#2003=VERTEX_POINT('',#6669);
#2004=VERTEX_POINT('',#6670);
#2005=VERTEX_POINT('',#6672);
#2006=VERTEX_POINT('',#6674);
#2007=VERTEX_POINT('',#6676);
#2008=VERTEX_POINT('',#6678);
#2009=VERTEX_POINT('',#6680);
#2010=VERTEX_POINT('',#6682);
#2011=VERTEX_POINT('',#6686);
#2012=VERTEX_POINT('',#6687);
#2013=VERTEX_POINT('',#6689);
#2014=VERTEX_POINT('',#6691);
#2015=VERTEX_POINT('',#6695);
#2016=VERTEX_POINT('',#6696);
#2017=VERTEX_POINT('',#6698);
#2018=VERTEX_POINT('',#6700);
#2019=VERTEX_POINT('',#6704);
#2020=VERTEX_POINT('',#6705);
#2021=VERTEX_POINT('',#6707);
#2022=VERTEX_POINT('',#6709);
#2023=VERTEX_POINT('',#6713);
#2024=VERTEX_POINT('',#6715);
#2025=VERTEX_POINT('',#6719);
#2026=VERTEX_POINT('',#6720);
#2027=VERTEX_POINT('',#6723);
#2028=VERTEX_POINT('',#6725);
#2029=VERTEX_POINT('',#6728);
#2030=VERTEX_POINT('',#6730);
#2031=VERTEX_POINT('',#6733);
#2032=VERTEX_POINT('',#6734);
#2033=VERTEX_POINT('',#6736);
#2034=VERTEX_POINT('',#6738);
#2035=VERTEX_POINT('',#6741);
#2036=VERTEX_POINT('',#6742);
#2037=VERTEX_POINT('',#6744);
#2038=VERTEX_POINT('',#6746);
#2039=VERTEX_POINT('',#6749);
#2040=VERTEX_POINT('',#6750);
#2041=VERTEX_POINT('',#6752);
#2042=VERTEX_POINT('',#6754);
#2043=VERTEX_POINT('',#6757);
#2044=VERTEX_POINT('',#6758);
#2045=VERTEX_POINT('',#6760);
#2046=VERTEX_POINT('',#6762);
#2047=VERTEX_POINT('',#6766);
#2048=VERTEX_POINT('',#6767);
#2049=VERTEX_POINT('',#6769);
#2050=VERTEX_POINT('',#6771);
#2051=VERTEX_POINT('',#6775);
#2052=VERTEX_POINT('',#6777);
#2053=VERTEX_POINT('',#6786);
#2054=VERTEX_POINT('',#6787);
#2055=VERTEX_POINT('',#6789);
#2056=VERTEX_POINT('',#6796);
#2057=VERTEX_POINT('',#6800);
#2058=VERTEX_POINT('',#6801);
#2059=VERTEX_POINT('',#6806);
#2060=VERTEX_POINT('',#6807);
#2061=VERTEX_POINT('',#6812);
#2062=VERTEX_POINT('',#6813);
#2063=VERTEX_POINT('',#6818);
#2064=VERTEX_POINT('',#6820);
#2065=VERTEX_POINT('',#6824);
#2066=VERTEX_POINT('',#6825);
#2067=VERTEX_POINT('',#6830);
#2068=VERTEX_POINT('',#6831);
#2069=VERTEX_POINT('',#6836);
#2070=VERTEX_POINT('',#6837);
#2071=VERTEX_POINT('',#6842);
#2072=VERTEX_POINT('',#6843);
#2073=VERTEX_POINT('',#6851);
#2074=VERTEX_POINT('',#6852);
#2075=VERTEX_POINT('',#6857);
#2076=VERTEX_POINT('',#6858);
#2077=VERTEX_POINT('',#6863);
#2078=VERTEX_POINT('',#6864);
#2079=VERTEX_POINT('',#6869);
#2080=VERTEX_POINT('',#6870);
#2081=VERTEX_POINT('',#6875);
#2082=VERTEX_POINT('',#6876);
#2083=VERTEX_POINT('',#6881);
#2084=VERTEX_POINT('',#6882);
#2085=VERTEX_POINT('',#6887);
#2086=VERTEX_POINT('',#6888);
#2087=VERTEX_POINT('',#6896);
#2088=VERTEX_POINT('',#6897);
#2089=VERTEX_POINT('',#6901);
#2090=VERTEX_POINT('',#6903);
#2091=VERTEX_POINT('',#6905);
#2092=VERTEX_POINT('',#6907);
#2093=VERTEX_POINT('',#6909);
#2094=VERTEX_POINT('',#6911);
#2095=VERTEX_POINT('',#6913);
#2096=VERTEX_POINT('',#6915);
#2097=VERTEX_POINT('',#6917);
#2098=VERTEX_POINT('',#6920);
#2099=VERTEX_POINT('',#6922);
#2100=VERTEX_POINT('',#6924);
#2101=VERTEX_POINT('',#6926);
#2102=VERTEX_POINT('',#6928);
#2103=VERTEX_POINT('',#6930);
#2104=VERTEX_POINT('',#6932);
#2105=VERTEX_POINT('',#6934);
#2106=VERTEX_POINT('',#6936);
#2107=VERTEX_POINT('',#6940);
#2108=VERTEX_POINT('',#6941);
#2109=VERTEX_POINT('',#6943);
#2110=VERTEX_POINT('',#6947);
#2111=VERTEX_POINT('',#6949);
#2112=VERTEX_POINT('',#6951);
#2113=VERTEX_POINT('',#6953);
#2114=VERTEX_POINT('',#6955);
#2115=VERTEX_POINT('',#6957);
#2116=VERTEX_POINT('',#6959);
#2117=VERTEX_POINT('',#6961);
#2118=VERTEX_POINT('',#6963);
#2119=VERTEX_POINT('',#6966);
#2120=VERTEX_POINT('',#6968);
#2121=VERTEX_POINT('',#6970);
#2122=VERTEX_POINT('',#6972);
#2123=VERTEX_POINT('',#6974);
#2124=VERTEX_POINT('',#6976);
#2125=VERTEX_POINT('',#6978);
#2126=VERTEX_POINT('',#6980);
#2127=VERTEX_POINT('',#6984);
#2128=VERTEX_POINT('',#6986);
#2129=VERTEX_POINT('',#6990);
#2130=VERTEX_POINT('',#6994);
#2131=VERTEX_POINT('',#7001);
#2132=VERTEX_POINT('',#7003);
#2133=VERTEX_POINT('',#7007);
#2134=VERTEX_POINT('',#7011);
#2135=VERTEX_POINT('',#7018);
#2136=VERTEX_POINT('',#7020);
#2137=VERTEX_POINT('',#7024);
#2138=VERTEX_POINT('',#7028);
#2139=VERTEX_POINT('',#7035);
#2140=VERTEX_POINT('',#7037);
#2141=VERTEX_POINT('',#7041);
#2142=VERTEX_POINT('',#7045);
#2143=VERTEX_POINT('',#7052);
#2144=VERTEX_POINT('',#7054);
#2145=VERTEX_POINT('',#7063);
#2146=VERTEX_POINT('',#7065);
#2147=VERTEX_POINT('',#7069);
#2148=VERTEX_POINT('',#7073);
#2149=VERTEX_POINT('',#7080);
#2150=VERTEX_POINT('',#7082);
#2151=VERTEX_POINT('',#7086);
#2152=VERTEX_POINT('',#7090);
#2153=VERTEX_POINT('',#7097);
#2154=VERTEX_POINT('',#7099);
#2155=VERTEX_POINT('',#7103);
#2156=VERTEX_POINT('',#7107);
#2157=VERTEX_POINT('',#7114);
#2158=VERTEX_POINT('',#7116);
#2159=VERTEX_POINT('',#7120);
#2160=VERTEX_POINT('',#7124);
#2161=VERTEX_POINT('',#7131);
#2162=VERTEX_POINT('',#7135);
#2163=EDGE_CURVE('',#1791,#1791,#1619,.T.);
#2164=EDGE_CURVE('',#1791,#1792,#823,.T.);
#2165=EDGE_CURVE('',#1792,#1792,#1620,.T.);
#2166=EDGE_CURVE('',#1793,#1793,#1621,.T.);
#2167=EDGE_CURVE('',#1793,#1794,#824,.T.);
#2168=EDGE_CURVE('',#1794,#1794,#1622,.T.);
#2169=EDGE_CURVE('',#1795,#1795,#1623,.T.);
#2170=EDGE_CURVE('',#1795,#1796,#825,.T.);
#2171=EDGE_CURVE('',#1796,#1796,#1624,.T.);
#2172=EDGE_CURVE('',#1797,#1797,#1625,.T.);
#2173=EDGE_CURVE('',#1797,#1798,#826,.T.);
#2174=EDGE_CURVE('',#1798,#1798,#1626,.T.);
#2175=EDGE_CURVE('',#1799,#1799,#1627,.T.);
#2176=EDGE_CURVE('',#1799,#1800,#827,.T.);
#2177=EDGE_CURVE('',#1800,#1800,#1628,.T.);
#2178=EDGE_CURVE('',#1801,#1801,#1629,.T.);
#2179=EDGE_CURVE('',#1801,#1802,#828,.T.);
#2180=EDGE_CURVE('',#1802,#1802,#1630,.T.);
#2181=EDGE_CURVE('',#1803,#1804,#1631,.T.);
#2182=EDGE_CURVE('',#1804,#1805,#829,.T.);
#2183=EDGE_CURVE('',#1806,#1805,#1632,.T.);
#2184=EDGE_CURVE('',#1806,#1803,#830,.T.);
#2185=EDGE_CURVE('',#1807,#1808,#1633,.T.);
#2186=EDGE_CURVE('',#1808,#1809,#831,.T.);
#2187=EDGE_CURVE('',#1809,#1810,#1634,.T.);
#2188=EDGE_CURVE('',#1810,#1807,#832,.T.);
#2189=EDGE_CURVE('',#1811,#1811,#1635,.T.);
#2190=EDGE_CURVE('',#1811,#1812,#833,.T.);
#2191=EDGE_CURVE('',#1812,#1812,#1636,.T.);
#2192=EDGE_CURVE('',#1813,#1814,#51,.T.);
#2193=EDGE_CURVE('',#1815,#1814,#1637,.T.);
#2194=EDGE_CURVE('',#1815,#1816,#52,.T.);
#2195=EDGE_CURVE('',#1816,#1813,#1638,.T.);
#2196=EDGE_CURVE('',#1817,#1818,#53,.T.);
#2197=EDGE_CURVE('',#1819,#1818,#1639,.T.);
#2198=EDGE_CURVE('',#1819,#1820,#54,.T.);
#2199=EDGE_CURVE('',#1820,#1817,#1640,.T.);
#2200=EDGE_CURVE('',#1821,#1822,#1641,.T.);
#2201=EDGE_CURVE('',#1823,#1821,#55,.T.);
#2202=EDGE_CURVE('',#1823,#1824,#1642,.T.);
#2203=EDGE_CURVE('',#1822,#1824,#56,.T.);
#2204=EDGE_CURVE('',#1825,#1826,#1643,.T.);
#2205=EDGE_CURVE('',#1827,#1825,#57,.T.);
#2206=EDGE_CURVE('',#1827,#1828,#1644,.T.);
#2207=EDGE_CURVE('',#1826,#1828,#58,.T.);
#2208=EDGE_CURVE('',#1829,#1829,#1645,.T.);
#2209=EDGE_CURVE('',#1829,#1830,#834,.T.);
#2210=EDGE_CURVE('',#1830,#1830,#1646,.T.);
#2211=EDGE_CURVE('',#1831,#1832,#1647,.T.);
#2212=EDGE_CURVE('',#1831,#1833,#59,.T.);
#2213=EDGE_CURVE('',#1833,#1834,#1648,.T.);
#2214=EDGE_CURVE('',#1834,#1832,#60,.T.);
#2215=EDGE_CURVE('',#1835,#1836,#1649,.T.);
#2216=EDGE_CURVE('',#1835,#1837,#61,.T.);
#2217=EDGE_CURVE('',#1837,#1838,#1650,.T.);
#2218=EDGE_CURVE('',#1838,#1836,#62,.T.);
#2219=EDGE_CURVE('',#1839,#1840,#63,.T.);
#2220=EDGE_CURVE('',#1841,#1839,#1651,.T.);
#2221=EDGE_CURVE('',#1842,#1841,#64,.T.);
#2222=EDGE_CURVE('',#1842,#1840,#1652,.T.);
#2223=EDGE_CURVE('',#1843,#1844,#65,.T.);
#2224=EDGE_CURVE('',#1845,#1843,#1653,.T.);
#2225=EDGE_CURVE('',#1846,#1845,#66,.T.);
#2226=EDGE_CURVE('',#1846,#1844,#1654,.T.);
#2227=EDGE_CURVE('',#1847,#1848,#1655,.T.);
#2228=EDGE_CURVE('',#1849,#1847,#835,.T.);
#2229=EDGE_CURVE('',#1850,#1849,#1656,.T.);
#2230=EDGE_CURVE('',#1848,#1850,#836,.T.);
#2231=EDGE_CURVE('',#1851,#1852,#1657,.T.);
#2232=EDGE_CURVE('',#1853,#1852,#837,.T.);
#2233=EDGE_CURVE('',#1854,#1853,#1658,.T.);
#2234=EDGE_CURVE('',#1851,#1854,#838,.T.);
#2235=EDGE_CURVE('',#1827,#1855,#839,.T.);
#2236=EDGE_CURVE('',#1856,#1825,#840,.T.);
#2237=EDGE_CURVE('',#1856,#1855,#841,.T.);
#2238=EDGE_CURVE('',#1817,#1809,#842,.T.);
#2239=EDGE_CURVE('',#1808,#1818,#843,.T.);
#2240=EDGE_CURVE('',#1815,#1803,#844,.T.);
#2241=EDGE_CURVE('',#1816,#1806,#845,.T.);
#2242=EDGE_CURVE('',#1822,#1857,#846,.T.);
#2243=EDGE_CURVE('',#1824,#1858,#847,.T.);
#2244=EDGE_CURVE('',#1858,#1857,#848,.T.);
#2245=EDGE_CURVE('',#1859,#1828,#849,.T.);
#2246=EDGE_CURVE('',#1859,#1855,#1659,.T.);
#2247=EDGE_CURVE('',#1856,#1860,#1660,.T.);
#2248=EDGE_CURVE('',#1859,#1860,#850,.T.);
#2249=EDGE_CURVE('',#1861,#1823,#851,.T.);
#2250=EDGE_CURVE('',#1861,#1858,#1661,.T.);
#2251=EDGE_CURVE('',#1826,#1860,#852,.T.);
#2252=EDGE_CURVE('',#1862,#1861,#853,.T.);
#2253=EDGE_CURVE('',#1862,#1857,#1662,.T.);
#2254=EDGE_CURVE('',#1862,#1821,#854,.T.);
#2255=EDGE_CURVE('',#1863,#1835,#855,.T.);
#2256=EDGE_CURVE('',#1864,#1863,#856,.T.);
#2257=EDGE_CURVE('',#1864,#1837,#857,.T.);
#2258=EDGE_CURVE('',#1854,#1843,#858,.T.);
#2259=EDGE_CURVE('',#1851,#1844,#859,.T.);
#2260=EDGE_CURVE('',#1842,#1847,#860,.T.);
#2261=EDGE_CURVE('',#1841,#1849,#861,.T.);
#2262=EDGE_CURVE('',#1834,#1865,#862,.T.);
#2263=EDGE_CURVE('',#1866,#1865,#863,.T.);
#2264=EDGE_CURVE('',#1832,#1866,#864,.T.);
#2265=EDGE_CURVE('',#1848,#1840,#865,.T.);
#2266=EDGE_CURVE('',#1846,#1852,#866,.T.);
#2267=EDGE_CURVE('',#1850,#1839,#867,.T.);
#2268=EDGE_CURVE('',#1845,#1853,#868,.T.);
#2269=EDGE_CURVE('',#1867,#1868,#869,.T.);
#2270=EDGE_CURVE('',#1868,#1869,#870,.T.);
#2271=EDGE_CURVE('',#1869,#1870,#871,.T.);
#2272=EDGE_CURVE('',#1870,#1871,#872,.T.);
#2273=EDGE_CURVE('',#1871,#1872,#873,.T.);
#2274=EDGE_CURVE('',#1873,#1872,#874,.T.);
#2275=EDGE_CURVE('',#1873,#1874,#875,.T.);
#2276=EDGE_CURVE('',#1867,#1874,#876,.T.);
#2277=EDGE_CURVE('',#1875,#1876,#877,.T.);
#2278=EDGE_CURVE('',#1875,#1877,#878,.T.);
#2279=EDGE_CURVE('',#1878,#1877,#879,.T.);
#2280=EDGE_CURVE('',#1876,#1878,#880,.T.);
#2281=EDGE_CURVE('',#1879,#1880,#881,.T.);
#2282=EDGE_CURVE('',#1879,#1881,#882,.T.);
#2283=EDGE_CURVE('',#1882,#1881,#883,.T.);
#2284=EDGE_CURVE('',#1880,#1882,#884,.T.);
#2285=EDGE_CURVE('',#1883,#1884,#885,.T.);
#2286=EDGE_CURVE('',#1885,#1883,#886,.T.);
#2287=EDGE_CURVE('',#1886,#1885,#887,.T.);
#2288=EDGE_CURVE('',#1884,#1886,#888,.T.);
#2289=EDGE_CURVE('',#1887,#1888,#889,.T.);
#2290=EDGE_CURVE('',#1887,#1889,#890,.T.);
#2291=EDGE_CURVE('',#1890,#1889,#891,.T.);
#2292=EDGE_CURVE('',#1888,#1890,#892,.T.);
#2293=EDGE_CURVE('',#1891,#1864,#1663,.T.);
#2294=EDGE_CURVE('',#1892,#1863,#1664,.T.);
#2295=EDGE_CURVE('',#1892,#1891,#893,.T.);
#2296=EDGE_CURVE('',#1893,#1865,#1665,.T.);
#2297=EDGE_CURVE('',#1893,#1894,#894,.T.);
#2298=EDGE_CURVE('',#1866,#1894,#1666,.T.);
#2299=EDGE_CURVE('',#1895,#1896,#895,.T.);
#2300=EDGE_CURVE('',#1895,#1897,#896,.T.);
#2301=EDGE_CURVE('',#1897,#1898,#897,.T.);
#2302=EDGE_CURVE('',#1898,#1899,#898,.T.);
#2303=EDGE_CURVE('',#1900,#1899,#899,.T.);
#2304=EDGE_CURVE('',#1900,#1901,#900,.T.);
#2305=EDGE_CURVE('',#1902,#1901,#901,.T.);
#2306=EDGE_CURVE('',#1896,#1902,#902,.T.);
#2307=EDGE_CURVE('',#1903,#1904,#903,.T.);
#2308=EDGE_CURVE('',#1905,#1903,#904,.T.);
#2309=EDGE_CURVE('',#1905,#1906,#905,.T.);
#2310=EDGE_CURVE('',#1906,#1904,#906,.T.);
#2311=EDGE_CURVE('',#1907,#1908,#907,.T.);
#2312=EDGE_CURVE('',#1909,#1907,#908,.T.);
#2313=EDGE_CURVE('',#1909,#1910,#909,.T.);
#2314=EDGE_CURVE('',#1910,#1908,#910,.T.);
#2315=EDGE_CURVE('',#1911,#1912,#911,.T.);
#2316=EDGE_CURVE('',#1913,#1911,#912,.T.);
#2317=EDGE_CURVE('',#1913,#1914,#913,.T.);
#2318=EDGE_CURVE('',#1914,#1912,#914,.T.);
#2319=EDGE_CURVE('',#1915,#1916,#915,.T.);
#2320=EDGE_CURVE('',#1916,#1917,#916,.T.);
#2321=EDGE_CURVE('',#1917,#1918,#917,.T.);
#2322=EDGE_CURVE('',#1918,#1915,#918,.T.);
#2323=EDGE_CURVE('',#1919,#1920,#919,.T.);
#2324=EDGE_CURVE('',#1920,#1921,#920,.T.);
#2325=EDGE_CURVE('',#1921,#1922,#921,.T.);
#2326=EDGE_CURVE('',#1922,#1919,#922,.T.);
#2327=EDGE_CURVE('',#1923,#1924,#923,.T.);
#2328=EDGE_CURVE('',#1924,#1925,#924,.T.);
#2329=EDGE_CURVE('',#1926,#1925,#925,.T.);
#2330=EDGE_CURVE('',#1926,#1923,#926,.T.);
#2331=EDGE_CURVE('',#1917,#1868,#1667,.T.);
#2332=EDGE_CURVE('',#1927,#1867,#927,.T.);
#2333=EDGE_CURVE('',#1928,#1927,#928,.T.);
#2334=EDGE_CURVE('',#1928,#1872,#929,.T.);
#2335=EDGE_CURVE('',#1871,#1926,#1668,.T.);
#2336=EDGE_CURVE('',#1925,#1895,#1669,.T.);
#2337=EDGE_CURVE('',#1929,#1896,#930,.T.);
#2338=EDGE_CURVE('',#1930,#1929,#931,.T.);
#2339=EDGE_CURVE('',#1930,#1900,#932,.T.);
#2340=EDGE_CURVE('',#1899,#1918,#1670,.T.);
#2341=EDGE_CURVE('',#1931,#1902,#933,.T.);
#2342=EDGE_CURVE('',#1929,#1931,#934,.T.);
#2343=EDGE_CURVE('',#1932,#1901,#935,.T.);
#2344=EDGE_CURVE('',#1931,#1932,#936,.T.);
#2345=EDGE_CURVE('',#1930,#1932,#937,.T.);
#2346=EDGE_CURVE('',#1933,#1903,#938,.T.);
#2347=EDGE_CURVE('',#1934,#1933,#939,.T.);
#2348=EDGE_CURVE('',#1934,#1905,#940,.T.);
#2349=EDGE_CURVE('',#1935,#1904,#941,.T.);
#2350=EDGE_CURVE('',#1933,#1935,#942,.T.);
#2351=EDGE_CURVE('',#1936,#1906,#943,.T.);
#2352=EDGE_CURVE('',#1936,#1935,#944,.T.);
#2353=EDGE_CURVE('',#1934,#1936,#945,.T.);
#2354=EDGE_CURVE('',#1937,#1907,#946,.T.);
#2355=EDGE_CURVE('',#1938,#1937,#947,.T.);
#2356=EDGE_CURVE('',#1938,#1909,#948,.T.);
#2357=EDGE_CURVE('',#1939,#1908,#949,.T.);
#2358=EDGE_CURVE('',#1937,#1939,#950,.T.);
#2359=EDGE_CURVE('',#1940,#1910,#951,.T.);
#2360=EDGE_CURVE('',#1940,#1939,#952,.T.);
#2361=EDGE_CURVE('',#1938,#1940,#953,.T.);
#2362=EDGE_CURVE('',#1941,#1911,#954,.T.);
#2363=EDGE_CURVE('',#1942,#1941,#955,.T.);
#2364=EDGE_CURVE('',#1942,#1913,#956,.T.);
#2365=EDGE_CURVE('',#1943,#1912,#957,.T.);
#2366=EDGE_CURVE('',#1941,#1943,#958,.T.);
#2367=EDGE_CURVE('',#1944,#1914,#959,.T.);
#2368=EDGE_CURVE('',#1944,#1943,#960,.T.);
#2369=EDGE_CURVE('',#1942,#1944,#961,.T.);
#2370=EDGE_CURVE('',#1893,#1833,#962,.T.);
#2371=EDGE_CURVE('',#1810,#1820,#963,.T.);
#2372=EDGE_CURVE('',#1838,#1891,#964,.T.);
#2373=EDGE_CURVE('',#1894,#1831,#965,.T.);
#2374=EDGE_CURVE('',#1805,#1813,#966,.T.);
#2375=EDGE_CURVE('',#1819,#1807,#967,.T.);
#2376=EDGE_CURVE('',#1804,#1814,#968,.T.);
#2377=EDGE_CURVE('',#1836,#1892,#969,.T.);
#2378=EDGE_CURVE('',#1945,#1873,#970,.T.);
#2379=EDGE_CURVE('',#1945,#1946,#971,.T.);
#2380=EDGE_CURVE('',#1946,#1874,#972,.T.);
#2381=EDGE_CURVE('',#1945,#1928,#973,.T.);
#2382=EDGE_CURVE('',#1927,#1946,#974,.T.);
#2383=EDGE_CURVE('',#1947,#1875,#975,.T.);
#2384=EDGE_CURVE('',#1947,#1948,#976,.T.);
#2385=EDGE_CURVE('',#1948,#1877,#977,.T.);
#2386=EDGE_CURVE('',#1949,#1876,#978,.T.);
#2387=EDGE_CURVE('',#1947,#1949,#979,.T.);
#2388=EDGE_CURVE('',#1950,#1878,#980,.T.);
#2389=EDGE_CURVE('',#1949,#1950,#981,.T.);
#2390=EDGE_CURVE('',#1950,#1948,#982,.T.);
#2391=EDGE_CURVE('',#1951,#1880,#983,.T.);
#2392=EDGE_CURVE('',#1952,#1951,#984,.T.);
#2393=EDGE_CURVE('',#1952,#1879,#985,.T.);
#2394=EDGE_CURVE('',#1953,#1882,#986,.T.);
#2395=EDGE_CURVE('',#1951,#1953,#987,.T.);
#2396=EDGE_CURVE('',#1954,#1881,#988,.T.);
#2397=EDGE_CURVE('',#1953,#1954,#989,.T.);
#2398=EDGE_CURVE('',#1952,#1954,#990,.T.);
#2399=EDGE_CURVE('',#1955,#1888,#991,.T.);
#2400=EDGE_CURVE('',#1956,#1955,#992,.T.);
#2401=EDGE_CURVE('',#1956,#1887,#993,.T.);
#2402=EDGE_CURVE('',#1957,#1890,#994,.T.);
#2403=EDGE_CURVE('',#1955,#1957,#995,.T.);
#2404=EDGE_CURVE('',#1958,#1889,#996,.T.);
#2405=EDGE_CURVE('',#1957,#1958,#997,.T.);
#2406=EDGE_CURVE('',#1956,#1958,#998,.T.);
#2407=EDGE_CURVE('',#1959,#1884,#999,.T.);
#2408=EDGE_CURVE('',#1960,#1959,#1000,.T.);
#2409=EDGE_CURVE('',#1960,#1883,#1001,.T.);
#2410=EDGE_CURVE('',#1961,#1886,#1002,.T.);
#2411=EDGE_CURVE('',#1959,#1961,#1003,.T.);
#2412=EDGE_CURVE('',#1962,#1885,#1004,.T.);
#2413=EDGE_CURVE('',#1961,#1962,#1005,.T.);
#2414=EDGE_CURVE('',#1962,#1960,#1006,.T.);
#2415=EDGE_CURVE('',#1923,#1870,#1671,.T.);
#2416=EDGE_CURVE('',#1924,#1922,#1672,.T.);
#2417=EDGE_CURVE('',#1919,#1923,#1673,.T.);
#2418=EDGE_CURVE('',#1897,#1924,#1674,.T.);
#2419=EDGE_CURVE('',#1919,#1870,#1675,.T.);
#2420=EDGE_CURVE('',#1897,#1922,#1676,.T.);
#2421=EDGE_CURVE('',#1869,#1916,#1677,.T.);
#2422=EDGE_CURVE('',#1920,#1869,#1678,.T.);
#2423=EDGE_CURVE('',#1898,#1921,#1679,.T.);
#2424=EDGE_CURVE('',#1915,#1898,#1680,.T.);
#2425=EDGE_CURVE('',#1920,#1916,#1681,.T.);
#2426=EDGE_CURVE('',#1915,#1921,#1682,.T.);
#2427=EDGE_CURVE('',#1963,#1964,#1007,.T.);
#2428=EDGE_CURVE('',#1963,#1965,#1008,.T.);
#2429=EDGE_CURVE('',#1965,#1966,#1009,.T.);
#2430=EDGE_CURVE('',#1966,#1967,#1010,.T.);
#2431=EDGE_CURVE('',#1967,#1968,#1011,.T.);
#2432=EDGE_CURVE('',#1968,#1969,#1012,.T.);
#2433=EDGE_CURVE('',#1970,#1969,#1013,.T.);
#2434=EDGE_CURVE('',#1971,#1970,#1014,.T.);
#2435=EDGE_CURVE('',#1972,#1971,#1015,.T.);
#2436=EDGE_CURVE('',#1964,#1972,#1016,.T.);
#2437=EDGE_CURVE('',#1973,#1974,#1017,.T.);
#2438=EDGE_CURVE('',#1973,#1975,#1018,.T.);
#2439=EDGE_CURVE('',#1976,#1975,#1019,.T.);
#2440=EDGE_CURVE('',#1974,#1976,#1020,.T.);
#2441=EDGE_CURVE('',#1977,#1978,#1021,.T.);
#2442=EDGE_CURVE('',#1977,#1979,#1022,.T.);
#2443=EDGE_CURVE('',#1980,#1979,#1023,.T.);
#2444=EDGE_CURVE('',#1978,#1980,#1024,.T.);
#2445=EDGE_CURVE('',#1981,#1982,#1025,.T.);
#2446=EDGE_CURVE('',#1981,#1983,#1026,.T.);
#2447=EDGE_CURVE('',#1984,#1983,#1027,.T.);
#2448=EDGE_CURVE('',#1982,#1984,#1028,.T.);
#2449=EDGE_CURVE('',#1985,#1986,#1029,.T.);
#2450=EDGE_CURVE('',#1985,#1987,#1030,.T.);
#2451=EDGE_CURVE('',#1988,#1987,#1031,.T.);
#2452=EDGE_CURVE('',#1986,#1988,#1032,.T.);
#2453=EDGE_CURVE('',#1989,#1990,#1033,.T.);
#2454=EDGE_CURVE('',#1989,#1991,#1683,.T.);
#2455=EDGE_CURVE('',#1991,#1992,#1034,.T.);
#2456=EDGE_CURVE('',#1992,#1963,#1684,.T.);
#2457=EDGE_CURVE('',#1993,#1964,#1035,.T.);
#2458=EDGE_CURVE('',#1994,#1993,#1036,.T.);
#2459=EDGE_CURVE('',#1994,#1970,#1037,.T.);
#2460=EDGE_CURVE('',#1969,#1995,#1685,.T.);
#2461=EDGE_CURVE('',#1996,#1995,#1038,.T.);
#2462=EDGE_CURVE('',#1996,#1997,#1686,.T.);
#2463=EDGE_CURVE('',#1998,#1997,#1039,.T.);
#2464=EDGE_CURVE('',#1999,#1998,#1040,.T.);
#2465=EDGE_CURVE('',#2000,#1999,#1041,.T.);
#2466=EDGE_CURVE('',#2000,#1990,#1042,.T.);
#2467=EDGE_CURVE('',#1995,#2001,#1043,.T.);
#2468=EDGE_CURVE('',#2001,#2002,#1044,.T.);
#2469=EDGE_CURVE('',#2002,#1996,#1045,.T.);
#2470=EDGE_CURVE('',#2003,#2004,#1046,.T.);
#2471=EDGE_CURVE('',#2003,#2005,#1687,.T.);
#2472=EDGE_CURVE('',#2006,#2005,#1047,.T.);
#2473=EDGE_CURVE('',#2006,#2007,#1688,.T.);
#2474=EDGE_CURVE('',#2007,#2008,#1048,.T.);
#2475=EDGE_CURVE('',#2008,#2009,#1689,.T.);
#2476=EDGE_CURVE('',#2009,#2010,#1049,.T.);
#2477=EDGE_CURVE('',#2010,#2004,#1690,.T.);
#2478=EDGE_CURVE('',#2011,#2012,#1050,.T.);
#2479=EDGE_CURVE('',#2012,#2013,#1051,.T.);
#2480=EDGE_CURVE('',#2013,#2014,#1052,.T.);
#2481=EDGE_CURVE('',#2014,#2011,#1053,.T.);
#2482=EDGE_CURVE('',#2015,#2016,#1054,.T.);
#2483=EDGE_CURVE('',#2016,#2017,#1055,.T.);
#2484=EDGE_CURVE('',#2017,#2018,#1056,.T.);
#2485=EDGE_CURVE('',#2018,#2015,#1057,.T.);
#2486=EDGE_CURVE('',#2019,#2020,#1058,.T.);
#2487=EDGE_CURVE('',#2020,#2021,#1059,.T.);
#2488=EDGE_CURVE('',#2021,#2022,#1060,.T.);
#2489=EDGE_CURVE('',#2022,#2019,#1061,.T.);
#2490=EDGE_CURVE('',#1991,#2023,#1062,.T.);
#2491=EDGE_CURVE('',#2023,#2024,#1063,.T.);
#2492=EDGE_CURVE('',#2024,#1992,#1064,.T.);
#2493=EDGE_CURVE('',#2025,#2026,#1065,.T.);
#2494=EDGE_CURVE('',#2026,#1989,#1066,.T.);
#2495=EDGE_CURVE('',#1990,#2027,#1067,.T.);
#2496=EDGE_CURVE('',#2027,#2028,#1068,.T.);
#2497=EDGE_CURVE('',#1998,#2028,#1069,.T.);
#2498=EDGE_CURVE('',#1997,#2029,#1070,.T.);
#2499=EDGE_CURVE('',#2029,#2030,#1071,.T.);
#2500=EDGE_CURVE('',#2030,#2025,#1072,.T.);
#2501=EDGE_CURVE('',#2031,#2032,#1073,.T.);
#2502=EDGE_CURVE('',#2032,#2033,#1074,.T.);
#2503=EDGE_CURVE('',#2034,#2033,#1075,.T.);
#2504=EDGE_CURVE('',#2031,#2034,#1076,.T.);
#2505=EDGE_CURVE('',#2035,#2036,#1077,.T.);
#2506=EDGE_CURVE('',#2036,#2037,#1078,.T.);
#2507=EDGE_CURVE('',#2038,#2037,#1079,.T.);
#2508=EDGE_CURVE('',#2035,#2038,#1080,.T.);
#2509=EDGE_CURVE('',#2039,#2040,#1081,.T.);
#2510=EDGE_CURVE('',#2040,#2041,#1082,.T.);
#2511=EDGE_CURVE('',#2042,#2041,#1083,.T.);
#2512=EDGE_CURVE('',#2039,#2042,#1084,.T.);
#2513=EDGE_CURVE('',#2043,#2044,#1085,.T.);
#2514=EDGE_CURVE('',#2044,#2045,#1086,.T.);
#2515=EDGE_CURVE('',#2046,#2045,#1087,.T.);
#2516=EDGE_CURVE('',#2043,#2046,#1088,.T.);
#2517=EDGE_CURVE('',#2047,#2048,#1089,.T.);
#2518=EDGE_CURVE('',#2047,#2049,#1090,.T.);
#2519=EDGE_CURVE('',#2049,#2050,#1091,.T.);
#2520=EDGE_CURVE('',#2050,#2048,#1092,.T.);
#2521=EDGE_CURVE('',#2048,#2051,#1691,.T.);
#2522=EDGE_CURVE('',#2051,#2052,#33,.T.);
#2523=EDGE_CURVE('',#2052,#2047,#1692,.T.);
#2524=EDGE_CURVE('',#2053,#2054,#1693,.T.);
#2525=EDGE_CURVE('',#2054,#2055,#34,.T.);
#2526=EDGE_CURVE('',#2055,#2056,#1694,.T.);
#2527=EDGE_CURVE('',#2053,#2056,#1093,.T.);
#2528=EDGE_CURVE('',#2057,#2058,#1094,.T.);
#2529=EDGE_CURVE('',#2057,#2053,#1095,.T.);
#2530=EDGE_CURVE('',#2056,#2058,#1096,.T.);
#2531=EDGE_CURVE('',#2059,#2060,#1097,.T.);
#2532=EDGE_CURVE('',#2059,#2057,#1695,.T.);
#2533=EDGE_CURVE('',#2058,#2060,#1696,.T.);
#2534=EDGE_CURVE('',#2061,#2062,#1098,.T.);
#2535=EDGE_CURVE('',#2061,#2059,#1099,.T.);
#2536=EDGE_CURVE('',#2060,#2062,#1100,.T.);
#2537=EDGE_CURVE('',#2062,#2063,#1697,.T.);
#2538=EDGE_CURVE('',#2064,#2063,#1101,.T.);
#2539=EDGE_CURVE('',#2064,#2061,#1698,.T.);
#2540=EDGE_CURVE('',#2065,#2066,#1102,.T.);
#2541=EDGE_CURVE('',#2065,#2064,#1103,.T.);
#2542=EDGE_CURVE('',#2063,#2066,#1104,.T.);
#2543=EDGE_CURVE('',#2067,#2068,#1105,.T.);
#2544=EDGE_CURVE('',#2067,#2065,#1699,.T.);
#2545=EDGE_CURVE('',#2066,#2068,#1700,.T.);
#2546=EDGE_CURVE('',#2069,#2070,#1106,.T.);
#2547=EDGE_CURVE('',#2069,#2067,#1107,.T.);
#2548=EDGE_CURVE('',#2068,#2070,#1108,.T.);
#2549=EDGE_CURVE('',#2071,#2072,#1109,.T.);
#2550=EDGE_CURVE('',#2071,#2069,#1701,.T.);
#2551=EDGE_CURVE('',#2070,#2072,#1702,.T.);
#2552=EDGE_CURVE('',#2007,#2071,#1110,.T.);
#2553=EDGE_CURVE('',#2072,#2008,#1111,.T.);
#2554=EDGE_CURVE('',#2073,#2074,#1112,.T.);
#2555=EDGE_CURVE('',#2073,#2003,#1113,.T.);
#2556=EDGE_CURVE('',#2004,#2074,#1114,.T.);
#2557=EDGE_CURVE('',#2075,#2076,#1115,.T.);
#2558=EDGE_CURVE('',#2075,#2073,#1703,.T.);
#2559=EDGE_CURVE('',#2074,#2076,#1704,.T.);
#2560=EDGE_CURVE('',#2077,#2078,#1116,.T.);
#2561=EDGE_CURVE('',#2077,#2075,#1117,.T.);
#2562=EDGE_CURVE('',#2076,#2078,#1118,.T.);
#2563=EDGE_CURVE('',#2079,#2080,#1119,.T.);
#2564=EDGE_CURVE('',#2079,#2077,#1705,.T.);
#2565=EDGE_CURVE('',#2078,#2080,#1706,.T.);
#2566=EDGE_CURVE('',#2081,#2082,#1120,.T.);
#2567=EDGE_CURVE('',#2081,#2079,#1121,.T.);
#2568=EDGE_CURVE('',#2080,#2082,#1122,.T.);
#2569=EDGE_CURVE('',#2083,#2084,#1123,.T.);
#2570=EDGE_CURVE('',#2083,#2081,#1707,.T.);
#2571=EDGE_CURVE('',#2082,#2084,#1708,.T.);
#2572=EDGE_CURVE('',#2085,#2086,#1124,.T.);
#2573=EDGE_CURVE('',#2085,#2083,#1125,.T.);
#2574=EDGE_CURVE('',#2084,#2086,#1126,.T.);
#2575=EDGE_CURVE('',#2049,#2085,#1709,.T.);
#2576=EDGE_CURVE('',#2086,#2050,#1710,.T.);
#2577=EDGE_CURVE('',#2087,#2088,#67,.T.);
#2578=EDGE_CURVE('',#2087,#2089,#1711,.T.);
#2579=EDGE_CURVE('',#2089,#2090,#1127,.T.);
#2580=EDGE_CURVE('',#2090,#2091,#1712,.T.);
#2581=EDGE_CURVE('',#2091,#2092,#1128,.T.);
#2582=EDGE_CURVE('',#2092,#2093,#1713,.T.);
#2583=EDGE_CURVE('',#2093,#2094,#1129,.T.);
#2584=EDGE_CURVE('',#2094,#2095,#1714,.T.);
#2585=EDGE_CURVE('',#2095,#2096,#1130,.T.);
#2586=EDGE_CURVE('',#2096,#2097,#1715,.T.);
#2587=EDGE_CURVE('',#2097,#2006,#1131,.T.);
#2588=EDGE_CURVE('',#2005,#2098,#1132,.T.);
#2589=EDGE_CURVE('',#2098,#2099,#1716,.T.);
#2590=EDGE_CURVE('',#2099,#2100,#1133,.T.);
#2591=EDGE_CURVE('',#2100,#2101,#1717,.T.);
#2592=EDGE_CURVE('',#2101,#2102,#1134,.T.);
#2593=EDGE_CURVE('',#2102,#2103,#1718,.T.);
#2594=EDGE_CURVE('',#2103,#2104,#1135,.T.);
#2595=EDGE_CURVE('',#2104,#2105,#1719,.T.);
#2596=EDGE_CURVE('',#2105,#2106,#1136,.T.);
#2597=EDGE_CURVE('',#2106,#2088,#1720,.T.);
#2598=EDGE_CURVE('',#2107,#2108,#1721,.T.);
#2599=EDGE_CURVE('',#2108,#2109,#68,.T.);
#2600=EDGE_CURVE('',#2109,#2110,#1722,.T.);
#2601=EDGE_CURVE('',#2110,#2111,#1137,.T.);
#2602=EDGE_CURVE('',#2111,#2112,#1723,.T.);
#2603=EDGE_CURVE('',#2112,#2113,#1138,.T.);
#2604=EDGE_CURVE('',#2113,#2114,#1724,.T.);
#2605=EDGE_CURVE('',#2114,#2115,#1139,.T.);
#2606=EDGE_CURVE('',#2115,#2116,#1725,.T.);
#2607=EDGE_CURVE('',#2116,#2117,#1140,.T.);
#2608=EDGE_CURVE('',#2117,#2118,#1726,.T.);
#2609=EDGE_CURVE('',#2118,#2010,#1141,.T.);
#2610=EDGE_CURVE('',#2009,#2119,#1142,.T.);
#2611=EDGE_CURVE('',#2119,#2120,#1727,.T.);
#2612=EDGE_CURVE('',#2120,#2121,#1143,.T.);
#2613=EDGE_CURVE('',#2121,#2122,#1728,.T.);
#2614=EDGE_CURVE('',#2122,#2123,#1144,.T.);
#2615=EDGE_CURVE('',#2123,#2124,#1729,.T.);
#2616=EDGE_CURVE('',#2124,#2125,#1145,.T.);
#2617=EDGE_CURVE('',#2125,#2126,#1730,.T.);
#2618=EDGE_CURVE('',#2126,#2107,#1146,.T.);
#2619=EDGE_CURVE('',#2127,#2043,#1147,.T.);
#2620=EDGE_CURVE('',#2127,#2128,#1148,.T.);
#2621=EDGE_CURVE('',#2128,#2044,#1149,.T.);
#2622=EDGE_CURVE('',#2129,#2046,#1150,.T.);
#2623=EDGE_CURVE('',#2127,#2129,#1151,.T.);
#2624=EDGE_CURVE('',#2130,#2045,#1152,.T.);
#2625=EDGE_CURVE('',#2129,#2130,#1153,.T.);
#2626=EDGE_CURVE('',#2128,#2130,#1154,.T.);
#2627=EDGE_CURVE('',#2131,#2039,#1155,.T.);
#2628=EDGE_CURVE('',#2131,#2132,#1156,.T.);
#2629=EDGE_CURVE('',#2132,#2040,#1157,.T.);
#2630=EDGE_CURVE('',#2133,#2042,#1158,.T.);
#2631=EDGE_CURVE('',#2131,#2133,#1159,.T.);
#2632=EDGE_CURVE('',#2134,#2041,#1160,.T.);
#2633=EDGE_CURVE('',#2133,#2134,#1161,.T.);
#2634=EDGE_CURVE('',#2132,#2134,#1162,.T.);
#2635=EDGE_CURVE('',#2135,#2035,#1163,.T.);
#2636=EDGE_CURVE('',#2135,#2136,#1164,.T.);
#2637=EDGE_CURVE('',#2136,#2036,#1165,.T.);
#2638=EDGE_CURVE('',#2137,#2038,#1166,.T.);
#2639=EDGE_CURVE('',#2135,#2137,#1167,.T.);
#2640=EDGE_CURVE('',#2138,#2037,#1168,.T.);
#2641=EDGE_CURVE('',#2137,#2138,#1169,.T.);
#2642=EDGE_CURVE('',#2136,#2138,#1170,.T.);
#2643=EDGE_CURVE('',#2139,#2031,#1171,.T.);
#2644=EDGE_CURVE('',#2139,#2140,#1172,.T.);
#2645=EDGE_CURVE('',#2140,#2032,#1173,.T.);
#2646=EDGE_CURVE('',#2141,#2034,#1174,.T.);
#2647=EDGE_CURVE('',#2139,#2141,#1175,.T.);
#2648=EDGE_CURVE('',#2142,#2033,#1176,.T.);
#2649=EDGE_CURVE('',#2141,#2142,#1177,.T.);
#2650=EDGE_CURVE('',#2140,#2142,#1178,.T.);
#2651=EDGE_CURVE('',#2143,#2027,#1179,.T.);
#2652=EDGE_CURVE('',#2143,#2144,#1180,.T.);
#2653=EDGE_CURVE('',#2144,#2028,#1181,.T.);
#2654=EDGE_CURVE('',#2000,#2143,#1182,.T.);
#2655=EDGE_CURVE('',#1999,#2144,#1183,.T.);
#2656=EDGE_CURVE('',#2145,#1981,#1184,.T.);
#2657=EDGE_CURVE('',#2145,#2146,#1185,.T.);
#2658=EDGE_CURVE('',#2146,#1983,#1186,.T.);
#2659=EDGE_CURVE('',#2147,#1982,#1187,.T.);
#2660=EDGE_CURVE('',#2145,#2147,#1188,.T.);
#2661=EDGE_CURVE('',#2148,#1984,#1189,.T.);
#2662=EDGE_CURVE('',#2147,#2148,#1190,.T.);
#2663=EDGE_CURVE('',#2148,#2146,#1191,.T.);
#2664=EDGE_CURVE('',#2149,#1978,#1192,.T.);
#2665=EDGE_CURVE('',#2150,#2149,#1193,.T.);
#2666=EDGE_CURVE('',#2150,#1977,#1194,.T.);
#2667=EDGE_CURVE('',#2151,#1980,#1195,.T.);
#2668=EDGE_CURVE('',#2149,#2151,#1196,.T.);
#2669=EDGE_CURVE('',#2152,#1979,#1197,.T.);
#2670=EDGE_CURVE('',#2151,#2152,#1198,.T.);
#2671=EDGE_CURVE('',#2150,#2152,#1199,.T.);
#2672=EDGE_CURVE('',#2153,#1986,#1200,.T.);
#2673=EDGE_CURVE('',#2154,#2153,#1201,.T.);
#2674=EDGE_CURVE('',#2154,#1985,#1202,.T.);
#2675=EDGE_CURVE('',#2155,#1988,#1203,.T.);
#2676=EDGE_CURVE('',#2153,#2155,#1204,.T.);
#2677=EDGE_CURVE('',#2156,#1987,#1205,.T.);
#2678=EDGE_CURVE('',#2155,#2156,#1206,.T.);
#2679=EDGE_CURVE('',#2154,#2156,#1207,.T.);
#2680=EDGE_CURVE('',#2157,#1974,#1208,.T.);
#2681=EDGE_CURVE('',#2158,#2157,#1209,.T.);
#2682=EDGE_CURVE('',#2158,#1973,#1210,.T.);
#2683=EDGE_CURVE('',#2159,#1976,#1211,.T.);
#2684=EDGE_CURVE('',#2157,#2159,#1212,.T.);
#2685=EDGE_CURVE('',#2160,#1975,#1213,.T.);
#2686=EDGE_CURVE('',#2159,#2160,#1214,.T.);
#2687=EDGE_CURVE('',#2158,#2160,#1215,.T.);
#2688=EDGE_CURVE('',#2161,#1972,#1216,.T.);
#2689=EDGE_CURVE('',#1993,#2161,#1217,.T.);
#2690=EDGE_CURVE('',#2162,#1971,#1218,.T.);
#2691=EDGE_CURVE('',#2161,#2162,#1219,.T.);
#2692=EDGE_CURVE('',#2162,#1994,#1220,.T.);
#2693=EDGE_CURVE('',#2023,#2022,#1731,.T.);
#2694=EDGE_CURVE('',#2021,#2024,#1732,.T.);
#2695=EDGE_CURVE('',#2022,#2026,#1733,.T.);
#2696=EDGE_CURVE('',#2019,#2025,#1734,.T.);
#2697=EDGE_CURVE('',#2020,#2018,#1735,.T.);
#2698=EDGE_CURVE('',#2015,#2019,#1736,.T.);
#2699=EDGE_CURVE('',#1965,#2021,#1737,.T.);
#2700=EDGE_CURVE('',#1966,#2020,#1738,.T.);
#2701=EDGE_CURVE('',#2015,#2025,#1739,.T.);
#2702=EDGE_CURVE('',#1966,#2018,#1740,.T.);
#2703=EDGE_CURVE('',#2001,#2012,#1741,.T.);
#2704=EDGE_CURVE('',#2011,#2002,#1742,.T.);
#2705=EDGE_CURVE('',#2029,#2011,#1743,.T.);
#2706=EDGE_CURVE('',#2030,#2014,#1744,.T.);
#2707=EDGE_CURVE('',#2016,#2030,#1745,.T.);
#2708=EDGE_CURVE('',#1967,#2017,#1746,.T.);
#2709=EDGE_CURVE('',#2012,#1968,#1747,.T.);
#2710=EDGE_CURVE('',#2013,#1967,#1748,.T.);
#2711=EDGE_CURVE('',#2016,#2014,#1749,.T.);
#2712=EDGE_CURVE('',#2013,#2017,#1750,.T.);
#2713=EDGE_CURVE('',#2023,#2026,#1751,.T.);
#2714=EDGE_CURVE('',#1965,#2024,#1752,.T.);
#2715=EDGE_CURVE('',#2001,#1968,#1753,.T.);
#2716=EDGE_CURVE('',#2029,#2002,#1754,.T.);
#2717=EDGE_CURVE('',#2054,#2087,#35,.T.);
#2718=EDGE_CURVE('',#2089,#2053,#1755,.T.);
#2719=EDGE_CURVE('',#2090,#2057,#1756,.T.);
#2720=EDGE_CURVE('',#2091,#2059,#1757,.T.);
#2721=EDGE_CURVE('',#2092,#2061,#1758,.T.);
#2722=EDGE_CURVE('',#2093,#2064,#1759,.T.);
#2723=EDGE_CURVE('',#2094,#2065,#1760,.T.);
#2724=EDGE_CURVE('',#2095,#2067,#1761,.T.);
#2725=EDGE_CURVE('',#2096,#2069,#1762,.T.);
#2726=EDGE_CURVE('',#2097,#2071,#1763,.T.);
#2727=EDGE_CURVE('',#2119,#2072,#1764,.T.);
#2728=EDGE_CURVE('',#2120,#2070,#1765,.T.);
#2729=EDGE_CURVE('',#2121,#2068,#1766,.T.);
#2730=EDGE_CURVE('',#2122,#2066,#1767,.T.);
#2731=EDGE_CURVE('',#2123,#2063,#1768,.T.);
#2732=EDGE_CURVE('',#2124,#2062,#1769,.T.);
#2733=EDGE_CURVE('',#2125,#2060,#1770,.T.);
#2734=EDGE_CURVE('',#2126,#2058,#1771,.T.);
#2735=EDGE_CURVE('',#2107,#2056,#1772,.T.);
#2736=EDGE_CURVE('',#2108,#2055,#36,.T.);
#2737=EDGE_CURVE('',#2088,#2052,#37,.T.);
#2738=EDGE_CURVE('',#2047,#2106,#1773,.T.);
#2739=EDGE_CURVE('',#2049,#2105,#1774,.T.);
#2740=EDGE_CURVE('',#2085,#2104,#1775,.T.);
#2741=EDGE_CURVE('',#2083,#2103,#1776,.T.);
#2742=EDGE_CURVE('',#2081,#2102,#1777,.T.);
#2743=EDGE_CURVE('',#2079,#2101,#1778,.T.);
#2744=EDGE_CURVE('',#2077,#2100,#1779,.T.);
#2745=EDGE_CURVE('',#2075,#2099,#1780,.T.);
#2746=EDGE_CURVE('',#2073,#2098,#1781,.T.);
#2747=EDGE_CURVE('',#2051,#2109,#38,.T.);
#2748=EDGE_CURVE('',#2110,#2048,#1782,.T.);
#2749=EDGE_CURVE('',#2111,#2050,#1783,.T.);
#2750=EDGE_CURVE('',#2112,#2086,#1784,.T.);
#2751=EDGE_CURVE('',#2113,#2084,#1785,.T.);
#2752=EDGE_CURVE('',#2114,#2082,#1786,.T.);
#2753=EDGE_CURVE('',#2115,#2080,#1787,.T.);
#2754=EDGE_CURVE('',#2116,#2078,#1788,.T.);
#2755=EDGE_CURVE('',#2117,#2076,#1789,.T.);
#2756=EDGE_CURVE('',#2118,#2074,#1790,.T.);
#2757=ORIENTED_EDGE('',*,*,#2163,.T.);
#2758=ORIENTED_EDGE('',*,*,#2164,.T.);
#2759=ORIENTED_EDGE('',*,*,#2165,.F.);
#2760=ORIENTED_EDGE('',*,*,#2164,.F.);
#2761=ORIENTED_EDGE('',*,*,#2166,.T.);
#2762=ORIENTED_EDGE('',*,*,#2167,.T.);
#2763=ORIENTED_EDGE('',*,*,#2168,.F.);
#2764=ORIENTED_EDGE('',*,*,#2167,.F.);
#2765=ORIENTED_EDGE('',*,*,#2165,.T.);
#2766=ORIENTED_EDGE('',*,*,#2166,.F.);
#2767=ORIENTED_EDGE('',*,*,#2163,.F.);
#2768=ORIENTED_EDGE('',*,*,#2168,.T.);
#2769=ORIENTED_EDGE('',*,*,#2169,.T.);
#2770=ORIENTED_EDGE('',*,*,#2170,.T.);
#2771=ORIENTED_EDGE('',*,*,#2171,.F.);
#2772=ORIENTED_EDGE('',*,*,#2170,.F.);
#2773=ORIENTED_EDGE('',*,*,#2171,.T.);
#2774=ORIENTED_EDGE('',*,*,#2169,.F.);
#2775=ORIENTED_EDGE('',*,*,#2172,.F.);
#2776=ORIENTED_EDGE('',*,*,#2173,.T.);
#2777=ORIENTED_EDGE('',*,*,#2174,.T.);
#2778=ORIENTED_EDGE('',*,*,#2173,.F.);
#2779=ORIENTED_EDGE('',*,*,#2174,.F.);
#2780=ORIENTED_EDGE('',*,*,#2172,.T.);
#2781=ORIENTED_EDGE('',*,*,#2175,.F.);
#2782=ORIENTED_EDGE('',*,*,#2176,.T.);
#2783=ORIENTED_EDGE('',*,*,#2177,.T.);
#2784=ORIENTED_EDGE('',*,*,#2176,.F.);
#2785=ORIENTED_EDGE('',*,*,#2178,.F.);
#2786=ORIENTED_EDGE('',*,*,#2179,.T.);
#2787=ORIENTED_EDGE('',*,*,#2180,.T.);
#2788=ORIENTED_EDGE('',*,*,#2179,.F.);
#2789=ORIENTED_EDGE('',*,*,#2177,.F.);
#2790=ORIENTED_EDGE('',*,*,#2178,.T.);
#2791=ORIENTED_EDGE('',*,*,#2175,.T.);
#2792=ORIENTED_EDGE('',*,*,#2180,.F.);
#2793=ORIENTED_EDGE('',*,*,#2181,.T.);
#2794=ORIENTED_EDGE('',*,*,#2182,.T.);
#2795=ORIENTED_EDGE('',*,*,#2183,.F.);
#2796=ORIENTED_EDGE('',*,*,#2184,.T.);
#2797=ORIENTED_EDGE('',*,*,#2185,.T.);
#2798=ORIENTED_EDGE('',*,*,#2186,.T.);
#2799=ORIENTED_EDGE('',*,*,#2187,.T.);
#2800=ORIENTED_EDGE('',*,*,#2188,.T.);
#2801=ORIENTED_EDGE('',*,*,#2189,.T.);
#2802=ORIENTED_EDGE('',*,*,#2190,.T.);
#2803=ORIENTED_EDGE('',*,*,#2191,.F.);
#2804=ORIENTED_EDGE('',*,*,#2190,.F.);
#2805=ORIENTED_EDGE('',*,*,#2192,.T.);
#2806=ORIENTED_EDGE('',*,*,#2193,.F.);
#2807=ORIENTED_EDGE('',*,*,#2194,.T.);
#2808=ORIENTED_EDGE('',*,*,#2195,.T.);
#2809=ORIENTED_EDGE('',*,*,#2196,.T.);
#2810=ORIENTED_EDGE('',*,*,#2197,.F.);
#2811=ORIENTED_EDGE('',*,*,#2198,.T.);
#2812=ORIENTED_EDGE('',*,*,#2199,.T.);
#2813=ORIENTED_EDGE('',*,*,#2200,.F.);
#2814=ORIENTED_EDGE('',*,*,#2201,.F.);
#2815=ORIENTED_EDGE('',*,*,#2202,.T.);
#2816=ORIENTED_EDGE('',*,*,#2203,.F.);
#2817=ORIENTED_EDGE('',*,*,#2204,.F.);
#2818=ORIENTED_EDGE('',*,*,#2205,.F.);
#2819=ORIENTED_EDGE('',*,*,#2206,.T.);
#2820=ORIENTED_EDGE('',*,*,#2207,.F.);
#2821=ORIENTED_EDGE('',*,*,#2208,.T.);
#2822=ORIENTED_EDGE('',*,*,#2209,.T.);
#2823=ORIENTED_EDGE('',*,*,#2210,.T.);
#2824=ORIENTED_EDGE('',*,*,#2209,.F.);
#2825=ORIENTED_EDGE('',*,*,#2211,.F.);
#2826=ORIENTED_EDGE('',*,*,#2212,.T.);
#2827=ORIENTED_EDGE('',*,*,#2213,.T.);
#2828=ORIENTED_EDGE('',*,*,#2214,.T.);
#2829=ORIENTED_EDGE('',*,*,#2215,.F.);
#2830=ORIENTED_EDGE('',*,*,#2216,.T.);
#2831=ORIENTED_EDGE('',*,*,#2217,.T.);
#2832=ORIENTED_EDGE('',*,*,#2218,.T.);
#2833=ORIENTED_EDGE('',*,*,#2219,.F.);
#2834=ORIENTED_EDGE('',*,*,#2220,.F.);
#2835=ORIENTED_EDGE('',*,*,#2221,.F.);
#2836=ORIENTED_EDGE('',*,*,#2222,.T.);
#2837=ORIENTED_EDGE('',*,*,#2223,.F.);
#2838=ORIENTED_EDGE('',*,*,#2224,.F.);
#2839=ORIENTED_EDGE('',*,*,#2225,.F.);
#2840=ORIENTED_EDGE('',*,*,#2226,.T.);
#2841=ORIENTED_EDGE('',*,*,#2227,.F.);
#2842=ORIENTED_EDGE('',*,*,#2228,.F.);
#2843=ORIENTED_EDGE('',*,*,#2229,.F.);
#2844=ORIENTED_EDGE('',*,*,#2230,.F.);
#2845=ORIENTED_EDGE('',*,*,#2231,.T.);
#2846=ORIENTED_EDGE('',*,*,#2232,.F.);
#2847=ORIENTED_EDGE('',*,*,#2233,.F.);
#2848=ORIENTED_EDGE('',*,*,#2234,.F.);
#2849=ORIENTED_EDGE('',*,*,#2235,.F.);
#2850=ORIENTED_EDGE('',*,*,#2205,.T.);
#2851=ORIENTED_EDGE('',*,*,#2236,.F.);
#2852=ORIENTED_EDGE('',*,*,#2237,.T.);
#2853=ORIENTED_EDGE('',*,*,#2196,.F.);
#2854=ORIENTED_EDGE('',*,*,#2238,.T.);
#2855=ORIENTED_EDGE('',*,*,#2186,.F.);
#2856=ORIENTED_EDGE('',*,*,#2239,.T.);
#2857=ORIENTED_EDGE('',*,*,#2194,.F.);
#2858=ORIENTED_EDGE('',*,*,#2240,.T.);
#2859=ORIENTED_EDGE('',*,*,#2184,.F.);
#2860=ORIENTED_EDGE('',*,*,#2241,.F.);
#2861=ORIENTED_EDGE('',*,*,#2242,.F.);
#2862=ORIENTED_EDGE('',*,*,#2203,.T.);
#2863=ORIENTED_EDGE('',*,*,#2243,.T.);
#2864=ORIENTED_EDGE('',*,*,#2244,.T.);
#2865=ORIENTED_EDGE('',*,*,#2245,.T.);
#2866=ORIENTED_EDGE('',*,*,#2206,.F.);
#2867=ORIENTED_EDGE('',*,*,#2235,.T.);
#2868=ORIENTED_EDGE('',*,*,#2246,.F.);
#2869=ORIENTED_EDGE('',*,*,#2237,.F.);
#2870=ORIENTED_EDGE('',*,*,#2247,.T.);
#2871=ORIENTED_EDGE('',*,*,#2248,.F.);
#2872=ORIENTED_EDGE('',*,*,#2246,.T.);
#2873=ORIENTED_EDGE('',*,*,#2243,.F.);
#2874=ORIENTED_EDGE('',*,*,#2202,.F.);
#2875=ORIENTED_EDGE('',*,*,#2249,.F.);
#2876=ORIENTED_EDGE('',*,*,#2250,.T.);
#2877=ORIENTED_EDGE('',*,*,#2204,.T.);
#2878=ORIENTED_EDGE('',*,*,#2251,.T.);
#2879=ORIENTED_EDGE('',*,*,#2247,.F.);
#2880=ORIENTED_EDGE('',*,*,#2236,.T.);
#2881=ORIENTED_EDGE('',*,*,#2252,.F.);
#2882=ORIENTED_EDGE('',*,*,#2253,.T.);
#2883=ORIENTED_EDGE('',*,*,#2244,.F.);
#2884=ORIENTED_EDGE('',*,*,#2250,.F.);
#2885=ORIENTED_EDGE('',*,*,#2200,.T.);
#2886=ORIENTED_EDGE('',*,*,#2242,.T.);
#2887=ORIENTED_EDGE('',*,*,#2253,.F.);
#2888=ORIENTED_EDGE('',*,*,#2254,.T.);
#2889=ORIENTED_EDGE('',*,*,#2216,.F.);
#2890=ORIENTED_EDGE('',*,*,#2255,.F.);
#2891=ORIENTED_EDGE('',*,*,#2256,.F.);
#2892=ORIENTED_EDGE('',*,*,#2257,.T.);
#2893=ORIENTED_EDGE('',*,*,#2258,.T.);
#2894=ORIENTED_EDGE('',*,*,#2223,.T.);
#2895=ORIENTED_EDGE('',*,*,#2259,.F.);
#2896=ORIENTED_EDGE('',*,*,#2234,.T.);
#2897=ORIENTED_EDGE('',*,*,#2260,.F.);
#2898=ORIENTED_EDGE('',*,*,#2221,.T.);
#2899=ORIENTED_EDGE('',*,*,#2261,.T.);
#2900=ORIENTED_EDGE('',*,*,#2228,.T.);
#2901=ORIENTED_EDGE('',*,*,#2214,.F.);
#2902=ORIENTED_EDGE('',*,*,#2262,.T.);
#2903=ORIENTED_EDGE('',*,*,#2263,.F.);
#2904=ORIENTED_EDGE('',*,*,#2264,.F.);
#2905=ORIENTED_EDGE('',*,*,#2222,.F.);
#2906=ORIENTED_EDGE('',*,*,#2260,.T.);
#2907=ORIENTED_EDGE('',*,*,#2227,.T.);
#2908=ORIENTED_EDGE('',*,*,#2265,.T.);
#2909=ORIENTED_EDGE('',*,*,#2226,.F.);
#2910=ORIENTED_EDGE('',*,*,#2266,.T.);
#2911=ORIENTED_EDGE('',*,*,#2231,.F.);
#2912=ORIENTED_EDGE('',*,*,#2259,.T.);
#2913=ORIENTED_EDGE('',*,*,#2261,.F.);
#2914=ORIENTED_EDGE('',*,*,#2220,.T.);
#2915=ORIENTED_EDGE('',*,*,#2267,.F.);
#2916=ORIENTED_EDGE('',*,*,#2229,.T.);
#2917=ORIENTED_EDGE('',*,*,#2268,.F.);
#2918=ORIENTED_EDGE('',*,*,#2224,.T.);
#2919=ORIENTED_EDGE('',*,*,#2258,.F.);
#2920=ORIENTED_EDGE('',*,*,#2233,.T.);
#2921=ORIENTED_EDGE('',*,*,#2269,.T.);
#2922=ORIENTED_EDGE('',*,*,#2270,.T.);
#2923=ORIENTED_EDGE('',*,*,#2271,.T.);
#2924=ORIENTED_EDGE('',*,*,#2272,.T.);
#2925=ORIENTED_EDGE('',*,*,#2273,.T.);
#2926=ORIENTED_EDGE('',*,*,#2274,.F.);
#2927=ORIENTED_EDGE('',*,*,#2275,.T.);
#2928=ORIENTED_EDGE('',*,*,#2276,.F.);
#2929=ORIENTED_EDGE('',*,*,#2277,.F.);
#2930=ORIENTED_EDGE('',*,*,#2278,.T.);
#2931=ORIENTED_EDGE('',*,*,#2279,.F.);
#2932=ORIENTED_EDGE('',*,*,#2280,.F.);
#2933=ORIENTED_EDGE('',*,*,#2281,.F.);
#2934=ORIENTED_EDGE('',*,*,#2282,.T.);
#2935=ORIENTED_EDGE('',*,*,#2283,.F.);
#2936=ORIENTED_EDGE('',*,*,#2284,.F.);
#2937=ORIENTED_EDGE('',*,*,#2285,.F.);
#2938=ORIENTED_EDGE('',*,*,#2286,.F.);
#2939=ORIENTED_EDGE('',*,*,#2287,.F.);
#2940=ORIENTED_EDGE('',*,*,#2288,.F.);
#2941=ORIENTED_EDGE('',*,*,#2289,.F.);
#2942=ORIENTED_EDGE('',*,*,#2290,.T.);
#2943=ORIENTED_EDGE('',*,*,#2291,.F.);
#2944=ORIENTED_EDGE('',*,*,#2292,.F.);
#2945=ORIENTED_EDGE('',*,*,#2293,.T.);
#2946=ORIENTED_EDGE('',*,*,#2256,.T.);
#2947=ORIENTED_EDGE('',*,*,#2294,.F.);
#2948=ORIENTED_EDGE('',*,*,#2295,.T.);
#2949=ORIENTED_EDGE('',*,*,#2296,.F.);
#2950=ORIENTED_EDGE('',*,*,#2297,.T.);
#2951=ORIENTED_EDGE('',*,*,#2298,.F.);
#2952=ORIENTED_EDGE('',*,*,#2263,.T.);
#2953=ORIENTED_EDGE('',*,*,#2299,.F.);
#2954=ORIENTED_EDGE('',*,*,#2300,.T.);
#2955=ORIENTED_EDGE('',*,*,#2301,.T.);
#2956=ORIENTED_EDGE('',*,*,#2302,.T.);
#2957=ORIENTED_EDGE('',*,*,#2303,.F.);
#2958=ORIENTED_EDGE('',*,*,#2304,.T.);
#2959=ORIENTED_EDGE('',*,*,#2305,.F.);
#2960=ORIENTED_EDGE('',*,*,#2306,.F.);
#2961=ORIENTED_EDGE('',*,*,#2307,.F.);
#2962=ORIENTED_EDGE('',*,*,#2308,.F.);
#2963=ORIENTED_EDGE('',*,*,#2309,.T.);
#2964=ORIENTED_EDGE('',*,*,#2310,.T.);
#2965=ORIENTED_EDGE('',*,*,#2311,.F.);
#2966=ORIENTED_EDGE('',*,*,#2312,.F.);
#2967=ORIENTED_EDGE('',*,*,#2313,.T.);
#2968=ORIENTED_EDGE('',*,*,#2314,.T.);
#2969=ORIENTED_EDGE('',*,*,#2315,.F.);
#2970=ORIENTED_EDGE('',*,*,#2316,.F.);
#2971=ORIENTED_EDGE('',*,*,#2317,.T.);
#2972=ORIENTED_EDGE('',*,*,#2318,.T.);
#2973=ORIENTED_EDGE('',*,*,#2319,.T.);
#2974=ORIENTED_EDGE('',*,*,#2320,.T.);
#2975=ORIENTED_EDGE('',*,*,#2321,.T.);
#2976=ORIENTED_EDGE('',*,*,#2322,.T.);
#2977=ORIENTED_EDGE('',*,*,#2189,.F.);
#2978=ORIENTED_EDGE('',*,*,#2323,.T.);
#2979=ORIENTED_EDGE('',*,*,#2324,.T.);
#2980=ORIENTED_EDGE('',*,*,#2325,.T.);
#2981=ORIENTED_EDGE('',*,*,#2326,.T.);
#2982=ORIENTED_EDGE('',*,*,#2327,.T.);
#2983=ORIENTED_EDGE('',*,*,#2328,.T.);
#2984=ORIENTED_EDGE('',*,*,#2329,.F.);
#2985=ORIENTED_EDGE('',*,*,#2330,.T.);
#2986=ORIENTED_EDGE('',*,*,#2208,.F.);
#2987=ORIENTED_EDGE('',*,*,#2321,.F.);
#2988=ORIENTED_EDGE('',*,*,#2331,.T.);
#2989=ORIENTED_EDGE('',*,*,#2269,.F.);
#2990=ORIENTED_EDGE('',*,*,#2332,.F.);
#2991=ORIENTED_EDGE('',*,*,#2333,.F.);
#2992=ORIENTED_EDGE('',*,*,#2334,.T.);
#2993=ORIENTED_EDGE('',*,*,#2273,.F.);
#2994=ORIENTED_EDGE('',*,*,#2335,.T.);
#2995=ORIENTED_EDGE('',*,*,#2329,.T.);
#2996=ORIENTED_EDGE('',*,*,#2336,.T.);
#2997=ORIENTED_EDGE('',*,*,#2299,.T.);
#2998=ORIENTED_EDGE('',*,*,#2337,.F.);
#2999=ORIENTED_EDGE('',*,*,#2338,.F.);
#3000=ORIENTED_EDGE('',*,*,#2339,.T.);
#3001=ORIENTED_EDGE('',*,*,#2303,.T.);
#3002=ORIENTED_EDGE('',*,*,#2340,.T.);
#3003=ORIENTED_EDGE('',*,*,#2306,.T.);
#3004=ORIENTED_EDGE('',*,*,#2341,.F.);
#3005=ORIENTED_EDGE('',*,*,#2342,.F.);
#3006=ORIENTED_EDGE('',*,*,#2337,.T.);
#3007=ORIENTED_EDGE('',*,*,#2305,.T.);
#3008=ORIENTED_EDGE('',*,*,#2343,.F.);
#3009=ORIENTED_EDGE('',*,*,#2344,.F.);
#3010=ORIENTED_EDGE('',*,*,#2341,.T.);
#3011=ORIENTED_EDGE('',*,*,#2304,.F.);
#3012=ORIENTED_EDGE('',*,*,#2339,.F.);
#3013=ORIENTED_EDGE('',*,*,#2345,.T.);
#3014=ORIENTED_EDGE('',*,*,#2343,.T.);
#3015=ORIENTED_EDGE('',*,*,#2342,.T.);
#3016=ORIENTED_EDGE('',*,*,#2344,.T.);
#3017=ORIENTED_EDGE('',*,*,#2345,.F.);
#3018=ORIENTED_EDGE('',*,*,#2338,.T.);
#3019=ORIENTED_EDGE('',*,*,#2308,.T.);
#3020=ORIENTED_EDGE('',*,*,#2346,.F.);
#3021=ORIENTED_EDGE('',*,*,#2347,.F.);
#3022=ORIENTED_EDGE('',*,*,#2348,.T.);
#3023=ORIENTED_EDGE('',*,*,#2307,.T.);
#3024=ORIENTED_EDGE('',*,*,#2349,.F.);
#3025=ORIENTED_EDGE('',*,*,#2350,.F.);
#3026=ORIENTED_EDGE('',*,*,#2346,.T.);
#3027=ORIENTED_EDGE('',*,*,#2310,.F.);
#3028=ORIENTED_EDGE('',*,*,#2351,.F.);
#3029=ORIENTED_EDGE('',*,*,#2352,.T.);
#3030=ORIENTED_EDGE('',*,*,#2349,.T.);
#3031=ORIENTED_EDGE('',*,*,#2309,.F.);
#3032=ORIENTED_EDGE('',*,*,#2348,.F.);
#3033=ORIENTED_EDGE('',*,*,#2353,.T.);
#3034=ORIENTED_EDGE('',*,*,#2351,.T.);
#3035=ORIENTED_EDGE('',*,*,#2347,.T.);
#3036=ORIENTED_EDGE('',*,*,#2350,.T.);
#3037=ORIENTED_EDGE('',*,*,#2352,.F.);
#3038=ORIENTED_EDGE('',*,*,#2353,.F.);
#3039=ORIENTED_EDGE('',*,*,#2312,.T.);
#3040=ORIENTED_EDGE('',*,*,#2354,.F.);
#3041=ORIENTED_EDGE('',*,*,#2355,.F.);
#3042=ORIENTED_EDGE('',*,*,#2356,.T.);
#3043=ORIENTED_EDGE('',*,*,#2311,.T.);
#3044=ORIENTED_EDGE('',*,*,#2357,.F.);
#3045=ORIENTED_EDGE('',*,*,#2358,.F.);
#3046=ORIENTED_EDGE('',*,*,#2354,.T.);
#3047=ORIENTED_EDGE('',*,*,#2314,.F.);
#3048=ORIENTED_EDGE('',*,*,#2359,.F.);
#3049=ORIENTED_EDGE('',*,*,#2360,.T.);
#3050=ORIENTED_EDGE('',*,*,#2357,.T.);
#3051=ORIENTED_EDGE('',*,*,#2313,.F.);
#3052=ORIENTED_EDGE('',*,*,#2356,.F.);
#3053=ORIENTED_EDGE('',*,*,#2361,.T.);
#3054=ORIENTED_EDGE('',*,*,#2359,.T.);
#3055=ORIENTED_EDGE('',*,*,#2355,.T.);
#3056=ORIENTED_EDGE('',*,*,#2358,.T.);
#3057=ORIENTED_EDGE('',*,*,#2360,.F.);
#3058=ORIENTED_EDGE('',*,*,#2361,.F.);
#3059=ORIENTED_EDGE('',*,*,#2316,.T.);
#3060=ORIENTED_EDGE('',*,*,#2362,.F.);
#3061=ORIENTED_EDGE('',*,*,#2363,.F.);
#3062=ORIENTED_EDGE('',*,*,#2364,.T.);
#3063=ORIENTED_EDGE('',*,*,#2315,.T.);
#3064=ORIENTED_EDGE('',*,*,#2365,.F.);
#3065=ORIENTED_EDGE('',*,*,#2366,.F.);
#3066=ORIENTED_EDGE('',*,*,#2362,.T.);
#3067=ORIENTED_EDGE('',*,*,#2318,.F.);
#3068=ORIENTED_EDGE('',*,*,#2367,.F.);
#3069=ORIENTED_EDGE('',*,*,#2368,.T.);
#3070=ORIENTED_EDGE('',*,*,#2365,.T.);
#3071=ORIENTED_EDGE('',*,*,#2317,.F.);
#3072=ORIENTED_EDGE('',*,*,#2364,.F.);
#3073=ORIENTED_EDGE('',*,*,#2369,.T.);
#3074=ORIENTED_EDGE('',*,*,#2367,.T.);
#3075=ORIENTED_EDGE('',*,*,#2363,.T.);
#3076=ORIENTED_EDGE('',*,*,#2366,.T.);
#3077=ORIENTED_EDGE('',*,*,#2368,.F.);
#3078=ORIENTED_EDGE('',*,*,#2369,.F.);
#3079=ORIENTED_EDGE('',*,*,#2262,.F.);
#3080=ORIENTED_EDGE('',*,*,#2213,.F.);
#3081=ORIENTED_EDGE('',*,*,#2370,.F.);
#3082=ORIENTED_EDGE('',*,*,#2296,.T.);
#3083=ORIENTED_EDGE('',*,*,#2199,.F.);
#3084=ORIENTED_EDGE('',*,*,#2371,.F.);
#3085=ORIENTED_EDGE('',*,*,#2187,.F.);
#3086=ORIENTED_EDGE('',*,*,#2238,.F.);
#3087=ORIENTED_EDGE('',*,*,#2372,.F.);
#3088=ORIENTED_EDGE('',*,*,#2217,.F.);
#3089=ORIENTED_EDGE('',*,*,#2257,.F.);
#3090=ORIENTED_EDGE('',*,*,#2293,.F.);
#3091=ORIENTED_EDGE('',*,*,#2211,.T.);
#3092=ORIENTED_EDGE('',*,*,#2264,.T.);
#3093=ORIENTED_EDGE('',*,*,#2298,.T.);
#3094=ORIENTED_EDGE('',*,*,#2373,.T.);
#3095=ORIENTED_EDGE('',*,*,#2195,.F.);
#3096=ORIENTED_EDGE('',*,*,#2241,.T.);
#3097=ORIENTED_EDGE('',*,*,#2183,.T.);
#3098=ORIENTED_EDGE('',*,*,#2374,.T.);
#3099=ORIENTED_EDGE('',*,*,#2375,.F.);
#3100=ORIENTED_EDGE('',*,*,#2197,.T.);
#3101=ORIENTED_EDGE('',*,*,#2239,.F.);
#3102=ORIENTED_EDGE('',*,*,#2185,.F.);
#3103=ORIENTED_EDGE('',*,*,#2240,.F.);
#3104=ORIENTED_EDGE('',*,*,#2193,.T.);
#3105=ORIENTED_EDGE('',*,*,#2376,.F.);
#3106=ORIENTED_EDGE('',*,*,#2181,.F.);
#3107=ORIENTED_EDGE('',*,*,#2191,.T.);
#3108=ORIENTED_EDGE('',*,*,#2215,.T.);
#3109=ORIENTED_EDGE('',*,*,#2377,.T.);
#3110=ORIENTED_EDGE('',*,*,#2294,.T.);
#3111=ORIENTED_EDGE('',*,*,#2255,.T.);
#3112=ORIENTED_EDGE('',*,*,#2210,.F.);
#3113=ORIENTED_EDGE('',*,*,#2275,.F.);
#3114=ORIENTED_EDGE('',*,*,#2378,.F.);
#3115=ORIENTED_EDGE('',*,*,#2379,.T.);
#3116=ORIENTED_EDGE('',*,*,#2380,.T.);
#3117=ORIENTED_EDGE('',*,*,#2274,.T.);
#3118=ORIENTED_EDGE('',*,*,#2334,.F.);
#3119=ORIENTED_EDGE('',*,*,#2381,.F.);
#3120=ORIENTED_EDGE('',*,*,#2378,.T.);
#3121=ORIENTED_EDGE('',*,*,#2276,.T.);
#3122=ORIENTED_EDGE('',*,*,#2380,.F.);
#3123=ORIENTED_EDGE('',*,*,#2382,.F.);
#3124=ORIENTED_EDGE('',*,*,#2332,.T.);
#3125=ORIENTED_EDGE('',*,*,#2379,.F.);
#3126=ORIENTED_EDGE('',*,*,#2381,.T.);
#3127=ORIENTED_EDGE('',*,*,#2333,.T.);
#3128=ORIENTED_EDGE('',*,*,#2382,.T.);
#3129=ORIENTED_EDGE('',*,*,#2278,.F.);
#3130=ORIENTED_EDGE('',*,*,#2383,.F.);
#3131=ORIENTED_EDGE('',*,*,#2384,.T.);
#3132=ORIENTED_EDGE('',*,*,#2385,.T.);
#3133=ORIENTED_EDGE('',*,*,#2277,.T.);
#3134=ORIENTED_EDGE('',*,*,#2386,.F.);
#3135=ORIENTED_EDGE('',*,*,#2387,.F.);
#3136=ORIENTED_EDGE('',*,*,#2383,.T.);
#3137=ORIENTED_EDGE('',*,*,#2280,.T.);
#3138=ORIENTED_EDGE('',*,*,#2388,.F.);
#3139=ORIENTED_EDGE('',*,*,#2389,.F.);
#3140=ORIENTED_EDGE('',*,*,#2386,.T.);
#3141=ORIENTED_EDGE('',*,*,#2279,.T.);
#3142=ORIENTED_EDGE('',*,*,#2385,.F.);
#3143=ORIENTED_EDGE('',*,*,#2390,.F.);
#3144=ORIENTED_EDGE('',*,*,#2388,.T.);
#3145=ORIENTED_EDGE('',*,*,#2384,.F.);
#3146=ORIENTED_EDGE('',*,*,#2387,.T.);
#3147=ORIENTED_EDGE('',*,*,#2389,.T.);
#3148=ORIENTED_EDGE('',*,*,#2390,.T.);
#3149=ORIENTED_EDGE('',*,*,#2281,.T.);
#3150=ORIENTED_EDGE('',*,*,#2391,.F.);
#3151=ORIENTED_EDGE('',*,*,#2392,.F.);
#3152=ORIENTED_EDGE('',*,*,#2393,.T.);
#3153=ORIENTED_EDGE('',*,*,#2284,.T.);
#3154=ORIENTED_EDGE('',*,*,#2394,.F.);
#3155=ORIENTED_EDGE('',*,*,#2395,.F.);
#3156=ORIENTED_EDGE('',*,*,#2391,.T.);
#3157=ORIENTED_EDGE('',*,*,#2283,.T.);
#3158=ORIENTED_EDGE('',*,*,#2396,.F.);
#3159=ORIENTED_EDGE('',*,*,#2397,.F.);
#3160=ORIENTED_EDGE('',*,*,#2394,.T.);
#3161=ORIENTED_EDGE('',*,*,#2282,.F.);
#3162=ORIENTED_EDGE('',*,*,#2393,.F.);
#3163=ORIENTED_EDGE('',*,*,#2398,.T.);
#3164=ORIENTED_EDGE('',*,*,#2396,.T.);
#3165=ORIENTED_EDGE('',*,*,#2392,.T.);
#3166=ORIENTED_EDGE('',*,*,#2395,.T.);
#3167=ORIENTED_EDGE('',*,*,#2397,.T.);
#3168=ORIENTED_EDGE('',*,*,#2398,.F.);
#3169=ORIENTED_EDGE('',*,*,#2289,.T.);
#3170=ORIENTED_EDGE('',*,*,#2399,.F.);
#3171=ORIENTED_EDGE('',*,*,#2400,.F.);
#3172=ORIENTED_EDGE('',*,*,#2401,.T.);
#3173=ORIENTED_EDGE('',*,*,#2292,.T.);
#3174=ORIENTED_EDGE('',*,*,#2402,.F.);
#3175=ORIENTED_EDGE('',*,*,#2403,.F.);
#3176=ORIENTED_EDGE('',*,*,#2399,.T.);
#3177=ORIENTED_EDGE('',*,*,#2291,.T.);
#3178=ORIENTED_EDGE('',*,*,#2404,.F.);
#3179=ORIENTED_EDGE('',*,*,#2405,.F.);
#3180=ORIENTED_EDGE('',*,*,#2402,.T.);
#3181=ORIENTED_EDGE('',*,*,#2290,.F.);
#3182=ORIENTED_EDGE('',*,*,#2401,.F.);
#3183=ORIENTED_EDGE('',*,*,#2406,.T.);
#3184=ORIENTED_EDGE('',*,*,#2404,.T.);
#3185=ORIENTED_EDGE('',*,*,#2400,.T.);
#3186=ORIENTED_EDGE('',*,*,#2403,.T.);
#3187=ORIENTED_EDGE('',*,*,#2405,.T.);
#3188=ORIENTED_EDGE('',*,*,#2406,.F.);
#3189=ORIENTED_EDGE('',*,*,#2285,.T.);
#3190=ORIENTED_EDGE('',*,*,#2407,.F.);
#3191=ORIENTED_EDGE('',*,*,#2408,.F.);
#3192=ORIENTED_EDGE('',*,*,#2409,.T.);
#3193=ORIENTED_EDGE('',*,*,#2288,.T.);
#3194=ORIENTED_EDGE('',*,*,#2410,.F.);
#3195=ORIENTED_EDGE('',*,*,#2411,.F.);
#3196=ORIENTED_EDGE('',*,*,#2407,.T.);
#3197=ORIENTED_EDGE('',*,*,#2287,.T.);
#3198=ORIENTED_EDGE('',*,*,#2412,.F.);
#3199=ORIENTED_EDGE('',*,*,#2413,.F.);
#3200=ORIENTED_EDGE('',*,*,#2410,.T.);
#3201=ORIENTED_EDGE('',*,*,#2286,.T.);
#3202=ORIENTED_EDGE('',*,*,#2409,.F.);
#3203=ORIENTED_EDGE('',*,*,#2414,.F.);
#3204=ORIENTED_EDGE('',*,*,#2412,.T.);
#3205=ORIENTED_EDGE('',*,*,#2408,.T.);
#3206=ORIENTED_EDGE('',*,*,#2411,.T.);
#3207=ORIENTED_EDGE('',*,*,#2413,.T.);
#3208=ORIENTED_EDGE('',*,*,#2414,.T.);
#3209=ORIENTED_EDGE('',*,*,#2212,.F.);
#3210=ORIENTED_EDGE('',*,*,#2373,.F.);
#3211=ORIENTED_EDGE('',*,*,#2297,.F.);
#3212=ORIENTED_EDGE('',*,*,#2370,.T.);
#3213=ORIENTED_EDGE('',*,*,#2267,.T.);
#3214=ORIENTED_EDGE('',*,*,#2219,.T.);
#3215=ORIENTED_EDGE('',*,*,#2265,.F.);
#3216=ORIENTED_EDGE('',*,*,#2230,.T.);
#3217=ORIENTED_EDGE('',*,*,#2266,.F.);
#3218=ORIENTED_EDGE('',*,*,#2225,.T.);
#3219=ORIENTED_EDGE('',*,*,#2268,.T.);
#3220=ORIENTED_EDGE('',*,*,#2232,.T.);
#3221=ORIENTED_EDGE('',*,*,#2218,.F.);
#3222=ORIENTED_EDGE('',*,*,#2372,.T.);
#3223=ORIENTED_EDGE('',*,*,#2295,.F.);
#3224=ORIENTED_EDGE('',*,*,#2377,.F.);
#3225=ORIENTED_EDGE('',*,*,#2249,.T.);
#3226=ORIENTED_EDGE('',*,*,#2201,.T.);
#3227=ORIENTED_EDGE('',*,*,#2254,.F.);
#3228=ORIENTED_EDGE('',*,*,#2252,.T.);
#3229=ORIENTED_EDGE('',*,*,#2192,.F.);
#3230=ORIENTED_EDGE('',*,*,#2374,.F.);
#3231=ORIENTED_EDGE('',*,*,#2182,.F.);
#3232=ORIENTED_EDGE('',*,*,#2376,.T.);
#3233=ORIENTED_EDGE('',*,*,#2198,.F.);
#3234=ORIENTED_EDGE('',*,*,#2375,.T.);
#3235=ORIENTED_EDGE('',*,*,#2188,.F.);
#3236=ORIENTED_EDGE('',*,*,#2371,.T.);
#3237=ORIENTED_EDGE('',*,*,#2251,.F.);
#3238=ORIENTED_EDGE('',*,*,#2207,.T.);
#3239=ORIENTED_EDGE('',*,*,#2245,.F.);
#3240=ORIENTED_EDGE('',*,*,#2248,.T.);
#3241=ORIENTED_EDGE('',*,*,#2335,.F.);
#3242=ORIENTED_EDGE('',*,*,#2272,.F.);
#3243=ORIENTED_EDGE('',*,*,#2415,.F.);
#3244=ORIENTED_EDGE('',*,*,#2330,.F.);
#3245=ORIENTED_EDGE('',*,*,#2416,.F.);
#3246=ORIENTED_EDGE('',*,*,#2327,.F.);
#3247=ORIENTED_EDGE('',*,*,#2417,.F.);
#3248=ORIENTED_EDGE('',*,*,#2326,.F.);
#3249=ORIENTED_EDGE('',*,*,#2336,.F.);
#3250=ORIENTED_EDGE('',*,*,#2328,.F.);
#3251=ORIENTED_EDGE('',*,*,#2418,.F.);
#3252=ORIENTED_EDGE('',*,*,#2300,.F.);
#3253=ORIENTED_EDGE('',*,*,#2417,.T.);
#3254=ORIENTED_EDGE('',*,*,#2415,.T.);
#3255=ORIENTED_EDGE('',*,*,#2419,.F.);
#3256=ORIENTED_EDGE('',*,*,#2418,.T.);
#3257=ORIENTED_EDGE('',*,*,#2416,.T.);
#3258=ORIENTED_EDGE('',*,*,#2420,.F.);
#3259=ORIENTED_EDGE('',*,*,#2331,.F.);
#3260=ORIENTED_EDGE('',*,*,#2320,.F.);
#3261=ORIENTED_EDGE('',*,*,#2421,.F.);
#3262=ORIENTED_EDGE('',*,*,#2270,.F.);
#3263=ORIENTED_EDGE('',*,*,#2419,.T.);
#3264=ORIENTED_EDGE('',*,*,#2271,.F.);
#3265=ORIENTED_EDGE('',*,*,#2422,.F.);
#3266=ORIENTED_EDGE('',*,*,#2323,.F.);
#3267=ORIENTED_EDGE('',*,*,#2420,.T.);
#3268=ORIENTED_EDGE('',*,*,#2325,.F.);
#3269=ORIENTED_EDGE('',*,*,#2423,.F.);
#3270=ORIENTED_EDGE('',*,*,#2301,.F.);
#3271=ORIENTED_EDGE('',*,*,#2340,.F.);
#3272=ORIENTED_EDGE('',*,*,#2302,.F.);
#3273=ORIENTED_EDGE('',*,*,#2424,.F.);
#3274=ORIENTED_EDGE('',*,*,#2322,.F.);
#3275=ORIENTED_EDGE('',*,*,#2422,.T.);
#3276=ORIENTED_EDGE('',*,*,#2421,.T.);
#3277=ORIENTED_EDGE('',*,*,#2425,.F.);
#3278=ORIENTED_EDGE('',*,*,#2424,.T.);
#3279=ORIENTED_EDGE('',*,*,#2423,.T.);
#3280=ORIENTED_EDGE('',*,*,#2426,.F.);
#3281=ORIENTED_EDGE('',*,*,#2425,.T.);
#3282=ORIENTED_EDGE('',*,*,#2319,.F.);
#3283=ORIENTED_EDGE('',*,*,#2426,.T.);
#3284=ORIENTED_EDGE('',*,*,#2324,.F.);
#3285=ORIENTED_EDGE('',*,*,#2427,.F.);
#3286=ORIENTED_EDGE('',*,*,#2428,.T.);
#3287=ORIENTED_EDGE('',*,*,#2429,.T.);
#3288=ORIENTED_EDGE('',*,*,#2430,.T.);
#3289=ORIENTED_EDGE('',*,*,#2431,.T.);
#3290=ORIENTED_EDGE('',*,*,#2432,.T.);
#3291=ORIENTED_EDGE('',*,*,#2433,.F.);
#3292=ORIENTED_EDGE('',*,*,#2434,.F.);
#3293=ORIENTED_EDGE('',*,*,#2435,.F.);
#3294=ORIENTED_EDGE('',*,*,#2436,.F.);
#3295=ORIENTED_EDGE('',*,*,#2437,.F.);
#3296=ORIENTED_EDGE('',*,*,#2438,.T.);
#3297=ORIENTED_EDGE('',*,*,#2439,.F.);
#3298=ORIENTED_EDGE('',*,*,#2440,.F.);
#3299=ORIENTED_EDGE('',*,*,#2441,.F.);
#3300=ORIENTED_EDGE('',*,*,#2442,.T.);
#3301=ORIENTED_EDGE('',*,*,#2443,.F.);
#3302=ORIENTED_EDGE('',*,*,#2444,.F.);
#3303=ORIENTED_EDGE('',*,*,#2445,.F.);
#3304=ORIENTED_EDGE('',*,*,#2446,.T.);
#3305=ORIENTED_EDGE('',*,*,#2447,.F.);
#3306=ORIENTED_EDGE('',*,*,#2448,.F.);
#3307=ORIENTED_EDGE('',*,*,#2449,.F.);
#3308=ORIENTED_EDGE('',*,*,#2450,.T.);
#3309=ORIENTED_EDGE('',*,*,#2451,.F.);
#3310=ORIENTED_EDGE('',*,*,#2452,.F.);
#3311=ORIENTED_EDGE('',*,*,#2453,.F.);
#3312=ORIENTED_EDGE('',*,*,#2454,.T.);
#3313=ORIENTED_EDGE('',*,*,#2455,.T.);
#3314=ORIENTED_EDGE('',*,*,#2456,.T.);
#3315=ORIENTED_EDGE('',*,*,#2427,.T.);
#3316=ORIENTED_EDGE('',*,*,#2457,.F.);
#3317=ORIENTED_EDGE('',*,*,#2458,.F.);
#3318=ORIENTED_EDGE('',*,*,#2459,.T.);
#3319=ORIENTED_EDGE('',*,*,#2433,.T.);
#3320=ORIENTED_EDGE('',*,*,#2460,.T.);
#3321=ORIENTED_EDGE('',*,*,#2461,.F.);
#3322=ORIENTED_EDGE('',*,*,#2462,.T.);
#3323=ORIENTED_EDGE('',*,*,#2463,.F.);
#3324=ORIENTED_EDGE('',*,*,#2464,.F.);
#3325=ORIENTED_EDGE('',*,*,#2465,.F.);
#3326=ORIENTED_EDGE('',*,*,#2466,.T.);
#3327=ORIENTED_EDGE('',*,*,#2461,.T.);
#3328=ORIENTED_EDGE('',*,*,#2467,.T.);
#3329=ORIENTED_EDGE('',*,*,#2468,.T.);
#3330=ORIENTED_EDGE('',*,*,#2469,.T.);
#3331=ORIENTED_EDGE('',*,*,#2470,.F.);
#3332=ORIENTED_EDGE('',*,*,#2471,.T.);
#3333=ORIENTED_EDGE('',*,*,#2472,.F.);
#3334=ORIENTED_EDGE('',*,*,#2473,.T.);
#3335=ORIENTED_EDGE('',*,*,#2474,.T.);
#3336=ORIENTED_EDGE('',*,*,#2475,.T.);
#3337=ORIENTED_EDGE('',*,*,#2476,.T.);
#3338=ORIENTED_EDGE('',*,*,#2477,.T.);
#3339=ORIENTED_EDGE('',*,*,#2478,.T.);
#3340=ORIENTED_EDGE('',*,*,#2479,.T.);
#3341=ORIENTED_EDGE('',*,*,#2480,.T.);
#3342=ORIENTED_EDGE('',*,*,#2481,.T.);
#3343=ORIENTED_EDGE('',*,*,#2482,.T.);
#3344=ORIENTED_EDGE('',*,*,#2483,.T.);
#3345=ORIENTED_EDGE('',*,*,#2484,.T.);
#3346=ORIENTED_EDGE('',*,*,#2485,.T.);
#3347=ORIENTED_EDGE('',*,*,#2486,.T.);
#3348=ORIENTED_EDGE('',*,*,#2487,.T.);
#3349=ORIENTED_EDGE('',*,*,#2488,.T.);
#3350=ORIENTED_EDGE('',*,*,#2489,.T.);
#3351=ORIENTED_EDGE('',*,*,#2455,.F.);
#3352=ORIENTED_EDGE('',*,*,#2490,.T.);
#3353=ORIENTED_EDGE('',*,*,#2491,.T.);
#3354=ORIENTED_EDGE('',*,*,#2492,.T.);
#3355=ORIENTED_EDGE('',*,*,#2493,.T.);
#3356=ORIENTED_EDGE('',*,*,#2494,.T.);
#3357=ORIENTED_EDGE('',*,*,#2453,.T.);
#3358=ORIENTED_EDGE('',*,*,#2495,.T.);
#3359=ORIENTED_EDGE('',*,*,#2496,.T.);
#3360=ORIENTED_EDGE('',*,*,#2497,.F.);
#3361=ORIENTED_EDGE('',*,*,#2463,.T.);
#3362=ORIENTED_EDGE('',*,*,#2498,.T.);
#3363=ORIENTED_EDGE('',*,*,#2499,.T.);
#3364=ORIENTED_EDGE('',*,*,#2500,.T.);
#3365=ORIENTED_EDGE('',*,*,#2501,.T.);
#3366=ORIENTED_EDGE('',*,*,#2502,.T.);
#3367=ORIENTED_EDGE('',*,*,#2503,.F.);
#3368=ORIENTED_EDGE('',*,*,#2504,.F.);
#3369=ORIENTED_EDGE('',*,*,#2505,.T.);
#3370=ORIENTED_EDGE('',*,*,#2506,.T.);
#3371=ORIENTED_EDGE('',*,*,#2507,.F.);
#3372=ORIENTED_EDGE('',*,*,#2508,.F.);
#3373=ORIENTED_EDGE('',*,*,#2509,.T.);
#3374=ORIENTED_EDGE('',*,*,#2510,.T.);
#3375=ORIENTED_EDGE('',*,*,#2511,.F.);
#3376=ORIENTED_EDGE('',*,*,#2512,.F.);
#3377=ORIENTED_EDGE('',*,*,#2513,.T.);
#3378=ORIENTED_EDGE('',*,*,#2514,.T.);
#3379=ORIENTED_EDGE('',*,*,#2515,.F.);
#3380=ORIENTED_EDGE('',*,*,#2516,.F.);
#3381=ORIENTED_EDGE('',*,*,#2517,.F.);
#3382=ORIENTED_EDGE('',*,*,#2518,.T.);
#3383=ORIENTED_EDGE('',*,*,#2519,.T.);
#3384=ORIENTED_EDGE('',*,*,#2520,.T.);
#3385=ORIENTED_EDGE('',*,*,#2521,.T.);
#3386=ORIENTED_EDGE('',*,*,#2522,.T.);
#3387=ORIENTED_EDGE('',*,*,#2523,.T.);
#3388=ORIENTED_EDGE('',*,*,#2517,.T.);
#3389=ORIENTED_EDGE('',*,*,#2524,.T.);
#3390=ORIENTED_EDGE('',*,*,#2525,.T.);
#3391=ORIENTED_EDGE('',*,*,#2526,.T.);
#3392=ORIENTED_EDGE('',*,*,#2527,.F.);
#3393=ORIENTED_EDGE('',*,*,#2528,.F.);
#3394=ORIENTED_EDGE('',*,*,#2529,.T.);
#3395=ORIENTED_EDGE('',*,*,#2527,.T.);
#3396=ORIENTED_EDGE('',*,*,#2530,.T.);
#3397=ORIENTED_EDGE('',*,*,#2531,.F.);
#3398=ORIENTED_EDGE('',*,*,#2532,.T.);
#3399=ORIENTED_EDGE('',*,*,#2528,.T.);
#3400=ORIENTED_EDGE('',*,*,#2533,.T.);
#3401=ORIENTED_EDGE('',*,*,#2534,.F.);
#3402=ORIENTED_EDGE('',*,*,#2535,.T.);
#3403=ORIENTED_EDGE('',*,*,#2531,.T.);
#3404=ORIENTED_EDGE('',*,*,#2536,.T.);
#3405=ORIENTED_EDGE('',*,*,#2534,.T.);
#3406=ORIENTED_EDGE('',*,*,#2537,.T.);
#3407=ORIENTED_EDGE('',*,*,#2538,.F.);
#3408=ORIENTED_EDGE('',*,*,#2539,.T.);
#3409=ORIENTED_EDGE('',*,*,#2540,.F.);
#3410=ORIENTED_EDGE('',*,*,#2541,.T.);
#3411=ORIENTED_EDGE('',*,*,#2538,.T.);
#3412=ORIENTED_EDGE('',*,*,#2542,.T.);
#3413=ORIENTED_EDGE('',*,*,#2543,.F.);
#3414=ORIENTED_EDGE('',*,*,#2544,.T.);
#3415=ORIENTED_EDGE('',*,*,#2540,.T.);
#3416=ORIENTED_EDGE('',*,*,#2545,.T.);
#3417=ORIENTED_EDGE('',*,*,#2546,.F.);
#3418=ORIENTED_EDGE('',*,*,#2547,.T.);
#3419=ORIENTED_EDGE('',*,*,#2543,.T.);
#3420=ORIENTED_EDGE('',*,*,#2548,.T.);
#3421=ORIENTED_EDGE('',*,*,#2549,.F.);
#3422=ORIENTED_EDGE('',*,*,#2550,.T.);
#3423=ORIENTED_EDGE('',*,*,#2546,.T.);
#3424=ORIENTED_EDGE('',*,*,#2551,.T.);
#3425=ORIENTED_EDGE('',*,*,#2474,.F.);
#3426=ORIENTED_EDGE('',*,*,#2552,.T.);
#3427=ORIENTED_EDGE('',*,*,#2549,.T.);
#3428=ORIENTED_EDGE('',*,*,#2553,.T.);
#3429=ORIENTED_EDGE('',*,*,#2554,.F.);
#3430=ORIENTED_EDGE('',*,*,#2555,.T.);
#3431=ORIENTED_EDGE('',*,*,#2470,.T.);
#3432=ORIENTED_EDGE('',*,*,#2556,.T.);
#3433=ORIENTED_EDGE('',*,*,#2557,.F.);
#3434=ORIENTED_EDGE('',*,*,#2558,.T.);
#3435=ORIENTED_EDGE('',*,*,#2554,.T.);
#3436=ORIENTED_EDGE('',*,*,#2559,.T.);
#3437=ORIENTED_EDGE('',*,*,#2560,.F.);
#3438=ORIENTED_EDGE('',*,*,#2561,.T.);
#3439=ORIENTED_EDGE('',*,*,#2557,.T.);
#3440=ORIENTED_EDGE('',*,*,#2562,.T.);
#3441=ORIENTED_EDGE('',*,*,#2563,.F.);
#3442=ORIENTED_EDGE('',*,*,#2564,.T.);
#3443=ORIENTED_EDGE('',*,*,#2560,.T.);
#3444=ORIENTED_EDGE('',*,*,#2565,.T.);
#3445=ORIENTED_EDGE('',*,*,#2566,.F.);
#3446=ORIENTED_EDGE('',*,*,#2567,.T.);
#3447=ORIENTED_EDGE('',*,*,#2563,.T.);
#3448=ORIENTED_EDGE('',*,*,#2568,.T.);
#3449=ORIENTED_EDGE('',*,*,#2569,.F.);
#3450=ORIENTED_EDGE('',*,*,#2570,.T.);
#3451=ORIENTED_EDGE('',*,*,#2566,.T.);
#3452=ORIENTED_EDGE('',*,*,#2571,.T.);
#3453=ORIENTED_EDGE('',*,*,#2572,.F.);
#3454=ORIENTED_EDGE('',*,*,#2573,.T.);
#3455=ORIENTED_EDGE('',*,*,#2569,.T.);
#3456=ORIENTED_EDGE('',*,*,#2574,.T.);
#3457=ORIENTED_EDGE('',*,*,#2519,.F.);
#3458=ORIENTED_EDGE('',*,*,#2575,.T.);
#3459=ORIENTED_EDGE('',*,*,#2572,.T.);
#3460=ORIENTED_EDGE('',*,*,#2576,.T.);
#3461=ORIENTED_EDGE('',*,*,#2577,.F.);
#3462=ORIENTED_EDGE('',*,*,#2578,.T.);
#3463=ORIENTED_EDGE('',*,*,#2579,.T.);
#3464=ORIENTED_EDGE('',*,*,#2580,.T.);
#3465=ORIENTED_EDGE('',*,*,#2581,.T.);
#3466=ORIENTED_EDGE('',*,*,#2582,.T.);
#3467=ORIENTED_EDGE('',*,*,#2583,.T.);
#3468=ORIENTED_EDGE('',*,*,#2584,.T.);
#3469=ORIENTED_EDGE('',*,*,#2585,.T.);
#3470=ORIENTED_EDGE('',*,*,#2586,.T.);
#3471=ORIENTED_EDGE('',*,*,#2587,.T.);
#3472=ORIENTED_EDGE('',*,*,#2472,.T.);
#3473=ORIENTED_EDGE('',*,*,#2588,.T.);
#3474=ORIENTED_EDGE('',*,*,#2589,.T.);
#3475=ORIENTED_EDGE('',*,*,#2590,.T.);
#3476=ORIENTED_EDGE('',*,*,#2591,.T.);
#3477=ORIENTED_EDGE('',*,*,#2592,.T.);
#3478=ORIENTED_EDGE('',*,*,#2593,.T.);
#3479=ORIENTED_EDGE('',*,*,#2594,.T.);
#3480=ORIENTED_EDGE('',*,*,#2595,.T.);
#3481=ORIENTED_EDGE('',*,*,#2596,.T.);
#3482=ORIENTED_EDGE('',*,*,#2597,.T.);
#3483=ORIENTED_EDGE('',*,*,#2598,.T.);
#3484=ORIENTED_EDGE('',*,*,#2599,.T.);
#3485=ORIENTED_EDGE('',*,*,#2600,.T.);
#3486=ORIENTED_EDGE('',*,*,#2601,.T.);
#3487=ORIENTED_EDGE('',*,*,#2602,.T.);
#3488=ORIENTED_EDGE('',*,*,#2603,.T.);
#3489=ORIENTED_EDGE('',*,*,#2604,.T.);
#3490=ORIENTED_EDGE('',*,*,#2605,.T.);
#3491=ORIENTED_EDGE('',*,*,#2606,.T.);
#3492=ORIENTED_EDGE('',*,*,#2607,.T.);
#3493=ORIENTED_EDGE('',*,*,#2608,.T.);
#3494=ORIENTED_EDGE('',*,*,#2609,.T.);
#3495=ORIENTED_EDGE('',*,*,#2476,.F.);
#3496=ORIENTED_EDGE('',*,*,#2610,.T.);
#3497=ORIENTED_EDGE('',*,*,#2611,.T.);
#3498=ORIENTED_EDGE('',*,*,#2612,.T.);
#3499=ORIENTED_EDGE('',*,*,#2613,.T.);
#3500=ORIENTED_EDGE('',*,*,#2614,.T.);
#3501=ORIENTED_EDGE('',*,*,#2615,.T.);
#3502=ORIENTED_EDGE('',*,*,#2616,.T.);
#3503=ORIENTED_EDGE('',*,*,#2617,.T.);
#3504=ORIENTED_EDGE('',*,*,#2618,.T.);
#3505=ORIENTED_EDGE('',*,*,#2513,.F.);
#3506=ORIENTED_EDGE('',*,*,#2619,.F.);
#3507=ORIENTED_EDGE('',*,*,#2620,.T.);
#3508=ORIENTED_EDGE('',*,*,#2621,.T.);
#3509=ORIENTED_EDGE('',*,*,#2516,.T.);
#3510=ORIENTED_EDGE('',*,*,#2622,.F.);
#3511=ORIENTED_EDGE('',*,*,#2623,.F.);
#3512=ORIENTED_EDGE('',*,*,#2619,.T.);
#3513=ORIENTED_EDGE('',*,*,#2515,.T.);
#3514=ORIENTED_EDGE('',*,*,#2624,.F.);
#3515=ORIENTED_EDGE('',*,*,#2625,.F.);
#3516=ORIENTED_EDGE('',*,*,#2622,.T.);
#3517=ORIENTED_EDGE('',*,*,#2514,.F.);
#3518=ORIENTED_EDGE('',*,*,#2621,.F.);
#3519=ORIENTED_EDGE('',*,*,#2626,.T.);
#3520=ORIENTED_EDGE('',*,*,#2624,.T.);
#3521=ORIENTED_EDGE('',*,*,#2620,.F.);
#3522=ORIENTED_EDGE('',*,*,#2623,.T.);
#3523=ORIENTED_EDGE('',*,*,#2625,.T.);
#3524=ORIENTED_EDGE('',*,*,#2626,.F.);
#3525=ORIENTED_EDGE('',*,*,#2509,.F.);
#3526=ORIENTED_EDGE('',*,*,#2627,.F.);
#3527=ORIENTED_EDGE('',*,*,#2628,.T.);
#3528=ORIENTED_EDGE('',*,*,#2629,.T.);
#3529=ORIENTED_EDGE('',*,*,#2512,.T.);
#3530=ORIENTED_EDGE('',*,*,#2630,.F.);
#3531=ORIENTED_EDGE('',*,*,#2631,.F.);
#3532=ORIENTED_EDGE('',*,*,#2627,.T.);
#3533=ORIENTED_EDGE('',*,*,#2511,.T.);
#3534=ORIENTED_EDGE('',*,*,#2632,.F.);
#3535=ORIENTED_EDGE('',*,*,#2633,.F.);
#3536=ORIENTED_EDGE('',*,*,#2630,.T.);
#3537=ORIENTED_EDGE('',*,*,#2510,.F.);
#3538=ORIENTED_EDGE('',*,*,#2629,.F.);
#3539=ORIENTED_EDGE('',*,*,#2634,.T.);
#3540=ORIENTED_EDGE('',*,*,#2632,.T.);
#3541=ORIENTED_EDGE('',*,*,#2628,.F.);
#3542=ORIENTED_EDGE('',*,*,#2631,.T.);
#3543=ORIENTED_EDGE('',*,*,#2633,.T.);
#3544=ORIENTED_EDGE('',*,*,#2634,.F.);
#3545=ORIENTED_EDGE('',*,*,#2505,.F.);
#3546=ORIENTED_EDGE('',*,*,#2635,.F.);
#3547=ORIENTED_EDGE('',*,*,#2636,.T.);
#3548=ORIENTED_EDGE('',*,*,#2637,.T.);
#3549=ORIENTED_EDGE('',*,*,#2508,.T.);
#3550=ORIENTED_EDGE('',*,*,#2638,.F.);
#3551=ORIENTED_EDGE('',*,*,#2639,.F.);
#3552=ORIENTED_EDGE('',*,*,#2635,.T.);
#3553=ORIENTED_EDGE('',*,*,#2507,.T.);
#3554=ORIENTED_EDGE('',*,*,#2640,.F.);
#3555=ORIENTED_EDGE('',*,*,#2641,.F.);
#3556=ORIENTED_EDGE('',*,*,#2638,.T.);
#3557=ORIENTED_EDGE('',*,*,#2506,.F.);
#3558=ORIENTED_EDGE('',*,*,#2637,.F.);
#3559=ORIENTED_EDGE('',*,*,#2642,.T.);
#3560=ORIENTED_EDGE('',*,*,#2640,.T.);
#3561=ORIENTED_EDGE('',*,*,#2636,.F.);
#3562=ORIENTED_EDGE('',*,*,#2639,.T.);
#3563=ORIENTED_EDGE('',*,*,#2641,.T.);
#3564=ORIENTED_EDGE('',*,*,#2642,.F.);
#3565=ORIENTED_EDGE('',*,*,#2501,.F.);
#3566=ORIENTED_EDGE('',*,*,#2643,.F.);
#3567=ORIENTED_EDGE('',*,*,#2644,.T.);
#3568=ORIENTED_EDGE('',*,*,#2645,.T.);
#3569=ORIENTED_EDGE('',*,*,#2504,.T.);
#3570=ORIENTED_EDGE('',*,*,#2646,.F.);
#3571=ORIENTED_EDGE('',*,*,#2647,.F.);
#3572=ORIENTED_EDGE('',*,*,#2643,.T.);
#3573=ORIENTED_EDGE('',*,*,#2503,.T.);
#3574=ORIENTED_EDGE('',*,*,#2648,.F.);
#3575=ORIENTED_EDGE('',*,*,#2649,.F.);
#3576=ORIENTED_EDGE('',*,*,#2646,.T.);
#3577=ORIENTED_EDGE('',*,*,#2502,.F.);
#3578=ORIENTED_EDGE('',*,*,#2645,.F.);
#3579=ORIENTED_EDGE('',*,*,#2650,.T.);
#3580=ORIENTED_EDGE('',*,*,#2648,.T.);
#3581=ORIENTED_EDGE('',*,*,#2644,.F.);
#3582=ORIENTED_EDGE('',*,*,#2647,.T.);
#3583=ORIENTED_EDGE('',*,*,#2649,.T.);
#3584=ORIENTED_EDGE('',*,*,#2650,.F.);
#3585=ORIENTED_EDGE('',*,*,#2496,.F.);
#3586=ORIENTED_EDGE('',*,*,#2651,.F.);
#3587=ORIENTED_EDGE('',*,*,#2652,.T.);
#3588=ORIENTED_EDGE('',*,*,#2653,.T.);
#3589=ORIENTED_EDGE('',*,*,#2495,.F.);
#3590=ORIENTED_EDGE('',*,*,#2466,.F.);
#3591=ORIENTED_EDGE('',*,*,#2654,.T.);
#3592=ORIENTED_EDGE('',*,*,#2651,.T.);
#3593=ORIENTED_EDGE('',*,*,#2497,.T.);
#3594=ORIENTED_EDGE('',*,*,#2653,.F.);
#3595=ORIENTED_EDGE('',*,*,#2655,.F.);
#3596=ORIENTED_EDGE('',*,*,#2464,.T.);
#3597=ORIENTED_EDGE('',*,*,#2652,.F.);
#3598=ORIENTED_EDGE('',*,*,#2654,.F.);
#3599=ORIENTED_EDGE('',*,*,#2465,.T.);
#3600=ORIENTED_EDGE('',*,*,#2655,.T.);
#3601=ORIENTED_EDGE('',*,*,#2446,.F.);
#3602=ORIENTED_EDGE('',*,*,#2656,.F.);
#3603=ORIENTED_EDGE('',*,*,#2657,.T.);
#3604=ORIENTED_EDGE('',*,*,#2658,.T.);
#3605=ORIENTED_EDGE('',*,*,#2445,.T.);
#3606=ORIENTED_EDGE('',*,*,#2659,.F.);
#3607=ORIENTED_EDGE('',*,*,#2660,.F.);
#3608=ORIENTED_EDGE('',*,*,#2656,.T.);
#3609=ORIENTED_EDGE('',*,*,#2448,.T.);
#3610=ORIENTED_EDGE('',*,*,#2661,.F.);
#3611=ORIENTED_EDGE('',*,*,#2662,.F.);
#3612=ORIENTED_EDGE('',*,*,#2659,.T.);
#3613=ORIENTED_EDGE('',*,*,#2447,.T.);
#3614=ORIENTED_EDGE('',*,*,#2658,.F.);
#3615=ORIENTED_EDGE('',*,*,#2663,.F.);
#3616=ORIENTED_EDGE('',*,*,#2661,.T.);
#3617=ORIENTED_EDGE('',*,*,#2657,.F.);
#3618=ORIENTED_EDGE('',*,*,#2660,.T.);
#3619=ORIENTED_EDGE('',*,*,#2662,.T.);
#3620=ORIENTED_EDGE('',*,*,#2663,.T.);
#3621=ORIENTED_EDGE('',*,*,#2441,.T.);
#3622=ORIENTED_EDGE('',*,*,#2664,.F.);
#3623=ORIENTED_EDGE('',*,*,#2665,.F.);
#3624=ORIENTED_EDGE('',*,*,#2666,.T.);
#3625=ORIENTED_EDGE('',*,*,#2444,.T.);
#3626=ORIENTED_EDGE('',*,*,#2667,.F.);
#3627=ORIENTED_EDGE('',*,*,#2668,.F.);
#3628=ORIENTED_EDGE('',*,*,#2664,.T.);
#3629=ORIENTED_EDGE('',*,*,#2443,.T.);
#3630=ORIENTED_EDGE('',*,*,#2669,.F.);
#3631=ORIENTED_EDGE('',*,*,#2670,.F.);
#3632=ORIENTED_EDGE('',*,*,#2667,.T.);
#3633=ORIENTED_EDGE('',*,*,#2442,.F.);
#3634=ORIENTED_EDGE('',*,*,#2666,.F.);
#3635=ORIENTED_EDGE('',*,*,#2671,.T.);
#3636=ORIENTED_EDGE('',*,*,#2669,.T.);
#3637=ORIENTED_EDGE('',*,*,#2665,.T.);
#3638=ORIENTED_EDGE('',*,*,#2668,.T.);
#3639=ORIENTED_EDGE('',*,*,#2670,.T.);
#3640=ORIENTED_EDGE('',*,*,#2671,.F.);
#3641=ORIENTED_EDGE('',*,*,#2449,.T.);
#3642=ORIENTED_EDGE('',*,*,#2672,.F.);
#3643=ORIENTED_EDGE('',*,*,#2673,.F.);
#3644=ORIENTED_EDGE('',*,*,#2674,.T.);
#3645=ORIENTED_EDGE('',*,*,#2452,.T.);
#3646=ORIENTED_EDGE('',*,*,#2675,.F.);
#3647=ORIENTED_EDGE('',*,*,#2676,.F.);
#3648=ORIENTED_EDGE('',*,*,#2672,.T.);
#3649=ORIENTED_EDGE('',*,*,#2451,.T.);
#3650=ORIENTED_EDGE('',*,*,#2677,.F.);
#3651=ORIENTED_EDGE('',*,*,#2678,.F.);
#3652=ORIENTED_EDGE('',*,*,#2675,.T.);
#3653=ORIENTED_EDGE('',*,*,#2450,.F.);
#3654=ORIENTED_EDGE('',*,*,#2674,.F.);
#3655=ORIENTED_EDGE('',*,*,#2679,.T.);
#3656=ORIENTED_EDGE('',*,*,#2677,.T.);
#3657=ORIENTED_EDGE('',*,*,#2673,.T.);
#3658=ORIENTED_EDGE('',*,*,#2676,.T.);
#3659=ORIENTED_EDGE('',*,*,#2678,.T.);
#3660=ORIENTED_EDGE('',*,*,#2679,.F.);
#3661=ORIENTED_EDGE('',*,*,#2437,.T.);
#3662=ORIENTED_EDGE('',*,*,#2680,.F.);
#3663=ORIENTED_EDGE('',*,*,#2681,.F.);
#3664=ORIENTED_EDGE('',*,*,#2682,.T.);
#3665=ORIENTED_EDGE('',*,*,#2440,.T.);
#3666=ORIENTED_EDGE('',*,*,#2683,.F.);
#3667=ORIENTED_EDGE('',*,*,#2684,.F.);
#3668=ORIENTED_EDGE('',*,*,#2680,.T.);
#3669=ORIENTED_EDGE('',*,*,#2439,.T.);
#3670=ORIENTED_EDGE('',*,*,#2685,.F.);
#3671=ORIENTED_EDGE('',*,*,#2686,.F.);
#3672=ORIENTED_EDGE('',*,*,#2683,.T.);
#3673=ORIENTED_EDGE('',*,*,#2438,.F.);
#3674=ORIENTED_EDGE('',*,*,#2682,.F.);
#3675=ORIENTED_EDGE('',*,*,#2687,.T.);
#3676=ORIENTED_EDGE('',*,*,#2685,.T.);
#3677=ORIENTED_EDGE('',*,*,#2681,.T.);
#3678=ORIENTED_EDGE('',*,*,#2684,.T.);
#3679=ORIENTED_EDGE('',*,*,#2686,.T.);
#3680=ORIENTED_EDGE('',*,*,#2687,.F.);
#3681=ORIENTED_EDGE('',*,*,#2436,.T.);
#3682=ORIENTED_EDGE('',*,*,#2688,.F.);
#3683=ORIENTED_EDGE('',*,*,#2689,.F.);
#3684=ORIENTED_EDGE('',*,*,#2457,.T.);
#3685=ORIENTED_EDGE('',*,*,#2435,.T.);
#3686=ORIENTED_EDGE('',*,*,#2690,.F.);
#3687=ORIENTED_EDGE('',*,*,#2691,.F.);
#3688=ORIENTED_EDGE('',*,*,#2688,.T.);
#3689=ORIENTED_EDGE('',*,*,#2434,.T.);
#3690=ORIENTED_EDGE('',*,*,#2459,.F.);
#3691=ORIENTED_EDGE('',*,*,#2692,.F.);
#3692=ORIENTED_EDGE('',*,*,#2690,.T.);
#3693=ORIENTED_EDGE('',*,*,#2689,.T.);
#3694=ORIENTED_EDGE('',*,*,#2691,.T.);
#3695=ORIENTED_EDGE('',*,*,#2692,.T.);
#3696=ORIENTED_EDGE('',*,*,#2458,.T.);
#3697=ORIENTED_EDGE('',*,*,#2491,.F.);
#3698=ORIENTED_EDGE('',*,*,#2693,.T.);
#3699=ORIENTED_EDGE('',*,*,#2488,.F.);
#3700=ORIENTED_EDGE('',*,*,#2694,.T.);
#3701=ORIENTED_EDGE('',*,*,#2489,.F.);
#3702=ORIENTED_EDGE('',*,*,#2695,.T.);
#3703=ORIENTED_EDGE('',*,*,#2493,.F.);
#3704=ORIENTED_EDGE('',*,*,#2696,.F.);
#3705=ORIENTED_EDGE('',*,*,#2697,.F.);
#3706=ORIENTED_EDGE('',*,*,#2486,.F.);
#3707=ORIENTED_EDGE('',*,*,#2698,.F.);
#3708=ORIENTED_EDGE('',*,*,#2485,.F.);
#3709=ORIENTED_EDGE('',*,*,#2429,.F.);
#3710=ORIENTED_EDGE('',*,*,#2699,.T.);
#3711=ORIENTED_EDGE('',*,*,#2487,.F.);
#3712=ORIENTED_EDGE('',*,*,#2700,.F.);
#3713=ORIENTED_EDGE('',*,*,#2698,.T.);
#3714=ORIENTED_EDGE('',*,*,#2696,.T.);
#3715=ORIENTED_EDGE('',*,*,#2701,.F.);
#3716=ORIENTED_EDGE('',*,*,#2700,.T.);
#3717=ORIENTED_EDGE('',*,*,#2697,.T.);
#3718=ORIENTED_EDGE('',*,*,#2702,.F.);
#3719=ORIENTED_EDGE('',*,*,#2468,.F.);
#3720=ORIENTED_EDGE('',*,*,#2703,.T.);
#3721=ORIENTED_EDGE('',*,*,#2478,.F.);
#3722=ORIENTED_EDGE('',*,*,#2704,.T.);
#3723=ORIENTED_EDGE('',*,*,#2499,.F.);
#3724=ORIENTED_EDGE('',*,*,#2705,.T.);
#3725=ORIENTED_EDGE('',*,*,#2481,.F.);
#3726=ORIENTED_EDGE('',*,*,#2706,.F.);
#3727=ORIENTED_EDGE('',*,*,#2701,.T.);
#3728=ORIENTED_EDGE('',*,*,#2500,.F.);
#3729=ORIENTED_EDGE('',*,*,#2707,.F.);
#3730=ORIENTED_EDGE('',*,*,#2482,.F.);
#3731=ORIENTED_EDGE('',*,*,#2702,.T.);
#3732=ORIENTED_EDGE('',*,*,#2484,.F.);
#3733=ORIENTED_EDGE('',*,*,#2708,.F.);
#3734=ORIENTED_EDGE('',*,*,#2430,.F.);
#3735=ORIENTED_EDGE('',*,*,#2479,.F.);
#3736=ORIENTED_EDGE('',*,*,#2709,.T.);
#3737=ORIENTED_EDGE('',*,*,#2431,.F.);
#3738=ORIENTED_EDGE('',*,*,#2710,.F.);
#3739=ORIENTED_EDGE('',*,*,#2707,.T.);
#3740=ORIENTED_EDGE('',*,*,#2706,.T.);
#3741=ORIENTED_EDGE('',*,*,#2711,.F.);
#3742=ORIENTED_EDGE('',*,*,#2710,.T.);
#3743=ORIENTED_EDGE('',*,*,#2708,.T.);
#3744=ORIENTED_EDGE('',*,*,#2712,.F.);
#3745=ORIENTED_EDGE('',*,*,#2711,.T.);
#3746=ORIENTED_EDGE('',*,*,#2480,.F.);
#3747=ORIENTED_EDGE('',*,*,#2712,.T.);
#3748=ORIENTED_EDGE('',*,*,#2483,.F.);
#3749=ORIENTED_EDGE('',*,*,#2454,.F.);
#3750=ORIENTED_EDGE('',*,*,#2494,.F.);
#3751=ORIENTED_EDGE('',*,*,#2713,.F.);
#3752=ORIENTED_EDGE('',*,*,#2490,.F.);
#3753=ORIENTED_EDGE('',*,*,#2695,.F.);
#3754=ORIENTED_EDGE('',*,*,#2693,.F.);
#3755=ORIENTED_EDGE('',*,*,#2713,.T.);
#3756=ORIENTED_EDGE('',*,*,#2456,.F.);
#3757=ORIENTED_EDGE('',*,*,#2492,.F.);
#3758=ORIENTED_EDGE('',*,*,#2714,.F.);
#3759=ORIENTED_EDGE('',*,*,#2428,.F.);
#3760=ORIENTED_EDGE('',*,*,#2714,.T.);
#3761=ORIENTED_EDGE('',*,*,#2694,.F.);
#3762=ORIENTED_EDGE('',*,*,#2699,.F.);
#3763=ORIENTED_EDGE('',*,*,#2460,.F.);
#3764=ORIENTED_EDGE('',*,*,#2432,.F.);
#3765=ORIENTED_EDGE('',*,*,#2715,.F.);
#3766=ORIENTED_EDGE('',*,*,#2467,.F.);
#3767=ORIENTED_EDGE('',*,*,#2709,.F.);
#3768=ORIENTED_EDGE('',*,*,#2703,.F.);
#3769=ORIENTED_EDGE('',*,*,#2715,.T.);
#3770=ORIENTED_EDGE('',*,*,#2462,.F.);
#3771=ORIENTED_EDGE('',*,*,#2469,.F.);
#3772=ORIENTED_EDGE('',*,*,#2716,.F.);
#3773=ORIENTED_EDGE('',*,*,#2498,.F.);
#3774=ORIENTED_EDGE('',*,*,#2716,.T.);
#3775=ORIENTED_EDGE('',*,*,#2704,.F.);
#3776=ORIENTED_EDGE('',*,*,#2705,.F.);
#3777=ORIENTED_EDGE('',*,*,#2717,.F.);
#3778=ORIENTED_EDGE('',*,*,#2524,.F.);
#3779=ORIENTED_EDGE('',*,*,#2718,.F.);
#3780=ORIENTED_EDGE('',*,*,#2578,.F.);
#3781=ORIENTED_EDGE('',*,*,#2718,.T.);
#3782=ORIENTED_EDGE('',*,*,#2529,.F.);
#3783=ORIENTED_EDGE('',*,*,#2719,.F.);
#3784=ORIENTED_EDGE('',*,*,#2579,.F.);
#3785=ORIENTED_EDGE('',*,*,#2719,.T.);
#3786=ORIENTED_EDGE('',*,*,#2532,.F.);
#3787=ORIENTED_EDGE('',*,*,#2720,.F.);
#3788=ORIENTED_EDGE('',*,*,#2580,.F.);
#3789=ORIENTED_EDGE('',*,*,#2720,.T.);
#3790=ORIENTED_EDGE('',*,*,#2535,.F.);
#3791=ORIENTED_EDGE('',*,*,#2721,.F.);
#3792=ORIENTED_EDGE('',*,*,#2581,.F.);
#3793=ORIENTED_EDGE('',*,*,#2721,.T.);
#3794=ORIENTED_EDGE('',*,*,#2539,.F.);
#3795=ORIENTED_EDGE('',*,*,#2722,.F.);
#3796=ORIENTED_EDGE('',*,*,#2582,.F.);
#3797=ORIENTED_EDGE('',*,*,#2722,.T.);
#3798=ORIENTED_EDGE('',*,*,#2541,.F.);
#3799=ORIENTED_EDGE('',*,*,#2723,.F.);
#3800=ORIENTED_EDGE('',*,*,#2583,.F.);
#3801=ORIENTED_EDGE('',*,*,#2723,.T.);
#3802=ORIENTED_EDGE('',*,*,#2544,.F.);
#3803=ORIENTED_EDGE('',*,*,#2724,.F.);
#3804=ORIENTED_EDGE('',*,*,#2584,.F.);
#3805=ORIENTED_EDGE('',*,*,#2724,.T.);
#3806=ORIENTED_EDGE('',*,*,#2547,.F.);
#3807=ORIENTED_EDGE('',*,*,#2725,.F.);
#3808=ORIENTED_EDGE('',*,*,#2585,.F.);
#3809=ORIENTED_EDGE('',*,*,#2725,.T.);
#3810=ORIENTED_EDGE('',*,*,#2550,.F.);
#3811=ORIENTED_EDGE('',*,*,#2726,.F.);
#3812=ORIENTED_EDGE('',*,*,#2586,.F.);
#3813=ORIENTED_EDGE('',*,*,#2726,.T.);
#3814=ORIENTED_EDGE('',*,*,#2552,.F.);
#3815=ORIENTED_EDGE('',*,*,#2473,.F.);
#3816=ORIENTED_EDGE('',*,*,#2587,.F.);
#3817=ORIENTED_EDGE('',*,*,#2475,.F.);
#3818=ORIENTED_EDGE('',*,*,#2553,.F.);
#3819=ORIENTED_EDGE('',*,*,#2727,.F.);
#3820=ORIENTED_EDGE('',*,*,#2610,.F.);
#3821=ORIENTED_EDGE('',*,*,#2727,.T.);
#3822=ORIENTED_EDGE('',*,*,#2551,.F.);
#3823=ORIENTED_EDGE('',*,*,#2728,.F.);
#3824=ORIENTED_EDGE('',*,*,#2611,.F.);
#3825=ORIENTED_EDGE('',*,*,#2728,.T.);
#3826=ORIENTED_EDGE('',*,*,#2548,.F.);
#3827=ORIENTED_EDGE('',*,*,#2729,.F.);
#3828=ORIENTED_EDGE('',*,*,#2612,.F.);
#3829=ORIENTED_EDGE('',*,*,#2729,.T.);
#3830=ORIENTED_EDGE('',*,*,#2545,.F.);
#3831=ORIENTED_EDGE('',*,*,#2730,.F.);
#3832=ORIENTED_EDGE('',*,*,#2613,.F.);
#3833=ORIENTED_EDGE('',*,*,#2730,.T.);
#3834=ORIENTED_EDGE('',*,*,#2542,.F.);
#3835=ORIENTED_EDGE('',*,*,#2731,.F.);
#3836=ORIENTED_EDGE('',*,*,#2614,.F.);
#3837=ORIENTED_EDGE('',*,*,#2731,.T.);
#3838=ORIENTED_EDGE('',*,*,#2537,.F.);
#3839=ORIENTED_EDGE('',*,*,#2732,.F.);
#3840=ORIENTED_EDGE('',*,*,#2615,.F.);
#3841=ORIENTED_EDGE('',*,*,#2732,.T.);
#3842=ORIENTED_EDGE('',*,*,#2536,.F.);
#3843=ORIENTED_EDGE('',*,*,#2733,.F.);
#3844=ORIENTED_EDGE('',*,*,#2616,.F.);
#3845=ORIENTED_EDGE('',*,*,#2733,.T.);
#3846=ORIENTED_EDGE('',*,*,#2533,.F.);
#3847=ORIENTED_EDGE('',*,*,#2734,.F.);
#3848=ORIENTED_EDGE('',*,*,#2617,.F.);
#3849=ORIENTED_EDGE('',*,*,#2734,.T.);
#3850=ORIENTED_EDGE('',*,*,#2530,.F.);
#3851=ORIENTED_EDGE('',*,*,#2735,.F.);
#3852=ORIENTED_EDGE('',*,*,#2618,.F.);
#3853=ORIENTED_EDGE('',*,*,#2736,.F.);
#3854=ORIENTED_EDGE('',*,*,#2598,.F.);
#3855=ORIENTED_EDGE('',*,*,#2735,.T.);
#3856=ORIENTED_EDGE('',*,*,#2526,.F.);
#3857=ORIENTED_EDGE('',*,*,#2737,.F.);
#3858=ORIENTED_EDGE('',*,*,#2597,.F.);
#3859=ORIENTED_EDGE('',*,*,#2738,.F.);
#3860=ORIENTED_EDGE('',*,*,#2523,.F.);
#3861=ORIENTED_EDGE('',*,*,#2738,.T.);
#3862=ORIENTED_EDGE('',*,*,#2596,.F.);
#3863=ORIENTED_EDGE('',*,*,#2739,.F.);
#3864=ORIENTED_EDGE('',*,*,#2518,.F.);
#3865=ORIENTED_EDGE('',*,*,#2739,.T.);
#3866=ORIENTED_EDGE('',*,*,#2595,.F.);
#3867=ORIENTED_EDGE('',*,*,#2740,.F.);
#3868=ORIENTED_EDGE('',*,*,#2575,.F.);
#3869=ORIENTED_EDGE('',*,*,#2740,.T.);
#3870=ORIENTED_EDGE('',*,*,#2594,.F.);
#3871=ORIENTED_EDGE('',*,*,#2741,.F.);
#3872=ORIENTED_EDGE('',*,*,#2573,.F.);
#3873=ORIENTED_EDGE('',*,*,#2741,.T.);
#3874=ORIENTED_EDGE('',*,*,#2593,.F.);
#3875=ORIENTED_EDGE('',*,*,#2742,.F.);
#3876=ORIENTED_EDGE('',*,*,#2570,.F.);
#3877=ORIENTED_EDGE('',*,*,#2742,.T.);
#3878=ORIENTED_EDGE('',*,*,#2592,.F.);
#3879=ORIENTED_EDGE('',*,*,#2743,.F.);
#3880=ORIENTED_EDGE('',*,*,#2567,.F.);
#3881=ORIENTED_EDGE('',*,*,#2743,.T.);
#3882=ORIENTED_EDGE('',*,*,#2591,.F.);
#3883=ORIENTED_EDGE('',*,*,#2744,.F.);
#3884=ORIENTED_EDGE('',*,*,#2564,.F.);
#3885=ORIENTED_EDGE('',*,*,#2744,.T.);
#3886=ORIENTED_EDGE('',*,*,#2590,.F.);
#3887=ORIENTED_EDGE('',*,*,#2745,.F.);
#3888=ORIENTED_EDGE('',*,*,#2561,.F.);
#3889=ORIENTED_EDGE('',*,*,#2745,.T.);
#3890=ORIENTED_EDGE('',*,*,#2589,.F.);
#3891=ORIENTED_EDGE('',*,*,#2746,.F.);
#3892=ORIENTED_EDGE('',*,*,#2558,.F.);
#3893=ORIENTED_EDGE('',*,*,#2471,.F.);
#3894=ORIENTED_EDGE('',*,*,#2555,.F.);
#3895=ORIENTED_EDGE('',*,*,#2746,.T.);
#3896=ORIENTED_EDGE('',*,*,#2588,.F.);
#3897=ORIENTED_EDGE('',*,*,#2747,.F.);
#3898=ORIENTED_EDGE('',*,*,#2521,.F.);
#3899=ORIENTED_EDGE('',*,*,#2748,.F.);
#3900=ORIENTED_EDGE('',*,*,#2600,.F.);
#3901=ORIENTED_EDGE('',*,*,#2748,.T.);
#3902=ORIENTED_EDGE('',*,*,#2520,.F.);
#3903=ORIENTED_EDGE('',*,*,#2749,.F.);
#3904=ORIENTED_EDGE('',*,*,#2601,.F.);
#3905=ORIENTED_EDGE('',*,*,#2749,.T.);
#3906=ORIENTED_EDGE('',*,*,#2576,.F.);
#3907=ORIENTED_EDGE('',*,*,#2750,.F.);
#3908=ORIENTED_EDGE('',*,*,#2602,.F.);
#3909=ORIENTED_EDGE('',*,*,#2750,.T.);
#3910=ORIENTED_EDGE('',*,*,#2574,.F.);
#3911=ORIENTED_EDGE('',*,*,#2751,.F.);
#3912=ORIENTED_EDGE('',*,*,#2603,.F.);
#3913=ORIENTED_EDGE('',*,*,#2751,.T.);
#3914=ORIENTED_EDGE('',*,*,#2571,.F.);
#3915=ORIENTED_EDGE('',*,*,#2752,.F.);
#3916=ORIENTED_EDGE('',*,*,#2604,.F.);
#3917=ORIENTED_EDGE('',*,*,#2752,.T.);
#3918=ORIENTED_EDGE('',*,*,#2568,.F.);
#3919=ORIENTED_EDGE('',*,*,#2753,.F.);
#3920=ORIENTED_EDGE('',*,*,#2605,.F.);
#3921=ORIENTED_EDGE('',*,*,#2753,.T.);
#3922=ORIENTED_EDGE('',*,*,#2565,.F.);
#3923=ORIENTED_EDGE('',*,*,#2754,.F.);
#3924=ORIENTED_EDGE('',*,*,#2606,.F.);
#3925=ORIENTED_EDGE('',*,*,#2754,.T.);
#3926=ORIENTED_EDGE('',*,*,#2562,.F.);
#3927=ORIENTED_EDGE('',*,*,#2755,.F.);
#3928=ORIENTED_EDGE('',*,*,#2607,.F.);
#3929=ORIENTED_EDGE('',*,*,#2755,.T.);
#3930=ORIENTED_EDGE('',*,*,#2559,.F.);
#3931=ORIENTED_EDGE('',*,*,#2756,.F.);
#3932=ORIENTED_EDGE('',*,*,#2608,.F.);
#3933=ORIENTED_EDGE('',*,*,#2477,.F.);
#3934=ORIENTED_EDGE('',*,*,#2609,.F.);
#3935=ORIENTED_EDGE('',*,*,#2756,.T.);
#3936=ORIENTED_EDGE('',*,*,#2556,.F.);
#3937=ORIENTED_EDGE('',*,*,#2717,.T.);
#3938=ORIENTED_EDGE('',*,*,#2577,.T.);
#3939=ORIENTED_EDGE('',*,*,#2737,.T.);
#3940=ORIENTED_EDGE('',*,*,#2522,.F.);
#3941=ORIENTED_EDGE('',*,*,#2747,.T.);
#3942=ORIENTED_EDGE('',*,*,#2599,.F.);
#3943=ORIENTED_EDGE('',*,*,#2736,.T.);
#3944=ORIENTED_EDGE('',*,*,#2525,.F.);
#3945=CYLINDRICAL_SURFACE('',#4299,1.015);
#3946=CYLINDRICAL_SURFACE('',#4302,0.574000000000001);
#3947=CYLINDRICAL_SURFACE('',#4307,0.574000000000001);
#3948=CYLINDRICAL_SURFACE('',#4312,0.574000000000001);
#3949=CYLINDRICAL_SURFACE('',#4317,1.015);
#3950=CYLINDRICAL_SURFACE('',#4320,0.574000000000001);
#3951=CYLINDRICAL_SURFACE('',#4325,1.5);
#3952=CYLINDRICAL_SURFACE('',#4328,1.5);
#3953=CYLINDRICAL_SURFACE('',#4353,1.5);
#3954=CYLINDRICAL_SURFACE('',#4356,1.5);
#3955=CYLINDRICAL_SURFACE('',#4365,1.5);
#3956=CYLINDRICAL_SURFACE('',#4370,1.5);
#3957=CYLINDRICAL_SURFACE('',#4382,1.5);
#3958=CYLINDRICAL_SURFACE('',#4385,1.5);
#3959=CYLINDRICAL_SURFACE('',#4458,0.6);
#3960=CYLINDRICAL_SURFACE('',#4460,0.6);
#3961=CYLINDRICAL_SURFACE('',#4463,0.6);
#3962=CYLINDRICAL_SURFACE('',#4469,0.6);
#3963=CYLINDRICAL_SURFACE('',#4471,0.6);
#3964=CYLINDRICAL_SURFACE('',#4473,0.6);
#3965=CYLINDRICAL_SURFACE('',#4475,0.6);
#3966=CYLINDRICAL_SURFACE('',#4481,0.6);
#3967=CYLINDRICAL_SURFACE('',#4499,6.5);
#3968=CYLINDRICAL_SURFACE('',#4502,5.);
#3969=CYLINDRICAL_SURFACE('',#4506,6.5);
#3970=CYLINDRICAL_SURFACE('',#4510,2.25);
#3971=CYLINDRICAL_SURFACE('',#4514,2.25);
#3972=CYLINDRICAL_SURFACE('',#4518,0.750000000000001);
#3973=CYLINDRICAL_SURFACE('',#4523,2.25);
#3974=CYLINDRICAL_SURFACE('',#4527,0.750000000000001);
#3975=CYLINDRICAL_SURFACE('',#4531,0.750000000000001);
#3976=CYLINDRICAL_SURFACE('',#4535,5.);
#3977=CYLINDRICAL_SURFACE('',#4608,1.);
#3978=CYLINDRICAL_SURFACE('',#4611,1.);
#3979=CYLINDRICAL_SURFACE('',#4614,1.);
#3980=CYLINDRICAL_SURFACE('',#4617,1.);
#3981=CYLINDRICAL_SURFACE('',#4624,1.);
#3982=CYLINDRICAL_SURFACE('',#4627,1.);
#3983=CYLINDRICAL_SURFACE('',#4630,1.);
#3984=CYLINDRICAL_SURFACE('',#4632,1.);
#3985=CYLINDRICAL_SURFACE('',#4634,1.);
#3986=CYLINDRICAL_SURFACE('',#4641,1.);
#3987=CYLINDRICAL_SURFACE('',#4642,1.);
#3988=CYLINDRICAL_SURFACE('',#4645,1.);
#3989=CYLINDRICAL_SURFACE('',#4648,1.);
#3990=CYLINDRICAL_SURFACE('',#4651,1.);
#3991=CYLINDRICAL_SURFACE('',#4656,0.5);
#3992=CYLINDRICAL_SURFACE('',#4660,0.5);
#3993=CYLINDRICAL_SURFACE('',#4664,0.500000000000001);
#3994=CYLINDRICAL_SURFACE('',#4668,0.5);
#3995=CYLINDRICAL_SURFACE('',#4672,0.5);
#3996=CYLINDRICAL_SURFACE('',#4673,0.5);
#3997=CYLINDRICAL_SURFACE('',#4677,0.5);
#3998=CYLINDRICAL_SURFACE('',#4681,0.500000000000001);
#3999=CYLINDRICAL_SURFACE('',#4685,0.5);
#4000=CYLINDRICAL_SURFACE('',#4689,0.5);
#4001=CYLINDRICAL_SURFACE('',#4694,0.5);
#4002=CYLINDRICAL_SURFACE('',#4698,0.5);
#4003=CYLINDRICAL_SURFACE('',#4702,0.500000000000001);
#4004=CYLINDRICAL_SURFACE('',#4706,0.5);
#4005=CYLINDRICAL_SURFACE('',#4710,0.5);
#4006=CYLINDRICAL_SURFACE('',#4713,0.5);
#4007=CYLINDRICAL_SURFACE('',#4717,0.5);
#4008=CYLINDRICAL_SURFACE('',#4721,0.500000000000001);
#4009=CYLINDRICAL_SURFACE('',#4725,0.5);
#4010=CYLINDRICAL_SURFACE('',#4729,0.5);
#4011=ADVANCED_FACE('',(#273),#3945,.T.);
#4012=ADVANCED_FACE('',(#274),#3946,.F.);
#4013=ADVANCED_FACE('',(#275,#84),#114,.T.);
#4014=ADVANCED_FACE('',(#276,#85),#115,.F.);
#4015=ADVANCED_FACE('',(#277),#3947,.T.);
#4016=ADVANCED_FACE('',(#278),#116,.T.);
#4017=ADVANCED_FACE('',(#279),#117,.F.);
#4018=ADVANCED_FACE('',(#280),#3948,.T.);
#4019=ADVANCED_FACE('',(#281),#118,.T.);
#4020=ADVANCED_FACE('',(#282),#119,.F.);
#4021=ADVANCED_FACE('',(#283),#3949,.T.);
#4022=ADVANCED_FACE('',(#284),#3950,.F.);
#4023=ADVANCED_FACE('',(#285,#86),#120,.T.);
#4024=ADVANCED_FACE('',(#286,#87),#121,.F.);
#4025=ADVANCED_FACE('',(#287),#3951,.T.);
#4026=ADVANCED_FACE('',(#288),#3952,.T.);
#4027=ADVANCED_FACE('',(#289,#88,#89,#90,#91),#69,.T.);
#4028=ADVANCED_FACE('',(#290,#92,#93,#94,#95),#70,.T.);
#4029=ADVANCED_FACE('',(#291),#3953,.T.);
#4030=ADVANCED_FACE('',(#292),#3954,.T.);
#4031=ADVANCED_FACE('',(#293),#122,.F.);
#4032=ADVANCED_FACE('',(#294),#123,.T.);
#4033=ADVANCED_FACE('',(#295),#124,.T.);
#4034=ADVANCED_FACE('',(#296),#125,.F.);
#4035=ADVANCED_FACE('',(#297),#126,.F.);
#4036=ADVANCED_FACE('',(#298),#3955,.T.);
#4037=ADVANCED_FACE('',(#299),#127,.F.);
#4038=ADVANCED_FACE('',(#300),#128,.T.);
#4039=ADVANCED_FACE('',(#301),#3956,.T.);
#4040=ADVANCED_FACE('',(#302),#129,.T.);
#4041=ADVANCED_FACE('',(#303),#130,.T.);
#4042=ADVANCED_FACE('',(#304),#131,.F.);
#4043=ADVANCED_FACE('',(#305),#132,.F.);
#4044=ADVANCED_FACE('',(#306),#133,.T.);
#4045=ADVANCED_FACE('',(#307),#134,.T.);
#4046=ADVANCED_FACE('',(#308),#135,.T.);
#4047=ADVANCED_FACE('',(#309),#136,.F.);
#4048=ADVANCED_FACE('',(#310),#137,.F.);
#4049=ADVANCED_FACE('',(#311,#96,#97,#98,#99),#138,.F.);
#4050=ADVANCED_FACE('',(#312),#3957,.T.);
#4051=ADVANCED_FACE('',(#313),#3958,.T.);
#4052=ADVANCED_FACE('',(#314,#100,#101,#102),#139,.T.);
#4053=ADVANCED_FACE('',(#315,#103),#140,.F.);
#4054=ADVANCED_FACE('',(#316),#141,.T.);
#4055=ADVANCED_FACE('',(#317,#104),#142,.T.);
#4056=ADVANCED_FACE('',(#318),#143,.F.);
#4057=ADVANCED_FACE('',(#319),#144,.F.);
#4058=ADVANCED_FACE('',(#320),#145,.F.);
#4059=ADVANCED_FACE('',(#321),#146,.T.);
#4060=ADVANCED_FACE('',(#322),#147,.T.);
#4061=ADVANCED_FACE('',(#323),#148,.F.);
#4062=ADVANCED_FACE('',(#324),#149,.F.);
#4063=ADVANCED_FACE('',(#325),#150,.T.);
#4064=ADVANCED_FACE('',(#326),#151,.T.);
#4065=ADVANCED_FACE('',(#327),#152,.T.);
#4066=ADVANCED_FACE('',(#328),#153,.F.);
#4067=ADVANCED_FACE('',(#329),#154,.F.);
#4068=ADVANCED_FACE('',(#330),#155,.T.);
#4069=ADVANCED_FACE('',(#331),#156,.T.);
#4070=ADVANCED_FACE('',(#332),#157,.T.);
#4071=ADVANCED_FACE('',(#333),#158,.F.);
#4072=ADVANCED_FACE('',(#334),#159,.F.);
#4073=ADVANCED_FACE('',(#335),#160,.T.);
#4074=ADVANCED_FACE('',(#336),#161,.T.);
#4075=ADVANCED_FACE('',(#337),#162,.T.);
#4076=ADVANCED_FACE('',(#338),#163,.T.);
#4077=ADVANCED_FACE('',(#339),#164,.F.);
#4078=ADVANCED_FACE('',(#340),#165,.T.);
#4079=ADVANCED_FACE('',(#341),#166,.F.);
#4080=ADVANCED_FACE('',(#342),#167,.F.);
#4081=ADVANCED_FACE('',(#343),#168,.T.);
#4082=ADVANCED_FACE('',(#344),#169,.T.);
#4083=ADVANCED_FACE('',(#345),#170,.T.);
#4084=ADVANCED_FACE('',(#346),#171,.F.);
#4085=ADVANCED_FACE('',(#347),#172,.F.);
#4086=ADVANCED_FACE('',(#348),#173,.T.);
#4087=ADVANCED_FACE('',(#349),#174,.F.);
#4088=ADVANCED_FACE('',(#350),#175,.F.);
#4089=ADVANCED_FACE('',(#351),#176,.T.);
#4090=ADVANCED_FACE('',(#352),#177,.T.);
#4091=ADVANCED_FACE('',(#353),#178,.F.);
#4092=ADVANCED_FACE('',(#354),#179,.F.);
#4093=ADVANCED_FACE('',(#355),#180,.F.);
#4094=ADVANCED_FACE('',(#356),#181,.T.);
#4095=ADVANCED_FACE('',(#357),#182,.F.);
#4096=ADVANCED_FACE('',(#358),#183,.F.);
#4097=ADVANCED_FACE('',(#359),#184,.F.);
#4098=ADVANCED_FACE('',(#360),#185,.T.);
#4099=ADVANCED_FACE('',(#361),#186,.T.);
#4100=ADVANCED_FACE('',(#362),#187,.F.);
#4101=ADVANCED_FACE('',(#363),#188,.F.);
#4102=ADVANCED_FACE('',(#364),#189,.F.);
#4103=ADVANCED_FACE('',(#365),#190,.T.);
#4104=ADVANCED_FACE('',(#366),#191,.T.);
#4105=ADVANCED_FACE('',(#367),#192,.F.);
#4106=ADVANCED_FACE('',(#368),#193,.F.);
#4107=ADVANCED_FACE('',(#369),#194,.F.);
#4108=ADVANCED_FACE('',(#370),#195,.F.);
#4109=ADVANCED_FACE('',(#371),#196,.T.);
#4110=ADVANCED_FACE('',(#372),#197,.T.);
#4111=ADVANCED_FACE('',(#373),#198,.F.);
#4112=ADVANCED_FACE('',(#374),#199,.F.);
#4113=ADVANCED_FACE('',(#375),#200,.T.);
#4114=ADVANCED_FACE('',(#376),#201,.F.);
#4115=ADVANCED_FACE('',(#377),#202,.T.);
#4116=ADVANCED_FACE('',(#378),#203,.T.);
#4117=ADVANCED_FACE('',(#379),#204,.F.);
#4118=ADVANCED_FACE('',(#380),#3959,.T.);
#4119=ADVANCED_FACE('',(#381),#3960,.T.);
#4120=ADVANCED_FACE('',(#382),#3961,.T.);
#4121=ADVANCED_FACE('',(#383),#39,.T.);
#4122=ADVANCED_FACE('',(#384),#40,.T.);
#4123=ADVANCED_FACE('',(#385),#3962,.T.);
#4124=ADVANCED_FACE('',(#386),#3963,.T.);
#4125=ADVANCED_FACE('',(#387),#3964,.T.);
#4126=ADVANCED_FACE('',(#388),#3965,.T.);
#4127=ADVANCED_FACE('',(#389),#41,.T.);
#4128=ADVANCED_FACE('',(#390),#42,.T.);
#4129=ADVANCED_FACE('',(#391),#3966,.T.);
#4130=ADVANCED_FACE('',(#392,#105,#106,#107,#108),#205,.F.);
#4131=ADVANCED_FACE('',(#393),#206,.F.);
#4132=ADVANCED_FACE('',(#394,#109),#207,.F.);
#4133=ADVANCED_FACE('',(#395),#208,.T.);
#4134=ADVANCED_FACE('',(#396),#209,.T.);
#4135=ADVANCED_FACE('',(#397),#210,.F.);
#4136=ADVANCED_FACE('',(#398),#211,.T.);
#4137=ADVANCED_FACE('',(#399,#110,#111,#112,#113),#212,.T.);
#4138=ADVANCED_FACE('',(#400),#213,.F.);
#4139=ADVANCED_FACE('',(#401),#3967,.T.);
#4140=ADVANCED_FACE('',(#402),#3968,.F.);
#4141=ADVANCED_FACE('',(#403),#214,.F.);
#4142=ADVANCED_FACE('',(#404),#3969,.T.);
#4143=ADVANCED_FACE('',(#405),#215,.F.);
#4144=ADVANCED_FACE('',(#406),#3970,.T.);
#4145=ADVANCED_FACE('',(#407),#216,.F.);
#4146=ADVANCED_FACE('',(#408),#3971,.T.);
#4147=ADVANCED_FACE('',(#409),#217,.F.);
#4148=ADVANCED_FACE('',(#410),#3972,.F.);
#4149=ADVANCED_FACE('',(#411),#218,.F.);
#4150=ADVANCED_FACE('',(#412),#219,.F.);
#4151=ADVANCED_FACE('',(#413),#3973,.T.);
#4152=ADVANCED_FACE('',(#414),#220,.F.);
#4153=ADVANCED_FACE('',(#415),#3974,.F.);
#4154=ADVANCED_FACE('',(#416),#221,.F.);
#4155=ADVANCED_FACE('',(#417),#3975,.F.);
#4156=ADVANCED_FACE('',(#418),#222,.F.);
#4157=ADVANCED_FACE('',(#419),#3976,.F.);
#4158=ADVANCED_FACE('',(#420),#223,.T.);
#4159=ADVANCED_FACE('',(#421),#224,.F.);
#4160=ADVANCED_FACE('',(#422),#225,.T.);
#4161=ADVANCED_FACE('',(#423),#226,.F.);
#4162=ADVANCED_FACE('',(#424),#227,.F.);
#4163=ADVANCED_FACE('',(#425),#228,.T.);
#4164=ADVANCED_FACE('',(#426),#229,.T.);
#4165=ADVANCED_FACE('',(#427),#230,.T.);
#4166=ADVANCED_FACE('',(#428),#231,.F.);
#4167=ADVANCED_FACE('',(#429),#232,.F.);
#4168=ADVANCED_FACE('',(#430),#233,.T.);
#4169=ADVANCED_FACE('',(#431),#234,.T.);
#4170=ADVANCED_FACE('',(#432),#235,.T.);
#4171=ADVANCED_FACE('',(#433),#236,.F.);
#4172=ADVANCED_FACE('',(#434),#237,.F.);
#4173=ADVANCED_FACE('',(#435),#238,.T.);
#4174=ADVANCED_FACE('',(#436),#239,.T.);
#4175=ADVANCED_FACE('',(#437),#240,.T.);
#4176=ADVANCED_FACE('',(#438),#241,.F.);
#4177=ADVANCED_FACE('',(#439),#242,.F.);
#4178=ADVANCED_FACE('',(#440),#243,.T.);
#4179=ADVANCED_FACE('',(#441),#244,.T.);
#4180=ADVANCED_FACE('',(#442),#245,.T.);
#4181=ADVANCED_FACE('',(#443),#246,.T.);
#4182=ADVANCED_FACE('',(#444),#247,.F.);
#4183=ADVANCED_FACE('',(#445),#248,.T.);
#4184=ADVANCED_FACE('',(#446),#249,.T.);
#4185=ADVANCED_FACE('',(#447),#250,.F.);
#4186=ADVANCED_FACE('',(#448),#251,.F.);
#4187=ADVANCED_FACE('',(#449),#252,.F.);
#4188=ADVANCED_FACE('',(#450),#253,.T.);
#4189=ADVANCED_FACE('',(#451),#254,.F.);
#4190=ADVANCED_FACE('',(#452),#255,.F.);
#4191=ADVANCED_FACE('',(#453),#256,.F.);
#4192=ADVANCED_FACE('',(#454),#257,.T.);
#4193=ADVANCED_FACE('',(#455),#258,.T.);
#4194=ADVANCED_FACE('',(#456),#259,.F.);
#4195=ADVANCED_FACE('',(#457),#260,.F.);
#4196=ADVANCED_FACE('',(#458),#261,.F.);
#4197=ADVANCED_FACE('',(#459),#262,.T.);
#4198=ADVANCED_FACE('',(#460),#263,.T.);
#4199=ADVANCED_FACE('',(#461),#264,.F.);
#4200=ADVANCED_FACE('',(#462),#265,.F.);
#4201=ADVANCED_FACE('',(#463),#266,.F.);
#4202=ADVANCED_FACE('',(#464),#267,.T.);
#4203=ADVANCED_FACE('',(#465),#268,.T.);
#4204=ADVANCED_FACE('',(#466),#269,.F.);
#4205=ADVANCED_FACE('',(#467),#270,.F.);
#4206=ADVANCED_FACE('',(#468),#271,.F.);
#4207=ADVANCED_FACE('',(#469),#272,.T.);
#4208=ADVANCED_FACE('',(#470),#3977,.T.);
#4209=ADVANCED_FACE('',(#471),#3978,.T.);
#4210=ADVANCED_FACE('',(#472),#3979,.T.);
#4211=ADVANCED_FACE('',(#473),#3980,.T.);
#4212=ADVANCED_FACE('',(#474),#43,.T.);
#4213=ADVANCED_FACE('',(#475),#44,.T.);
#4214=ADVANCED_FACE('',(#476),#3981,.T.);
#4215=ADVANCED_FACE('',(#477),#3982,.T.);
#4216=ADVANCED_FACE('',(#478),#3983,.T.);
#4217=ADVANCED_FACE('',(#479),#3984,.T.);
#4218=ADVANCED_FACE('',(#480),#3985,.T.);
#4219=ADVANCED_FACE('',(#481),#45,.T.);
#4220=ADVANCED_FACE('',(#482),#46,.T.);
#4221=ADVANCED_FACE('',(#483),#3986,.T.);
#4222=ADVANCED_FACE('',(#484),#3987,.T.);
#4223=ADVANCED_FACE('',(#485),#47,.T.);
#4224=ADVANCED_FACE('',(#486),#3988,.T.);
#4225=ADVANCED_FACE('',(#487),#48,.T.);
#4226=ADVANCED_FACE('',(#488),#3989,.T.);
#4227=ADVANCED_FACE('',(#489),#49,.T.);
#4228=ADVANCED_FACE('',(#490),#3990,.T.);
#4229=ADVANCED_FACE('',(#491),#50,.T.);
#4230=ADVANCED_FACE('',(#492),#13,.T.);
#4231=ADVANCED_FACE('',(#493),#3991,.T.);
#4232=ADVANCED_FACE('',(#494),#14,.T.);
#4233=ADVANCED_FACE('',(#495),#3992,.T.);
#4234=ADVANCED_FACE('',(#496),#15,.T.);
#4235=ADVANCED_FACE('',(#497),#3993,.T.);
#4236=ADVANCED_FACE('',(#498),#16,.T.);
#4237=ADVANCED_FACE('',(#499),#3994,.T.);
#4238=ADVANCED_FACE('',(#500),#17,.T.);
#4239=ADVANCED_FACE('',(#501),#3995,.T.);
#4240=ADVANCED_FACE('',(#502),#3996,.T.);
#4241=ADVANCED_FACE('',(#503),#18,.T.);
#4242=ADVANCED_FACE('',(#504),#3997,.T.);
#4243=ADVANCED_FACE('',(#505),#19,.T.);
#4244=ADVANCED_FACE('',(#506),#3998,.T.);
#4245=ADVANCED_FACE('',(#507),#20,.T.);
#4246=ADVANCED_FACE('',(#508),#3999,.T.);
#4247=ADVANCED_FACE('',(#509),#21,.T.);
#4248=ADVANCED_FACE('',(#510),#4000,.T.);
#4249=ADVANCED_FACE('',(#511),#22,.T.);
#4250=ADVANCED_FACE('',(#512),#23,.T.);
#4251=ADVANCED_FACE('',(#513),#4001,.T.);
#4252=ADVANCED_FACE('',(#514),#24,.T.);
#4253=ADVANCED_FACE('',(#515),#4002,.T.);
#4254=ADVANCED_FACE('',(#516),#25,.T.);
#4255=ADVANCED_FACE('',(#517),#4003,.T.);
#4256=ADVANCED_FACE('',(#518),#26,.T.);
#4257=ADVANCED_FACE('',(#519),#4004,.T.);
#4258=ADVANCED_FACE('',(#520),#27,.T.);
#4259=ADVANCED_FACE('',(#521),#4005,.T.);
#4260=ADVANCED_FACE('',(#522),#28,.T.);
#4261=ADVANCED_FACE('',(#523),#4006,.T.);
#4262=ADVANCED_FACE('',(#524),#29,.T.);
#4263=ADVANCED_FACE('',(#525),#4007,.T.);
#4264=ADVANCED_FACE('',(#526),#30,.T.);
#4265=ADVANCED_FACE('',(#527),#4008,.T.);
#4266=ADVANCED_FACE('',(#528),#31,.T.);
#4267=ADVANCED_FACE('',(#529),#4009,.T.);
#4268=ADVANCED_FACE('',(#530),#32,.T.);
#4269=ADVANCED_FACE('',(#531),#4010,.T.);
#4270=ADVANCED_FACE('',(#532),#71,.F.);
#4271=CLOSED_SHELL('',(#4011,#4012,#4013,#4014));
#4272=CLOSED_SHELL('',(#4015,#4016,#4017));
#4273=CLOSED_SHELL('',(#4018,#4019,#4020));
#4274=CLOSED_SHELL('',(#4021,#4022,#4023,#4024));
#4275=CLOSED_SHELL('',(#4025,#4026,#4027,#4028,#4029,#4030,#4031,#4032,
#4033,#4034,#4035,#4036,#4037,#4038,#4039,#4040,#4041,#4042,#4043,#4044,
#4045,#4046,#4047,#4048,#4049,#4050,#4051,#4052,#4053,#4054,#4055,#4056,
#4057,#4058,#4059,#4060,#4061,#4062,#4063,#4064,#4065,#4066,#4067,#4068,
#4069,#4070,#4071,#4072,#4073,#4074,#4075,#4076,#4077,#4078,#4079,#4080,
#4081,#4082,#4083,#4084,#4085,#4086,#4087,#4088,#4089,#4090,#4091,#4092,
#4093,#4094,#4095,#4096,#4097,#4098,#4099,#4100,#4101,#4102,#4103,#4104,
#4105,#4106,#4107,#4108,#4109,#4110,#4111,#4112,#4113,#4114,#4115,#4116,
#4117,#4118,#4119,#4120,#4121,#4122,#4123,#4124,#4125,#4126,#4127,#4128,
#4129));
#4276=CLOSED_SHELL('',(#4130,#4131,#4132,#4133,#4134,#4135,#4136,#4137,
#4138,#4139,#4140,#4141,#4142,#4143,#4144,#4145,#4146,#4147,#4148,#4149,
#4150,#4151,#4152,#4153,#4154,#4155,#4156,#4157,#4158,#4159,#4160,#4161,
#4162,#4163,#4164,#4165,#4166,#4167,#4168,#4169,#4170,#4171,#4172,#4173,
#4174,#4175,#4176,#4177,#4178,#4179,#4180,#4181,#4182,#4183,#4184,#4185,
#4186,#4187,#4188,#4189,#4190,#4191,#4192,#4193,#4194,#4195,#4196,#4197,
#4198,#4199,#4200,#4201,#4202,#4203,#4204,#4205,#4206,#4207,#4208,#4209,
#4210,#4211,#4212,#4213,#4214,#4215,#4216,#4217,#4218,#4219,#4220,#4221,
#4222,#4223,#4224,#4225,#4226,#4227,#4228,#4229,#4230,#4231,#4232,#4233,
#4234,#4235,#4236,#4237,#4238,#4239,#4240,#4241,#4242,#4243,#4244,#4245,
#4246,#4247,#4248,#4249,#4250,#4251,#4252,#4253,#4254,#4255,#4256,#4257,
#4258,#4259,#4260,#4261,#4262,#4263,#4264,#4265,#4266,#4267,#4268,#4269,
#4270));
#4277=DERIVED_UNIT_ELEMENT(#4280,1.);
#4278=DERIVED_UNIT_ELEMENT(#7317,-3.);
#4279=DIMENSIONAL_EXPONENTS(0.,1.,0.,0.,0.,0.,0.);
#4280=(
CONVERSION_BASED_UNIT('gram',#4282)
MASS_UNIT()
NAMED_UNIT(#4279)
);
#4281=(
MASS_UNIT()
NAMED_UNIT(*)
SI_UNIT(.KILO.,.GRAM.)
);
#4282=MASS_MEASURE_WITH_UNIT(MASS_MEASURE(0.001),#4281);
#4283=DERIVED_UNIT((#4277,#4278));
#4284=MEASURE_REPRESENTATION_ITEM('density measure',
POSITIVE_RATIO_MEASURE(1.),#4283);
#4285=PROPERTY_DEFINITION_REPRESENTATION(#4290,#4287);
#4286=PROPERTY_DEFINITION_REPRESENTATION(#4291,#4288);
#4287=REPRESENTATION('material name',(#4289),#7314);
#4288=REPRESENTATION('density',(#4284),#7314);
#4289=DESCRIPTIVE_REPRESENTATION_ITEM('Generic','Generic');
#4290=PROPERTY_DEFINITION('material property','material name',#7324);
#4291=PROPERTY_DEFINITION('material property','density of part',#7324);
#4292=DATE_TIME_ROLE('creation_date');
#4293=APPLIED_DATE_AND_TIME_ASSIGNMENT(#4294,#4292,(#7324));
#4294=DATE_AND_TIME(#4295,#4296);
#4295=CALENDAR_DATE(2023,30,11);
#4296=LOCAL_TIME(19,51,16.,#4297);
#4297=COORDINATED_UNIVERSAL_TIME_OFFSET(0,0,.BEHIND.);
#4298=AXIS2_PLACEMENT_3D('',#5995,#4731,#4732);
#4299=AXIS2_PLACEMENT_3D('',#5996,#4733,#4734);
#4300=AXIS2_PLACEMENT_3D('',#5998,#4735,#4736);
#4301=AXIS2_PLACEMENT_3D('',#6001,#4738,#4739);
#4302=AXIS2_PLACEMENT_3D('',#6002,#4740,#4741);
#4303=AXIS2_PLACEMENT_3D('',#6004,#4742,#4743);
#4304=AXIS2_PLACEMENT_3D('',#6007,#4745,#4746);
#4305=AXIS2_PLACEMENT_3D('',#6008,#4747,#4748);
#4306=AXIS2_PLACEMENT_3D('',#6009,#4749,#4750);
#4307=AXIS2_PLACEMENT_3D('',#6010,#4751,#4752);
#4308=AXIS2_PLACEMENT_3D('',#6012,#4753,#4754);
#4309=AXIS2_PLACEMENT_3D('',#6015,#4756,#4757);
#4310=AXIS2_PLACEMENT_3D('',#6016,#4758,#4759);
#4311=AXIS2_PLACEMENT_3D('',#6017,#4760,#4761);
#4312=AXIS2_PLACEMENT_3D('',#6018,#4762,#4763);
#4313=AXIS2_PLACEMENT_3D('',#6020,#4764,#4765);
#4314=AXIS2_PLACEMENT_3D('',#6023,#4767,#4768);
#4315=AXIS2_PLACEMENT_3D('',#6024,#4769,#4770);
#4316=AXIS2_PLACEMENT_3D('',#6025,#4771,#4772);
#4317=AXIS2_PLACEMENT_3D('',#6026,#4773,#4774);
#4318=AXIS2_PLACEMENT_3D('',#6028,#4775,#4776);
#4319=AXIS2_PLACEMENT_3D('',#6031,#4778,#4779);
#4320=AXIS2_PLACEMENT_3D('',#6032,#4780,#4781);
#4321=AXIS2_PLACEMENT_3D('',#6034,#4782,#4783);
#4322=AXIS2_PLACEMENT_3D('',#6037,#4785,#4786);
#4323=AXIS2_PLACEMENT_3D('',#6038,#4787,#4788);
#4324=AXIS2_PLACEMENT_3D('',#6039,#4789,#4790);
#4325=AXIS2_PLACEMENT_3D('',#6040,#4791,#4792);
#4326=AXIS2_PLACEMENT_3D('',#6043,#4793,#4794);
#4327=AXIS2_PLACEMENT_3D('',#6047,#4796,#4797);
#4328=AXIS2_PLACEMENT_3D('',#6049,#4799,#4800);
#4329=AXIS2_PLACEMENT_3D('',#6052,#4801,#4802);
#4330=AXIS2_PLACEMENT_3D('',#6056,#4804,#4805);
#4331=AXIS2_PLACEMENT_3D('',#6058,#4807,#4808);
#4332=AXIS2_PLACEMENT_3D('',#6060,#4809,#4810);
#4333=AXIS2_PLACEMENT_3D('',#6063,#4812,#4813);
#4334=AXIS2_PLACEMENT_3D('',#6070,#4814,#4815);
#4335=AXIS2_PLACEMENT_3D('',#6075,#4816,#4817);
#4336=AXIS2_PLACEMENT_3D('',#6082,#4818,#4819);
#4337=AXIS2_PLACEMENT_3D('',#6087,#4820,#4821);
#4338=AXIS2_PLACEMENT_3D('',#6090,#4822,#4823);
#4339=AXIS2_PLACEMENT_3D('',#6096,#4824,#4825);
#4340=AXIS2_PLACEMENT_3D('',#6102,#4826,#4827);
#4341=AXIS2_PLACEMENT_3D('',#6108,#4828,#4829);
#4342=AXIS2_PLACEMENT_3D('',#6112,#4830,#4831);
#4343=AXIS2_PLACEMENT_3D('',#6114,#4832,#4833);
#4344=AXIS2_PLACEMENT_3D('',#6117,#4835,#4836);
#4345=AXIS2_PLACEMENT_3D('',#6120,#4837,#4838);
#4346=AXIS2_PLACEMENT_3D('',#6126,#4839,#4840);
#4347=AXIS2_PLACEMENT_3D('',#6132,#4841,#4842);
#4348=AXIS2_PLACEMENT_3D('',#6138,#4843,#4844);
#4349=AXIS2_PLACEMENT_3D('',#6148,#4845,#4846);
#4350=AXIS2_PLACEMENT_3D('',#6153,#4847,#4848);
#4351=AXIS2_PLACEMENT_3D('',#6160,#4849,#4850);
#4352=AXIS2_PLACEMENT_3D('',#6165,#4851,#4852);
#4353=AXIS2_PLACEMENT_3D('',#6166,#4853,#4854);
#4354=AXIS2_PLACEMENT_3D('',#6169,#4855,#4856);
#4355=AXIS2_PLACEMENT_3D('',#6173,#4858,#4859);
#4356=AXIS2_PLACEMENT_3D('',#6175,#4861,#4862);
#4357=AXIS2_PLACEMENT_3D('',#6178,#4863,#4864);
#4358=AXIS2_PLACEMENT_3D('',#6182,#4866,#4867);
#4359=AXIS2_PLACEMENT_3D('',#6184,#4869,#4870);
#4360=AXIS2_PLACEMENT_3D('',#6190,#4874,#4875);
#4361=AXIS2_PLACEMENT_3D('',#6193,#4878,#4879);
#4362=AXIS2_PLACEMENT_3D('',#6196,#4882,#4883);
#4363=AXIS2_PLACEMENT_3D('',#6202,#4887,#4888);
#4364=AXIS2_PLACEMENT_3D('',#6205,#4890,#4891);
#4365=AXIS2_PLACEMENT_3D('',#6206,#4892,#4893);
#4366=AXIS2_PLACEMENT_3D('',#6208,#4894,#4895);
#4367=AXIS2_PLACEMENT_3D('',#6210,#4897,#4898);
#4368=AXIS2_PLACEMENT_3D('',#6213,#4900,#4901);
#4369=AXIS2_PLACEMENT_3D('',#6214,#4902,#4903);
#4370=AXIS2_PLACEMENT_3D('',#6216,#4905,#4906);
#4371=AXIS2_PLACEMENT_3D('',#6219,#4908,#4909);
#4372=AXIS2_PLACEMENT_3D('',#6220,#4910,#4911);
#4373=AXIS2_PLACEMENT_3D('',#6222,#4913,#4914);
#4374=AXIS2_PLACEMENT_3D('',#6228,#4918,#4919);
#4375=AXIS2_PLACEMENT_3D('',#6231,#4922,#4923);
#4376=AXIS2_PLACEMENT_3D('',#6234,#4926,#4927);
#4377=AXIS2_PLACEMENT_3D('',#6240,#4931,#4932);
#4378=AXIS2_PLACEMENT_3D('',#6242,#4934,#4935);
#4379=AXIS2_PLACEMENT_3D('',#6244,#4937,#4938);
#4380=AXIS2_PLACEMENT_3D('',#6246,#4940,#4941);
#4381=AXIS2_PLACEMENT_3D('',#6248,#4943,#4944);
#4382=AXIS2_PLACEMENT_3D('',#6297,#4969,#4970);
#4383=AXIS2_PLACEMENT_3D('',#6299,#4971,#4972);
#4384=AXIS2_PLACEMENT_3D('',#6301,#4973,#4974);
#4385=AXIS2_PLACEMENT_3D('',#6303,#4976,#4977);
#4386=AXIS2_PLACEMENT_3D('',#6305,#4978,#4979);
#4387=AXIS2_PLACEMENT_3D('',#6308,#4981,#4982);
#4388=AXIS2_PLACEMENT_3D('',#6309,#4983,#4984);
#4389=AXIS2_PLACEMENT_3D('',#6350,#5005,#5006);
#4390=AXIS2_PLACEMENT_3D('',#6359,#5011,#5012);
#4391=AXIS2_PLACEMENT_3D('',#6368,#5017,#5018);
#4392=AXIS2_PLACEMENT_3D('',#6377,#5023,#5024);
#4393=AXIS2_PLACEMENT_3D('',#6378,#5025,#5026);
#4394=AXIS2_PLACEMENT_3D('',#6384,#5030,#5031);
#4395=AXIS2_PLACEMENT_3D('',#6385,#5032,#5033);
#4396=AXIS2_PLACEMENT_3D('',#6391,#5037,#5038);
#4397=AXIS2_PLACEMENT_3D('',#6392,#5039,#5040);
#4398=AXIS2_PLACEMENT_3D('',#6396,#5043,#5044);
#4399=AXIS2_PLACEMENT_3D('',#6400,#5047,#5048);
#4400=AXIS2_PLACEMENT_3D('',#6402,#5050,#5051);
#4401=AXIS2_PLACEMENT_3D('',#6403,#5052,#5053);
#4402=AXIS2_PLACEMENT_3D('',#6409,#5057,#5058);
#4403=AXIS2_PLACEMENT_3D('',#6413,#5061,#5062);
#4404=AXIS2_PLACEMENT_3D('',#6417,#5065,#5066);
#4405=AXIS2_PLACEMENT_3D('',#6419,#5068,#5069);
#4406=AXIS2_PLACEMENT_3D('',#6420,#5070,#5071);
#4407=AXIS2_PLACEMENT_3D('',#6426,#5075,#5076);
#4408=AXIS2_PLACEMENT_3D('',#6430,#5079,#5080);
#4409=AXIS2_PLACEMENT_3D('',#6434,#5083,#5084);
#4410=AXIS2_PLACEMENT_3D('',#6436,#5086,#5087);
#4411=AXIS2_PLACEMENT_3D('',#6437,#5088,#5089);
#4412=AXIS2_PLACEMENT_3D('',#6443,#5093,#5094);
#4413=AXIS2_PLACEMENT_3D('',#6447,#5097,#5098);
#4414=AXIS2_PLACEMENT_3D('',#6451,#5101,#5102);
#4415=AXIS2_PLACEMENT_3D('',#6453,#5104,#5105);
#4416=AXIS2_PLACEMENT_3D('',#6454,#5106,#5107);
#4417=AXIS2_PLACEMENT_3D('',#6456,#5109,#5110);
#4418=AXIS2_PLACEMENT_3D('',#6458,#5112,#5113);
#4419=AXIS2_PLACEMENT_3D('',#6460,#5115,#5116);
#4420=AXIS2_PLACEMENT_3D('',#6462,#5118,#5119);
#4421=AXIS2_PLACEMENT_3D('',#6464,#5121,#5122);
#4422=AXIS2_PLACEMENT_3D('',#6466,#5124,#5125);
#4423=AXIS2_PLACEMENT_3D('',#6468,#5127,#5128);
#4424=AXIS2_PLACEMENT_3D('',#6469,#5129,#5130);
#4425=AXIS2_PLACEMENT_3D('',#6471,#5132,#5133);
#4426=AXIS2_PLACEMENT_3D('',#6472,#5134,#5135);
#4427=AXIS2_PLACEMENT_3D('',#6478,#5139,#5140);
#4428=AXIS2_PLACEMENT_3D('',#6480,#5142,#5143);
#4429=AXIS2_PLACEMENT_3D('',#6482,#5145,#5146);
#4430=AXIS2_PLACEMENT_3D('',#6483,#5147,#5148);
#4431=AXIS2_PLACEMENT_3D('',#6489,#5152,#5153);
#4432=AXIS2_PLACEMENT_3D('',#6493,#5156,#5157);
#4433=AXIS2_PLACEMENT_3D('',#6497,#5160,#5161);
#4434=AXIS2_PLACEMENT_3D('',#6499,#5163,#5164);
#4435=AXIS2_PLACEMENT_3D('',#6500,#5165,#5166);
#4436=AXIS2_PLACEMENT_3D('',#6506,#5170,#5171);
#4437=AXIS2_PLACEMENT_3D('',#6510,#5174,#5175);
#4438=AXIS2_PLACEMENT_3D('',#6514,#5178,#5179);
#4439=AXIS2_PLACEMENT_3D('',#6516,#5181,#5182);
#4440=AXIS2_PLACEMENT_3D('',#6517,#5183,#5184);
#4441=AXIS2_PLACEMENT_3D('',#6523,#5188,#5189);
#4442=AXIS2_PLACEMENT_3D('',#6527,#5192,#5193);
#4443=AXIS2_PLACEMENT_3D('',#6531,#5196,#5197);
#4444=AXIS2_PLACEMENT_3D('',#6533,#5199,#5200);
#4445=AXIS2_PLACEMENT_3D('',#6534,#5201,#5202);
#4446=AXIS2_PLACEMENT_3D('',#6540,#5206,#5207);
#4447=AXIS2_PLACEMENT_3D('',#6544,#5210,#5211);
#4448=AXIS2_PLACEMENT_3D('',#6548,#5214,#5215);
#4449=AXIS2_PLACEMENT_3D('',#6550,#5217,#5218);
#4450=AXIS2_PLACEMENT_3D('',#6551,#5219,#5220);
#4451=AXIS2_PLACEMENT_3D('',#6552,#5221,#5222);
#4452=AXIS2_PLACEMENT_3D('',#6553,#5223,#5224);
#4453=AXIS2_PLACEMENT_3D('',#6554,#5225,#5226);
#4454=AXIS2_PLACEMENT_3D('',#6555,#5227,#5228);
#4455=AXIS2_PLACEMENT_3D('',#6556,#5229,#5230);
#4456=AXIS2_PLACEMENT_3D('',#6557,#5231,#5232);
#4457=AXIS2_PLACEMENT_3D('',#6558,#5233,#5234);
#4458=AXIS2_PLACEMENT_3D('',#6559,#5235,#5236);
#4459=AXIS2_PLACEMENT_3D('',#6560,#5237,#5238);
#4460=AXIS2_PLACEMENT_3D('',#6561,#5239,#5240);
#4461=AXIS2_PLACEMENT_3D('',#6562,#5241,#5242);
#4462=AXIS2_PLACEMENT_3D('',#6563,#5243,#5244);
#4463=AXIS2_PLACEMENT_3D('',#6564,#5245,#5246);
#4464=AXIS2_PLACEMENT_3D('',#6565,#5247,#5248);
#4465=AXIS2_PLACEMENT_3D('',#6566,#5249,#5250);
#4466=AXIS2_PLACEMENT_3D('',#6567,#5251,#5252);
#4467=AXIS2_PLACEMENT_3D('',#6568,#5253,#5254);
#4468=AXIS2_PLACEMENT_3D('',#6569,#5255,#5256);
#4469=AXIS2_PLACEMENT_3D('',#6570,#5257,#5258);
#4470=AXIS2_PLACEMENT_3D('',#6571,#5259,#5260);
#4471=AXIS2_PLACEMENT_3D('',#6572,#5261,#5262);
#4472=AXIS2_PLACEMENT_3D('',#6573,#5263,#5264);
#4473=AXIS2_PLACEMENT_3D('',#6574,#5265,#5266);
#4474=AXIS2_PLACEMENT_3D('',#6575,#5267,#5268);
#4475=AXIS2_PLACEMENT_3D('',#6576,#5269,#5270);
#4476=AXIS2_PLACEMENT_3D('',#6577,#5271,#5272);
#4477=AXIS2_PLACEMENT_3D('',#6578,#5273,#5274);
#4478=AXIS2_PLACEMENT_3D('',#6579,#5275,#5276);
#4479=AXIS2_PLACEMENT_3D('',#6580,#5277,#5278);
#4480=AXIS2_PLACEMENT_3D('',#6581,#5279,#5280);
#4481=AXIS2_PLACEMENT_3D('',#6582,#5281,#5282);
#4482=AXIS2_PLACEMENT_3D('',#6583,#5283,#5284);
#4483=AXIS2_PLACEMENT_3D('',#6636,#5311,#5312);
#4484=AXIS2_PLACEMENT_3D('',#6641,#5314,#5315);
#4485=AXIS2_PLACEMENT_3D('',#6644,#5317,#5318);
#4486=AXIS2_PLACEMENT_3D('',#6651,#5322,#5323);
#4487=AXIS2_PLACEMENT_3D('',#6655,#5325,#5326);
#4488=AXIS2_PLACEMENT_3D('',#6663,#5331,#5332);
#4489=AXIS2_PLACEMENT_3D('',#6673,#5337,#5338);
#4490=AXIS2_PLACEMENT_3D('',#6677,#5340,#5341);
#4491=AXIS2_PLACEMENT_3D('',#6681,#5343,#5344);
#4492=AXIS2_PLACEMENT_3D('',#6684,#5346,#5347);
#4493=AXIS2_PLACEMENT_3D('',#6685,#5348,#5349);
#4494=AXIS2_PLACEMENT_3D('',#6694,#5354,#5355);
#4495=AXIS2_PLACEMENT_3D('',#6703,#5360,#5361);
#4496=AXIS2_PLACEMENT_3D('',#6712,#5366,#5367);
#4497=AXIS2_PLACEMENT_3D('',#6718,#5371,#5372);
#4498=AXIS2_PLACEMENT_3D('',#6765,#5397,#5398);
#4499=AXIS2_PLACEMENT_3D('',#6774,#5403,#5404);
#4500=AXIS2_PLACEMENT_3D('',#6776,#5405,#5406);
#4501=AXIS2_PLACEMENT_3D('',#6784,#5407,#5408);
#4502=AXIS2_PLACEMENT_3D('',#6785,#5409,#5410);
#4503=AXIS2_PLACEMENT_3D('',#6788,#5411,#5412);
#4504=AXIS2_PLACEMENT_3D('',#6797,#5413,#5414);
#4505=AXIS2_PLACEMENT_3D('',#6799,#5416,#5417);
#4506=AXIS2_PLACEMENT_3D('',#6805,#5421,#5422);
#4507=AXIS2_PLACEMENT_3D('',#6809,#5424,#5425);
#4508=AXIS2_PLACEMENT_3D('',#6810,#5426,#5427);
#4509=AXIS2_PLACEMENT_3D('',#6811,#5428,#5429);
#4510=AXIS2_PLACEMENT_3D('',#6817,#5433,#5434);
#4511=AXIS2_PLACEMENT_3D('',#6819,#5435,#5436);
#4512=AXIS2_PLACEMENT_3D('',#6822,#5438,#5439);
#4513=AXIS2_PLACEMENT_3D('',#6823,#5440,#5441);
#4514=AXIS2_PLACEMENT_3D('',#6829,#5445,#5446);
#4515=AXIS2_PLACEMENT_3D('',#6833,#5448,#5449);
#4516=AXIS2_PLACEMENT_3D('',#6834,#5450,#5451);
#4517=AXIS2_PLACEMENT_3D('',#6835,#5452,#5453);
#4518=AXIS2_PLACEMENT_3D('',#6841,#5457,#5458);
#4519=AXIS2_PLACEMENT_3D('',#6845,#5460,#5461);
#4520=AXIS2_PLACEMENT_3D('',#6846,#5462,#5463);
#4521=AXIS2_PLACEMENT_3D('',#6847,#5464,#5465);
#4522=AXIS2_PLACEMENT_3D('',#6850,#5468,#5469);
#4523=AXIS2_PLACEMENT_3D('',#6856,#5473,#5474);
#4524=AXIS2_PLACEMENT_3D('',#6860,#5476,#5477);
#4525=AXIS2_PLACEMENT_3D('',#6861,#5478,#5479);
#4526=AXIS2_PLACEMENT_3D('',#6862,#5480,#5481);
#4527=AXIS2_PLACEMENT_3D('',#6868,#5485,#5486);
#4528=AXIS2_PLACEMENT_3D('',#6872,#5488,#5489);
#4529=AXIS2_PLACEMENT_3D('',#6873,#5490,#5491);
#4530=AXIS2_PLACEMENT_3D('',#6874,#5492,#5493);
#4531=AXIS2_PLACEMENT_3D('',#6880,#5497,#5498);
#4532=AXIS2_PLACEMENT_3D('',#6884,#5500,#5501);
#4533=AXIS2_PLACEMENT_3D('',#6885,#5502,#5503);
#4534=AXIS2_PLACEMENT_3D('',#6886,#5504,#5505);
#4535=AXIS2_PLACEMENT_3D('',#6892,#5509,#5510);
#4536=AXIS2_PLACEMENT_3D('',#6893,#5511,#5512);
#4537=AXIS2_PLACEMENT_3D('',#6894,#5513,#5514);
#4538=AXIS2_PLACEMENT_3D('',#6895,#5515,#5516);
#4539=AXIS2_PLACEMENT_3D('',#6902,#5517,#5518);
#4540=AXIS2_PLACEMENT_3D('',#6906,#5520,#5521);
#4541=AXIS2_PLACEMENT_3D('',#6910,#5523,#5524);
#4542=AXIS2_PLACEMENT_3D('',#6914,#5526,#5527);
#4543=AXIS2_PLACEMENT_3D('',#6918,#5529,#5530);
#4544=AXIS2_PLACEMENT_3D('',#6923,#5533,#5534);
#4545=AXIS2_PLACEMENT_3D('',#6927,#5536,#5537);
#4546=AXIS2_PLACEMENT_3D('',#6931,#5539,#5540);
#4547=AXIS2_PLACEMENT_3D('',#6935,#5542,#5543);
#4548=AXIS2_PLACEMENT_3D('',#6938,#5545,#5546);
#4549=AXIS2_PLACEMENT_3D('',#6939,#5547,#5548);
#4550=AXIS2_PLACEMENT_3D('',#6942,#5549,#5550);
#4551=AXIS2_PLACEMENT_3D('',#6948,#5551,#5552);
#4552=AXIS2_PLACEMENT_3D('',#6952,#5554,#5555);
#4553=AXIS2_PLACEMENT_3D('',#6956,#5557,#5558);
#4554=AXIS2_PLACEMENT_3D('',#6960,#5560,#5561);
#4555=AXIS2_PLACEMENT_3D('',#6964,#5563,#5564);
#4556=AXIS2_PLACEMENT_3D('',#6969,#5567,#5568);
#4557=AXIS2_PLACEMENT_3D('',#6973,#5570,#5571);
#4558=AXIS2_PLACEMENT_3D('',#6977,#5573,#5574);
#4559=AXIS2_PLACEMENT_3D('',#6981,#5576,#5577);
#4560=AXIS2_PLACEMENT_3D('',#6983,#5579,#5580);
#4561=AXIS2_PLACEMENT_3D('',#6989,#5584,#5585);
#4562=AXIS2_PLACEMENT_3D('',#6993,#5588,#5589);
#4563=AXIS2_PLACEMENT_3D('',#6997,#5592,#5593);
#4564=AXIS2_PLACEMENT_3D('',#6999,#5595,#5596);
#4565=AXIS2_PLACEMENT_3D('',#7000,#5597,#5598);
#4566=AXIS2_PLACEMENT_3D('',#7006,#5602,#5603);
#4567=AXIS2_PLACEMENT_3D('',#7010,#5606,#5607);
#4568=AXIS2_PLACEMENT_3D('',#7014,#5610,#5611);
#4569=AXIS2_PLACEMENT_3D('',#7016,#5613,#5614);
#4570=AXIS2_PLACEMENT_3D('',#7017,#5615,#5616);
#4571=AXIS2_PLACEMENT_3D('',#7023,#5620,#5621);
#4572=AXIS2_PLACEMENT_3D('',#7027,#5624,#5625);
#4573=AXIS2_PLACEMENT_3D('',#7031,#5628,#5629);
#4574=AXIS2_PLACEMENT_3D('',#7033,#5631,#5632);
#4575=AXIS2_PLACEMENT_3D('',#7034,#5633,#5634);
#4576=AXIS2_PLACEMENT_3D('',#7040,#5638,#5639);
#4577=AXIS2_PLACEMENT_3D('',#7044,#5642,#5643);
#4578=AXIS2_PLACEMENT_3D('',#7048,#5646,#5647);
#4579=AXIS2_PLACEMENT_3D('',#7050,#5649,#5650);
#4580=AXIS2_PLACEMENT_3D('',#7051,#5651,#5652);
#4581=AXIS2_PLACEMENT_3D('',#7057,#5656,#5657);
#4582=AXIS2_PLACEMENT_3D('',#7059,#5659,#5660);
#4583=AXIS2_PLACEMENT_3D('',#7061,#5662,#5663);
#4584=AXIS2_PLACEMENT_3D('',#7062,#5664,#5665);
#4585=AXIS2_PLACEMENT_3D('',#7068,#5669,#5670);
#4586=AXIS2_PLACEMENT_3D('',#7072,#5673,#5674);
#4587=AXIS2_PLACEMENT_3D('',#7076,#5677,#5678);
#4588=AXIS2_PLACEMENT_3D('',#7078,#5680,#5681);
#4589=AXIS2_PLACEMENT_3D('',#7079,#5682,#5683);
#4590=AXIS2_PLACEMENT_3D('',#7085,#5687,#5688);
#4591=AXIS2_PLACEMENT_3D('',#7089,#5691,#5692);
#4592=AXIS2_PLACEMENT_3D('',#7093,#5695,#5696);
#4593=AXIS2_PLACEMENT_3D('',#7095,#5698,#5699);
#4594=AXIS2_PLACEMENT_3D('',#7096,#5700,#5701);
#4595=AXIS2_PLACEMENT_3D('',#7102,#5705,#5706);
#4596=AXIS2_PLACEMENT_3D('',#7106,#5709,#5710);
#4597=AXIS2_PLACEMENT_3D('',#7110,#5713,#5714);
#4598=AXIS2_PLACEMENT_3D('',#7112,#5716,#5717);
#4599=AXIS2_PLACEMENT_3D('',#7113,#5718,#5719);
#4600=AXIS2_PLACEMENT_3D('',#7119,#5723,#5724);
#4601=AXIS2_PLACEMENT_3D('',#7123,#5727,#5728);
#4602=AXIS2_PLACEMENT_3D('',#7127,#5731,#5732);
#4603=AXIS2_PLACEMENT_3D('',#7129,#5734,#5735);
#4604=AXIS2_PLACEMENT_3D('',#7130,#5736,#5737);
#4605=AXIS2_PLACEMENT_3D('',#7134,#5740,#5741);
#4606=AXIS2_PLACEMENT_3D('',#7138,#5744,#5745);
#4607=AXIS2_PLACEMENT_3D('',#7140,#5747,#5748);
#4608=AXIS2_PLACEMENT_3D('',#7141,#5749,#5750);
#4609=AXIS2_PLACEMENT_3D('',#7142,#5751,#5752);
#4610=AXIS2_PLACEMENT_3D('',#7143,#5753,#5754);
#4611=AXIS2_PLACEMENT_3D('',#7144,#5755,#5756);
#4612=AXIS2_PLACEMENT_3D('',#7145,#5757,#5758);
#4613=AXIS2_PLACEMENT_3D('',#7146,#5759,#5760);
#4614=AXIS2_PLACEMENT_3D('',#7147,#5761,#5762);
#4615=AXIS2_PLACEMENT_3D('',#7148,#5763,#5764);
#4616=AXIS2_PLACEMENT_3D('',#7149,#5765,#5766);
#4617=AXIS2_PLACEMENT_3D('',#7150,#5767,#5768);
#4618=AXIS2_PLACEMENT_3D('',#7151,#5769,#5770);
#4619=AXIS2_PLACEMENT_3D('',#7152,#5771,#5772);
#4620=AXIS2_PLACEMENT_3D('',#7153,#5773,#5774);
#4621=AXIS2_PLACEMENT_3D('',#7154,#5775,#5776);
#4622=AXIS2_PLACEMENT_3D('',#7155,#5777,#5778);
#4623=AXIS2_PLACEMENT_3D('',#7156,#5779,#5780);
#4624=AXIS2_PLACEMENT_3D('',#7157,#5781,#5782);
#4625=AXIS2_PLACEMENT_3D('',#7158,#5783,#5784);
#4626=AXIS2_PLACEMENT_3D('',#7159,#5785,#5786);
#4627=AXIS2_PLACEMENT_3D('',#7160,#5787,#5788);
#4628=AXIS2_PLACEMENT_3D('',#7161,#5789,#5790);
#4629=AXIS2_PLACEMENT_3D('',#7162,#5791,#5792);
#4630=AXIS2_PLACEMENT_3D('',#7163,#5793,#5794);
#4631=AXIS2_PLACEMENT_3D('',#7164,#5795,#5796);
#4632=AXIS2_PLACEMENT_3D('',#7165,#5797,#5798);
#4633=AXIS2_PLACEMENT_3D('',#7166,#5799,#5800);
#4634=AXIS2_PLACEMENT_3D('',#7167,#5801,#5802);
#4635=AXIS2_PLACEMENT_3D('',#7168,#5803,#5804);
#4636=AXIS2_PLACEMENT_3D('',#7169,#5805,#5806);
#4637=AXIS2_PLACEMENT_3D('',#7170,#5807,#5808);
#4638=AXIS2_PLACEMENT_3D('',#7171,#5809,#5810);
#4639=AXIS2_PLACEMENT_3D('',#7172,#5811,#5812);
#4640=AXIS2_PLACEMENT_3D('',#7173,#5813,#5814);
#4641=AXIS2_PLACEMENT_3D('',#7174,#5815,#5816);
#4642=AXIS2_PLACEMENT_3D('',#7175,#5817,#5818);
#4643=AXIS2_PLACEMENT_3D('',#7176,#5819,#5820);
#4644=AXIS2_PLACEMENT_3D('',#7177,#5821,#5822);
#4645=AXIS2_PLACEMENT_3D('',#7178,#5823,#5824);
#4646=AXIS2_PLACEMENT_3D('',#7179,#5825,#5826);
#4647=AXIS2_PLACEMENT_3D('',#7180,#5827,#5828);
#4648=AXIS2_PLACEMENT_3D('',#7181,#5829,#5830);
#4649=AXIS2_PLACEMENT_3D('',#7182,#5831,#5832);
#4650=AXIS2_PLACEMENT_3D('',#7183,#5833,#5834);
#4651=AXIS2_PLACEMENT_3D('',#7184,#5835,#5836);
#4652=AXIS2_PLACEMENT_3D('',#7185,#5837,#5838);
#4653=AXIS2_PLACEMENT_3D('',#7186,#5839,#5840);
#4654=AXIS2_PLACEMENT_3D('',#7187,#5841,#5842);
#4655=AXIS2_PLACEMENT_3D('',#7200,#5843,#5844);
#4656=AXIS2_PLACEMENT_3D('',#7201,#5845,#5846);
#4657=AXIS2_PLACEMENT_3D('',#7202,#5847,#5848);
#4658=AXIS2_PLACEMENT_3D('',#7203,#5849,#5850);
#4659=AXIS2_PLACEMENT_3D('',#7204,#5851,#5852);
#4660=AXIS2_PLACEMENT_3D('',#7205,#5853,#5854);
#4661=AXIS2_PLACEMENT_3D('',#7206,#5855,#5856);
#4662=AXIS2_PLACEMENT_3D('',#7207,#5857,#5858);
#4663=AXIS2_PLACEMENT_3D('',#7208,#5859,#5860);
#4664=AXIS2_PLACEMENT_3D('',#7209,#5861,#5862);
#4665=AXIS2_PLACEMENT_3D('',#7210,#5863,#5864);
#4666=AXIS2_PLACEMENT_3D('',#7211,#5865,#5866);
#4667=AXIS2_PLACEMENT_3D('',#7212,#5867,#5868);
#4668=AXIS2_PLACEMENT_3D('',#7213,#5869,#5870);
#4669=AXIS2_PLACEMENT_3D('',#7214,#5871,#5872);
#4670=AXIS2_PLACEMENT_3D('',#7215,#5873,#5874);
#4671=AXIS2_PLACEMENT_3D('',#7216,#5875,#5876);
#4672=AXIS2_PLACEMENT_3D('',#7217,#5877,#5878);
#4673=AXIS2_PLACEMENT_3D('',#7218,#5879,#5880);
#4674=AXIS2_PLACEMENT_3D('',#7219,#5881,#5882);
#4675=AXIS2_PLACEMENT_3D('',#7220,#5883,#5884);
#4676=AXIS2_PLACEMENT_3D('',#7221,#5885,#5886);
#4677=AXIS2_PLACEMENT_3D('',#7222,#5887,#5888);
#4678=AXIS2_PLACEMENT_3D('',#7223,#5889,#5890);
#4679=AXIS2_PLACEMENT_3D('',#7224,#5891,#5892);
#4680=AXIS2_PLACEMENT_3D('',#7225,#5893,#5894);
#4681=AXIS2_PLACEMENT_3D('',#7226,#5895,#5896);
#4682=AXIS2_PLACEMENT_3D('',#7227,#5897,#5898);
#4683=AXIS2_PLACEMENT_3D('',#7228,#5899,#5900);
#4684=AXIS2_PLACEMENT_3D('',#7229,#5901,#5902);
#4685=AXIS2_PLACEMENT_3D('',#7230,#5903,#5904);
#4686=AXIS2_PLACEMENT_3D('',#7231,#5905,#5906);
#4687=AXIS2_PLACEMENT_3D('',#7232,#5907,#5908);
#4688=AXIS2_PLACEMENT_3D('',#7233,#5909,#5910);
#4689=AXIS2_PLACEMENT_3D('',#7234,#5911,#5912);
#4690=AXIS2_PLACEMENT_3D('',#7235,#5913,#5914);
#4691=AXIS2_PLACEMENT_3D('',#7236,#5915,#5916);
#4692=AXIS2_PLACEMENT_3D('',#7249,#5917,#5918);
#4693=AXIS2_PLACEMENT_3D('',#7262,#5919,#5920);
#4694=AXIS2_PLACEMENT_3D('',#7263,#5921,#5922);
#4695=AXIS2_PLACEMENT_3D('',#7264,#5923,#5924);
#4696=AXIS2_PLACEMENT_3D('',#7265,#5925,#5926);
#4697=AXIS2_PLACEMENT_3D('',#7266,#5927,#5928);
#4698=AXIS2_PLACEMENT_3D('',#7267,#5929,#5930);
#4699=AXIS2_PLACEMENT_3D('',#7268,#5931,#5932);
#4700=AXIS2_PLACEMENT_3D('',#7269,#5933,#5934);
#4701=AXIS2_PLACEMENT_3D('',#7270,#5935,#5936);
#4702=AXIS2_PLACEMENT_3D('',#7271,#5937,#5938);
#4703=AXIS2_PLACEMENT_3D('',#7272,#5939,#5940);
#4704=AXIS2_PLACEMENT_3D('',#7273,#5941,#5942);
#4705=AXIS2_PLACEMENT_3D('',#7274,#5943,#5944);
#4706=AXIS2_PLACEMENT_3D('',#7275,#5945,#5946);
#4707=AXIS2_PLACEMENT_3D('',#7276,#5947,#5948);
#4708=AXIS2_PLACEMENT_3D('',#7277,#5949,#5950);
#4709=AXIS2_PLACEMENT_3D('',#7278,#5951,#5952);
#4710=AXIS2_PLACEMENT_3D('',#7279,#5953,#5954);
#4711=AXIS2_PLACEMENT_3D('',#7280,#5955,#5956);
#4712=AXIS2_PLACEMENT_3D('',#7293,#5957,#5958);
#4713=AXIS2_PLACEMENT_3D('',#7294,#5959,#5960);
#4714=AXIS2_PLACEMENT_3D('',#7295,#5961,#5962);
#4715=AXIS2_PLACEMENT_3D('',#7296,#5963,#5964);
#4716=AXIS2_PLACEMENT_3D('',#7297,#5965,#5966);
#4717=AXIS2_PLACEMENT_3D('',#7298,#5967,#5968);
#4718=AXIS2_PLACEMENT_3D('',#7299,#5969,#5970);
#4719=AXIS2_PLACEMENT_3D('',#7300,#5971,#5972);
#4720=AXIS2_PLACEMENT_3D('',#7301,#5973,#5974);
#4721=AXIS2_PLACEMENT_3D('',#7302,#5975,#5976);
#4722=AXIS2_PLACEMENT_3D('',#7303,#5977,#5978);
#4723=AXIS2_PLACEMENT_3D('',#7304,#5979,#5980);
#4724=AXIS2_PLACEMENT_3D('',#7305,#5981,#5982);
#4725=AXIS2_PLACEMENT_3D('',#7306,#5983,#5984);
#4726=AXIS2_PLACEMENT_3D('',#7307,#5985,#5986);
#4727=AXIS2_PLACEMENT_3D('',#7308,#5987,#5988);
#4728=AXIS2_PLACEMENT_3D('',#7309,#5989,#5990);
#4729=AXIS2_PLACEMENT_3D('',#7310,#5991,#5992);
#4730=AXIS2_PLACEMENT_3D('',#7311,#5993,#5994);
#4731=DIRECTION('axis',(0.,0.,1.));
#4732=DIRECTION('refdir',(1.,0.,0.));
#4733=DIRECTION('center_axis',(-1.,-4.54540846734063E-16,0.));
#4734=DIRECTION('ref_axis',(4.54540846734063E-16,-1.,0.));
#4735=DIRECTION('center_axis',(1.,3.83304103801336E-16,9.86076131526265E-32));
#4736=DIRECTION('ref_axis',(-3.83304103801336E-16,1.,-3.77967027874563E-47));
#4737=DIRECTION('',(1.,4.54540846734063E-16,0.));
#4738=DIRECTION('center_axis',(1.,3.83304103801336E-16,9.86076131526265E-32));
#4739=DIRECTION('ref_axis',(-3.83304103801336E-16,1.,-3.77967027874563E-47));
#4740=DIRECTION('center_axis',(-1.,-4.54540846734063E-16,0.));
#4741=DIRECTION('ref_axis',(4.54540846734063E-16,-1.,0.));
#4742=DIRECTION('center_axis',(1.,3.83304103801336E-16,9.86076131526265E-32));
#4743=DIRECTION('ref_axis',(-3.83304103801336E-16,1.,-3.77967027874563E-47));
#4744=DIRECTION('',(-1.,-4.54540846734063E-16,0.));
#4745=DIRECTION('center_axis',(1.,3.83304103801336E-16,9.86076131526265E-32));
#4746=DIRECTION('ref_axis',(-3.83304103801336E-16,1.,-3.77967027874563E-47));
#4747=DIRECTION('center_axis',(1.,3.83304103801336E-16,9.86076131526265E-32));
#4748=DIRECTION('ref_axis',(-3.83304103801336E-16,1.,0.));
#4749=DIRECTION('center_axis',(1.,3.83304103801336E-16,9.86076131526265E-32));
#4750=DIRECTION('ref_axis',(-3.83304103801336E-16,1.,0.));
#4751=DIRECTION('center_axis',(-1.,-4.54540846734063E-16,0.));
#4752=DIRECTION('ref_axis',(4.54540846734063E-16,-1.,0.));
#4753=DIRECTION('center_axis',(1.,3.83304103801336E-16,9.86076131526265E-32));
#4754=DIRECTION('ref_axis',(-3.83304103801336E-16,1.,-3.77967027874563E-47));
#4755=DIRECTION('',(1.,4.54540846734063E-16,0.));
#4756=DIRECTION('center_axis',(1.,3.83304103801336E-16,9.86076131526265E-32));
#4757=DIRECTION('ref_axis',(-3.83304103801336E-16,1.,-3.77967027874563E-47));
#4758=DIRECTION('center_axis',(1.,3.83304103801336E-16,9.86076131526265E-32));
#4759=DIRECTION('ref_axis',(-3.83304103801336E-16,1.,0.));
#4760=DIRECTION('center_axis',(1.,3.83304103801336E-16,9.86076131526265E-32));
#4761=DIRECTION('ref_axis',(-3.83304103801336E-16,1.,0.));
#4762=DIRECTION('center_axis',(1.,-4.54540846734063E-16,0.));
#4763=DIRECTION('ref_axis',(-4.54540846734063E-16,-1.,0.));
#4764=DIRECTION('center_axis',(1.,-3.83304103801336E-16,-9.86076131526265E-32));
#4765=DIRECTION('ref_axis',(3.83304103801336E-16,1.,-3.77967027874563E-47));
#4766=DIRECTION('',(-1.,4.54540846734063E-16,0.));
#4767=DIRECTION('center_axis',(1.,-3.83304103801336E-16,-9.86076131526265E-32));
#4768=DIRECTION('ref_axis',(3.83304103801336E-16,1.,-3.77967027874563E-47));
#4769=DIRECTION('center_axis',(-1.,3.83304103801336E-16,9.86076131526265E-32));
#4770=DIRECTION('ref_axis',(3.83304103801336E-16,1.,0.));
#4771=DIRECTION('center_axis',(-1.,3.83304103801336E-16,9.86076131526265E-32));
#4772=DIRECTION('ref_axis',(3.83304103801336E-16,1.,0.));
#4773=DIRECTION('center_axis',(1.,-4.54540846734063E-16,0.));
#4774=DIRECTION('ref_axis',(-4.54540846734063E-16,-1.,0.));
#4775=DIRECTION('center_axis',(1.,-3.83304103801336E-16,-9.86076131526265E-32));
#4776=DIRECTION('ref_axis',(3.83304103801336E-16,1.,-3.77967027874563E-47));
#4777=DIRECTION('',(-1.,4.54540846734063E-16,0.));
#4778=DIRECTION('center_axis',(1.,-3.83304103801336E-16,-9.86076131526265E-32));
#4779=DIRECTION('ref_axis',(3.83304103801336E-16,1.,-3.77967027874563E-47));
#4780=DIRECTION('center_axis',(1.,-4.54540846734063E-16,0.));
#4781=DIRECTION('ref_axis',(-4.54540846734063E-16,-1.,0.));
#4782=DIRECTION('center_axis',(1.,-3.83304103801336E-16,-9.86076131526265E-32));
#4783=DIRECTION('ref_axis',(3.83304103801336E-16,1.,-3.77967027874563E-47));
#4784=DIRECTION('',(1.,-4.54540846734063E-16,0.));
#4785=DIRECTION('center_axis',(1.,-3.83304103801336E-16,-9.86076131526265E-32));
#4786=DIRECTION('ref_axis',(3.83304103801336E-16,1.,-3.77967027874563E-47));
#4787=DIRECTION('center_axis',(-1.,3.83304103801336E-16,9.86076131526265E-32));
#4788=DIRECTION('ref_axis',(3.83304103801336E-16,1.,0.));
#4789=DIRECTION('center_axis',(-1.,3.83304103801336E-16,9.86076131526265E-32));
#4790=DIRECTION('ref_axis',(3.83304103801336E-16,1.,0.));
#4791=DIRECTION('center_axis',(-1.,0.,0.));
#4792=DIRECTION('ref_axis',(0.,0.,1.));
#4793=DIRECTION('center_axis',(-1.,0.,0.));
#4794=DIRECTION('ref_axis',(0.,0.,1.));
#4795=DIRECTION('',(-1.,0.,0.));
#4796=DIRECTION('center_axis',(-1.,0.,0.));
#4797=DIRECTION('ref_axis',(0.,0.,1.));
#4798=DIRECTION('',(1.,0.,0.));
#4799=DIRECTION('center_axis',(-1.,0.,0.));
#4800=DIRECTION('ref_axis',(0.,0.,1.));
#4801=DIRECTION('center_axis',(-1.,0.,0.));
#4802=DIRECTION('ref_axis',(0.,0.,1.));
#4803=DIRECTION('',(-1.,0.,0.));
#4804=DIRECTION('center_axis',(1.,0.,0.));
#4805=DIRECTION('ref_axis',(0.,0.,1.));
#4806=DIRECTION('',(1.,0.,0.));
#4807=DIRECTION('center_axis',(-1.,-4.53522477379557E-16,0.));
#4808=DIRECTION('ref_axis',(-4.53522477379557E-16,1.,0.));
#4809=DIRECTION('center_axis',(1.,1.59148942750166E-16,0.));
#4810=DIRECTION('ref_axis',(1.59148942750166E-16,-1.,0.));
#4811=DIRECTION('',(0.998588327598461,0.0531164003308717,-6.50488296474309E-18));
#4812=DIRECTION('center_axis',(1.,4.28982744487292E-16,2.46519032881566E-32));
#4813=DIRECTION('ref_axis',(-4.28982744487292E-16,1.,1.05428997844613E-47));
#4814=DIRECTION('center_axis',(-1.,0.,0.));
#4815=DIRECTION('ref_axis',(0.,0.,1.));
#4816=DIRECTION('center_axis',(-1.,0.,0.));
#4817=DIRECTION('ref_axis',(0.,0.,1.));
#4818=DIRECTION('center_axis',(-1.,0.,0.));
#4819=DIRECTION('ref_axis',(0.,0.,1.));
#4820=DIRECTION('center_axis',(-1.,0.,0.));
#4821=DIRECTION('ref_axis',(0.,0.,1.));
#4822=DIRECTION('center_axis',(-1.,0.,0.));
#4823=DIRECTION('ref_axis',(0.,0.,1.));
#4824=DIRECTION('center_axis',(-1.,0.,0.));
#4825=DIRECTION('ref_axis',(0.,0.,1.));
#4826=DIRECTION('center_axis',(-1.,0.,0.));
#4827=DIRECTION('ref_axis',(0.,0.,1.));
#4828=DIRECTION('center_axis',(-1.,0.,0.));
#4829=DIRECTION('ref_axis',(0.,0.,1.));
#4830=DIRECTION('center_axis',(1.,-4.53522477379557E-16,0.));
#4831=DIRECTION('ref_axis',(4.53522477379557E-16,1.,0.));
#4832=DIRECTION('center_axis',(-1.,-1.59148942750166E-16,0.));
#4833=DIRECTION('ref_axis',(1.59148942750166E-16,-1.,0.));
#4834=DIRECTION('',(-0.998588327598461,0.0531164003308717,6.50488296474309E-18));
#4835=DIRECTION('center_axis',(1.,-4.28982744487292E-16,-2.46519032881566E-32));
#4836=DIRECTION('ref_axis',(-4.28982744487292E-16,-1.,-1.05428997844613E-47));
#4837=DIRECTION('center_axis',(1.,0.,0.));
#4838=DIRECTION('ref_axis',(0.,0.,1.));
#4839=DIRECTION('center_axis',(1.,0.,0.));
#4840=DIRECTION('ref_axis',(0.,0.,1.));
#4841=DIRECTION('center_axis',(1.,0.,0.));
#4842=DIRECTION('ref_axis',(0.,0.,1.));
#4843=DIRECTION('center_axis',(1.,0.,0.));
#4844=DIRECTION('ref_axis',(0.,0.,1.));
#4845=DIRECTION('center_axis',(1.,0.,0.));
#4846=DIRECTION('ref_axis',(0.,0.,1.));
#4847=DIRECTION('center_axis',(1.,0.,0.));
#4848=DIRECTION('ref_axis',(0.,0.,1.));
#4849=DIRECTION('center_axis',(1.,0.,0.));
#4850=DIRECTION('ref_axis',(0.,0.,1.));
#4851=DIRECTION('center_axis',(1.,0.,0.));
#4852=DIRECTION('ref_axis',(0.,0.,1.));
#4853=DIRECTION('center_axis',(-1.,0.,0.));
#4854=DIRECTION('ref_axis',(0.,0.,1.));
#4855=DIRECTION('center_axis',(1.,0.,0.));
#4856=DIRECTION('ref_axis',(0.,0.,1.));
#4857=DIRECTION('',(1.,0.,0.));
#4858=DIRECTION('center_axis',(-1.,0.,0.));
#4859=DIRECTION('ref_axis',(0.,0.,1.));
#4860=DIRECTION('',(-1.,0.,0.));
#4861=DIRECTION('center_axis',(-1.,0.,0.));
#4862=DIRECTION('ref_axis',(0.,0.,1.));
#4863=DIRECTION('center_axis',(-1.,0.,0.));
#4864=DIRECTION('ref_axis',(0.,0.,1.));
#4865=DIRECTION('',(1.,0.,0.));
#4866=DIRECTION('center_axis',(-1.,0.,0.));
#4867=DIRECTION('ref_axis',(0.,0.,1.));
#4868=DIRECTION('',(-1.,0.,0.));
#4869=DIRECTION('center_axis',(4.33680868994202E-16,0.,1.));
#4870=DIRECTION('ref_axis',(1.,0.,-4.33680868994202E-16));
#4871=DIRECTION('',(0.,-1.,0.));
#4872=DIRECTION('',(0.,1.,0.));
#4873=DIRECTION('',(-1.,0.,0.));
#4874=DIRECTION('center_axis',(-4.91504984860096E-16,0.,1.));
#4875=DIRECTION('ref_axis',(1.,0.,4.91504984860096E-16));
#4876=DIRECTION('',(0.,-1.,0.));
#4877=DIRECTION('',(0.,1.,0.));
#4878=DIRECTION('center_axis',(-4.91504984860096E-16,0.,1.));
#4879=DIRECTION('ref_axis',(1.,0.,4.91504984860096E-16));
#4880=DIRECTION('',(0.,1.,0.));
#4881=DIRECTION('',(0.,1.,0.));
#4882=DIRECTION('center_axis',(4.33680868994202E-16,0.,1.));
#4883=DIRECTION('ref_axis',(1.,0.,-4.33680868994202E-16));
#4884=DIRECTION('',(0.,1.,0.));
#4885=DIRECTION('',(0.,1.,0.));
#4886=DIRECTION('',(1.,0.,0.));
#4887=DIRECTION('center_axis',(-1.,0.,0.));
#4888=DIRECTION('ref_axis',(0.,0.,1.));
#4889=DIRECTION('',(0.,-1.,0.));
#4890=DIRECTION('center_axis',(1.,0.,0.));
#4891=DIRECTION('ref_axis',(0.,0.,1.));
#4892=DIRECTION('center_axis',(-1.,0.,0.));
#4893=DIRECTION('ref_axis',(0.,1.22464679914735E-16,-1.));
#4894=DIRECTION('center_axis',(-1.,0.,0.));
#4895=DIRECTION('ref_axis',(0.,0.,1.));
#4896=DIRECTION('',(1.,0.,0.));
#4897=DIRECTION('center_axis',(-1.,0.,0.));
#4898=DIRECTION('ref_axis',(0.,0.,1.));
#4899=DIRECTION('',(0.,1.,0.));
#4900=DIRECTION('center_axis',(-1.,0.,0.));
#4901=DIRECTION('ref_axis',(0.,0.,1.));
#4902=DIRECTION('center_axis',(-1.,0.,0.));
#4903=DIRECTION('ref_axis',(0.,0.,1.));
#4904=DIRECTION('',(0.,1.,0.));
#4905=DIRECTION('center_axis',(-1.,0.,0.));
#4906=DIRECTION('ref_axis',(0.,-3.21624529935327E-16,-1.));
#4907=DIRECTION('',(-1.,0.,0.));
#4908=DIRECTION('center_axis',(-1.,0.,0.));
#4909=DIRECTION('ref_axis',(0.,0.,1.));
#4910=DIRECTION('center_axis',(-1.,0.,0.));
#4911=DIRECTION('ref_axis',(0.,0.,1.));
#4912=DIRECTION('',(0.,1.,0.));
#4913=DIRECTION('center_axis',(4.33680868994202E-16,0.,-1.));
#4914=DIRECTION('ref_axis',(-1.,0.,-4.33680868994202E-16));
#4915=DIRECTION('',(0.,-1.,0.));
#4916=DIRECTION('',(-1.,0.,0.));
#4917=DIRECTION('',(0.,-1.,0.));
#4918=DIRECTION('center_axis',(-4.91504984860096E-16,0.,-1.));
#4919=DIRECTION('ref_axis',(-1.,0.,4.91504984860096E-16));
#4920=DIRECTION('',(0.,-1.,0.));
#4921=DIRECTION('',(0.,-1.,0.));
#4922=DIRECTION('center_axis',(-4.91504984860096E-16,0.,-1.));
#4923=DIRECTION('ref_axis',(-1.,0.,4.91504984860096E-16));
#4924=DIRECTION('',(0.,-1.,0.));
#4925=DIRECTION('',(0.,-1.,0.));
#4926=DIRECTION('center_axis',(4.33680868994202E-16,0.,-1.));
#4927=DIRECTION('ref_axis',(-1.,0.,-4.33680868994202E-16));
#4928=DIRECTION('',(0.,-1.,0.));
#4929=DIRECTION('',(1.,0.,0.));
#4930=DIRECTION('',(0.,-1.,0.));
#4931=DIRECTION('center_axis',(-1.,0.,0.));
#4932=DIRECTION('ref_axis',(0.,0.,1.));
#4933=DIRECTION('',(0.,-1.,0.));
#4934=DIRECTION('center_axis',(-1.,0.,0.));
#4935=DIRECTION('ref_axis',(0.,0.,1.));
#4936=DIRECTION('',(0.,-1.,0.));
#4937=DIRECTION('center_axis',(-1.,0.,0.));
#4938=DIRECTION('ref_axis',(0.,0.,1.));
#4939=DIRECTION('',(0.,-1.,0.));
#4940=DIRECTION('center_axis',(-1.,0.,0.));
#4941=DIRECTION('ref_axis',(0.,0.,1.));
#4942=DIRECTION('',(0.,-1.,0.));
#4943=DIRECTION('center_axis',(0.,0.,1.));
#4944=DIRECTION('ref_axis',(1.,0.,0.));
#4945=DIRECTION('',(1.,1.95645504809414E-16,0.));
#4946=DIRECTION('',(1.59148942750166E-16,-1.,0.));
#4947=DIRECTION('',(-1.,-1.83697019872103E-16,0.));
#4948=DIRECTION('',(-1.59148942750166E-16,1.,0.));
#4949=DIRECTION('',(1.,1.95645504809414E-16,0.));
#4950=DIRECTION('',(-6.12935628178472E-14,1.,0.));
#4951=DIRECTION('',(1.,0.,0.));
#4952=DIRECTION('',(6.0859881948853E-14,-1.,0.));
#4953=DIRECTION('',(-6.12935628178472E-14,1.,0.));
#4954=DIRECTION('',(1.,0.,0.));
#4955=DIRECTION('',(6.0859881948853E-14,-1.,0.));
#4956=DIRECTION('',(1.,0.,0.));
#4957=DIRECTION('',(-6.12935628178472E-14,1.,0.));
#4958=DIRECTION('',(1.,0.,0.));
#4959=DIRECTION('',(6.0859881948853E-14,-1.,0.));
#4960=DIRECTION('',(1.,0.,0.));
#4961=DIRECTION('',(0.,1.,0.));
#4962=DIRECTION('',(-1.,0.,0.));
#4963=DIRECTION('',(0.,-1.,0.));
#4964=DIRECTION('',(1.,0.,0.));
#4965=DIRECTION('',(-6.12935628178472E-14,1.,0.));
#4966=DIRECTION('',(1.,0.,0.));
#4967=DIRECTION('',(6.0859881948853E-14,-1.,0.));
#4968=DIRECTION('',(1.,0.,0.));
#4969=DIRECTION('center_axis',(-1.,0.,0.));
#4970=DIRECTION('ref_axis',(0.,1.22464679914735E-16,-1.));
#4971=DIRECTION('center_axis',(-1.,0.,0.));
#4972=DIRECTION('ref_axis',(0.,0.,1.));
#4973=DIRECTION('center_axis',(-1.,0.,0.));
#4974=DIRECTION('ref_axis',(0.,0.,1.));
#4975=DIRECTION('',(1.,0.,0.));
#4976=DIRECTION('center_axis',(-1.,0.,0.));
#4977=DIRECTION('ref_axis',(0.,1.22464679914735E-16,-1.));
#4978=DIRECTION('center_axis',(1.,0.,0.));
#4979=DIRECTION('ref_axis',(0.,0.,1.));
#4980=DIRECTION('',(-1.,0.,0.));
#4981=DIRECTION('center_axis',(-1.,0.,0.));
#4982=DIRECTION('ref_axis',(0.,0.,1.));
#4983=DIRECTION('center_axis',(0.,0.,1.));
#4984=DIRECTION('ref_axis',(1.,0.,0.));
#4985=DIRECTION('',(1.,1.95645504809414E-16,0.));
#4986=DIRECTION('',(1.59148942750166E-16,-1.,0.));
#4987=DIRECTION('',(1.,1.83697019872103E-16,0.));
#4988=DIRECTION('',(-1.59148942750166E-16,1.,0.));
#4989=DIRECTION('',(1.,1.95645504809414E-16,0.));
#4990=DIRECTION('',(5.88041856263325E-16,-1.,0.));
#4991=DIRECTION('',(1.,0.,0.));
#4992=DIRECTION('',(5.88041856263325E-16,-1.,0.));
#4993=DIRECTION('',(1.,0.,0.));
#4994=DIRECTION('',(5.88041856263325E-16,-1.,0.));
#4995=DIRECTION('',(1.,0.,0.));
#4996=DIRECTION('',(5.88041856263325E-16,-1.,0.));
#4997=DIRECTION('',(1.,0.,0.));
#4998=DIRECTION('',(5.88041856263325E-16,-1.,0.));
#4999=DIRECTION('',(1.,0.,0.));
#5000=DIRECTION('',(5.88041856263325E-16,-1.,0.));
#5001=DIRECTION('',(1.,0.,0.));
#5002=DIRECTION('',(5.88041856263325E-16,-1.,0.));
#5003=DIRECTION('',(1.,0.,0.));
#5004=DIRECTION('',(5.88041856263325E-16,-1.,0.));
#5005=DIRECTION('center_axis',(-1.,-1.59148942750166E-16,0.));
#5006=DIRECTION('ref_axis',(1.59148942750166E-16,-1.,0.));
#5007=DIRECTION('',(0.,0.,-1.));
#5008=DIRECTION('',(-1.59148942750166E-16,1.,0.));
#5009=DIRECTION('',(0.,0.,1.));
#5010=DIRECTION('',(1.59148942750166E-16,-1.,0.));
#5011=DIRECTION('center_axis',(1.83697019872103E-16,-1.,0.));
#5012=DIRECTION('ref_axis',(1.,1.83697019872103E-16,0.));
#5013=DIRECTION('',(1.,1.83697019872103E-16,0.));
#5014=DIRECTION('',(0.,0.,1.));
#5015=DIRECTION('',(-1.,-1.83697019872103E-16,0.));
#5016=DIRECTION('',(0.,0.,-1.));
#5017=DIRECTION('center_axis',(-1.,-1.59148942750166E-16,0.));
#5018=DIRECTION('ref_axis',(1.59148942750166E-16,-1.,0.));
#5019=DIRECTION('',(0.,0.,1.));
#5020=DIRECTION('',(-1.59148942750166E-16,1.,0.));
#5021=DIRECTION('',(0.,0.,1.));
#5022=DIRECTION('',(1.59148942750166E-16,-1.,0.));
#5023=DIRECTION('center_axis',(1.95645504809414E-16,-1.,0.));
#5024=DIRECTION('ref_axis',(1.,1.95645504809414E-16,0.));
#5025=DIRECTION('center_axis',(-1.95645504809414E-16,1.,0.));
#5026=DIRECTION('ref_axis',(1.,1.95645504809414E-16,0.));
#5027=DIRECTION('',(0.,0.,1.));
#5028=DIRECTION('',(1.,1.95645504809414E-16,0.));
#5029=DIRECTION('',(0.,0.,1.));
#5030=DIRECTION('center_axis',(-1.95645504809414E-16,1.,0.));
#5031=DIRECTION('ref_axis',(1.,1.95645504809414E-16,0.));
#5032=DIRECTION('center_axis',(-1.95645504809414E-16,1.,0.));
#5033=DIRECTION('ref_axis',(1.,1.95645504809414E-16,0.));
#5034=DIRECTION('',(0.,0.,-1.));
#5035=DIRECTION('',(-1.,-1.95645504809414E-16,0.));
#5036=DIRECTION('',(0.,0.,-1.));
#5037=DIRECTION('center_axis',(-1.95645504809414E-16,1.,0.));
#5038=DIRECTION('ref_axis',(1.,1.95645504809414E-16,0.));
#5039=DIRECTION('center_axis',(1.,5.88041856263325E-16,0.));
#5040=DIRECTION('ref_axis',(-5.88041856263325E-16,1.,0.));
#5041=DIRECTION('',(0.,0.,-1.));
#5042=DIRECTION('',(5.88041856263325E-16,-1.,0.));
#5043=DIRECTION('center_axis',(0.,1.,0.));
#5044=DIRECTION('ref_axis',(0.,0.,1.));
#5045=DIRECTION('',(0.,0.,-1.));
#5046=DIRECTION('',(1.,0.,0.));
#5047=DIRECTION('center_axis',(1.,5.88041856263325E-16,0.));
#5048=DIRECTION('ref_axis',(-5.88041856263325E-16,1.,0.));
#5049=DIRECTION('',(5.88041856263325E-16,-1.,0.));
#5050=DIRECTION('center_axis',(0.,0.,1.));
#5051=DIRECTION('ref_axis',(1.,0.,0.));
#5052=DIRECTION('center_axis',(1.,5.88041856263325E-16,0.));
#5053=DIRECTION('ref_axis',(-5.88041856263325E-16,1.,0.));
#5054=DIRECTION('',(0.,0.,-1.));
#5055=DIRECTION('',(5.88041856263325E-16,-1.,0.));
#5056=DIRECTION('',(0.,0.,-1.));
#5057=DIRECTION('center_axis',(0.,1.,0.));
#5058=DIRECTION('ref_axis',(0.,0.,1.));
#5059=DIRECTION('',(0.,0.,-1.));
#5060=DIRECTION('',(1.,0.,0.));
#5061=DIRECTION('center_axis',(1.,5.88041856263325E-16,0.));
#5062=DIRECTION('ref_axis',(-5.88041856263325E-16,1.,0.));
#5063=DIRECTION('',(0.,0.,-1.));
#5064=DIRECTION('',(5.88041856263325E-16,-1.,0.));
#5065=DIRECTION('center_axis',(0.,1.,0.));
#5066=DIRECTION('ref_axis',(0.,0.,1.));
#5067=DIRECTION('',(1.,0.,0.));
#5068=DIRECTION('center_axis',(0.,0.,1.));
#5069=DIRECTION('ref_axis',(1.,0.,0.));
#5070=DIRECTION('center_axis',(1.,5.88041856263325E-16,0.));
#5071=DIRECTION('ref_axis',(-5.88041856263325E-16,1.,0.));
#5072=DIRECTION('',(0.,0.,-1.));
#5073=DIRECTION('',(5.88041856263325E-16,-1.,0.));
#5074=DIRECTION('',(0.,0.,-1.));
#5075=DIRECTION('center_axis',(0.,1.,0.));
#5076=DIRECTION('ref_axis',(0.,0.,1.));
#5077=DIRECTION('',(0.,0.,-1.));
#5078=DIRECTION('',(1.,0.,0.));
#5079=DIRECTION('center_axis',(1.,5.88041856263325E-16,0.));
#5080=DIRECTION('ref_axis',(-5.88041856263325E-16,1.,0.));
#5081=DIRECTION('',(0.,0.,-1.));
#5082=DIRECTION('',(5.88041856263325E-16,-1.,0.));
#5083=DIRECTION('center_axis',(0.,1.,0.));
#5084=DIRECTION('ref_axis',(0.,0.,1.));
#5085=DIRECTION('',(1.,0.,0.));
#5086=DIRECTION('center_axis',(0.,0.,1.));
#5087=DIRECTION('ref_axis',(1.,0.,0.));
#5088=DIRECTION('center_axis',(1.,5.88041856263325E-16,0.));
#5089=DIRECTION('ref_axis',(-5.88041856263325E-16,1.,0.));
#5090=DIRECTION('',(0.,0.,-1.));
#5091=DIRECTION('',(5.88041856263325E-16,-1.,0.));
#5092=DIRECTION('',(0.,0.,-1.));
#5093=DIRECTION('center_axis',(0.,1.,0.));
#5094=DIRECTION('ref_axis',(0.,0.,1.));
#5095=DIRECTION('',(0.,0.,-1.));
#5096=DIRECTION('',(1.,0.,0.));
#5097=DIRECTION('center_axis',(1.,5.88041856263325E-16,0.));
#5098=DIRECTION('ref_axis',(-5.88041856263325E-16,1.,0.));
#5099=DIRECTION('',(0.,0.,-1.));
#5100=DIRECTION('',(5.88041856263325E-16,-1.,0.));
#5101=DIRECTION('center_axis',(0.,1.,0.));
#5102=DIRECTION('ref_axis',(0.,0.,1.));
#5103=DIRECTION('',(1.,0.,0.));
#5104=DIRECTION('center_axis',(0.,0.,1.));
#5105=DIRECTION('ref_axis',(1.,0.,0.));
#5106=DIRECTION('center_axis',(-1.,0.,0.));
#5107=DIRECTION('ref_axis',(0.,0.,1.));
#5108=DIRECTION('',(0.,-1.,0.));
#5109=DIRECTION('center_axis',(-1.,0.,0.));
#5110=DIRECTION('ref_axis',(0.,0.,1.));
#5111=DIRECTION('',(0.,-1.,0.));
#5112=DIRECTION('center_axis',(-1.,0.,0.));
#5113=DIRECTION('ref_axis',(0.,0.,1.));
#5114=DIRECTION('',(0.,-1.,0.));
#5115=DIRECTION('center_axis',(-1.,0.,0.));
#5116=DIRECTION('ref_axis',(0.,0.,1.));
#5117=DIRECTION('',(0.,-1.,0.));
#5118=DIRECTION('center_axis',(-1.,0.,0.));
#5119=DIRECTION('ref_axis',(0.,0.,1.));
#5120=DIRECTION('',(0.,1.,0.));
#5121=DIRECTION('center_axis',(-1.,0.,0.));
#5122=DIRECTION('ref_axis',(0.,0.,1.));
#5123=DIRECTION('',(0.,1.,0.));
#5124=DIRECTION('center_axis',(-1.,0.,0.));
#5125=DIRECTION('ref_axis',(0.,0.,1.));
#5126=DIRECTION('',(0.,1.,0.));
#5127=DIRECTION('center_axis',(1.,0.,0.));
#5128=DIRECTION('ref_axis',(0.,0.,-1.));
#5129=DIRECTION('center_axis',(-1.,0.,0.));
#5130=DIRECTION('ref_axis',(0.,0.,1.));
#5131=DIRECTION('',(0.,-1.,0.));
#5132=DIRECTION('center_axis',(1.,0.,0.));
#5133=DIRECTION('ref_axis',(0.,0.,-1.));
#5134=DIRECTION('center_axis',(0.,-1.,0.));
#5135=DIRECTION('ref_axis',(0.,0.,-1.));
#5136=DIRECTION('',(0.,0.,1.));
#5137=DIRECTION('',(1.,0.,0.));
#5138=DIRECTION('',(0.,0.,1.));
#5139=DIRECTION('center_axis',(1.,6.12935628178472E-14,0.));
#5140=DIRECTION('ref_axis',(-6.12935628178472E-14,1.,0.));
#5141=DIRECTION('',(-6.12935628178472E-14,1.,0.));
#5142=DIRECTION('center_axis',(-1.,-6.0859881948853E-14,0.));
#5143=DIRECTION('ref_axis',(6.0859881948853E-14,-1.,0.));
#5144=DIRECTION('',(6.0859881948853E-14,-1.,0.));
#5145=DIRECTION('center_axis',(0.,0.,-1.));
#5146=DIRECTION('ref_axis',(-1.,0.,0.));
#5147=DIRECTION('center_axis',(0.,-1.,0.));
#5148=DIRECTION('ref_axis',(0.,0.,-1.));
#5149=DIRECTION('',(0.,0.,1.));
#5150=DIRECTION('',(1.,0.,0.));
#5151=DIRECTION('',(0.,0.,1.));
#5152=DIRECTION('center_axis',(1.,6.12935628178472E-14,0.));
#5153=DIRECTION('ref_axis',(-6.12935628178472E-14,1.,0.));
#5154=DIRECTION('',(0.,0.,1.));
#5155=DIRECTION('',(-6.12935628178472E-14,1.,0.));
#5156=DIRECTION('center_axis',(0.,-1.,0.));
#5157=DIRECTION('ref_axis',(0.,0.,-1.));
#5158=DIRECTION('',(0.,0.,1.));
#5159=DIRECTION('',(1.,0.,0.));
#5160=DIRECTION('center_axis',(-1.,-6.0859881948853E-14,0.));
#5161=DIRECTION('ref_axis',(6.0859881948853E-14,-1.,0.));
#5162=DIRECTION('',(6.0859881948853E-14,-1.,0.));
#5163=DIRECTION('center_axis',(0.,0.,-1.));
#5164=DIRECTION('ref_axis',(-1.,0.,0.));
#5165=DIRECTION('center_axis',(1.,6.12935628178472E-14,0.));
#5166=DIRECTION('ref_axis',(-6.12935628178472E-14,1.,0.));
#5167=DIRECTION('',(0.,0.,1.));
#5168=DIRECTION('',(-6.12935628178472E-14,1.,0.));
#5169=DIRECTION('',(0.,0.,1.));
#5170=DIRECTION('center_axis',(0.,-1.,0.));
#5171=DIRECTION('ref_axis',(0.,0.,-1.));
#5172=DIRECTION('',(0.,0.,1.));
#5173=DIRECTION('',(1.,0.,0.));
#5174=DIRECTION('center_axis',(-1.,-6.0859881948853E-14,0.));
#5175=DIRECTION('ref_axis',(6.0859881948853E-14,-1.,0.));
#5176=DIRECTION('',(0.,0.,1.));
#5177=DIRECTION('',(6.0859881948853E-14,-1.,0.));
#5178=DIRECTION('center_axis',(0.,-1.,0.));
#5179=DIRECTION('ref_axis',(0.,0.,-1.));
#5180=DIRECTION('',(1.,0.,0.));
#5181=DIRECTION('center_axis',(0.,0.,-1.));
#5182=DIRECTION('ref_axis',(-1.,0.,0.));
#5183=DIRECTION('center_axis',(1.,6.12935628178472E-14,0.));
#5184=DIRECTION('ref_axis',(-6.12935628178472E-14,1.,0.));
#5185=DIRECTION('',(0.,0.,1.));
#5186=DIRECTION('',(-6.12935628178472E-14,1.,0.));
#5187=DIRECTION('',(0.,0.,1.));
#5188=DIRECTION('center_axis',(0.,-1.,0.));
#5189=DIRECTION('ref_axis',(0.,0.,-1.));
#5190=DIRECTION('',(0.,0.,1.));
#5191=DIRECTION('',(1.,0.,0.));
#5192=DIRECTION('center_axis',(-1.,-6.0859881948853E-14,0.));
#5193=DIRECTION('ref_axis',(6.0859881948853E-14,-1.,0.));
#5194=DIRECTION('',(0.,0.,1.));
#5195=DIRECTION('',(6.0859881948853E-14,-1.,0.));
#5196=DIRECTION('center_axis',(0.,-1.,0.));
#5197=DIRECTION('ref_axis',(0.,0.,-1.));
#5198=DIRECTION('',(1.,0.,0.));
#5199=DIRECTION('center_axis',(0.,0.,-1.));
#5200=DIRECTION('ref_axis',(-1.,0.,0.));
#5201=DIRECTION('center_axis',(1.,0.,0.));
#5202=DIRECTION('ref_axis',(0.,0.,-1.));
#5203=DIRECTION('',(0.,0.,1.));
#5204=DIRECTION('',(0.,1.,0.));
#5205=DIRECTION('',(0.,0.,1.));
#5206=DIRECTION('center_axis',(0.,-1.,0.));
#5207=DIRECTION('ref_axis',(0.,0.,-1.));
#5208=DIRECTION('',(0.,0.,1.));
#5209=DIRECTION('',(1.,0.,0.));
#5210=DIRECTION('center_axis',(-1.,0.,0.));
#5211=DIRECTION('ref_axis',(0.,0.,1.));
#5212=DIRECTION('',(0.,0.,1.));
#5213=DIRECTION('',(0.,-1.,0.));
#5214=DIRECTION('center_axis',(0.,1.,0.));
#5215=DIRECTION('ref_axis',(0.,0.,1.));
#5216=DIRECTION('',(-1.,0.,0.));
#5217=DIRECTION('center_axis',(0.,0.,-1.));
#5218=DIRECTION('ref_axis',(-1.,0.,0.));
#5219=DIRECTION('center_axis',(4.33680868994202E-16,0.,-1.));
#5220=DIRECTION('ref_axis',(-1.,0.,-4.33680868994202E-16));
#5221=DIRECTION('center_axis',(-4.91504984860096E-16,0.,-1.));
#5222=DIRECTION('ref_axis',(-1.,0.,4.91504984860096E-16));
#5223=DIRECTION('center_axis',(-4.91504984860096E-16,0.,-1.));
#5224=DIRECTION('ref_axis',(-1.,0.,4.91504984860096E-16));
#5225=DIRECTION('center_axis',(4.33680868994202E-16,0.,-1.));
#5226=DIRECTION('ref_axis',(-1.,0.,-4.33680868994202E-16));
#5227=DIRECTION('center_axis',(4.33680868994202E-16,0.,1.));
#5228=DIRECTION('ref_axis',(1.,0.,-4.33680868994202E-16));
#5229=DIRECTION('center_axis',(-4.91504984860096E-16,0.,1.));
#5230=DIRECTION('ref_axis',(1.,0.,4.91504984860096E-16));
#5231=DIRECTION('center_axis',(-4.91504984860096E-16,0.,1.));
#5232=DIRECTION('ref_axis',(1.,0.,4.91504984860096E-16));
#5233=DIRECTION('center_axis',(4.33680868994202E-16,0.,1.));
#5234=DIRECTION('ref_axis',(1.,0.,-4.33680868994202E-16));
#5235=DIRECTION('center_axis',(-1.59148942750166E-16,1.,0.));
#5236=DIRECTION('ref_axis',(-1.,-1.59148942750166E-16,0.));
#5237=DIRECTION('center_axis',(1.80700362080917E-16,-1.,0.));
#5238=DIRECTION('ref_axis',(1.,1.80700362080917E-16,0.));
#5239=DIRECTION('center_axis',(0.,0.,1.));
#5240=DIRECTION('ref_axis',(1.,0.,0.));
#5241=DIRECTION('center_axis',(0.,0.,1.));
#5242=DIRECTION('ref_axis',(1.,0.,0.));
#5243=DIRECTION('center_axis',(0.,0.,-1.));
#5244=DIRECTION('ref_axis',(-1.,0.,0.));
#5245=DIRECTION('center_axis',(1.59148942750166E-16,-1.,0.));
#5246=DIRECTION('ref_axis',(1.,1.59148942750166E-16,0.));
#5247=DIRECTION('center_axis',(3.61400724161835E-16,-1.,0.));
#5248=DIRECTION('ref_axis',(1.,3.61400724161835E-16,0.));
#5249=DIRECTION('center_axis',(0.,1.,0.));
#5250=DIRECTION('ref_axis',(1.,0.,0.));
#5251=DIRECTION('center_axis',(1.,0.,0.));
#5252=DIRECTION('ref_axis',(0.,0.,1.));
#5253=DIRECTION('center_axis',(0.,1.,0.));
#5254=DIRECTION('ref_axis',(1.,0.,0.));
#5255=DIRECTION('center_axis',(1.,0.,0.));
#5256=DIRECTION('ref_axis',(0.,0.,1.));
#5257=DIRECTION('center_axis',(1.59148942750166E-16,-1.,0.));
#5258=DIRECTION('ref_axis',(1.,1.59148942750166E-16,0.));
#5259=DIRECTION('center_axis',(3.61400724161835E-16,-1.,0.));
#5260=DIRECTION('ref_axis',(1.,3.61400724161835E-16,0.));
#5261=DIRECTION('center_axis',(-1.,-1.83697019872103E-16,0.));
#5262=DIRECTION('ref_axis',(1.83697019872103E-16,-1.,0.));
#5263=DIRECTION('center_axis',(1.,0.,0.));
#5264=DIRECTION('ref_axis',(0.,0.,-1.));
#5265=DIRECTION('center_axis',(1.,1.83697019872103E-16,0.));
#5266=DIRECTION('ref_axis',(-1.83697019872103E-16,1.,0.));
#5267=DIRECTION('center_axis',(1.,0.,0.));
#5268=DIRECTION('ref_axis',(0.,0.,-1.));
#5269=DIRECTION('center_axis',(-1.59148942750166E-16,1.,0.));
#5270=DIRECTION('ref_axis',(-1.,-1.59148942750166E-16,0.));
#5271=DIRECTION('center_axis',(1.80700362080917E-16,-1.,0.));
#5272=DIRECTION('ref_axis',(1.,1.80700362080917E-16,0.));
#5273=DIRECTION('center_axis',(0.,1.,0.));
#5274=DIRECTION('ref_axis',(1.,0.,0.));
#5275=DIRECTION('center_axis',(0.,0.,1.));
#5276=DIRECTION('ref_axis',(-1.,0.,0.));
#5277=DIRECTION('center_axis',(0.,1.,0.));
#5278=DIRECTION('ref_axis',(1.,0.,0.));
#5279=DIRECTION('center_axis',(0.,0.,-1.));
#5280=DIRECTION('ref_axis',(1.,0.,0.));
#5281=DIRECTION('center_axis',(0.,0.,-1.));
#5282=DIRECTION('ref_axis',(-1.,0.,0.));
#5283=DIRECTION('center_axis',(0.,0.,1.));
#5284=DIRECTION('ref_axis',(1.,0.,0.));
#5285=DIRECTION('',(1.,1.95645504809414E-16,0.));
#5286=DIRECTION('',(0.,1.,0.));
#5287=DIRECTION('',(0.0260780845805564,0.999659908921334,0.));
#5288=DIRECTION('',(1.,1.73472347597681E-16,0.));
#5289=DIRECTION('',(0.0260780845805567,-0.999659908921334,0.));
#5290=DIRECTION('',(0.,-1.,0.));
#5291=DIRECTION('',(1.,1.95645504809414E-16,0.));
#5292=DIRECTION('',(2.53244303062307E-16,-1.,0.));
#5293=DIRECTION('',(1.,2.9346815356754E-16,0.));
#5294=DIRECTION('',(-1.26622151531154E-16,1.,0.));
#5295=DIRECTION('',(-1.26622151531154E-16,1.,0.));
#5296=DIRECTION('',(1.,2.9346815356754E-16,0.));
#5297=DIRECTION('',(2.53244303062307E-16,-1.,0.));
#5298=DIRECTION('',(1.,2.9346815356754E-16,0.));
#5299=DIRECTION('',(-1.26622151531154E-16,1.,0.));
#5300=DIRECTION('',(1.,2.9346815356754E-16,0.));
#5301=DIRECTION('',(2.53244303062307E-16,-1.,0.));
#5302=DIRECTION('',(1.,2.9346815356754E-16,0.));
#5303=DIRECTION('',(-1.26622151531154E-16,1.,0.));
#5304=DIRECTION('',(1.,2.9346815356754E-16,0.));
#5305=DIRECTION('',(2.53244303062307E-16,-1.,0.));
#5306=DIRECTION('',(1.,2.93468153567541E-16,0.));
#5307=DIRECTION('',(-1.26622151531154E-16,1.,0.));
#5308=DIRECTION('',(1.,2.9346815356754E-16,0.));
#5309=DIRECTION('',(2.53244303062307E-16,-1.,0.));
#5310=DIRECTION('',(1.,2.9346815356754E-16,0.));
#5311=DIRECTION('center_axis',(-1.95645504809414E-16,1.,0.));
#5312=DIRECTION('ref_axis',(-1.,-1.95645504809414E-16,0.));
#5313=DIRECTION('',(1.,1.95645504809414E-16,0.));
#5314=DIRECTION('center_axis',(1.95645504809414E-16,-1.,0.));
#5315=DIRECTION('ref_axis',(-1.,-1.95645504809414E-16,0.));
#5316=DIRECTION('',(0.,0.,-1.));
#5317=DIRECTION('center_axis',(1.95645504809414E-16,-1.,0.));
#5318=DIRECTION('ref_axis',(-1.,-1.95645504809414E-16,0.));
#5319=DIRECTION('',(0.,0.,1.));
#5320=DIRECTION('',(-1.,-1.95645504809414E-16,0.));
#5321=DIRECTION('',(0.,0.,1.));
#5322=DIRECTION('center_axis',(1.95645504809414E-16,-1.,0.));
#5323=DIRECTION('ref_axis',(-1.,-1.95645504809414E-16,0.));
#5324=DIRECTION('',(0.,0.,-1.));
#5325=DIRECTION('center_axis',(1.95645504809414E-16,-1.,0.));
#5326=DIRECTION('ref_axis',(-1.,-1.95645504809414E-16,0.));
#5327=DIRECTION('',(1.,1.95645504809414E-16,0.));
#5328=DIRECTION('',(0.,0.,-1.));
#5329=DIRECTION('',(1.,1.95645504809414E-16,0.));
#5330=DIRECTION('',(0.,0.,-1.));
#5331=DIRECTION('center_axis',(-1.,0.,0.));
#5332=DIRECTION('ref_axis',(0.,0.,1.));
#5333=DIRECTION('',(0.,1.,0.));
#5334=DIRECTION('',(0.,0.,1.));
#5335=DIRECTION('',(0.,-1.,0.));
#5336=DIRECTION('',(0.,0.,-1.));
#5337=DIRECTION('center_axis',(-1.,0.,0.));
#5338=DIRECTION('ref_axis',(0.,0.,1.));
#5339=DIRECTION('',(0.,-1.,0.));
#5340=DIRECTION('center_axis',(-1.,0.,0.));
#5341=DIRECTION('ref_axis',(0.,0.,1.));
#5342=DIRECTION('',(0.,0.,-1.));
#5343=DIRECTION('center_axis',(-1.,0.,0.));
#5344=DIRECTION('ref_axis',(0.,0.,1.));
#5345=DIRECTION('',(0.,-1.,0.));
#5346=DIRECTION('center_axis',(-1.,0.,0.));
#5347=DIRECTION('ref_axis',(0.,0.,1.));
#5348=DIRECTION('center_axis',(0.999659908921334,0.0260780845805567,0.));
#5349=DIRECTION('ref_axis',(-0.0260780845805567,0.999659908921334,0.));
#5350=DIRECTION('',(0.,0.,-1.));
#5351=DIRECTION('',(-0.0260780845805567,0.999659908921334,0.));
#5352=DIRECTION('',(0.,0.,1.));
#5353=DIRECTION('',(0.0260780845805567,-0.999659908921334,0.));
#5354=DIRECTION('center_axis',(-1.73472347597681E-16,1.,0.));
#5355=DIRECTION('ref_axis',(-1.,-1.73472347597681E-16,0.));
#5356=DIRECTION('',(1.,1.73472347597681E-16,0.));
#5357=DIRECTION('',(0.,0.,-1.));
#5358=DIRECTION('',(-1.,-1.73472347597681E-16,0.));
#5359=DIRECTION('',(0.,0.,1.));
#5360=DIRECTION('center_axis',(0.999659908921334,-0.0260780845805564,0.));
#5361=DIRECTION('ref_axis',(0.0260780845805564,0.999659908921334,0.));
#5362=DIRECTION('',(0.,0.,-1.));
#5363=DIRECTION('',(-0.0260780845805564,-0.999659908921334,0.));
#5364=DIRECTION('',(0.,0.,1.));
#5365=DIRECTION('',(0.0260780845805564,0.999659908921334,0.));
#5366=DIRECTION('center_axis',(-1.,0.,0.));
#5367=DIRECTION('ref_axis',(0.,0.,1.));
#5368=DIRECTION('',(0.,1.,0.));
#5369=DIRECTION('',(0.,0.,-1.));
#5370=DIRECTION('',(0.,-1.,0.));
#5371=DIRECTION('center_axis',(0.,0.,1.));
#5372=DIRECTION('ref_axis',(1.,0.,0.));
#5373=DIRECTION('',(-0.0260780845805564,-0.999659908921334,0.));
#5374=DIRECTION('',(0.,-1.,0.));
#5375=DIRECTION('',(-1.26622151531154E-16,1.,0.));
#5376=DIRECTION('',(1.,2.9346815356754E-16,0.));
#5377=DIRECTION('',(-2.53244303062307E-16,1.,0.));
#5378=DIRECTION('',(0.,1.,0.));
#5379=DIRECTION('',(-0.0260780845805567,0.999659908921334,0.));
#5380=DIRECTION('',(-1.,-1.73472347597681E-16,0.));
#5381=DIRECTION('',(-1.26622151531154E-16,1.,0.));
#5382=DIRECTION('',(1.,2.9346815356754E-16,0.));
#5383=DIRECTION('',(-2.53244303062307E-16,1.,0.));
#5384=DIRECTION('',(1.,2.9346815356754E-16,0.));
#5385=DIRECTION('',(-1.26622151531154E-16,1.,0.));
#5386=DIRECTION('',(1.,2.9346815356754E-16,0.));
#5387=DIRECTION('',(-2.53244303062307E-16,1.,0.));
#5388=DIRECTION('',(1.,2.9346815356754E-16,0.));
#5389=DIRECTION('',(-1.26622151531154E-16,1.,0.));
#5390=DIRECTION('',(1.,2.9346815356754E-16,0.));
#5391=DIRECTION('',(-2.53244303062307E-16,1.,0.));
#5392=DIRECTION('',(1.,2.9346815356754E-16,0.));
#5393=DIRECTION('',(-1.26622151531154E-16,1.,0.));
#5394=DIRECTION('',(1.,2.93468153567541E-16,0.));
#5395=DIRECTION('',(-2.53244303062307E-16,1.,0.));
#5396=DIRECTION('',(1.,2.9346815356754E-16,0.));
#5397=DIRECTION('center_axis',(0.766044443118978,-0.642787609686539,0.));
#5398=DIRECTION('ref_axis',(0.642787609686539,0.766044443118978,0.));
#5399=DIRECTION('',(0.,0.,-1.));
#5400=DIRECTION('',(0.642787609686539,0.766044443118978,0.));
#5401=DIRECTION('',(0.,0.,-1.));
#5402=DIRECTION('',(-0.642787609686539,-0.766044443118978,0.));
#5403=DIRECTION('center_axis',(0.,0.,-1.));
#5404=DIRECTION('ref_axis',(-1.,0.,0.));
#5405=DIRECTION('center_axis',(0.,0.,1.));
#5406=DIRECTION('ref_axis',(1.,0.,0.));
#5407=DIRECTION('center_axis',(0.,0.,-1.));
#5408=DIRECTION('ref_axis',(1.,1.86816374335964E-15,0.));
#5409=DIRECTION('center_axis',(0.,0.,-1.));
#5410=DIRECTION('ref_axis',(-1.,0.,0.));
#5411=DIRECTION('center_axis',(0.,0.,1.));
#5412=DIRECTION('ref_axis',(1.,0.,0.));
#5413=DIRECTION('center_axis',(0.,0.,-1.));
#5414=DIRECTION('ref_axis',(1.,0.,0.));
#5415=DIRECTION('',(0.,0.,-1.));
#5416=DIRECTION('center_axis',(-0.766044443118976,0.642787609686542,0.));
#5417=DIRECTION('ref_axis',(-0.642787609686542,-0.766044443118976,0.));
#5418=DIRECTION('',(0.,0.,-1.));
#5419=DIRECTION('',(-0.642787609686542,-0.766044443118976,0.));
#5420=DIRECTION('',(0.642787609686542,0.766044443118976,0.));
#5421=DIRECTION('center_axis',(0.,0.,-1.));
#5422=DIRECTION('ref_axis',(-1.,0.,0.));
#5423=DIRECTION('',(0.,0.,-1.));
#5424=DIRECTION('center_axis',(0.,0.,-1.));
#5425=DIRECTION('ref_axis',(1.,0.,0.));
#5426=DIRECTION('center_axis',(0.,0.,1.));
#5427=DIRECTION('ref_axis',(1.,0.,0.));
#5428=DIRECTION('center_axis',(-1.,0.,0.));
#5429=DIRECTION('ref_axis',(0.,0.,1.));
#5430=DIRECTION('',(0.,0.,-1.));
#5431=DIRECTION('',(0.,-1.,0.));
#5432=DIRECTION('',(0.,1.,0.));
#5433=DIRECTION('center_axis',(0.,0.,-1.));
#5434=DIRECTION('ref_axis',(-1.,0.,0.));
#5435=DIRECTION('center_axis',(0.,0.,1.));
#5436=DIRECTION('ref_axis',(1.,0.,0.));
#5437=DIRECTION('',(0.,0.,-1.));
#5438=DIRECTION('center_axis',(0.,0.,-1.));
#5439=DIRECTION('ref_axis',(1.,1.69617406539955E-14,0.));
#5440=DIRECTION('center_axis',(-0.707106781186549,-0.707106781186546,0.));
#5441=DIRECTION('ref_axis',(0.707106781186546,-0.707106781186549,0.));
#5442=DIRECTION('',(0.,0.,-1.));
#5443=DIRECTION('',(0.707106781186546,-0.707106781186549,0.));
#5444=DIRECTION('',(-0.707106781186546,0.707106781186549,0.));
#5445=DIRECTION('center_axis',(0.,0.,-1.));
#5446=DIRECTION('ref_axis',(-1.,0.,0.));
#5447=DIRECTION('',(0.,0.,-1.));
#5448=DIRECTION('center_axis',(0.,0.,-1.));
#5449=DIRECTION('ref_axis',(1.,1.54197642309049E-15,0.));
#5450=DIRECTION('center_axis',(0.,0.,1.));
#5451=DIRECTION('ref_axis',(1.,0.,0.));
#5452=DIRECTION('center_axis',(0.93969262078591,-0.342020143325666,0.));
#5453=DIRECTION('ref_axis',(0.342020143325666,0.93969262078591,0.));
#5454=DIRECTION('',(0.,0.,-1.));
#5455=DIRECTION('',(0.342020143325666,0.93969262078591,0.));
#5456=DIRECTION('',(-0.342020143325666,-0.93969262078591,0.));
#5457=DIRECTION('center_axis',(0.,0.,-1.));
#5458=DIRECTION('ref_axis',(-1.,0.,0.));
#5459=DIRECTION('',(0.,0.,-1.));
#5460=DIRECTION('center_axis',(0.,0.,1.));
#5461=DIRECTION('ref_axis',(1.,0.,0.));
#5462=DIRECTION('center_axis',(0.,0.,-1.));
#5463=DIRECTION('ref_axis',(1.,2.31296463463574E-15,0.));
#5464=DIRECTION('center_axis',(0.,-1.,0.));
#5465=DIRECTION('ref_axis',(0.,0.,-1.));
#5466=DIRECTION('',(1.,0.,0.));
#5467=DIRECTION('',(-1.,0.,0.));
#5468=DIRECTION('center_axis',(0.,1.,0.));
#5469=DIRECTION('ref_axis',(0.,0.,1.));
#5470=DIRECTION('',(0.,0.,-1.));
#5471=DIRECTION('',(-1.,0.,0.));
#5472=DIRECTION('',(1.,0.,0.));
#5473=DIRECTION('center_axis',(0.,0.,-1.));
#5474=DIRECTION('ref_axis',(-1.,0.,0.));
#5475=DIRECTION('',(0.,0.,-1.));
#5476=DIRECTION('center_axis',(0.,0.,-1.));
#5477=DIRECTION('ref_axis',(1.,0.,0.));
#5478=DIRECTION('center_axis',(0.,0.,1.));
#5479=DIRECTION('ref_axis',(1.,0.,0.));
#5480=DIRECTION('center_axis',(-0.93969262078591,0.342020143325666,0.));
#5481=DIRECTION('ref_axis',(-0.342020143325666,-0.939692620785909,0.));
#5482=DIRECTION('',(0.,0.,-1.));
#5483=DIRECTION('',(-0.342020143325666,-0.939692620785909,0.));
#5484=DIRECTION('',(0.342020143325666,0.939692620785909,0.));
#5485=DIRECTION('center_axis',(0.,0.,-1.));
#5486=DIRECTION('ref_axis',(-1.,0.,0.));
#5487=DIRECTION('',(0.,0.,-1.));
#5488=DIRECTION('center_axis',(0.,0.,1.));
#5489=DIRECTION('ref_axis',(1.,0.,0.));
#5490=DIRECTION('center_axis',(0.,0.,-1.));
#5491=DIRECTION('ref_axis',(1.,0.,0.));
#5492=DIRECTION('center_axis',(0.707106781186546,0.707106781186549,0.));
#5493=DIRECTION('ref_axis',(-0.707106781186549,0.707106781186546,0.));
#5494=DIRECTION('',(0.,0.,-1.));
#5495=DIRECTION('',(-0.707106781186549,0.707106781186546,0.));
#5496=DIRECTION('',(0.707106781186549,-0.707106781186546,0.));
#5497=DIRECTION('center_axis',(0.,0.,-1.));
#5498=DIRECTION('ref_axis',(-1.,0.,0.));
#5499=DIRECTION('',(0.,0.,-1.));
#5500=DIRECTION('center_axis',(0.,0.,1.));
#5501=DIRECTION('ref_axis',(1.,0.,0.));
#5502=DIRECTION('center_axis',(0.,0.,-1.));
#5503=DIRECTION('ref_axis',(1.,2.77555756156289E-14,0.));
#5504=DIRECTION('center_axis',(1.,-1.6628439151355E-15,0.));
#5505=DIRECTION('ref_axis',(1.6628439151355E-15,1.,0.));
#5506=DIRECTION('',(0.,0.,-1.));
#5507=DIRECTION('',(1.6628439151355E-15,1.,0.));
#5508=DIRECTION('',(-1.6628439151355E-15,-1.,0.));
#5509=DIRECTION('center_axis',(0.,0.,-1.));
#5510=DIRECTION('ref_axis',(-1.,0.,0.));
#5511=DIRECTION('center_axis',(0.,0.,1.));
#5512=DIRECTION('ref_axis',(1.,0.,0.));
#5513=DIRECTION('center_axis',(0.,0.,-1.));
#5514=DIRECTION('ref_axis',(1.,0.,0.));
#5515=DIRECTION('center_axis',(0.,0.,1.));
#5516=DIRECTION('ref_axis',(1.,0.,0.));
#5517=DIRECTION('center_axis',(0.,0.,-1.));
#5518=DIRECTION('ref_axis',(1.,-1.89242561015651E-15,0.));
#5519=DIRECTION('',(0.642787609686542,0.766044443118976,0.));
#5520=DIRECTION('center_axis',(0.,0.,1.));
#5521=DIRECTION('ref_axis',(1.,0.,0.));
#5522=DIRECTION('',(0.,1.,0.));
#5523=DIRECTION('center_axis',(0.,0.,1.));
#5524=DIRECTION('ref_axis',(1.,0.,0.));
#5525=DIRECTION('',(-0.707106781186546,0.707106781186549,0.));
#5526=DIRECTION('center_axis',(0.,0.,1.));
#5527=DIRECTION('ref_axis',(1.,0.,0.));
#5528=DIRECTION('',(-0.342020143325666,-0.93969262078591,0.));
#5529=DIRECTION('center_axis',(0.,0.,-1.));
#5530=DIRECTION('ref_axis',(1.,0.,0.));
#5531=DIRECTION('',(-1.,0.,0.));
#5532=DIRECTION('',(1.,0.,0.));
#5533=DIRECTION('center_axis',(0.,0.,1.));
#5534=DIRECTION('ref_axis',(1.,0.,0.));
#5535=DIRECTION('',(0.342020143325666,0.939692620785909,0.));
#5536=DIRECTION('center_axis',(0.,0.,-1.));
#5537=DIRECTION('ref_axis',(1.,0.,0.));
#5538=DIRECTION('',(0.707106781186549,-0.707106781186546,0.));
#5539=DIRECTION('center_axis',(0.,0.,-1.));
#5540=DIRECTION('ref_axis',(1.,1.38777878078144E-14,0.));
#5541=DIRECTION('',(-1.6628439151355E-15,-1.,0.));
#5542=DIRECTION('center_axis',(0.,0.,-1.));
#5543=DIRECTION('ref_axis',(1.,0.,0.));
#5544=DIRECTION('',(-0.642787609686539,-0.766044443118978,0.));
#5545=DIRECTION('center_axis',(0.,0.,1.));
#5546=DIRECTION('ref_axis',(1.,0.,0.));
#5547=DIRECTION('center_axis',(0.,0.,1.));
#5548=DIRECTION('ref_axis',(1.,0.,0.));
#5549=DIRECTION('center_axis',(0.,0.,1.));
#5550=DIRECTION('ref_axis',(1.,0.,0.));
#5551=DIRECTION('center_axis',(0.,0.,-1.));
#5552=DIRECTION('ref_axis',(1.,0.,0.));
#5553=DIRECTION('',(0.642787609686539,0.766044443118978,0.));
#5554=DIRECTION('center_axis',(0.,0.,1.));
#5555=DIRECTION('ref_axis',(1.,0.,0.));
#5556=DIRECTION('',(1.6628439151355E-15,1.,0.));
#5557=DIRECTION('center_axis',(0.,0.,1.));
#5558=DIRECTION('ref_axis',(1.,0.,0.));
#5559=DIRECTION('',(-0.707106781186549,0.707106781186546,0.));
#5560=DIRECTION('center_axis',(0.,0.,1.));
#5561=DIRECTION('ref_axis',(1.,0.,0.));
#5562=DIRECTION('',(-0.342020143325666,-0.939692620785909,0.));
#5563=DIRECTION('center_axis',(0.,0.,-1.));
#5564=DIRECTION('ref_axis',(1.,9.91270557701033E-16,0.));
#5565=DIRECTION('',(-1.,0.,0.));
#5566=DIRECTION('',(1.,0.,0.));
#5567=DIRECTION('center_axis',(0.,0.,1.));
#5568=DIRECTION('ref_axis',(1.,0.,0.));
#5569=DIRECTION('',(0.342020143325666,0.93969262078591,0.));
#5570=DIRECTION('center_axis',(0.,0.,-1.));
#5571=DIRECTION('ref_axis',(1.,0.,0.));
#5572=DIRECTION('',(0.707106781186546,-0.707106781186549,0.));
#5573=DIRECTION('center_axis',(0.,0.,-1.));
#5574=DIRECTION('ref_axis',(1.,2.57730345002269E-14,0.));
#5575=DIRECTION('',(0.,-1.,0.));
#5576=DIRECTION('center_axis',(0.,0.,-1.));
#5577=DIRECTION('ref_axis',(1.,0.,0.));
#5578=DIRECTION('',(-0.642787609686542,-0.766044443118976,0.));
#5579=DIRECTION('center_axis',(-1.,-1.26622151531154E-16,0.));
#5580=DIRECTION('ref_axis',(1.26622151531154E-16,-1.,0.));
#5581=DIRECTION('',(0.,0.,-1.));
#5582=DIRECTION('',(-1.26622151531154E-16,1.,0.));
#5583=DIRECTION('',(0.,0.,-1.));
#5584=DIRECTION('center_axis',(-2.9346815356754E-16,1.,0.));
#5585=DIRECTION('ref_axis',(-1.,-2.9346815356754E-16,0.));
#5586=DIRECTION('',(0.,0.,-1.));
#5587=DIRECTION('',(1.,2.9346815356754E-16,0.));
#5588=DIRECTION('center_axis',(-1.,-2.53244303062308E-16,0.));
#5589=DIRECTION('ref_axis',(2.53244303062308E-16,-1.,0.));
#5590=DIRECTION('',(0.,0.,-1.));
#5591=DIRECTION('',(-2.53244303062307E-16,1.,0.));
#5592=DIRECTION('center_axis',(-2.93468153567541E-16,1.,0.));
#5593=DIRECTION('ref_axis',(-1.,-2.93468153567541E-16,0.));
#5594=DIRECTION('',(1.,2.93468153567541E-16,0.));
#5595=DIRECTION('center_axis',(0.,0.,1.));
#5596=DIRECTION('ref_axis',(1.,0.,0.));
#5597=DIRECTION('center_axis',(-1.,-1.26622151531154E-16,0.));
#5598=DIRECTION('ref_axis',(1.26622151531154E-16,-1.,0.));
#5599=DIRECTION('',(0.,0.,-1.));
#5600=DIRECTION('',(-1.26622151531154E-16,1.,0.));
#5601=DIRECTION('',(0.,0.,-1.));
#5602=DIRECTION('center_axis',(-2.9346815356754E-16,1.,0.));
#5603=DIRECTION('ref_axis',(-1.,-2.9346815356754E-16,0.));
#5604=DIRECTION('',(0.,0.,-1.));
#5605=DIRECTION('',(1.,2.9346815356754E-16,0.));
#5606=DIRECTION('center_axis',(-1.,-2.53244303062308E-16,0.));
#5607=DIRECTION('ref_axis',(2.53244303062308E-16,-1.,0.));
#5608=DIRECTION('',(0.,0.,-1.));
#5609=DIRECTION('',(-2.53244303062307E-16,1.,0.));
#5610=DIRECTION('center_axis',(-2.9346815356754E-16,1.,0.));
#5611=DIRECTION('ref_axis',(-1.,-2.9346815356754E-16,0.));
#5612=DIRECTION('',(1.,2.9346815356754E-16,0.));
#5613=DIRECTION('center_axis',(0.,0.,1.));
#5614=DIRECTION('ref_axis',(1.,0.,0.));
#5615=DIRECTION('center_axis',(-1.,-1.26622151531154E-16,0.));
#5616=DIRECTION('ref_axis',(1.26622151531154E-16,-1.,0.));
#5617=DIRECTION('',(0.,0.,-1.));
#5618=DIRECTION('',(-1.26622151531154E-16,1.,0.));
#5619=DIRECTION('',(0.,0.,-1.));
#5620=DIRECTION('center_axis',(-2.9346815356754E-16,1.,0.));
#5621=DIRECTION('ref_axis',(-1.,-2.9346815356754E-16,0.));
#5622=DIRECTION('',(0.,0.,-1.));
#5623=DIRECTION('',(1.,2.9346815356754E-16,0.));
#5624=DIRECTION('center_axis',(-1.,-2.53244303062308E-16,0.));
#5625=DIRECTION('ref_axis',(2.53244303062308E-16,-1.,0.));
#5626=DIRECTION('',(0.,0.,-1.));
#5627=DIRECTION('',(-2.53244303062307E-16,1.,0.));
#5628=DIRECTION('center_axis',(-2.9346815356754E-16,1.,0.));
#5629=DIRECTION('ref_axis',(-1.,-2.9346815356754E-16,0.));
#5630=DIRECTION('',(1.,2.9346815356754E-16,0.));
#5631=DIRECTION('center_axis',(0.,0.,1.));
#5632=DIRECTION('ref_axis',(1.,0.,0.));
#5633=DIRECTION('center_axis',(-1.,-1.26622151531154E-16,0.));
#5634=DIRECTION('ref_axis',(1.26622151531154E-16,-1.,0.));
#5635=DIRECTION('',(0.,0.,-1.));
#5636=DIRECTION('',(-1.26622151531154E-16,1.,0.));
#5637=DIRECTION('',(0.,0.,-1.));
#5638=DIRECTION('center_axis',(-2.9346815356754E-16,1.,0.));
#5639=DIRECTION('ref_axis',(-1.,-2.9346815356754E-16,0.));
#5640=DIRECTION('',(0.,0.,-1.));
#5641=DIRECTION('',(1.,2.9346815356754E-16,0.));
#5642=DIRECTION('center_axis',(-1.,-2.53244303062308E-16,0.));
#5643=DIRECTION('ref_axis',(2.53244303062308E-16,-1.,0.));
#5644=DIRECTION('',(0.,0.,-1.));
#5645=DIRECTION('',(-2.53244303062307E-16,1.,0.));
#5646=DIRECTION('center_axis',(-2.9346815356754E-16,1.,0.));
#5647=DIRECTION('ref_axis',(-1.,-2.9346815356754E-16,0.));
#5648=DIRECTION('',(1.,2.9346815356754E-16,0.));
#5649=DIRECTION('center_axis',(0.,0.,1.));
#5650=DIRECTION('ref_axis',(1.,0.,0.));
#5651=DIRECTION('center_axis',(-2.9346815356754E-16,1.,0.));
#5652=DIRECTION('ref_axis',(-1.,-2.9346815356754E-16,0.));
#5653=DIRECTION('',(0.,0.,-1.));
#5654=DIRECTION('',(1.,2.9346815356754E-16,0.));
#5655=DIRECTION('',(0.,0.,-1.));
#5656=DIRECTION('center_axis',(-1.,-1.26622151531154E-16,0.));
#5657=DIRECTION('ref_axis',(1.26622151531154E-16,-1.,0.));
#5658=DIRECTION('',(-1.26622151531154E-16,1.,0.));
#5659=DIRECTION('center_axis',(-1.,-2.53244303062308E-16,0.));
#5660=DIRECTION('ref_axis',(2.53244303062308E-16,-1.,0.));
#5661=DIRECTION('',(-2.53244303062307E-16,1.,0.));
#5662=DIRECTION('center_axis',(0.,0.,1.));
#5663=DIRECTION('ref_axis',(1.,0.,0.));
#5664=DIRECTION('center_axis',(2.9346815356754E-16,-1.,0.));
#5665=DIRECTION('ref_axis',(1.,2.9346815356754E-16,0.));
#5666=DIRECTION('',(0.,0.,1.));
#5667=DIRECTION('',(1.,2.9346815356754E-16,0.));
#5668=DIRECTION('',(0.,0.,1.));
#5669=DIRECTION('center_axis',(1.,1.26622151531154E-16,0.));
#5670=DIRECTION('ref_axis',(-1.26622151531154E-16,1.,0.));
#5671=DIRECTION('',(0.,0.,1.));
#5672=DIRECTION('',(-1.26622151531154E-16,1.,0.));
#5673=DIRECTION('center_axis',(2.93468153567541E-16,-1.,0.));
#5674=DIRECTION('ref_axis',(1.,2.93468153567541E-16,0.));
#5675=DIRECTION('',(0.,0.,1.));
#5676=DIRECTION('',(1.,2.93468153567541E-16,0.));
#5677=DIRECTION('center_axis',(-1.,-2.53244303062308E-16,0.));
#5678=DIRECTION('ref_axis',(2.53244303062308E-16,-1.,0.));
#5679=DIRECTION('',(2.53244303062307E-16,-1.,0.));
#5680=DIRECTION('center_axis',(0.,0.,-1.));
#5681=DIRECTION('ref_axis',(-1.,0.,0.));
#5682=DIRECTION('center_axis',(1.,1.26622151531154E-16,0.));
#5683=DIRECTION('ref_axis',(-1.26622151531154E-16,1.,0.));
#5684=DIRECTION('',(0.,0.,1.));
#5685=DIRECTION('',(-1.26622151531154E-16,1.,0.));
#5686=DIRECTION('',(0.,0.,1.));
#5687=DIRECTION('center_axis',(2.9346815356754E-16,-1.,0.));
#5688=DIRECTION('ref_axis',(1.,2.9346815356754E-16,0.));
#5689=DIRECTION('',(0.,0.,1.));
#5690=DIRECTION('',(1.,2.9346815356754E-16,0.));
#5691=DIRECTION('center_axis',(-1.,-2.53244303062308E-16,0.));
#5692=DIRECTION('ref_axis',(2.53244303062308E-16,-1.,0.));
#5693=DIRECTION('',(0.,0.,1.));
#5694=DIRECTION('',(2.53244303062307E-16,-1.,0.));
#5695=DIRECTION('center_axis',(2.9346815356754E-16,-1.,0.));
#5696=DIRECTION('ref_axis',(1.,2.9346815356754E-16,0.));
#5697=DIRECTION('',(1.,2.9346815356754E-16,0.));
#5698=DIRECTION('center_axis',(0.,0.,-1.));
#5699=DIRECTION('ref_axis',(-1.,0.,0.));
#5700=DIRECTION('center_axis',(1.,1.26622151531154E-16,0.));
#5701=DIRECTION('ref_axis',(-1.26622151531154E-16,1.,0.));
#5702=DIRECTION('',(0.,0.,1.));
#5703=DIRECTION('',(-1.26622151531154E-16,1.,0.));
#5704=DIRECTION('',(0.,0.,1.));
#5705=DIRECTION('center_axis',(2.9346815356754E-16,-1.,0.));
#5706=DIRECTION('ref_axis',(1.,2.9346815356754E-16,0.));
#5707=DIRECTION('',(0.,0.,1.));
#5708=DIRECTION('',(1.,2.9346815356754E-16,0.));
#5709=DIRECTION('center_axis',(-1.,-2.53244303062308E-16,0.));
#5710=DIRECTION('ref_axis',(2.53244303062308E-16,-1.,0.));
#5711=DIRECTION('',(0.,0.,1.));
#5712=DIRECTION('',(2.53244303062307E-16,-1.,0.));
#5713=DIRECTION('center_axis',(2.9346815356754E-16,-1.,0.));
#5714=DIRECTION('ref_axis',(1.,2.9346815356754E-16,0.));
#5715=DIRECTION('',(1.,2.9346815356754E-16,0.));
#5716=DIRECTION('center_axis',(0.,0.,-1.));
#5717=DIRECTION('ref_axis',(-1.,0.,0.));
#5718=DIRECTION('center_axis',(1.,1.26622151531154E-16,0.));
#5719=DIRECTION('ref_axis',(-1.26622151531154E-16,1.,0.));
#5720=DIRECTION('',(0.,0.,1.));
#5721=DIRECTION('',(-1.26622151531154E-16,1.,0.));
#5722=DIRECTION('',(0.,0.,1.));
#5723=DIRECTION('center_axis',(2.9346815356754E-16,-1.,0.));
#5724=DIRECTION('ref_axis',(1.,2.9346815356754E-16,0.));
#5725=DIRECTION('',(0.,0.,1.));
#5726=DIRECTION('',(1.,2.9346815356754E-16,0.));
#5727=DIRECTION('center_axis',(-1.,-2.53244303062308E-16,0.));
#5728=DIRECTION('ref_axis',(2.53244303062308E-16,-1.,0.));
#5729=DIRECTION('',(0.,0.,1.));
#5730=DIRECTION('',(2.53244303062307E-16,-1.,0.));
#5731=DIRECTION('center_axis',(2.9346815356754E-16,-1.,0.));
#5732=DIRECTION('ref_axis',(1.,2.9346815356754E-16,0.));
#5733=DIRECTION('',(1.,2.9346815356754E-16,0.));
#5734=DIRECTION('center_axis',(0.,0.,-1.));
#5735=DIRECTION('ref_axis',(-1.,0.,0.));
#5736=DIRECTION('center_axis',(1.,1.26622151531154E-16,0.));
#5737=DIRECTION('ref_axis',(-1.26622151531154E-16,1.,0.));
#5738=DIRECTION('',(0.,0.,1.));
#5739=DIRECTION('',(-1.26622151531154E-16,1.,0.));
#5740=DIRECTION('center_axis',(2.9346815356754E-16,-1.,0.));
#5741=DIRECTION('ref_axis',(1.,2.9346815356754E-16,0.));
#5742=DIRECTION('',(0.,0.,1.));
#5743=DIRECTION('',(1.,2.9346815356754E-16,0.));
#5744=DIRECTION('center_axis',(-1.,-2.53244303062308E-16,0.));
#5745=DIRECTION('ref_axis',(2.53244303062308E-16,-1.,0.));
#5746=DIRECTION('',(2.53244303062307E-16,-1.,0.));
#5747=DIRECTION('center_axis',(0.,0.,-1.));
#5748=DIRECTION('ref_axis',(-1.,0.,0.));
#5749=DIRECTION('center_axis',(0.,0.,1.));
#5750=DIRECTION('ref_axis',(1.,0.,0.));
#5751=DIRECTION('center_axis',(0.,0.,-1.));
#5752=DIRECTION('ref_axis',(1.,0.,0.));
#5753=DIRECTION('center_axis',(0.,0.,1.));
#5754=DIRECTION('ref_axis',(1.,0.,0.));
#5755=DIRECTION('center_axis',(0.0260780845805564,0.999659908921334,0.));
#5756=DIRECTION('ref_axis',(-0.999659908921334,0.0260780845805564,0.));
#5757=DIRECTION('center_axis',(0.0260780845805564,0.999659908921334,0.));
#5758=DIRECTION('ref_axis',(-0.999659908921334,0.0260780845805564,0.));
#5759=DIRECTION('center_axis',(0.0260780845805567,0.999659908921334,-4.52382655304004E-17));
#5760=DIRECTION('ref_axis',(-0.999659908921334,0.0260780845805566,0.));
#5761=DIRECTION('center_axis',(0.,0.,1.));
#5762=DIRECTION('ref_axis',(1.,0.,0.));
#5763=DIRECTION('center_axis',(2.26268279475237E-17,8.67361737988403E-16,
-1.));
#5764=DIRECTION('ref_axis',(0.,1.,8.67361737988403E-16));
#5765=DIRECTION('center_axis',(0.,0.,1.));
#5766=DIRECTION('ref_axis',(1.,0.,0.));
#5767=DIRECTION('center_axis',(-0.0260780845805564,-0.999659908921334,0.));
#5768=DIRECTION('ref_axis',(0.999659908921334,-0.0260780845805564,0.));
#5769=DIRECTION('center_axis',(0.0260780845805564,0.999659908921334,0.));
#5770=DIRECTION('ref_axis',(0.999659908921334,-0.0260780845805564,1.73472347597681E-15));
#5771=DIRECTION('center_axis',(0.0260780845805601,0.999659908921334,0.));
#5772=DIRECTION('ref_axis',(-0.999659908921334,0.0260780845805601,0.));
#5773=DIRECTION('center_axis',(0.,1.,0.));
#5774=DIRECTION('ref_axis',(1.,0.,0.));
#5775=DIRECTION('center_axis',(1.,1.73472347597681E-15,0.));
#5776=DIRECTION('ref_axis',(1.73472347597681E-15,-1.,0.));
#5777=DIRECTION('center_axis',(0.,1.,0.));
#5778=DIRECTION('ref_axis',(1.,0.,0.));
#5779=DIRECTION('center_axis',(1.,0.,0.));
#5780=DIRECTION('ref_axis',(0.,0.,1.));
#5781=DIRECTION('center_axis',(0.,0.,1.));
#5782=DIRECTION('ref_axis',(1.,0.,0.));
#5783=DIRECTION('center_axis',(0.,0.,1.));
#5784=DIRECTION('ref_axis',(1.,0.,0.));
#5785=DIRECTION('center_axis',(0.,0.,-1.));
#5786=DIRECTION('ref_axis',(1.,-5.72458747072346E-14,0.));
#5787=DIRECTION('center_axis',(0.0260780845805567,-0.999659908921334,0.));
#5788=DIRECTION('ref_axis',(0.999659908921334,0.0260780845805567,0.));
#5789=DIRECTION('center_axis',(-0.0260780845805567,0.999659908921334,0.));
#5790=DIRECTION('ref_axis',(0.999659908921334,0.0260780845805567,4.33680868994202E-15));
#5791=DIRECTION('center_axis',(-0.0260780845805532,0.999659908921334,0.));
#5792=DIRECTION('ref_axis',(-0.999659908921334,-0.0260780845805532,0.));
#5793=DIRECTION('center_axis',(1.,1.73472347597681E-16,0.));
#5794=DIRECTION('ref_axis',(-1.73472347597681E-16,1.,0.));
#5795=DIRECTION('center_axis',(1.,0.,0.));
#5796=DIRECTION('ref_axis',(0.,0.,-1.));
#5797=DIRECTION('center_axis',(-1.,-1.73472347597681E-16,0.));
#5798=DIRECTION('ref_axis',(1.73472347597681E-16,-1.,0.));
#5799=DIRECTION('center_axis',(1.,-1.73472347597681E-15,0.));
#5800=DIRECTION('ref_axis',(1.73472347597681E-15,1.,0.));
#5801=DIRECTION('center_axis',(-0.0260780845805567,0.999659908921334,0.));
#5802=DIRECTION('ref_axis',(-0.999659908921334,-0.0260780845805567,0.));
#5803=DIRECTION('center_axis',(-0.0260780845805567,0.999659908921334,0.));
#5804=DIRECTION('ref_axis',(-0.999659908921334,-0.0260780845805567,0.));
#5805=DIRECTION('center_axis',(-0.0260780845805567,0.999659908921334,4.52382655304004E-17));
#5806=DIRECTION('ref_axis',(-0.999659908921334,-0.0260780845805566,0.));
#5807=DIRECTION('center_axis',(0.,1.,0.));
#5808=DIRECTION('ref_axis',(1.,0.,0.));
#5809=DIRECTION('center_axis',(0.,0.,-1.));
#5810=DIRECTION('ref_axis',(1.,0.,0.));
#5811=DIRECTION('center_axis',(0.,1.,0.));
#5812=DIRECTION('ref_axis',(1.,0.,0.));
#5813=DIRECTION('center_axis',(0.,0.,1.));
#5814=DIRECTION('ref_axis',(-1.,0.,0.));
#5815=DIRECTION('center_axis',(0.,0.,-1.));
#5816=DIRECTION('ref_axis',(-1.,0.,0.));
#5817=DIRECTION('center_axis',(0.,-1.,0.));
#5818=DIRECTION('ref_axis',(0.,0.,-1.));
#5819=DIRECTION('center_axis',(5.72458747072347E-14,1.,0.));
#5820=DIRECTION('ref_axis',(-1.,5.72458747072347E-14,0.));
#5821=DIRECTION('center_axis',(0.,1.,0.));
#5822=DIRECTION('ref_axis',(1.,0.,0.));
#5823=DIRECTION('center_axis',(0.,-1.,0.));
#5824=DIRECTION('ref_axis',(0.,0.,-1.));
#5825=DIRECTION('center_axis',(4.5102810375397E-14,1.,0.));
#5826=DIRECTION('ref_axis',(-1.,4.5102810375397E-14,0.));
#5827=DIRECTION('center_axis',(0.,1.,0.));
#5828=DIRECTION('ref_axis',(1.,0.,0.));
#5829=DIRECTION('center_axis',(0.,-1.,0.));
#5830=DIRECTION('ref_axis',(0.,0.,-1.));
#5831=DIRECTION('center_axis',(-4.68375338513738E-14,1.,0.));
#5832=DIRECTION('ref_axis',(-1.,-4.68375338513738E-14,0.));
#5833=DIRECTION('center_axis',(0.,1.,0.));
#5834=DIRECTION('ref_axis',(1.,0.,0.));
#5835=DIRECTION('center_axis',(0.,-1.,0.));
#5836=DIRECTION('ref_axis',(0.,0.,-1.));
#5837=DIRECTION('center_axis',(-4.68375338513738E-14,1.,0.));
#5838=DIRECTION('ref_axis',(-1.,-4.68375338513738E-14,0.));
#5839=DIRECTION('center_axis',(0.,1.,0.));
#5840=DIRECTION('ref_axis',(1.,0.,0.));
#5841=DIRECTION('center_axis',(0.,0.,1.));
#5842=DIRECTION('ref_axis',(1.,0.,0.));
#5843=DIRECTION('center_axis',(0.642787609686539,0.766044443118978,0.));
#5844=DIRECTION('ref_axis',(-0.766044443118978,0.642787609686539,0.));
#5845=DIRECTION('center_axis',(-0.642787609686542,-0.766044443118976,0.));
#5846=DIRECTION('ref_axis',(0.766044443118976,-0.642787609686542,0.));
#5847=DIRECTION('center_axis',(0.642787609686542,0.766044443118976,0.));
#5848=DIRECTION('ref_axis',(-0.766044443118976,0.642787609686542,0.));
#5849=DIRECTION('center_axis',(0.,0.,1.));
#5850=DIRECTION('ref_axis',(1.,0.,0.));
#5851=DIRECTION('center_axis',(0.,1.,0.));
#5852=DIRECTION('ref_axis',(0.,0.,1.));
#5853=DIRECTION('center_axis',(0.,-1.,0.));
#5854=DIRECTION('ref_axis',(0.,0.,-1.));
#5855=DIRECTION('center_axis',(0.,1.,0.));
#5856=DIRECTION('ref_axis',(0.,0.,1.));
#5857=DIRECTION('center_axis',(0.,0.,1.));
#5858=DIRECTION('ref_axis',(1.,0.,0.));
#5859=DIRECTION('center_axis',(-0.707106781186544,0.707106781186551,0.));
#5860=DIRECTION('ref_axis',(-0.707106781186551,-0.707106781186544,0.));
#5861=DIRECTION('center_axis',(0.707106781186546,-0.707106781186549,0.));
#5862=DIRECTION('ref_axis',(0.707106781186549,0.707106781186546,0.));
#5863=DIRECTION('center_axis',(-0.707106781186537,0.707106781186558,0.));
#5864=DIRECTION('ref_axis',(-0.707106781186558,-0.707106781186537,0.));
#5865=DIRECTION('center_axis',(0.,0.,1.));
#5866=DIRECTION('ref_axis',(1.,0.,0.));
#5867=DIRECTION('center_axis',(-0.342020143325662,-0.939692620785911,0.));
#5868=DIRECTION('ref_axis',(0.939692620785911,-0.342020143325662,0.));
#5869=DIRECTION('center_axis',(0.342020143325666,0.93969262078591,0.));
#5870=DIRECTION('ref_axis',(-0.93969262078591,0.342020143325666,0.));
#5871=DIRECTION('center_axis',(-0.342020143325663,-0.93969262078591,0.));
#5872=DIRECTION('ref_axis',(0.93969262078591,-0.342020143325663,0.));
#5873=DIRECTION('center_axis',(0.,0.,1.));
#5874=DIRECTION('ref_axis',(1.,0.,0.));
#5875=DIRECTION('center_axis',(-1.,0.,0.));
#5876=DIRECTION('ref_axis',(0.,0.,1.));
#5877=DIRECTION('center_axis',(1.,0.,0.));
#5878=DIRECTION('ref_axis',(0.,0.,-1.));
#5879=DIRECTION('center_axis',(-1.,0.,0.));
#5880=DIRECTION('ref_axis',(0.,0.,1.));
#5881=DIRECTION('center_axis',(1.,0.,0.));
#5882=DIRECTION('ref_axis',(0.,0.,-1.));
#5883=DIRECTION('center_axis',(0.,0.,1.));
#5884=DIRECTION('ref_axis',(1.,0.,0.));
#5885=DIRECTION('center_axis',(0.342020143325662,0.939692620785911,0.));
#5886=DIRECTION('ref_axis',(-0.939692620785911,0.342020143325662,0.));
#5887=DIRECTION('center_axis',(-0.342020143325666,-0.93969262078591,0.));
#5888=DIRECTION('ref_axis',(0.93969262078591,-0.342020143325666,0.));
#5889=DIRECTION('center_axis',(0.342020143325656,0.939692620785913,0.));
#5890=DIRECTION('ref_axis',(-0.939692620785913,0.342020143325656,0.));
#5891=DIRECTION('center_axis',(0.,0.,1.));
#5892=DIRECTION('ref_axis',(1.,0.,0.));
#5893=DIRECTION('center_axis',(0.707106781186544,-0.707106781186551,0.));
#5894=DIRECTION('ref_axis',(0.707106781186551,0.707106781186544,0.));
#5895=DIRECTION('center_axis',(-0.707106781186546,0.707106781186549,0.));
#5896=DIRECTION('ref_axis',(-0.707106781186549,-0.707106781186546,0.));
#5897=DIRECTION('center_axis',(0.707106781186551,-0.707106781186544,0.));
#5898=DIRECTION('ref_axis',(0.707106781186544,0.707106781186551,0.));
#5899=DIRECTION('center_axis',(0.,0.,1.));
#5900=DIRECTION('ref_axis',(1.,0.,0.));
#5901=DIRECTION('center_axis',(0.,-1.,0.));
#5902=DIRECTION('ref_axis',(0.,0.,-1.));
#5903=DIRECTION('center_axis',(0.,1.,0.));
#5904=DIRECTION('ref_axis',(0.,0.,1.));
#5905=DIRECTION('center_axis',(0.,-1.,0.));
#5906=DIRECTION('ref_axis',(0.,0.,-1.));
#5907=DIRECTION('center_axis',(0.,0.,1.));
#5908=DIRECTION('ref_axis',(1.,0.,0.));
#5909=DIRECTION('center_axis',(-0.642787609686541,-0.766044443118977,0.));
#5910=DIRECTION('ref_axis',(0.766044443118977,-0.642787609686541,0.));
#5911=DIRECTION('center_axis',(0.642787609686542,0.766044443118976,0.));
#5912=DIRECTION('ref_axis',(-0.766044443118976,0.642787609686542,0.));
#5913=DIRECTION('center_axis',(-0.642787609686542,-0.766044443118976,0.));
#5914=DIRECTION('ref_axis',(0.766044443118976,-0.642787609686542,0.));
#5915=DIRECTION('center_axis',(0.,0.,1.));
#5916=DIRECTION('ref_axis',(1.,0.,0.));
#5917=DIRECTION('center_axis',(0.,0.,1.));
#5918=DIRECTION('ref_axis',(1.,0.,0.));
#5919=DIRECTION('center_axis',(0.642787609686541,0.766044443118977,-2.65775055824014E-15));
#5920=DIRECTION('ref_axis',(-0.766044443118977,0.642787609686541,-6.90253292068385E-30));
#5921=DIRECTION('center_axis',(0.642787609686539,0.766044443118978,0.));
#5922=DIRECTION('ref_axis',(-0.766044443118978,0.642787609686539,0.));
#5923=DIRECTION('center_axis',(0.642787609686539,0.766044443118978,0.));
#5924=DIRECTION('ref_axis',(-0.766044443118978,0.642787609686539,0.));
#5925=DIRECTION('center_axis',(0.,0.,1.));
#5926=DIRECTION('ref_axis',(1.,0.,0.));
#5927=DIRECTION('center_axis',(0.,1.,0.));
#5928=DIRECTION('ref_axis',(0.,0.,1.));
#5929=DIRECTION('center_axis',(1.6628439151355E-15,1.,0.));
#5930=DIRECTION('ref_axis',(-1.,1.6628439151355E-15,0.));
#5931=DIRECTION('center_axis',(0.,1.,0.));
#5932=DIRECTION('ref_axis',(0.,0.,1.));
#5933=DIRECTION('center_axis',(0.,0.,1.));
#5934=DIRECTION('ref_axis',(1.,0.,0.));
#5935=DIRECTION('center_axis',(-0.707106781186551,0.707106781186544,0.));
#5936=DIRECTION('ref_axis',(-0.707106781186544,-0.707106781186551,0.));
#5937=DIRECTION('center_axis',(-0.707106781186549,0.707106781186546,0.));
#5938=DIRECTION('ref_axis',(-0.707106781186546,-0.707106781186549,0.));
#5939=DIRECTION('center_axis',(-0.707106781186551,0.707106781186544,0.));
#5940=DIRECTION('ref_axis',(-0.707106781186544,-0.707106781186551,0.));
#5941=DIRECTION('center_axis',(0.,0.,1.));
#5942=DIRECTION('ref_axis',(1.,0.,0.));
#5943=DIRECTION('center_axis',(-0.342020143325655,-0.939692620785913,1.18662074376793E-15));
#5944=DIRECTION('ref_axis',(0.939692620785913,-0.342020143325655,0.));
#5945=DIRECTION('center_axis',(-0.342020143325666,-0.93969262078591,0.));
#5946=DIRECTION('ref_axis',(0.93969262078591,-0.342020143325666,0.));
#5947=DIRECTION('center_axis',(-0.342020143325665,-0.93969262078591,-6.52042739791796E-15));
#5948=DIRECTION('ref_axis',(0.93969262078591,-0.342020143325665,-3.94430452610506E-31));
#5949=DIRECTION('center_axis',(0.,0.,1.));
#5950=DIRECTION('ref_axis',(1.,0.,0.));
#5951=DIRECTION('center_axis',(-1.,6.93889390390722E-15,-6.93889390390723E-15));
#5952=DIRECTION('ref_axis',(-6.93889390390723E-15,-5.60519385729927E-45,
1.));
#5953=DIRECTION('center_axis',(-1.,0.,0.));
#5954=DIRECTION('ref_axis',(0.,0.,1.));
#5955=DIRECTION('center_axis',(0.,0.,1.));
#5956=DIRECTION('ref_axis',(1.,0.,0.));
#5957=DIRECTION('center_axis',(0.642787609686539,0.766044443118978,0.));
#5958=DIRECTION('ref_axis',(-0.766044443118978,0.642787609686539,0.));
#5959=DIRECTION('center_axis',(-0.642787609686539,-0.766044443118978,0.));
#5960=DIRECTION('ref_axis',(0.766044443118978,-0.642787609686539,0.));
#5961=DIRECTION('center_axis',(0.642787609686539,0.766044443118978,0.));
#5962=DIRECTION('ref_axis',(-0.766044443118978,0.642787609686539,0.));
#5963=DIRECTION('center_axis',(0.,0.,1.));
#5964=DIRECTION('ref_axis',(1.,0.,0.));
#5965=DIRECTION('center_axis',(0.,1.,0.));
#5966=DIRECTION('ref_axis',(0.,0.,1.));
#5967=DIRECTION('center_axis',(-1.6628439151355E-15,-1.,0.));
#5968=DIRECTION('ref_axis',(1.,-1.6628439151355E-15,0.));
#5969=DIRECTION('center_axis',(0.,1.,0.));
#5970=DIRECTION('ref_axis',(0.,0.,1.));
#5971=DIRECTION('center_axis',(0.,0.,1.));
#5972=DIRECTION('ref_axis',(1.,0.,0.));
#5973=DIRECTION('center_axis',(-0.707106781186551,0.707106781186544,0.));
#5974=DIRECTION('ref_axis',(-0.707106781186544,-0.707106781186551,0.));
#5975=DIRECTION('center_axis',(0.707106781186549,-0.707106781186546,0.));
#5976=DIRECTION('ref_axis',(0.707106781186546,0.707106781186549,0.));
#5977=DIRECTION('center_axis',(-0.707106781186551,0.707106781186544,0.));
#5978=DIRECTION('ref_axis',(-0.707106781186544,-0.707106781186551,0.));
#5979=DIRECTION('center_axis',(0.,0.,1.));
#5980=DIRECTION('ref_axis',(1.,0.,0.));
#5981=DIRECTION('center_axis',(-0.342020143325656,-0.939692620785913,0.));
#5982=DIRECTION('ref_axis',(0.939692620785913,-0.342020143325656,0.));
#5983=DIRECTION('center_axis',(0.342020143325666,0.93969262078591,0.));
#5984=DIRECTION('ref_axis',(-0.93969262078591,0.342020143325666,0.));
#5985=DIRECTION('center_axis',(-0.342020143325658,-0.939692620785912,0.));
#5986=DIRECTION('ref_axis',(0.939692620785912,-0.342020143325658,0.));
#5987=DIRECTION('center_axis',(0.,0.,1.));
#5988=DIRECTION('ref_axis',(1.,0.,0.));
#5989=DIRECTION('center_axis',(-1.,0.,0.));
#5990=DIRECTION('ref_axis',(0.,0.,1.));
#5991=DIRECTION('center_axis',(1.,0.,0.));
#5992=DIRECTION('ref_axis',(0.,0.,-1.));
#5993=DIRECTION('center_axis',(-1.,0.,0.));
#5994=DIRECTION('ref_axis',(0.,0.,1.));
#5995=CARTESIAN_POINT('',(0.,0.,0.));
#5996=CARTESIAN_POINT('Origin',(165.4,5.45000000000007,9.49101269339199E-16));
#5997=CARTESIAN_POINT('',(27.4,6.46500000000001,8.24799619225743E-16));
#5998=CARTESIAN_POINT('Origin',(27.4,5.45000000000001,9.49101269339199E-16));
#5999=CARTESIAN_POINT('',(165.4,6.46500000000007,8.24799619225743E-16));
#6000=CARTESIAN_POINT('',(165.4,6.46500000000007,8.24799619225743E-16));
#6001=CARTESIAN_POINT('Origin',(165.4,5.45000000000007,9.49101269339199E-16));
#6002=CARTESIAN_POINT('Origin',(165.4,5.45000000000007,9.49101269339199E-16));
#6003=CARTESIAN_POINT('',(165.4,6.02400000000007,8.78806543068141E-16));
#6004=CARTESIAN_POINT('Origin',(165.4,5.45000000000007,9.49101269339199E-16));
#6005=CARTESIAN_POINT('',(27.4,6.02400000000001,8.78806543068141E-16));
#6006=CARTESIAN_POINT('',(165.4,6.02400000000007,8.78806543068141E-16));
#6007=CARTESIAN_POINT('Origin',(27.4,5.45000000000001,9.49101269339199E-16));
#6008=CARTESIAN_POINT('Origin',(165.4,7.32291692934574E-14,2.70184860038197E-30));
#6009=CARTESIAN_POINT('Origin',(27.4,1.05025324441566E-14,2.70184860038197E-30));
#6010=CARTESIAN_POINT('Origin',(165.4,5.45000000000007,9.49101269339199E-16));
#6011=CARTESIAN_POINT('',(27.4,6.02400000000001,8.78806543068141E-16));
#6012=CARTESIAN_POINT('Origin',(27.4,5.45000000000001,9.49101269339199E-16));
#6013=CARTESIAN_POINT('',(165.4,6.02400000000007,8.78806543068141E-16));
#6014=CARTESIAN_POINT('',(165.4,6.02400000000007,8.78806543068141E-16));
#6015=CARTESIAN_POINT('Origin',(165.4,5.45000000000007,9.49101269339199E-16));
#6016=CARTESIAN_POINT('Origin',(165.4,7.32291692934574E-14,2.70184860038197E-30));
#6017=CARTESIAN_POINT('Origin',(27.4,1.05025324441566E-14,2.70184860038197E-30));
#6018=CARTESIAN_POINT('Origin',(-165.4,5.45000000000007,9.49101269339199E-16));
#6019=CARTESIAN_POINT('',(-27.4,6.02400000000001,1.01939599561026E-15));
#6020=CARTESIAN_POINT('Origin',(-27.4,5.45000000000001,9.49101269339199E-16));
#6021=CARTESIAN_POINT('',(-165.4,6.02400000000007,1.01939599561026E-15));
#6022=CARTESIAN_POINT('',(-165.4,6.02400000000007,1.01939599561026E-15));
#6023=CARTESIAN_POINT('Origin',(-165.4,5.45000000000007,9.49101269339199E-16));
#6024=CARTESIAN_POINT('Origin',(-165.4,7.32291692934574E-14,2.70184860038197E-30));
#6025=CARTESIAN_POINT('Origin',(-27.4,1.05025324441566E-14,2.70184860038197E-30));
#6026=CARTESIAN_POINT('Origin',(-165.4,5.45000000000007,9.49101269339199E-16));
#6027=CARTESIAN_POINT('',(-27.4,6.46500000000001,1.07340291945266E-15));
#6028=CARTESIAN_POINT('Origin',(-27.4,5.45000000000001,9.49101269339199E-16));
#6029=CARTESIAN_POINT('',(-165.4,6.46500000000007,1.07340291945266E-15));
#6030=CARTESIAN_POINT('',(-165.4,6.46500000000007,1.07340291945266E-15));
#6031=CARTESIAN_POINT('Origin',(-165.4,5.45000000000007,9.49101269339199E-16));
#6032=CARTESIAN_POINT('Origin',(-165.4,5.45000000000007,9.49101269339199E-16));
#6033=CARTESIAN_POINT('',(-165.4,6.02400000000007,1.01939599561026E-15));
#6034=CARTESIAN_POINT('Origin',(-165.4,5.45000000000007,9.49101269339199E-16));
#6035=CARTESIAN_POINT('',(-27.4,6.02400000000001,1.01939599561026E-15));
#6036=CARTESIAN_POINT('',(-165.4,6.02400000000007,1.01939599561026E-15));
#6037=CARTESIAN_POINT('Origin',(-27.4,5.45000000000001,9.49101269339199E-16));
#6038=CARTESIAN_POINT('Origin',(-165.4,7.32291692934574E-14,2.70184860038197E-30));
#6039=CARTESIAN_POINT('Origin',(-27.4,1.05025324441566E-14,2.70184860038197E-30));
#6040=CARTESIAN_POINT('Origin',(27.4,5.45000000000001,9.49101269339199E-16));
#6041=CARTESIAN_POINT('',(24.9,4.21407929056918,0.850000000000002));
#6042=CARTESIAN_POINT('',(24.9,6.68592070943084,0.850000000000002));
#6043=CARTESIAN_POINT('Origin',(24.9,5.45000000000001,9.49101269339199E-16));
#6044=CARTESIAN_POINT('',(23.4,6.68592070943084,0.850000000000003));
#6045=CARTESIAN_POINT('',(27.4,6.68592070943084,0.850000000000003));
#6046=CARTESIAN_POINT('',(23.4,4.21407929056918,0.850000000000003));
#6047=CARTESIAN_POINT('Origin',(23.4,5.45000000000001,9.49101269339199E-16));
#6048=CARTESIAN_POINT('',(27.4,4.21407929056918,0.850000000000003));
#6049=CARTESIAN_POINT('Origin',(27.4,5.45000000000001,9.49101269339199E-16));
#6050=CARTESIAN_POINT('',(21.4,4.21407929056918,0.85));
#6051=CARTESIAN_POINT('',(21.4,6.68592070943084,0.85));
#6052=CARTESIAN_POINT('Origin',(21.4,5.45000000000001,9.49101269339199E-16));
#6053=CARTESIAN_POINT('',(19.9,6.68592070943084,0.85));
#6054=CARTESIAN_POINT('',(27.4,6.68592070943084,0.850000000000003));
#6055=CARTESIAN_POINT('',(19.9,4.21407929056918,0.85));
#6056=CARTESIAN_POINT('Origin',(19.9,5.45000000000001,9.49101269339199E-16));
#6057=CARTESIAN_POINT('',(27.4,4.21407929056918,0.850000000000003));
#6058=CARTESIAN_POINT('Origin',(13.3,5.45,9.49101269339199E-16));
#6059=CARTESIAN_POINT('',(13.3,0.650000000000005,1.53693173292993E-15));
#6060=CARTESIAN_POINT('Origin',(13.3,5.45,9.49101269339199E-16));
#6061=CARTESIAN_POINT('',(27.4,1.39999999896499,1.44508322312063E-15));
#6062=CARTESIAN_POINT('',(13.3,0.650000000000005,1.53693173292993E-15));
#6063=CARTESIAN_POINT('Origin',(27.4,5.45000000000001,9.49101269339199E-16));
#6064=CARTESIAN_POINT('',(23.4,9.62716095144635,0.850000000000001));
#6065=CARTESIAN_POINT('',(24.9,9.54570641130152,0.850000000000002));
#6066=CARTESIAN_POINT('Ctrl Pts',(23.4,9.62716095144617,0.850000000000001));
#6067=CARTESIAN_POINT('Ctrl Pts',(24.1573844897998,9.58604892948719,0.850000000000001));
#6068=CARTESIAN_POINT('Ctrl Pts',(24.9,9.54570641130128,0.850000000000002));
#6069=CARTESIAN_POINT('',(24.9,1.35429358869849,0.850000000000002));
#6070=CARTESIAN_POINT('Origin',(24.9,5.45,-4.21085123043216E-15));
#6071=CARTESIAN_POINT('',(23.4,1.27283904855365,0.850000000000001));
#6072=CARTESIAN_POINT('Ctrl Pts',(24.9,1.35429358869874,0.850000000000002));
#6073=CARTESIAN_POINT('Ctrl Pts',(24.1573844897995,1.3139510705128,0.850000000000001));
#6074=CARTESIAN_POINT('Ctrl Pts',(23.4,1.27283904855384,0.850000000000001));
#6075=CARTESIAN_POINT('Origin',(23.4,5.45,-3.52864276415291E-15));
#6076=CARTESIAN_POINT('',(19.9,9.81698214456371,0.85));
#6077=CARTESIAN_POINT('',(21.4,9.73566942631293,0.85));
#6078=CARTESIAN_POINT('Ctrl Pts',(19.9,9.81698214456378,0.85));
#6079=CARTESIAN_POINT('Ctrl Pts',(20.6570480751147,9.77595792117179,0.85));
#6080=CARTESIAN_POINT('Ctrl Pts',(21.4,9.73566942631283,0.85));
#6081=CARTESIAN_POINT('',(21.4,1.16433057368707,0.85));
#6082=CARTESIAN_POINT('Origin',(21.4,5.45,-2.61903147578058E-15));
#6083=CARTESIAN_POINT('',(19.9,1.0830178554363,0.85));
#6084=CARTESIAN_POINT('Ctrl Pts',(21.4,1.16433057368718,0.85));
#6085=CARTESIAN_POINT('Ctrl Pts',(20.6570480751143,1.1240420788282,0.85));
#6086=CARTESIAN_POINT('Ctrl Pts',(19.9,1.08301785543623,0.85));
#6087=CARTESIAN_POINT('Origin',(19.9,5.45,-1.93682300950133E-15));
#6088=CARTESIAN_POINT('',(24.9,9.54570641130151,-0.85));
#6089=CARTESIAN_POINT('',(24.9,1.35429358869849,-0.85));
#6090=CARTESIAN_POINT('Origin',(24.9,5.45,-4.21085123043216E-15));
#6091=CARTESIAN_POINT('',(23.4,9.62716095144635,-0.85));
#6092=CARTESIAN_POINT('Ctrl Pts',(23.4,9.62716095144617,-0.85));
#6093=CARTESIAN_POINT('Ctrl Pts',(24.1573844898,9.58604892948719,-0.85));
#6094=CARTESIAN_POINT('Ctrl Pts',(24.9,9.54570641130128,-0.85));
#6095=CARTESIAN_POINT('',(23.4,1.27283904855365,-0.85));
#6096=CARTESIAN_POINT('Origin',(23.4,5.45,-3.52864276415291E-15));
#6097=CARTESIAN_POINT('Ctrl Pts',(24.9,1.35429358869873,-0.85));
#6098=CARTESIAN_POINT('Ctrl Pts',(24.1573844898003,1.31395107051284,-0.85));
#6099=CARTESIAN_POINT('Ctrl Pts',(23.4,1.27283904855384,-0.849999999999999));
#6100=CARTESIAN_POINT('',(21.4,9.73566942631293,-0.849999999999999));
#6101=CARTESIAN_POINT('',(21.4,1.16433057368707,-0.849999999999999));
#6102=CARTESIAN_POINT('Origin',(21.4,5.45,-2.61903147578058E-15));
#6103=CARTESIAN_POINT('',(19.9,9.81698214456371,-0.849999999999998));
#6104=CARTESIAN_POINT('Ctrl Pts',(19.9,9.81698214456378,-0.849999999999998));
#6105=CARTESIAN_POINT('Ctrl Pts',(20.657048075115,9.77595792117177,-0.849999999999998));
#6106=CARTESIAN_POINT('Ctrl Pts',(21.4,9.73566942631284,-0.849999999999998));
#6107=CARTESIAN_POINT('',(19.9,1.08301785543629,-0.849999999999998));
#6108=CARTESIAN_POINT('Origin',(19.9,5.45,-1.93682300950133E-15));
#6109=CARTESIAN_POINT('Ctrl Pts',(21.4,1.16433057368718,-0.849999999999999));
#6110=CARTESIAN_POINT('Ctrl Pts',(20.6570480751149,1.12404207882823,-0.849999999999998));
#6111=CARTESIAN_POINT('Ctrl Pts',(19.9,1.08301785543623,-0.849999999999998));
#6112=CARTESIAN_POINT('Origin',(-13.3,5.45,9.49101269339199E-16));
#6113=CARTESIAN_POINT('',(-13.3,0.650000000000005,3.6127080574847E-16));
#6114=CARTESIAN_POINT('Origin',(-13.3,5.45,9.49101269339199E-16));
#6115=CARTESIAN_POINT('',(-27.4,1.39999999896499,4.53119315557767E-16));
#6116=CARTESIAN_POINT('',(-13.3,0.650000000000005,3.6127080574847E-16));
#6117=CARTESIAN_POINT('Origin',(-27.4,5.45000000000001,9.49101269339199E-16));
#6118=CARTESIAN_POINT('',(-21.4,1.16433057368712,-0.849999999999999));
#6119=CARTESIAN_POINT('',(-21.4,9.73566942631288,-0.849999999999999));
#6120=CARTESIAN_POINT('Origin',(-21.4,5.45,-2.61903147578058E-15));
#6121=CARTESIAN_POINT('',(-19.9,1.0830178554363,-0.849999999999998));
#6122=CARTESIAN_POINT('Ctrl Pts',(-21.4,1.16433057368718,-0.849999999999999));
#6123=CARTESIAN_POINT('Ctrl Pts',(-20.6570480751149,1.12404207882823,-0.849999999999998));
#6124=CARTESIAN_POINT('Ctrl Pts',(-19.9,1.08301785543623,-0.849999999999998));
#6125=CARTESIAN_POINT('',(-19.9,9.81698214456371,-0.849999999999998));
#6126=CARTESIAN_POINT('Origin',(-19.9,5.45,-1.93682300950133E-15));
#6127=CARTESIAN_POINT('Ctrl Pts',(-19.9,9.81698214456378,-0.849999999999998));
#6128=CARTESIAN_POINT('Ctrl Pts',(-20.657048075115,9.77595792117178,-0.849999999999998));
#6129=CARTESIAN_POINT('Ctrl Pts',(-21.4,9.73566942631284,-0.849999999999999));
#6130=CARTESIAN_POINT('',(-24.9,1.35429358869849,-0.85));
#6131=CARTESIAN_POINT('',(-24.9,9.54570641130152,-0.85));
#6132=CARTESIAN_POINT('Origin',(-24.9,5.45,-4.21085123043216E-15));
#6133=CARTESIAN_POINT('',(-23.4,1.27283904855365,-0.85));
#6134=CARTESIAN_POINT('Ctrl Pts',(-24.9,1.35429358869873,-0.85));
#6135=CARTESIAN_POINT('Ctrl Pts',(-24.1573844898003,1.31395107051284,-0.85));
#6136=CARTESIAN_POINT('Ctrl Pts',(-23.4,1.27283904855384,-0.849999999999999));
#6137=CARTESIAN_POINT('',(-23.4,9.62716095144635,-0.85));
#6138=CARTESIAN_POINT('Origin',(-23.4,5.45,-3.52864276415291E-15));
#6139=CARTESIAN_POINT('Ctrl Pts',(-23.4,9.62716095144617,-0.849999999999999));
#6140=CARTESIAN_POINT('Ctrl Pts',(-24.1573844898,9.58604892948718,-0.85));
#6141=CARTESIAN_POINT('Ctrl Pts',(-24.9,9.54570641130128,-0.85));
#6142=CARTESIAN_POINT('',(-21.4,1.16433057368712,0.85));
#6143=CARTESIAN_POINT('',(-19.9,1.08301785543629,0.85));
#6144=CARTESIAN_POINT('Ctrl Pts',(-21.4,1.16433057368718,0.85));
#6145=CARTESIAN_POINT('Ctrl Pts',(-20.6570480751142,1.12404207882819,0.85));
#6146=CARTESIAN_POINT('Ctrl Pts',(-19.9,1.08301785543623,0.85));
#6147=CARTESIAN_POINT('',(-21.4,9.73566942631288,0.85));
#6148=CARTESIAN_POINT('Origin',(-21.4,5.45,-2.61903147578058E-15));
#6149=CARTESIAN_POINT('',(-19.9,9.81698214456371,0.85));
#6150=CARTESIAN_POINT('Ctrl Pts',(-19.9,9.81698214456378,0.85));
#6151=CARTESIAN_POINT('Ctrl Pts',(-20.6570480751147,9.77595792117179,0.85));
#6152=CARTESIAN_POINT('Ctrl Pts',(-21.4,9.73566942631284,0.85));
#6153=CARTESIAN_POINT('Origin',(-19.9,5.45,-1.93682300950133E-15));
#6154=CARTESIAN_POINT('',(-24.9,1.35429358869849,0.850000000000002));
#6155=CARTESIAN_POINT('',(-23.4,1.27283904855365,0.850000000000001));
#6156=CARTESIAN_POINT('Ctrl Pts',(-24.9,1.35429358869874,0.850000000000002));
#6157=CARTESIAN_POINT('Ctrl Pts',(-24.1573844897997,1.31395107051281,0.850000000000002));
#6158=CARTESIAN_POINT('Ctrl Pts',(-23.4,1.27283904855385,0.850000000000001));
#6159=CARTESIAN_POINT('',(-24.9,9.54570641130152,0.850000000000002));
#6160=CARTESIAN_POINT('Origin',(-24.9,5.45,-4.21085123043216E-15));
#6161=CARTESIAN_POINT('',(-23.4,9.62716095144635,0.850000000000001));
#6162=CARTESIAN_POINT('Ctrl Pts',(-23.4,9.62716095144617,0.850000000000001));
#6163=CARTESIAN_POINT('Ctrl Pts',(-24.1573844897996,9.58604892948721,0.850000000000001));
#6164=CARTESIAN_POINT('Ctrl Pts',(-24.9,9.54570641130128,0.850000000000002));
#6165=CARTESIAN_POINT('Origin',(-23.4,5.45,-3.52864276415291E-15));
#6166=CARTESIAN_POINT('Origin',(27.4,5.45000000000001,9.49101269339199E-16));
#6167=CARTESIAN_POINT('',(-19.9,6.68592070943084,0.85));
#6168=CARTESIAN_POINT('',(-19.9,4.21407929056918,0.85));
#6169=CARTESIAN_POINT('Origin',(-19.9,5.45000000000001,9.49101269339199E-16));
#6170=CARTESIAN_POINT('',(-21.4,6.68592070943084,0.85));
#6171=CARTESIAN_POINT('',(27.4,6.68592070943085,0.849999999999976));
#6172=CARTESIAN_POINT('',(-21.4,4.21407929056918,0.85));
#6173=CARTESIAN_POINT('Origin',(-21.4,5.45000000000001,9.49101269339199E-16));
#6174=CARTESIAN_POINT('',(27.4,4.21407929056916,0.849999999999976));
#6175=CARTESIAN_POINT('Origin',(27.4,5.45000000000001,9.49101269339199E-16));
#6176=CARTESIAN_POINT('',(-23.4,4.21407929056916,0.849999999999976));
#6177=CARTESIAN_POINT('',(-23.4,6.68592070943085,0.849999999999976));
#6178=CARTESIAN_POINT('Origin',(-23.4,5.45000000000001,9.49101269339199E-16));
#6179=CARTESIAN_POINT('',(-24.9,6.68592070943084,0.850000000000002));
#6180=CARTESIAN_POINT('',(27.4,6.68592070943085,0.849999999999976));
#6181=CARTESIAN_POINT('',(-24.9,4.21407929056918,0.850000000000002));
#6182=CARTESIAN_POINT('Origin',(-24.9,5.45000000000001,9.49101269339199E-16));
#6183=CARTESIAN_POINT('',(27.4,4.21407929056916,0.849999999999976));
#6184=CARTESIAN_POINT('Origin',(-3.68628738645067E-16,10.45,-0.849999999999989));
#6185=CARTESIAN_POINT('',(19.9,6.68592070943084,-0.849999999999998));
#6186=CARTESIAN_POINT('',(19.9,10.45,-0.849999999999998));
#6187=CARTESIAN_POINT('',(21.4,6.68592070943084,-0.849999999999999));
#6188=CARTESIAN_POINT('',(21.4,0.,-0.849999999999999));
#6189=CARTESIAN_POINT('',(27.4,6.68592070943084,-0.850000000000001));
#6190=CARTESIAN_POINT('Origin',(-4.17779237131076E-16,10.45,0.84999999999999));
#6191=CARTESIAN_POINT('',(19.9,10.45,0.85));
#6192=CARTESIAN_POINT('',(21.4,0.,0.85));
#6193=CARTESIAN_POINT('Origin',(-4.17779237131076E-16,10.45,0.84999999999999));
#6194=CARTESIAN_POINT('',(24.9,0.,0.850000000000002));
#6195=CARTESIAN_POINT('',(23.4,0.,0.850000000000001));
#6196=CARTESIAN_POINT('Origin',(-3.68628738645067E-16,10.45,-0.849999999999989));
#6197=CARTESIAN_POINT('',(24.9,4.21407929056918,-0.85));
#6198=CARTESIAN_POINT('',(24.9,0.,-0.85));
#6199=CARTESIAN_POINT('',(23.4,4.21407929056918,-0.850000000000001));
#6200=CARTESIAN_POINT('',(23.4,0.,-0.85));
#6201=CARTESIAN_POINT('',(27.4,4.21407929056918,-0.850000000000001));
#6202=CARTESIAN_POINT('Origin',(19.9,0.,-5.45));
#6203=CARTESIAN_POINT('',(19.9,4.21407929056918,-0.849999999999998));
#6204=CARTESIAN_POINT('',(19.9,10.45,-0.849999999999998));
#6205=CARTESIAN_POINT('Origin',(19.9,5.45000000000001,9.49101269339199E-16));
#6206=CARTESIAN_POINT('Origin',(27.4,5.45000000000001,9.49101269339199E-16));
#6207=CARTESIAN_POINT('',(21.4,4.21407929056918,-0.849999999999999));
#6208=CARTESIAN_POINT('Origin',(21.4,5.45000000000001,9.49101269339199E-16));
#6209=CARTESIAN_POINT('',(27.4,4.21407929056918,-0.850000000000001));
#6210=CARTESIAN_POINT('Origin',(23.4,0.,-5.45));
#6211=CARTESIAN_POINT('',(23.4,6.68592070943084,-0.850000000000001));
#6212=CARTESIAN_POINT('',(23.4,0.,-0.85));
#6213=CARTESIAN_POINT('Origin',(23.4,5.45000000000001,9.49101269339199E-16));
#6214=CARTESIAN_POINT('Origin',(21.4,0.,-5.45));
#6215=CARTESIAN_POINT('',(21.4,0.,-0.849999999999999));
#6216=CARTESIAN_POINT('Origin',(27.4,5.45000000000001,9.49101269339199E-16));
#6217=CARTESIAN_POINT('',(24.9,6.68592070943084,-0.85));
#6218=CARTESIAN_POINT('',(27.4,6.68592070943084,-0.850000000000001));
#6219=CARTESIAN_POINT('Origin',(24.9,5.45000000000001,9.49101269339199E-16));
#6220=CARTESIAN_POINT('Origin',(24.9,0.,-5.45));
#6221=CARTESIAN_POINT('',(24.9,0.,-0.85));
#6222=CARTESIAN_POINT('Origin',(3.68628738645067E-16,10.45,-0.849999999999989));
#6223=CARTESIAN_POINT('',(-24.9,4.21407929056918,-0.85));
#6224=CARTESIAN_POINT('',(-24.9,0.,-0.85));
#6225=CARTESIAN_POINT('',(-23.4,4.21407929056917,-0.849999999999977));
#6226=CARTESIAN_POINT('',(27.4,4.21407929056917,-0.849999999999977));
#6227=CARTESIAN_POINT('',(-23.4,0.,-0.85));
#6228=CARTESIAN_POINT('Origin',(4.17779237131076E-16,10.45,0.84999999999999));
#6229=CARTESIAN_POINT('',(-24.9,0.,0.850000000000002));
#6230=CARTESIAN_POINT('',(-23.4,0.,0.850000000000001));
#6231=CARTESIAN_POINT('Origin',(4.17779237131076E-16,10.45,0.84999999999999));
#6232=CARTESIAN_POINT('',(-19.9,10.45,0.85));
#6233=CARTESIAN_POINT('',(-21.4,0.,0.85));
#6234=CARTESIAN_POINT('Origin',(3.68628738645067E-16,10.45,-0.849999999999989));
#6235=CARTESIAN_POINT('',(-19.9,6.68592070943084,-0.849999999999998));
#6236=CARTESIAN_POINT('',(-19.9,10.45,-0.849999999999998));
#6237=CARTESIAN_POINT('',(-21.4,6.68592070943084,-0.849999999999999));
#6238=CARTESIAN_POINT('',(27.4,6.68592070943085,-0.849999999999977));
#6239=CARTESIAN_POINT('',(-21.4,0.,-0.849999999999999));
#6240=CARTESIAN_POINT('Origin',(-19.9,0.,-5.45));
#6241=CARTESIAN_POINT('',(-19.9,10.45,0.85));
#6242=CARTESIAN_POINT('Origin',(-23.4,0.,-5.45));
#6243=CARTESIAN_POINT('',(-23.4,0.,0.850000000000001));
#6244=CARTESIAN_POINT('Origin',(-21.4,0.,-5.45));
#6245=CARTESIAN_POINT('',(-21.4,0.,0.85));
#6246=CARTESIAN_POINT('Origin',(-24.9,0.,-5.45));
#6247=CARTESIAN_POINT('',(-24.9,0.,0.850000000000002));
#6248=CARTESIAN_POINT('Origin',(0.,0.,-5.45));
#6249=CARTESIAN_POINT('',(7.71057978946036,10.9,-5.45));
#6250=CARTESIAN_POINT('',(12.7,10.9,-5.45));
#6251=CARTESIAN_POINT('',(-2.13253600242262E-15,10.9,-5.45));
#6252=CARTESIAN_POINT('',(12.7,0.600000000000005,-5.45));
#6253=CARTESIAN_POINT('',(12.7,2.02119157292711E-15,-5.45));
#6254=CARTESIAN_POINT('',(-12.7,0.6,-5.45));
#6255=CARTESIAN_POINT('',(-13.3,0.6,-5.45));
#6256=CARTESIAN_POINT('',(-12.7,10.9,-5.45));
#6257=CARTESIAN_POINT('',(-12.7,10.9,-5.45));
#6258=CARTESIAN_POINT('',(-8.11164660811396,10.9,-5.45));
#6259=CARTESIAN_POINT('',(-2.13253600242262E-15,10.9,-5.45));
#6260=CARTESIAN_POINT('',(-8.11164660811408,9.9,-5.45));
#6261=CARTESIAN_POINT('',(-8.11164660811347,-4.9719172093058E-13,-5.45));
#6262=CARTESIAN_POINT('',(7.71057978946039,9.9,-5.45));
#6263=CARTESIAN_POINT('',(0.,9.9,-5.45));
#6264=CARTESIAN_POINT('',(7.71057978946099,4.69264975743807E-13,-5.45));
#6265=CARTESIAN_POINT('',(-8.11164660811399,8.4,-5.45));
#6266=CARTESIAN_POINT('',(-8.11164660811405,9.4,-5.45));
#6267=CARTESIAN_POINT('',(-8.11164660811347,-4.9719172093058E-13,-5.45));
#6268=CARTESIAN_POINT('',(7.71057978946048,8.4,-5.45));
#6269=CARTESIAN_POINT('',(0.,8.4,-5.45));
#6270=CARTESIAN_POINT('',(7.71057978946042,9.4,-5.45));
#6271=CARTESIAN_POINT('',(7.71057978946099,4.69264975743807E-13,-5.45));
#6272=CARTESIAN_POINT('',(0.,9.4,-5.45));
#6273=CARTESIAN_POINT('',(-8.1116466081139,6.9,-5.45));
#6274=CARTESIAN_POINT('',(-8.11164660811396,7.9,-5.45));
#6275=CARTESIAN_POINT('',(-8.11164660811347,-4.9719172093058E-13,-5.45));
#6276=CARTESIAN_POINT('',(7.71057978946057,6.9,-5.45));
#6277=CARTESIAN_POINT('',(0.,6.9,-5.45));
#6278=CARTESIAN_POINT('',(7.71057978946051,7.9,-5.45));
#6279=CARTESIAN_POINT('',(7.71057978946099,4.69264975743807E-13,-5.45));
#6280=CARTESIAN_POINT('',(0.,7.9,-5.45));
#6281=CARTESIAN_POINT('',(-8.11164660811377,4.,-5.45));
#6282=CARTESIAN_POINT('',(-8.11164660811377,4.9,-5.45));
#6283=CARTESIAN_POINT('',(-8.11164660811377,0.,-5.45));
#6284=CARTESIAN_POINT('',(7.71057978946069,4.,-5.45));
#6285=CARTESIAN_POINT('',(0.,4.,-5.45));
#6286=CARTESIAN_POINT('',(7.71057978946069,4.9,-5.45));
#6287=CARTESIAN_POINT('',(7.71057978946069,0.,-5.45));
#6288=CARTESIAN_POINT('',(0.,4.9,-5.45));
#6289=CARTESIAN_POINT('',(-8.11164660811381,5.4,-5.45));
#6290=CARTESIAN_POINT('',(-8.11164660811387,6.4,-5.45));
#6291=CARTESIAN_POINT('',(-8.11164660811347,-4.9719172093058E-13,-5.45));
#6292=CARTESIAN_POINT('',(7.71057978946066,5.4,-5.45));
#6293=CARTESIAN_POINT('',(0.,5.4,-5.45));
#6294=CARTESIAN_POINT('',(7.7105797894606,6.4,-5.45));
#6295=CARTESIAN_POINT('',(7.71057978946099,4.69264975743807E-13,-5.45));
#6296=CARTESIAN_POINT('',(0.,6.4,-5.45));
#6297=CARTESIAN_POINT('Origin',(27.4,5.45000000000001,9.49101269339199E-16));
#6298=CARTESIAN_POINT('',(-23.4,6.68592070943085,-0.849999999999977));
#6299=CARTESIAN_POINT('Origin',(-23.4,5.45000000000001,9.49101269339199E-16));
#6300=CARTESIAN_POINT('',(-24.9,6.68592070943084,-0.85));
#6301=CARTESIAN_POINT('Origin',(-24.9,5.45000000000001,9.49101269339199E-16));
#6302=CARTESIAN_POINT('',(27.4,6.68592070943085,-0.849999999999977));
#6303=CARTESIAN_POINT('Origin',(27.4,5.45000000000001,9.49101269339199E-16));
#6304=CARTESIAN_POINT('',(-19.9,4.21407929056918,-0.849999999999998));
#6305=CARTESIAN_POINT('Origin',(-19.9,5.45000000000001,9.49101269339199E-16));
#6306=CARTESIAN_POINT('',(-21.4,4.21407929056918,-0.849999999999999));
#6307=CARTESIAN_POINT('',(27.4,4.21407929056917,-0.849999999999977));
#6308=CARTESIAN_POINT('Origin',(-21.4,5.45000000000001,9.49101269339199E-16));
#6309=CARTESIAN_POINT('Origin',(0.,0.,5.45));
#6310=CARTESIAN_POINT('',(-12.7,10.9,5.45));
#6311=CARTESIAN_POINT('',(-8.11164660811414,10.9,5.45));
#6312=CARTESIAN_POINT('',(-2.13253600242262E-15,10.9,5.45));
#6313=CARTESIAN_POINT('',(-12.7,0.6,5.45));
#6314=CARTESIAN_POINT('',(-12.7,-2.02119157292711E-15,5.45));
#6315=CARTESIAN_POINT('',(12.7,0.600000000000005,5.45));
#6316=CARTESIAN_POINT('',(-1.10218211923262E-16,0.600000000000003,5.45));
#6317=CARTESIAN_POINT('',(12.7,10.9,5.45));
#6318=CARTESIAN_POINT('',(12.7,10.9,5.45));
#6319=CARTESIAN_POINT('',(7.71057978946033,10.9,5.45));
#6320=CARTESIAN_POINT('',(-2.13253600242262E-15,10.9,5.45));
#6321=CARTESIAN_POINT('',(7.71057978946033,9.9,5.45));
#6322=CARTESIAN_POINT('',(7.71057978946033,4.53414365226073E-15,5.45));
#6323=CARTESIAN_POINT('',(-8.11164660811414,9.9,5.45));
#6324=CARTESIAN_POINT('',(0.,9.9,5.45));
#6325=CARTESIAN_POINT('',(-8.11164660811414,-4.76998772878754E-15,5.45));
#6326=CARTESIAN_POINT('',(-8.11164660811414,8.4,5.45));
#6327=CARTESIAN_POINT('',(7.71057978946033,8.4,5.45));
#6328=CARTESIAN_POINT('',(0.,8.4,5.45));
#6329=CARTESIAN_POINT('',(-8.11164660811414,9.4,5.45));
#6330=CARTESIAN_POINT('',(-8.11164660811414,-4.76998772878754E-15,5.45));
#6331=CARTESIAN_POINT('',(7.71057978946033,9.4,5.45));
#6332=CARTESIAN_POINT('',(0.,9.4,5.45));
#6333=CARTESIAN_POINT('',(7.71057978946033,4.53414365226073E-15,5.45));
#6334=CARTESIAN_POINT('',(-8.11164660811414,6.9,5.45));
#6335=CARTESIAN_POINT('',(7.71057978946033,6.9,5.45));
#6336=CARTESIAN_POINT('',(0.,6.9,5.45));
#6337=CARTESIAN_POINT('',(-8.11164660811414,7.9,5.45));
#6338=CARTESIAN_POINT('',(-8.11164660811414,-4.76998772878754E-15,5.45));
#6339=CARTESIAN_POINT('',(7.71057978946033,7.9,5.45));
#6340=CARTESIAN_POINT('',(0.,7.9,5.45));
#6341=CARTESIAN_POINT('',(7.71057978946033,4.53414365226073E-15,5.45));
#6342=CARTESIAN_POINT('',(-8.11164660811414,5.4,5.45));
#6343=CARTESIAN_POINT('',(7.71057978946033,5.4,5.45));
#6344=CARTESIAN_POINT('',(0.,5.4,5.45));
#6345=CARTESIAN_POINT('',(-8.11164660811414,6.4,5.45));
#6346=CARTESIAN_POINT('',(-8.11164660811414,-4.76998772878754E-15,5.45));
#6347=CARTESIAN_POINT('',(7.71057978946033,6.4,5.45));
#6348=CARTESIAN_POINT('',(0.,6.4,5.45));
#6349=CARTESIAN_POINT('',(7.71057978946033,4.53414365226073E-15,5.45));
#6350=CARTESIAN_POINT('Origin',(13.3,2.11668093857721E-15,-5.45));
#6351=CARTESIAN_POINT('',(13.3,0.600000000000005,4.85));
#6352=CARTESIAN_POINT('',(13.3,0.600000000000005,-4.85));
#6353=CARTESIAN_POINT('',(13.3,0.600000000000005,-5.45));
#6354=CARTESIAN_POINT('',(13.3,10.9,-4.85));
#6355=CARTESIAN_POINT('',(13.3,2.11668093857721E-15,-4.85));
#6356=CARTESIAN_POINT('',(13.3,10.9,4.85));
#6357=CARTESIAN_POINT('',(13.3,10.9,-5.45));
#6358=CARTESIAN_POINT('',(13.3,4.88634072859794E-15,4.85));
#6359=CARTESIAN_POINT('Origin',(-4.48803114961561E-31,2.44317036429897E-15,
-5.45));
#6360=CARTESIAN_POINT('',(-12.7,1.10218211923262E-16,-4.85));
#6361=CARTESIAN_POINT('',(12.7,4.77612251667468E-15,-4.85));
#6362=CARTESIAN_POINT('',(13.3,4.88634072859794E-15,-4.85));
#6363=CARTESIAN_POINT('',(12.7,4.77612251667468E-15,4.85));
#6364=CARTESIAN_POINT('',(12.7,4.77612251667468E-15,5.45));
#6365=CARTESIAN_POINT('',(-12.7,1.10218211923262E-16,4.85));
#6366=CARTESIAN_POINT('',(-4.48803114961561E-31,2.44317036429897E-15,4.85));
#6367=CARTESIAN_POINT('',(-12.7,1.10218211923262E-16,-5.45));
#6368=CARTESIAN_POINT('Origin',(-13.3,-2.11668093857721E-15,-5.45));
#6369=CARTESIAN_POINT('',(-13.3,0.6,-4.85));
#6370=CARTESIAN_POINT('',(-13.3,0.6,4.85));
#6371=CARTESIAN_POINT('',(-13.3,0.6,-5.45));
#6372=CARTESIAN_POINT('',(-13.3,10.9,4.85));
#6373=CARTESIAN_POINT('',(-13.3,-2.11668093857721E-15,4.85));
#6374=CARTESIAN_POINT('',(-13.3,10.9,-4.85));
#6375=CARTESIAN_POINT('',(-13.3,10.9,-5.45));
#6376=CARTESIAN_POINT('',(-13.3,1.45705208798912E-21,-4.85));
#6377=CARTESIAN_POINT('Origin',(-2.13253600242262E-15,10.9,-5.45));
#6378=CARTESIAN_POINT('Origin',(12.7,10.9,-4.85));
#6379=CARTESIAN_POINT('',(7.71057978946033,10.9,-5.95));
#6380=CARTESIAN_POINT('',(7.71057978946033,10.9,-5.95));
#6381=CARTESIAN_POINT('',(-8.11164660811396,10.9,-5.95));
#6382=CARTESIAN_POINT('',(-2.13253600242262E-15,10.9,-5.95));
#6383=CARTESIAN_POINT('',(-8.11164660811396,10.9,-5.95));
#6384=CARTESIAN_POINT('Origin',(-12.7,10.9,-4.85));
#6385=CARTESIAN_POINT('Origin',(-12.7,10.9,4.85));
#6386=CARTESIAN_POINT('',(-8.11164660811414,10.9,5.95));
#6387=CARTESIAN_POINT('',(-8.11164660811414,10.9,5.95));
#6388=CARTESIAN_POINT('',(7.71057978946033,10.9,5.95));
#6389=CARTESIAN_POINT('',(-2.13253600242262E-15,10.9,5.95));
#6390=CARTESIAN_POINT('',(7.71057978946033,10.9,5.95));
#6391=CARTESIAN_POINT('Origin',(12.7,10.9,4.85));
#6392=CARTESIAN_POINT('Origin',(-8.11164660811414,-4.76998772878754E-15,
5.95));
#6393=CARTESIAN_POINT('',(-8.11164660811414,9.9,5.95));
#6394=CARTESIAN_POINT('',(-8.11164660811414,9.9,5.95));
#6395=CARTESIAN_POINT('',(-8.11164660811414,-4.76998772878754E-15,5.95));
#6396=CARTESIAN_POINT('Origin',(0.,9.9,5.95));
#6397=CARTESIAN_POINT('',(7.71057978946033,9.9,5.95));
#6398=CARTESIAN_POINT('',(7.71057978946033,9.9,5.95));
#6399=CARTESIAN_POINT('',(0.,9.9,5.95));
#6400=CARTESIAN_POINT('Origin',(7.71057978946033,4.53414365226073E-15,5.95));
#6401=CARTESIAN_POINT('',(7.71057978946033,4.53414365226073E-15,5.95));
#6402=CARTESIAN_POINT('Origin',(0.,0.,5.95));
#6403=CARTESIAN_POINT('Origin',(-8.11164660811414,-4.76998772878754E-15,
5.95));
#6404=CARTESIAN_POINT('',(-8.11164660811414,8.4,5.95));
#6405=CARTESIAN_POINT('',(-8.11164660811414,8.4,5.95));
#6406=CARTESIAN_POINT('',(-8.11164660811414,9.4,5.95));
#6407=CARTESIAN_POINT('',(-8.11164660811414,-4.76998772878754E-15,5.95));
#6408=CARTESIAN_POINT('',(-8.11164660811414,9.4,5.95));
#6409=CARTESIAN_POINT('Origin',(0.,8.4,5.95));
#6410=CARTESIAN_POINT('',(7.71057978946033,8.4,5.95));
#6411=CARTESIAN_POINT('',(7.71057978946033,8.4,5.95));
#6412=CARTESIAN_POINT('',(0.,8.4,5.95));
#6413=CARTESIAN_POINT('Origin',(7.71057978946033,4.53414365226073E-15,5.95));
#6414=CARTESIAN_POINT('',(7.71057978946033,9.4,5.95));
#6415=CARTESIAN_POINT('',(7.71057978946033,9.4,5.95));
#6416=CARTESIAN_POINT('',(7.71057978946033,4.53414365226073E-15,5.95));
#6417=CARTESIAN_POINT('Origin',(0.,9.4,5.95));
#6418=CARTESIAN_POINT('',(0.,9.4,5.95));
#6419=CARTESIAN_POINT('Origin',(0.,0.,5.95));
#6420=CARTESIAN_POINT('Origin',(-8.11164660811414,-4.76998772878754E-15,
5.95));
#6421=CARTESIAN_POINT('',(-8.11164660811414,6.9,5.95));
#6422=CARTESIAN_POINT('',(-8.11164660811414,6.9,5.95));
#6423=CARTESIAN_POINT('',(-8.11164660811414,7.9,5.95));
#6424=CARTESIAN_POINT('',(-8.11164660811414,-4.76998772878754E-15,5.95));
#6425=CARTESIAN_POINT('',(-8.11164660811414,7.9,5.95));
#6426=CARTESIAN_POINT('Origin',(0.,6.9,5.95));
#6427=CARTESIAN_POINT('',(7.71057978946033,6.9,5.95));
#6428=CARTESIAN_POINT('',(7.71057978946033,6.9,5.95));
#6429=CARTESIAN_POINT('',(0.,6.9,5.95));
#6430=CARTESIAN_POINT('Origin',(7.71057978946033,4.53414365226073E-15,5.95));
#6431=CARTESIAN_POINT('',(7.71057978946033,7.9,5.95));
#6432=CARTESIAN_POINT('',(7.71057978946033,7.9,5.95));
#6433=CARTESIAN_POINT('',(7.71057978946033,4.53414365226073E-15,5.95));
#6434=CARTESIAN_POINT('Origin',(0.,7.9,5.95));
#6435=CARTESIAN_POINT('',(0.,7.9,5.95));
#6436=CARTESIAN_POINT('Origin',(0.,0.,5.95));
#6437=CARTESIAN_POINT('Origin',(-8.11164660811414,-4.76998772878754E-15,
5.95));
#6438=CARTESIAN_POINT('',(-8.11164660811414,5.4,5.95));
#6439=CARTESIAN_POINT('',(-8.11164660811414,5.4,5.95));
#6440=CARTESIAN_POINT('',(-8.11164660811414,6.4,5.95));
#6441=CARTESIAN_POINT('',(-8.11164660811414,-4.76998772878754E-15,5.95));
#6442=CARTESIAN_POINT('',(-8.11164660811414,6.4,5.95));
#6443=CARTESIAN_POINT('Origin',(0.,5.4,5.95));
#6444=CARTESIAN_POINT('',(7.71057978946033,5.4,5.95));
#6445=CARTESIAN_POINT('',(7.71057978946033,5.4,5.95));
#6446=CARTESIAN_POINT('',(0.,5.4,5.95));
#6447=CARTESIAN_POINT('Origin',(7.71057978946033,4.53414365226073E-15,5.95));
#6448=CARTESIAN_POINT('',(7.71057978946033,6.4,5.95));
#6449=CARTESIAN_POINT('',(7.71057978946033,6.4,5.95));
#6450=CARTESIAN_POINT('',(7.71057978946033,4.53414365226073E-15,5.95));
#6451=CARTESIAN_POINT('Origin',(0.,6.4,5.95));
#6452=CARTESIAN_POINT('',(0.,6.4,5.95));
#6453=CARTESIAN_POINT('Origin',(0.,0.,5.95));
#6454=CARTESIAN_POINT('Origin',(-19.9,0.,-5.45));
#6455=CARTESIAN_POINT('',(-19.9,10.45,-0.849999999999998));
#6456=CARTESIAN_POINT('Origin',(19.9,0.,-5.45));
#6457=CARTESIAN_POINT('',(19.9,10.45,0.85));
#6458=CARTESIAN_POINT('Origin',(-23.4,0.,-5.45));
#6459=CARTESIAN_POINT('',(-23.4,0.,-0.85));
#6460=CARTESIAN_POINT('Origin',(-21.4,0.,-5.45));
#6461=CARTESIAN_POINT('',(-21.4,0.,-0.849999999999999));
#6462=CARTESIAN_POINT('Origin',(23.4,0.,-5.45));
#6463=CARTESIAN_POINT('',(23.4,0.,0.850000000000001));
#6464=CARTESIAN_POINT('Origin',(21.4,0.,-5.45));
#6465=CARTESIAN_POINT('',(21.4,0.,0.85));
#6466=CARTESIAN_POINT('Origin',(24.9,0.,-5.45));
#6467=CARTESIAN_POINT('',(24.9,0.,0.850000000000002));
#6468=CARTESIAN_POINT('Origin',(27.4,5.45000000000001,9.49101269339199E-16));
#6469=CARTESIAN_POINT('Origin',(-24.9,0.,-5.45));
#6470=CARTESIAN_POINT('',(-24.9,0.,-0.85));
#6471=CARTESIAN_POINT('Origin',(-27.4,5.45000000000001,9.49101269339199E-16));
#6472=CARTESIAN_POINT('Origin',(0.,9.9,-5.95));
#6473=CARTESIAN_POINT('',(-8.11164660811408,9.9,-5.95));
#6474=CARTESIAN_POINT('',(-8.11164660811408,9.9,-5.95));
#6475=CARTESIAN_POINT('',(7.71057978946039,9.9,-5.95));
#6476=CARTESIAN_POINT('',(0.,9.9,-5.95));
#6477=CARTESIAN_POINT('',(7.71057978946039,9.9,-5.95));
#6478=CARTESIAN_POINT('Origin',(-8.11164660811347,-4.9719172093058E-13,
-5.95));
#6479=CARTESIAN_POINT('',(-8.11164660811347,-4.9719172093058E-13,-5.95));
#6480=CARTESIAN_POINT('Origin',(7.71057978946099,4.69264975743807E-13,-5.95));
#6481=CARTESIAN_POINT('',(7.71057978946099,4.69264975743807E-13,-5.95));
#6482=CARTESIAN_POINT('Origin',(0.,0.,-5.95));
#6483=CARTESIAN_POINT('Origin',(0.,8.4,-5.95));
#6484=CARTESIAN_POINT('',(-8.11164660811399,8.4,-5.95));
#6485=CARTESIAN_POINT('',(-8.11164660811399,8.4,-5.95));
#6486=CARTESIAN_POINT('',(7.71057978946048,8.4,-5.95));
#6487=CARTESIAN_POINT('',(0.,8.4,-5.95));
#6488=CARTESIAN_POINT('',(7.71057978946048,8.4,-5.95));
#6489=CARTESIAN_POINT('Origin',(-8.11164660811347,-4.9719172093058E-13,
-5.95));
#6490=CARTESIAN_POINT('',(-8.11164660811405,9.4,-5.95));
#6491=CARTESIAN_POINT('',(-8.11164660811405,9.4,-5.95));
#6492=CARTESIAN_POINT('',(-8.11164660811347,-4.9719172093058E-13,-5.95));
#6493=CARTESIAN_POINT('Origin',(0.,9.4,-5.95));
#6494=CARTESIAN_POINT('',(7.71057978946042,9.4,-5.95));
#6495=CARTESIAN_POINT('',(7.71057978946042,9.4,-5.95));
#6496=CARTESIAN_POINT('',(0.,9.4,-5.95));
#6497=CARTESIAN_POINT('Origin',(7.71057978946099,4.69264975743807E-13,-5.95));
#6498=CARTESIAN_POINT('',(7.71057978946099,4.69264975743807E-13,-5.95));
#6499=CARTESIAN_POINT('Origin',(0.,0.,-5.95));
#6500=CARTESIAN_POINT('Origin',(-8.11164660811347,-4.9719172093058E-13,
-5.95));
#6501=CARTESIAN_POINT('',(-8.11164660811396,7.9,-5.95));
#6502=CARTESIAN_POINT('',(-8.11164660811396,7.9,-5.95));
#6503=CARTESIAN_POINT('',(-8.1116466081139,6.9,-5.95));
#6504=CARTESIAN_POINT('',(-8.11164660811347,-4.9719172093058E-13,-5.95));
#6505=CARTESIAN_POINT('',(-8.1116466081139,6.9,-5.95));
#6506=CARTESIAN_POINT('Origin',(0.,7.9,-5.95));
#6507=CARTESIAN_POINT('',(7.71057978946051,7.9,-5.95));
#6508=CARTESIAN_POINT('',(7.71057978946051,7.9,-5.95));
#6509=CARTESIAN_POINT('',(0.,7.9,-5.95));
#6510=CARTESIAN_POINT('Origin',(7.71057978946099,4.69264975743807E-13,-5.95));
#6511=CARTESIAN_POINT('',(7.71057978946057,6.9,-5.95));
#6512=CARTESIAN_POINT('',(7.71057978946057,6.9,-5.95));
#6513=CARTESIAN_POINT('',(7.71057978946099,4.69264975743807E-13,-5.95));
#6514=CARTESIAN_POINT('Origin',(0.,6.9,-5.95));
#6515=CARTESIAN_POINT('',(0.,6.9,-5.95));
#6516=CARTESIAN_POINT('Origin',(0.,0.,-5.95));
#6517=CARTESIAN_POINT('Origin',(-8.11164660811347,-4.9719172093058E-13,
-5.95));
#6518=CARTESIAN_POINT('',(-8.11164660811387,6.4,-5.95));
#6519=CARTESIAN_POINT('',(-8.11164660811387,6.4,-5.95));
#6520=CARTESIAN_POINT('',(-8.11164660811381,5.4,-5.95));
#6521=CARTESIAN_POINT('',(-8.11164660811347,-4.9719172093058E-13,-5.95));
#6522=CARTESIAN_POINT('',(-8.11164660811381,5.4,-5.95));
#6523=CARTESIAN_POINT('Origin',(0.,6.4,-5.95));
#6524=CARTESIAN_POINT('',(7.7105797894606,6.4,-5.95));
#6525=CARTESIAN_POINT('',(7.7105797894606,6.4,-5.95));
#6526=CARTESIAN_POINT('',(0.,6.4,-5.95));
#6527=CARTESIAN_POINT('Origin',(7.71057978946099,4.69264975743807E-13,-5.95));
#6528=CARTESIAN_POINT('',(7.71057978946066,5.4,-5.95));
#6529=CARTESIAN_POINT('',(7.71057978946066,5.4,-5.95));
#6530=CARTESIAN_POINT('',(7.71057978946099,4.69264975743807E-13,-5.95));
#6531=CARTESIAN_POINT('Origin',(0.,5.4,-5.95));
#6532=CARTESIAN_POINT('',(0.,5.4,-5.95));
#6533=CARTESIAN_POINT('Origin',(0.,0.,-5.95));
#6534=CARTESIAN_POINT('Origin',(-8.11164660811377,0.,-5.95));
#6535=CARTESIAN_POINT('',(-8.11164660811377,4.9,-5.95));
#6536=CARTESIAN_POINT('',(-8.11164660811377,4.9,-5.95));
#6537=CARTESIAN_POINT('',(-8.11164660811377,4.,-5.95));
#6538=CARTESIAN_POINT('',(-8.11164660811377,0.,-5.95));
#6539=CARTESIAN_POINT('',(-8.11164660811377,4.,-5.95));
#6540=CARTESIAN_POINT('Origin',(0.,4.9,-5.95));
#6541=CARTESIAN_POINT('',(7.71057978946069,4.9,-5.95));
#6542=CARTESIAN_POINT('',(7.71057978946069,4.9,-5.95));
#6543=CARTESIAN_POINT('',(0.,4.9,-5.95));
#6544=CARTESIAN_POINT('Origin',(7.71057978946069,0.,-5.95));
#6545=CARTESIAN_POINT('',(7.71057978946069,4.,-5.95));
#6546=CARTESIAN_POINT('',(7.71057978946069,4.,-5.95));
#6547=CARTESIAN_POINT('',(7.71057978946069,0.,-5.95));
#6548=CARTESIAN_POINT('Origin',(0.,4.,-5.95));
#6549=CARTESIAN_POINT('',(0.,4.,-5.95));
#6550=CARTESIAN_POINT('Origin',(0.,0.,-5.95));
#6551=CARTESIAN_POINT('Origin',(3.68628738645067E-16,10.45,-0.849999999999989));
#6552=CARTESIAN_POINT('Origin',(4.17779237131076E-16,10.45,0.84999999999999));
#6553=CARTESIAN_POINT('Origin',(4.17779237131076E-16,10.45,0.84999999999999));
#6554=CARTESIAN_POINT('Origin',(3.68628738645067E-16,10.45,-0.849999999999989));
#6555=CARTESIAN_POINT('Origin',(-3.68628738645067E-16,10.45,-0.849999999999989));
#6556=CARTESIAN_POINT('Origin',(-4.17779237131076E-16,10.45,0.84999999999999));
#6557=CARTESIAN_POINT('Origin',(-4.17779237131076E-16,10.45,0.84999999999999));
#6558=CARTESIAN_POINT('Origin',(-3.68628738645067E-16,10.45,-0.849999999999989));
#6559=CARTESIAN_POINT('Origin',(-12.7,-2.02119157292711E-15,-4.85));
#6560=CARTESIAN_POINT('Origin',(-12.7,0.6,-4.85));
#6561=CARTESIAN_POINT('Origin',(-12.7,0.6,-5.45));
#6562=CARTESIAN_POINT('Origin',(-12.7,0.6,4.85));
#6563=CARTESIAN_POINT('Origin',(-12.7,0.6,-4.85));
#6564=CARTESIAN_POINT('Origin',(-12.7,-2.02119157292711E-15,4.85));
#6565=CARTESIAN_POINT('Origin',(-12.7,0.6,4.85));
#6566=CARTESIAN_POINT('Origin',(-12.7,0.6,-4.85));
#6567=CARTESIAN_POINT('Origin',(-12.7,0.6,-4.85));
#6568=CARTESIAN_POINT('Origin',(-12.7,0.6,4.85));
#6569=CARTESIAN_POINT('Origin',(-12.7,0.6,4.85));
#6570=CARTESIAN_POINT('Origin',(12.7,2.02119157292711E-15,-4.85));
#6571=CARTESIAN_POINT('Origin',(12.7,0.600000000000005,-4.85));
#6572=CARTESIAN_POINT('Origin',(-1.10218211923262E-16,0.600000000000003,
-4.85));
#6573=CARTESIAN_POINT('Origin',(12.7,0.600000000000005,-4.85));
#6574=CARTESIAN_POINT('Origin',(-1.10218211923262E-16,0.600000000000003,
4.85));
#6575=CARTESIAN_POINT('Origin',(12.7,0.600000000000005,4.85));
#6576=CARTESIAN_POINT('Origin',(12.7,2.02119157292711E-15,4.85));
#6577=CARTESIAN_POINT('Origin',(12.7,0.600000000000005,4.85));
#6578=CARTESIAN_POINT('Origin',(12.7,0.600000000000005,-4.85));
#6579=CARTESIAN_POINT('Origin',(12.7,0.600000000000005,-4.85));
#6580=CARTESIAN_POINT('Origin',(12.7,0.600000000000005,4.85));
#6581=CARTESIAN_POINT('Origin',(12.7,0.600000000000005,4.85));
#6582=CARTESIAN_POINT('Origin',(12.7,0.600000000000005,-5.45));
#6583=CARTESIAN_POINT('Origin',(0.,0.,-4.5));
#6584=CARTESIAN_POINT('',(-9.3,10.9,-4.5));
#6585=CARTESIAN_POINT('',(-6.11164660811414,10.9,-4.5));
#6586=CARTESIAN_POINT('',(-2.13253600242262E-15,10.9,-4.5));
#6587=CARTESIAN_POINT('',(-9.3,13.0869587401015,-4.5));
#6588=CARTESIAN_POINT('',(-9.3,0.,-4.5));
#6589=CARTESIAN_POINT('',(-9.02574674974178,23.6,-4.5));
#6590=CARTESIAN_POINT('',(-9.63484213127815,0.251343707772472,-4.5));
#6591=CARTESIAN_POINT('',(9.02574674974177,23.6,-4.5));
#6592=CARTESIAN_POINT('',(10.,23.6,-4.5));
#6593=CARTESIAN_POINT('',(9.3,13.0869587401015,-4.5));
#6594=CARTESIAN_POINT('',(9.30034009107866,13.0739219154195,-4.5));
#6595=CARTESIAN_POINT('',(9.3,10.9,-4.5));
#6596=CARTESIAN_POINT('',(9.3,0.,-4.5));
#6597=CARTESIAN_POINT('',(5.71057978946032,10.9,-4.5));
#6598=CARTESIAN_POINT('',(-2.13253600242262E-15,10.9,-4.5));
#6599=CARTESIAN_POINT('',(5.71057978946032,12.2,-4.5));
#6600=CARTESIAN_POINT('',(5.71057978946033,1.44617179886358E-15,-4.5));
#6601=CARTESIAN_POINT('',(-6.11164660811414,12.2,-4.5));
#6602=CARTESIAN_POINT('',(-3.58031147352399E-15,12.2,-4.5));
#6603=CARTESIAN_POINT('',(-6.11164660811414,-7.73869842917491E-16,-4.5));
#6604=CARTESIAN_POINT('',(-6.11164660811414,12.6,-4.5));
#6605=CARTESIAN_POINT('',(-6.11164660811414,13.7,-4.5));
#6606=CARTESIAN_POINT('',(-6.11164660811414,-7.73869842917491E-16,-4.5));
#6607=CARTESIAN_POINT('',(5.71057978946032,12.6,-4.5));
#6608=CARTESIAN_POINT('',(-3.69769873495101E-15,12.6,-4.5));
#6609=CARTESIAN_POINT('',(5.71057978946032,13.7,-4.5));
#6610=CARTESIAN_POINT('',(5.71057978946033,1.44617179886358E-15,-4.5));
#6611=CARTESIAN_POINT('',(-4.0205137038753E-15,13.7,-4.5));
#6612=CARTESIAN_POINT('',(-6.11164660811414,15.6,-4.5));
#6613=CARTESIAN_POINT('',(-6.11164660811414,16.7,-4.5));
#6614=CARTESIAN_POINT('',(-6.11164660811414,-7.73869842917491E-16,-4.5));
#6615=CARTESIAN_POINT('',(5.71057978946032,15.6,-4.5));
#6616=CARTESIAN_POINT('',(-4.57810319565363E-15,15.6,-4.5));
#6617=CARTESIAN_POINT('',(5.71057978946032,16.7,-4.5));
#6618=CARTESIAN_POINT('',(5.71057978946033,1.44617179886358E-15,-4.5));
#6619=CARTESIAN_POINT('',(-4.90091816457793E-15,16.7,-4.5));
#6620=CARTESIAN_POINT('',(-6.11164660811414,17.1,-4.5));
#6621=CARTESIAN_POINT('',(-6.11164660811414,18.2,-4.5));
#6622=CARTESIAN_POINT('',(-6.11164660811414,-7.73869842917491E-16,-4.5));
#6623=CARTESIAN_POINT('',(5.71057978946032,17.1,-4.5));
#6624=CARTESIAN_POINT('',(-5.01830542600494E-15,17.1,-4.5));
#6625=CARTESIAN_POINT('',(5.71057978946032,18.2,-4.5));
#6626=CARTESIAN_POINT('',(5.71057978946033,1.44617179886358E-15,-4.5));
#6627=CARTESIAN_POINT('',(-5.34112039492924E-15,18.2,-4.5));
#6628=CARTESIAN_POINT('',(-6.11164660811414,14.1,-4.5));
#6629=CARTESIAN_POINT('',(-6.11164660811414,15.2,-4.5));
#6630=CARTESIAN_POINT('',(-6.11164660811414,-7.73869842917491E-16,-4.5));
#6631=CARTESIAN_POINT('',(5.71057978946032,14.1,-4.5));
#6632=CARTESIAN_POINT('',(-4.13790096530232E-15,14.1,-4.5));
#6633=CARTESIAN_POINT('',(5.71057978946032,15.2,-4.5));
#6634=CARTESIAN_POINT('',(5.71057978946033,1.44617179886358E-15,-4.5));
#6635=CARTESIAN_POINT('',(-4.46071593422662E-15,15.2,-4.5));
#6636=CARTESIAN_POINT('Origin',(-2.13253600242262E-15,10.9,4.5));
#6637=CARTESIAN_POINT('',(-9.3,10.9,4.5));
#6638=CARTESIAN_POINT('',(-6.11164660811414,10.9,4.5));
#6639=CARTESIAN_POINT('',(-2.13253600242262E-15,10.9,4.5));
#6640=CARTESIAN_POINT('',(-10.3,10.9,3.5));
#6641=CARTESIAN_POINT('Origin',(-9.3,10.9,3.5));
#6642=CARTESIAN_POINT('',(-10.3,10.9,-3.5));
#6643=CARTESIAN_POINT('',(-10.3,10.9,4.5));
#6644=CARTESIAN_POINT('Origin',(-9.3,10.9,-3.5));
#6645=CARTESIAN_POINT('',(-6.11164660811414,10.9,-5.));
#6646=CARTESIAN_POINT('',(-6.11164660811414,10.9,-5.));
#6647=CARTESIAN_POINT('',(5.71057978946032,10.9,-5.));
#6648=CARTESIAN_POINT('',(-2.13253600242262E-15,10.9,-5.));
#6649=CARTESIAN_POINT('',(5.71057978946032,10.9,-5.));
#6650=CARTESIAN_POINT('',(10.3,10.9,-3.5));
#6651=CARTESIAN_POINT('Origin',(9.3,10.9,-3.5));
#6652=CARTESIAN_POINT('',(10.3,10.9,3.5));
#6653=CARTESIAN_POINT('',(10.3,10.9,4.5));
#6654=CARTESIAN_POINT('',(9.3,10.9,4.5));
#6655=CARTESIAN_POINT('Origin',(9.3,10.9,3.5));
#6656=CARTESIAN_POINT('',(5.71057978946032,10.9,4.5));
#6657=CARTESIAN_POINT('',(-2.13253600242262E-15,10.9,4.5));
#6658=CARTESIAN_POINT('',(5.71057978946032,10.9,5.));
#6659=CARTESIAN_POINT('',(5.71057978946032,10.9,5.));
#6660=CARTESIAN_POINT('',(-6.11164660811414,10.9,5.));
#6661=CARTESIAN_POINT('',(-2.13253600242262E-15,10.9,5.));
#6662=CARTESIAN_POINT('',(-6.11164660811414,10.9,5.));
#6663=CARTESIAN_POINT('Origin',(10.3,0.,4.5));
#6664=CARTESIAN_POINT('',(10.3,13.0869587401016,-3.5));
#6665=CARTESIAN_POINT('',(10.3,0.,-3.5));
#6666=CARTESIAN_POINT('',(10.3,13.0869587401016,3.5));
#6667=CARTESIAN_POINT('',(10.3,13.0869587401016,4.5));
#6668=CARTESIAN_POINT('',(10.3,0.,3.5));
#6669=CARTESIAN_POINT('',(10.3,11.5,1.25));
#6670=CARTESIAN_POINT('',(10.3,11.5,-1.25));
#6671=CARTESIAN_POINT('',(10.3,11.5,1.75));
#6672=CARTESIAN_POINT('',(10.3,12.,1.75));
#6673=CARTESIAN_POINT('Origin',(10.3,12.,1.25));
#6674=CARTESIAN_POINT('',(10.3,12.5,1.75));
#6675=CARTESIAN_POINT('',(10.3,0.,1.75));
#6676=CARTESIAN_POINT('',(10.3,13.,1.25));
#6677=CARTESIAN_POINT('Origin',(10.3,12.5,1.25));
#6678=CARTESIAN_POINT('',(10.3,13.,-1.25));
#6679=CARTESIAN_POINT('',(10.3,13.,1.75));
#6680=CARTESIAN_POINT('',(10.3,12.5,-1.75));
#6681=CARTESIAN_POINT('Origin',(10.3,12.5,-1.25));
#6682=CARTESIAN_POINT('',(10.3,12.,-1.75));
#6683=CARTESIAN_POINT('',(10.3,0.,-1.75));
#6684=CARTESIAN_POINT('Origin',(10.3,12.,-1.25));
#6685=CARTESIAN_POINT('Origin',(10.6345020401995,0.277421792353031,4.5));
#6686=CARTESIAN_POINT('',(10.2996599089213,13.1130368246821,3.5));
#6687=CARTESIAN_POINT('',(10.2996599089213,13.1130368246821,-3.5));
#6688=CARTESIAN_POINT('',(10.2996599089213,13.1130368246821,-4.5));
#6689=CARTESIAN_POINT('',(10.0254066586631,23.6260780845806,-3.5));
#6690=CARTESIAN_POINT('',(10.,24.6,-3.5));
#6691=CARTESIAN_POINT('',(10.0254066586631,23.6260780845806,3.5));
#6692=CARTESIAN_POINT('',(10.0254066586631,23.6260780845806,4.5));
#6693=CARTESIAN_POINT('',(10.6345020401995,0.277421792353031,3.5));
#6694=CARTESIAN_POINT('Origin',(-4.26741975090295E-15,24.6,4.5));
#6695=CARTESIAN_POINT('',(-9.02574674974178,24.6,3.5));
#6696=CARTESIAN_POINT('',(9.02574674974178,24.6,3.5));
#6697=CARTESIAN_POINT('',(-4.26741975090295E-15,24.6,3.5));
#6698=CARTESIAN_POINT('',(9.02574674974178,24.6,-3.5));
#6699=CARTESIAN_POINT('',(9.02574674974178,24.6,4.5));
#6700=CARTESIAN_POINT('',(-9.02574674974178,24.6,-3.5));
#6701=CARTESIAN_POINT('',(-10.,24.6,-3.5));
#6702=CARTESIAN_POINT('',(-9.02574674974178,24.6,4.5));
#6703=CARTESIAN_POINT('Origin',(-10.6345020401995,0.277421792353028,4.5));
#6704=CARTESIAN_POINT('',(-10.0254066586631,23.6260780845806,3.5));
#6705=CARTESIAN_POINT('',(-10.0254066586631,23.6260780845806,-3.5));
#6706=CARTESIAN_POINT('',(-10.0254066586631,23.6260780845806,-4.5));
#6707=CARTESIAN_POINT('',(-10.2996599089213,13.1130368246821,-3.5));
#6708=CARTESIAN_POINT('',(-10.6345020401995,0.277421792353028,-3.5));
#6709=CARTESIAN_POINT('',(-10.2996599089213,13.1130368246821,3.5));
#6710=CARTESIAN_POINT('',(-10.2996599089213,13.1130368246821,4.5));
#6711=CARTESIAN_POINT('',(-10.,24.6,3.5));
#6712=CARTESIAN_POINT('Origin',(-10.3,0.,4.5));
#6713=CARTESIAN_POINT('',(-10.3,13.0869587401016,3.5));
#6714=CARTESIAN_POINT('',(-10.3,0.,3.5));
#6715=CARTESIAN_POINT('',(-10.3,13.0869587401016,-3.5));
#6716=CARTESIAN_POINT('',(-10.3,13.0869587401016,-4.5));
#6717=CARTESIAN_POINT('',(-10.3,0.,-3.5));
#6718=CARTESIAN_POINT('Origin',(0.,0.,4.5));
#6719=CARTESIAN_POINT('',(-9.02574674974178,23.6,4.5));
#6720=CARTESIAN_POINT('',(-9.3,13.0869587401015,4.5));
#6721=CARTESIAN_POINT('',(-9.30034009107866,13.0739219154195,4.5));
#6722=CARTESIAN_POINT('',(-9.3,0.,4.5));
#6723=CARTESIAN_POINT('',(-6.11164660811414,12.2,4.5));
#6724=CARTESIAN_POINT('',(-6.11164660811414,-7.73869842917491E-16,4.5));
#6725=CARTESIAN_POINT('',(5.71057978946032,12.2,4.5));
#6726=CARTESIAN_POINT('',(-3.58031147352399E-15,12.2,4.5));
#6727=CARTESIAN_POINT('',(5.71057978946033,1.44617179886358E-15,4.5));
#6728=CARTESIAN_POINT('',(9.3,13.0869587401015,4.5));
#6729=CARTESIAN_POINT('',(9.3,0.,4.5));
#6730=CARTESIAN_POINT('',(9.02574674974178,23.6,4.5));
#6731=CARTESIAN_POINT('',(9.63484213127815,0.251343707772475,4.5));
#6732=CARTESIAN_POINT('',(-4.09394740330527E-15,23.6,4.5));
#6733=CARTESIAN_POINT('',(-6.11164660811414,12.6,4.5));
#6734=CARTESIAN_POINT('',(-6.11164660811414,13.7,4.5));
#6735=CARTESIAN_POINT('',(-6.11164660811414,-7.73869842917491E-16,4.5));
#6736=CARTESIAN_POINT('',(5.71057978946032,13.7,4.5));
#6737=CARTESIAN_POINT('',(-4.0205137038753E-15,13.7,4.5));
#6738=CARTESIAN_POINT('',(5.71057978946032,12.6,4.5));
#6739=CARTESIAN_POINT('',(5.71057978946033,1.44617179886358E-15,4.5));
#6740=CARTESIAN_POINT('',(-3.69769873495101E-15,12.6,4.5));
#6741=CARTESIAN_POINT('',(-6.11164660811414,14.1,4.5));
#6742=CARTESIAN_POINT('',(-6.11164660811414,15.2,4.5));
#6743=CARTESIAN_POINT('',(-6.11164660811414,-7.73869842917491E-16,4.5));
#6744=CARTESIAN_POINT('',(5.71057978946032,15.2,4.5));
#6745=CARTESIAN_POINT('',(-4.46071593422662E-15,15.2,4.5));
#6746=CARTESIAN_POINT('',(5.71057978946032,14.1,4.5));
#6747=CARTESIAN_POINT('',(5.71057978946033,1.44617179886358E-15,4.5));
#6748=CARTESIAN_POINT('',(-4.13790096530232E-15,14.1,4.5));
#6749=CARTESIAN_POINT('',(-6.11164660811414,15.6,4.5));
#6750=CARTESIAN_POINT('',(-6.11164660811414,16.7,4.5));
#6751=CARTESIAN_POINT('',(-6.11164660811414,-7.73869842917491E-16,4.5));
#6752=CARTESIAN_POINT('',(5.71057978946032,16.7,4.5));
#6753=CARTESIAN_POINT('',(-4.90091816457793E-15,16.7,4.5));
#6754=CARTESIAN_POINT('',(5.71057978946032,15.6,4.5));
#6755=CARTESIAN_POINT('',(5.71057978946033,1.44617179886358E-15,4.5));
#6756=CARTESIAN_POINT('',(-4.57810319565363E-15,15.6,4.5));
#6757=CARTESIAN_POINT('',(-6.11164660811414,17.1,4.5));
#6758=CARTESIAN_POINT('',(-6.11164660811414,18.2,4.5));
#6759=CARTESIAN_POINT('',(-6.11164660811414,-7.73869842917491E-16,4.5));
#6760=CARTESIAN_POINT('',(5.71057978946032,18.2,4.5));
#6761=CARTESIAN_POINT('',(-5.34112039492924E-15,18.2,4.5));
#6762=CARTESIAN_POINT('',(5.71057978946032,17.1,4.5));
#6763=CARTESIAN_POINT('',(5.71057978946033,1.44617179886358E-15,4.5));
#6764=CARTESIAN_POINT('',(-5.01830542600494E-15,17.1,4.5));
#6765=CARTESIAN_POINT('Origin',(3.11880242872939,-2.61698596766163,1.75));
#6766=CARTESIAN_POINT('',(16.8207111197267,13.7123129402322,1.25));
#6767=CARTESIAN_POINT('',(16.8207111197267,13.7123129402322,-1.25));
#6768=CARTESIAN_POINT('',(16.8207111197267,13.7123129402322,1.75));
#6769=CARTESIAN_POINT('',(17.1302222155949,14.0811739006809,1.25));
#6770=CARTESIAN_POINT('',(17.1302222155949,14.0811739006809,1.25));
#6771=CARTESIAN_POINT('',(17.1302222155949,14.0811739006809,-1.25));
#6772=CARTESIAN_POINT('',(17.1302222155949,14.0811739006809,1.75));
#6773=CARTESIAN_POINT('',(3.11880242872939,-2.61698596766163,-1.25));
#6774=CARTESIAN_POINT('Origin',(21.8,9.53419347726968,1.75));
#6775=CARTESIAN_POINT('',(15.3148479842558,9.97328724025124,-1.25));
#6776=CARTESIAN_POINT('Origin',(21.8,9.53419347726968,-1.25));
#6777=CARTESIAN_POINT('',(15.3148479842558,9.97328724025124,1.25));
#6778=CARTESIAN_POINT('Ctrl Pts',(15.3148479842558,9.97328724025124,-1.25));
#6779=CARTESIAN_POINT('Ctrl Pts',(15.3225838100829,10.0875407566651,-0.835014017637763));
#6780=CARTESIAN_POINT('Ctrl Pts',(15.32848953572,10.1421016205893,-0.408211251970417));
#6781=CARTESIAN_POINT('Ctrl Pts',(15.32848953572,10.1421016205893,0.408211251970417));
#6782=CARTESIAN_POINT('Ctrl Pts',(15.3225838100829,10.0875407566651,0.835014017637763));
#6783=CARTESIAN_POINT('Ctrl Pts',(15.3148479842558,9.97328724025124,1.25));
#6784=CARTESIAN_POINT('Origin',(21.8,9.53419347726968,1.25));
#6785=CARTESIAN_POINT('Origin',(21.8,9.53419347726968,1.75));
#6786=CARTESIAN_POINT('',(17.9697777844051,12.7481315257024,1.25));
#6787=CARTESIAN_POINT('',(16.8127167710258,9.89057248056845,1.25000000000008));
#6788=CARTESIAN_POINT('Origin',(21.8,9.53419347726968,1.25));
#6789=CARTESIAN_POINT('',(16.8127167710261,9.89057248057302,-1.2499999999838));
#6790=CARTESIAN_POINT('Ctrl Pts',(16.8127167710258,9.89057248056845,1.25000000000008));
#6791=CARTESIAN_POINT('Ctrl Pts',(16.8209370967981,10.0056103825818,0.839719000374439));
#6792=CARTESIAN_POINT('Ctrl Pts',(16.8279723205145,10.0623418981039,0.415196659667735));
#6793=CARTESIAN_POINT('Ctrl Pts',(16.8279723205145,10.0623418981039,-0.415196659662246));
#6794=CARTESIAN_POINT('Ctrl Pts',(16.8209370967983,10.0056103825833,-0.839719000363213));
#6795=CARTESIAN_POINT('Ctrl Pts',(16.8127167710261,9.89057248057302,-1.2499999999838));
#6796=CARTESIAN_POINT('',(17.9697777844051,12.7481315257024,-1.25));
#6797=CARTESIAN_POINT('Origin',(21.8,9.53419347726968,-1.25));
#6798=CARTESIAN_POINT('',(17.9697777844051,12.7481315257024,1.75));
#6799=CARTESIAN_POINT('Origin',(4.26786909340779,-3.58116738219141,1.75));
#6800=CARTESIAN_POINT('',(18.2792888802733,13.1169924861511,1.25));
#6801=CARTESIAN_POINT('',(18.2792888802733,13.1169924861511,-1.25));
#6802=CARTESIAN_POINT('',(18.2792888802733,13.1169924861511,1.75));
#6803=CARTESIAN_POINT('',(17.9697777844051,12.7481315257024,1.25));
#6804=CARTESIAN_POINT('',(4.26786909340779,-3.58116738219141,-1.25));
#6805=CARTESIAN_POINT('Origin',(13.3,17.2951119491136,1.75));
#6806=CARTESIAN_POINT('',(19.8,17.2951119491136,1.25));
#6807=CARTESIAN_POINT('',(19.8,17.2951119491136,-1.25));
#6808=CARTESIAN_POINT('',(19.8,17.2951119491136,1.75));
#6809=CARTESIAN_POINT('Origin',(13.3,17.2951119491136,1.25));
#6810=CARTESIAN_POINT('Origin',(13.3,17.2951119491136,-1.25));
#6811=CARTESIAN_POINT('Origin',(19.8,0.,1.75));
#6812=CARTESIAN_POINT('',(19.8,21.4680194846605,1.25));
#6813=CARTESIAN_POINT('',(19.8,21.4680194846605,-1.25));
#6814=CARTESIAN_POINT('',(19.8,21.4680194846605,1.75));
#6815=CARTESIAN_POINT('',(19.8,17.2951119491136,1.25));
#6816=CARTESIAN_POINT('',(19.8,0.,-1.25));
#6817=CARTESIAN_POINT('Origin',(17.55,21.4680194846605,1.75));
#6818=CARTESIAN_POINT('',(19.1409902576697,23.0590097423303,-1.25));
#6819=CARTESIAN_POINT('Origin',(17.55,21.4680194846605,-1.25));
#6820=CARTESIAN_POINT('',(19.1409902576697,23.0590097423303,1.25));
#6821=CARTESIAN_POINT('',(19.1409902576697,23.0590097423303,1.75));
#6822=CARTESIAN_POINT('Origin',(17.55,21.4680194846605,1.25));
#6823=CARTESIAN_POINT('Origin',(21.1,21.1,1.75));
#6824=CARTESIAN_POINT('',(18.2941608750401,23.9058391249599,1.25));
#6825=CARTESIAN_POINT('',(18.2941608750401,23.9058391249599,-1.25));
#6826=CARTESIAN_POINT('',(18.2941608750401,23.9058391249599,1.75));
#6827=CARTESIAN_POINT('',(19.1409902576697,23.0590097423303,1.25));
#6828=CARTESIAN_POINT('',(21.1,21.1,-1.25));
#6829=CARTESIAN_POINT('Origin',(16.7031706173703,22.3148488672902,1.75));
#6830=CARTESIAN_POINT('',(14.588862220602,23.0843941897729,1.25));
#6831=CARTESIAN_POINT('',(14.588862220602,23.0843941897729,-1.25));
#6832=CARTESIAN_POINT('',(14.588862220602,23.0843941897729,1.75));
#6833=CARTESIAN_POINT('Origin',(16.7031706173703,22.3148488672902,1.25));
#6834=CARTESIAN_POINT('Origin',(16.7031706173703,22.3148488672902,-1.25));
#6835=CARTESIAN_POINT('Origin',(5.46310824690839,-1.98840878844885,1.75));
#6836=CARTESIAN_POINT('',(11.0980567168498,13.4934848925058,1.25));
#6837=CARTESIAN_POINT('',(11.0980567168498,13.4934848925058,-1.25));
#6838=CARTESIAN_POINT('',(11.0980567168498,13.4934848925058,1.75));
#6839=CARTESIAN_POINT('',(14.588862220602,23.0843941897729,1.25));
#6840=CARTESIAN_POINT('',(5.46310824690839,-1.98840878844885,-1.25));
#6841=CARTESIAN_POINT('Origin',(10.3932872512604,13.75,1.75));
#6842=CARTESIAN_POINT('',(10.3932872512604,13.,1.25));
#6843=CARTESIAN_POINT('',(10.3932872512604,13.,-1.25));
#6844=CARTESIAN_POINT('',(10.3932872512604,13.,1.75));
#6845=CARTESIAN_POINT('Origin',(10.3932872512604,13.75,1.25));
#6846=CARTESIAN_POINT('Origin',(10.3932872512604,13.75,-1.25));
#6847=CARTESIAN_POINT('Origin',(0.,13.,1.75));
#6848=CARTESIAN_POINT('',(10.3932872512604,13.,1.25));
#6849=CARTESIAN_POINT('',(0.,13.,-1.25));
#6850=CARTESIAN_POINT('Origin',(0.,11.5,1.75));
#6851=CARTESIAN_POINT('',(10.3932872512604,11.5,1.25));
#6852=CARTESIAN_POINT('',(10.3932872512604,11.5,-1.25));
#6853=CARTESIAN_POINT('',(10.3932872512604,11.5,1.75));
#6854=CARTESIAN_POINT('',(10.3,11.5,1.25));
#6855=CARTESIAN_POINT('',(0.,11.5,-1.25));
#6856=CARTESIAN_POINT('Origin',(10.3932872512604,13.75,1.75));
#6857=CARTESIAN_POINT('',(12.5075956480287,12.9804546775173,1.25));
#6858=CARTESIAN_POINT('',(12.5075956480287,12.9804546775173,-1.25));
#6859=CARTESIAN_POINT('',(12.5075956480287,12.9804546775173,1.75));
#6860=CARTESIAN_POINT('Origin',(10.3932872512604,13.75,1.25));
#6861=CARTESIAN_POINT('Origin',(10.3932872512604,13.75,-1.25));
#6862=CARTESIAN_POINT('Origin',(6.87264717808725,-2.50143900343735,1.75));
#6863=CARTESIAN_POINT('',(15.9984011517809,22.5713639747845,1.25));
#6864=CARTESIAN_POINT('',(15.9984011517809,22.5713639747845,-1.25));
#6865=CARTESIAN_POINT('',(15.9984011517809,22.5713639747845,1.75));
#6866=CARTESIAN_POINT('',(12.5075956480287,12.9804546775173,1.25));
#6867=CARTESIAN_POINT('',(6.87264717808725,-2.50143900343735,-1.25));
#6868=CARTESIAN_POINT('Origin',(16.7031706173703,22.3148488672902,1.75));
#6869=CARTESIAN_POINT('',(17.2335007032602,22.8451789531801,1.25));
#6870=CARTESIAN_POINT('',(17.2335007032602,22.8451789531801,-1.25));
#6871=CARTESIAN_POINT('',(17.2335007032602,22.8451789531801,1.75));
#6872=CARTESIAN_POINT('Origin',(16.7031706173703,22.3148488672902,1.25));
#6873=CARTESIAN_POINT('Origin',(16.7031706173703,22.3148488672902,-1.25));
#6874=CARTESIAN_POINT('Origin',(20.0393398282201,20.0393398282202,1.75));
#6875=CARTESIAN_POINT('',(18.0803300858899,21.9983495705505,1.25));
#6876=CARTESIAN_POINT('',(18.0803300858899,21.9983495705505,-1.25));
#6877=CARTESIAN_POINT('',(18.0803300858899,21.9983495705505,1.75));
#6878=CARTESIAN_POINT('',(17.2335007032602,22.8451789531801,1.25));
#6879=CARTESIAN_POINT('',(20.0393398282201,20.0393398282202,-1.25));
#6880=CARTESIAN_POINT('Origin',(17.55,21.4680194846605,1.75));
#6881=CARTESIAN_POINT('',(18.3,21.4680194846605,1.25));
#6882=CARTESIAN_POINT('',(18.3,21.4680194846605,-1.25));
#6883=CARTESIAN_POINT('',(18.3,21.4680194846605,1.75));
#6884=CARTESIAN_POINT('Origin',(17.55,21.4680194846605,1.25));
#6885=CARTESIAN_POINT('Origin',(17.55,21.4680194846605,-1.25));
#6886=CARTESIAN_POINT('Origin',(18.3,-3.04300436469796E-14,1.75));
#6887=CARTESIAN_POINT('',(18.3,17.2951119491136,1.25));
#6888=CARTESIAN_POINT('',(18.3,17.2951119491136,-1.25));
#6889=CARTESIAN_POINT('',(18.3,17.2951119491136,1.75));
#6890=CARTESIAN_POINT('',(18.3,21.4680194846605,1.25));
#6891=CARTESIAN_POINT('',(18.3,-3.04300436469796E-14,-1.25));
#6892=CARTESIAN_POINT('Origin',(13.3,17.2951119491136,1.75));
#6893=CARTESIAN_POINT('Origin',(13.3,17.2951119491136,1.25));
#6894=CARTESIAN_POINT('Origin',(13.3,17.2951119491136,-1.25));
#6895=CARTESIAN_POINT('Origin',(0.,0.,1.75));
#6896=CARTESIAN_POINT('',(16.3041401444288,9.74755806646156,1.75));
#6897=CARTESIAN_POINT('',(15.8048833141595,9.77621811063667,1.75));
#6898=CARTESIAN_POINT('Ctrl Pts',(16.3041401444288,9.74755806646156,1.75));
#6899=CARTESIAN_POINT('Ctrl Pts',(16.0553413381867,9.76184719970266,1.75));
#6900=CARTESIAN_POINT('Ctrl Pts',(15.8048833141595,9.77621811063667,1.75));
#6901=CARTESIAN_POINT('',(17.5867555628456,13.0695253305457,1.75));
#6902=CARTESIAN_POINT('Origin',(21.8,9.53419347726968,1.75));
#6903=CARTESIAN_POINT('',(17.8962666587139,13.4383862909944,1.75));
#6904=CARTESIAN_POINT('',(17.8962666587139,13.4383862909944,1.75));
#6905=CARTESIAN_POINT('',(19.3,17.2951119491136,1.75));
#6906=CARTESIAN_POINT('Origin',(13.3,17.2951119491136,1.75));
#6907=CARTESIAN_POINT('',(19.3,21.4680194846605,1.75));
#6908=CARTESIAN_POINT('',(19.3,21.4680194846605,1.75));
#6909=CARTESIAN_POINT('',(18.7874368670765,22.705456351737,1.75));
#6910=CARTESIAN_POINT('Origin',(17.55,21.4680194846605,1.75));
#6911=CARTESIAN_POINT('',(17.9406074844468,23.5522857343667,1.75));
#6912=CARTESIAN_POINT('',(17.9406074844468,23.5522857343667,1.75));
#6913=CARTESIAN_POINT('',(15.058708530995,22.9133841181101,1.75));
#6914=CARTESIAN_POINT('Origin',(16.7031706173703,22.3148488672902,1.75));
#6915=CARTESIAN_POINT('',(11.5679030272428,13.3224748208429,1.75));
#6916=CARTESIAN_POINT('',(11.5679030272428,13.3224748208429,1.75));
#6917=CARTESIAN_POINT('',(10.3932872512604,12.5,1.75));
#6918=CARTESIAN_POINT('Origin',(10.3932872512604,13.75,1.75));
#6919=CARTESIAN_POINT('',(10.3,12.5,1.75));
#6920=CARTESIAN_POINT('',(10.3932872512604,12.,1.75));
#6921=CARTESIAN_POINT('',(10.3932872512604,12.,1.75));
#6922=CARTESIAN_POINT('',(12.0377493376357,13.1514647491801,1.75));
#6923=CARTESIAN_POINT('Origin',(10.3932872512604,13.75,1.75));
#6924=CARTESIAN_POINT('',(15.5285548413879,22.7423740464473,1.75));
#6925=CARTESIAN_POINT('',(15.5285548413879,22.7423740464473,1.75));
#6926=CARTESIAN_POINT('',(17.5870540938535,23.1987323437734,1.75));
#6927=CARTESIAN_POINT('Origin',(16.7031706173703,22.3148488672902,1.75));
#6928=CARTESIAN_POINT('',(18.4338834764832,22.3519029611437,1.75));
#6929=CARTESIAN_POINT('',(18.4338834764832,22.3519029611437,1.75));
#6930=CARTESIAN_POINT('',(18.8,21.4680194846605,1.75));
#6931=CARTESIAN_POINT('Origin',(17.55,21.4680194846605,1.75));
#6932=CARTESIAN_POINT('',(18.8,17.2951119491136,1.75));
#6933=CARTESIAN_POINT('',(18.8,17.2951119491136,1.75));
#6934=CARTESIAN_POINT('',(17.5132444371544,13.7597800958377,1.75));
#6935=CARTESIAN_POINT('Origin',(13.3,17.2951119491136,1.75));
#6936=CARTESIAN_POINT('',(17.2037333412861,13.3909191353889,1.75));
#6937=CARTESIAN_POINT('',(17.2037333412861,13.3909191353889,1.75));
#6938=CARTESIAN_POINT('Origin',(21.8,9.53419347726968,1.75));
#6939=CARTESIAN_POINT('Origin',(0.,0.,-1.75));
#6940=CARTESIAN_POINT('',(17.5867555628456,13.0695253305457,-1.75));
#6941=CARTESIAN_POINT('',(16.3041401444288,9.74755806646156,-1.75));
#6942=CARTESIAN_POINT('Origin',(21.8,9.53419347726968,-1.75));
#6943=CARTESIAN_POINT('',(15.8048833141595,9.77621811063667,-1.75));
#6944=CARTESIAN_POINT('Ctrl Pts',(16.3041401444288,9.74755806646156,-1.75));
#6945=CARTESIAN_POINT('Ctrl Pts',(16.0553413381867,9.76184719970266,-1.75));
#6946=CARTESIAN_POINT('Ctrl Pts',(15.8048833141595,9.77621811063667,-1.75));
#6947=CARTESIAN_POINT('',(17.2037333412861,13.3909191353889,-1.75));
#6948=CARTESIAN_POINT('Origin',(21.8,9.53419347726968,-1.75));
#6949=CARTESIAN_POINT('',(17.5132444371544,13.7597800958377,-1.75));
#6950=CARTESIAN_POINT('',(3.50182465028888,-2.9383797725049,-1.75));
#6951=CARTESIAN_POINT('',(18.8,17.2951119491136,-1.75));
#6952=CARTESIAN_POINT('Origin',(13.3,17.2951119491136,-1.75));
#6953=CARTESIAN_POINT('',(18.8,21.4680194846605,-1.75));
#6954=CARTESIAN_POINT('',(18.8,-3.12614656045473E-14,-1.75));
#6955=CARTESIAN_POINT('',(18.4338834764832,22.3519029611437,-1.75));
#6956=CARTESIAN_POINT('Origin',(17.55,21.4680194846605,-1.75));
#6957=CARTESIAN_POINT('',(17.5870540938535,23.1987323437734,-1.75));
#6958=CARTESIAN_POINT('',(20.3928932188134,20.3928932188135,-1.75));
#6959=CARTESIAN_POINT('',(15.5285548413879,22.7423740464473,-1.75));
#6960=CARTESIAN_POINT('Origin',(16.7031706173703,22.3148488672902,-1.75));
#6961=CARTESIAN_POINT('',(12.0377493376357,13.1514647491801,-1.75));
#6962=CARTESIAN_POINT('',(6.4028008676943,-2.33042893177451,-1.75));
#6963=CARTESIAN_POINT('',(10.3932872512604,12.,-1.75));
#6964=CARTESIAN_POINT('Origin',(10.3932872512604,13.75,-1.75));
#6965=CARTESIAN_POINT('',(0.,12.,-1.75));
#6966=CARTESIAN_POINT('',(10.3932872512604,12.5,-1.75));
#6967=CARTESIAN_POINT('',(0.,12.5,-1.75));
#6968=CARTESIAN_POINT('',(11.5679030272428,13.3224748208429,-1.75));
#6969=CARTESIAN_POINT('Origin',(10.3932872512604,13.75,-1.75));
#6970=CARTESIAN_POINT('',(15.058708530995,22.9133841181101,-1.75));
#6971=CARTESIAN_POINT('',(5.93295455730134,-2.15941886011168,-1.75));
#6972=CARTESIAN_POINT('',(17.9406074844468,23.5522857343667,-1.75));
#6973=CARTESIAN_POINT('Origin',(16.7031706173703,22.3148488672902,-1.75));
#6974=CARTESIAN_POINT('',(18.7874368670765,22.705456351737,-1.75));
#6975=CARTESIAN_POINT('',(20.7464466094068,20.7464466094067,-1.75));
#6976=CARTESIAN_POINT('',(19.3,21.4680194846605,-1.75));
#6977=CARTESIAN_POINT('Origin',(17.55,21.4680194846605,-1.75));
#6978=CARTESIAN_POINT('',(19.3,17.2951119491136,-1.75));
#6979=CARTESIAN_POINT('',(19.3,0.,-1.75));
#6980=CARTESIAN_POINT('',(17.8962666587139,13.4383862909944,-1.75));
#6981=CARTESIAN_POINT('Origin',(13.3,17.2951119491136,-1.75));
#6982=CARTESIAN_POINT('',(3.8848468718483,-3.25977357734814,-1.75));
#6983=CARTESIAN_POINT('Origin',(-6.11164660811414,-7.73869842917491E-16,
5.));
#6984=CARTESIAN_POINT('',(-6.11164660811414,17.1,5.));
#6985=CARTESIAN_POINT('',(-6.11164660811414,17.1,5.));
#6986=CARTESIAN_POINT('',(-6.11164660811414,18.2,5.));
#6987=CARTESIAN_POINT('',(-6.11164660811414,-7.73869842917491E-16,5.));
#6988=CARTESIAN_POINT('',(-6.11164660811414,18.2,5.));
#6989=CARTESIAN_POINT('Origin',(-5.01830542600494E-15,17.1,5.));
#6990=CARTESIAN_POINT('',(5.71057978946032,17.1,5.));
#6991=CARTESIAN_POINT('',(5.71057978946032,17.1,5.));
#6992=CARTESIAN_POINT('',(-5.01830542600494E-15,17.1,5.));
#6993=CARTESIAN_POINT('Origin',(5.71057978946033,1.44617179886358E-15,5.));
#6994=CARTESIAN_POINT('',(5.71057978946032,18.2,5.));
#6995=CARTESIAN_POINT('',(5.71057978946032,18.2,5.));
#6996=CARTESIAN_POINT('',(5.71057978946033,1.44617179886358E-15,5.));
#6997=CARTESIAN_POINT('Origin',(-5.34112039492924E-15,18.2,5.));
#6998=CARTESIAN_POINT('',(-5.34112039492924E-15,18.2,5.));
#6999=CARTESIAN_POINT('Origin',(0.,0.,5.));
#7000=CARTESIAN_POINT('Origin',(-6.11164660811414,-7.73869842917491E-16,
5.));
#7001=CARTESIAN_POINT('',(-6.11164660811414,15.6,5.));
#7002=CARTESIAN_POINT('',(-6.11164660811414,15.6,5.));
#7003=CARTESIAN_POINT('',(-6.11164660811414,16.7,5.));
#7004=CARTESIAN_POINT('',(-6.11164660811414,-7.73869842917491E-16,5.));
#7005=CARTESIAN_POINT('',(-6.11164660811414,16.7,5.));
#7006=CARTESIAN_POINT('Origin',(-4.57810319565363E-15,15.6,5.));
#7007=CARTESIAN_POINT('',(5.71057978946032,15.6,5.));
#7008=CARTESIAN_POINT('',(5.71057978946032,15.6,5.));
#7009=CARTESIAN_POINT('',(-4.57810319565363E-15,15.6,5.));
#7010=CARTESIAN_POINT('Origin',(5.71057978946033,1.44617179886358E-15,5.));
#7011=CARTESIAN_POINT('',(5.71057978946032,16.7,5.));
#7012=CARTESIAN_POINT('',(5.71057978946032,16.7,5.));
#7013=CARTESIAN_POINT('',(5.71057978946033,1.44617179886358E-15,5.));
#7014=CARTESIAN_POINT('Origin',(-4.90091816457793E-15,16.7,5.));
#7015=CARTESIAN_POINT('',(-4.90091816457793E-15,16.7,5.));
#7016=CARTESIAN_POINT('Origin',(0.,0.,5.));
#7017=CARTESIAN_POINT('Origin',(-6.11164660811414,-7.73869842917491E-16,
5.));
#7018=CARTESIAN_POINT('',(-6.11164660811414,14.1,5.));
#7019=CARTESIAN_POINT('',(-6.11164660811414,14.1,5.));
#7020=CARTESIAN_POINT('',(-6.11164660811414,15.2,5.));
#7021=CARTESIAN_POINT('',(-6.11164660811414,-7.73869842917491E-16,5.));
#7022=CARTESIAN_POINT('',(-6.11164660811414,15.2,5.));
#7023=CARTESIAN_POINT('Origin',(-4.13790096530232E-15,14.1,5.));
#7024=CARTESIAN_POINT('',(5.71057978946032,14.1,5.));
#7025=CARTESIAN_POINT('',(5.71057978946032,14.1,5.));
#7026=CARTESIAN_POINT('',(-4.13790096530232E-15,14.1,5.));
#7027=CARTESIAN_POINT('Origin',(5.71057978946033,1.44617179886358E-15,5.));
#7028=CARTESIAN_POINT('',(5.71057978946032,15.2,5.));
#7029=CARTESIAN_POINT('',(5.71057978946032,15.2,5.));
#7030=CARTESIAN_POINT('',(5.71057978946033,1.44617179886358E-15,5.));
#7031=CARTESIAN_POINT('Origin',(-4.46071593422662E-15,15.2,5.));
#7032=CARTESIAN_POINT('',(-4.46071593422662E-15,15.2,5.));
#7033=CARTESIAN_POINT('Origin',(0.,0.,5.));
#7034=CARTESIAN_POINT('Origin',(-6.11164660811414,-7.73869842917491E-16,
5.));
#7035=CARTESIAN_POINT('',(-6.11164660811414,12.6,5.));
#7036=CARTESIAN_POINT('',(-6.11164660811414,12.6,5.));
#7037=CARTESIAN_POINT('',(-6.11164660811414,13.7,5.));
#7038=CARTESIAN_POINT('',(-6.11164660811414,-7.73869842917491E-16,5.));
#7039=CARTESIAN_POINT('',(-6.11164660811414,13.7,5.));
#7040=CARTESIAN_POINT('Origin',(-3.69769873495101E-15,12.6,5.));
#7041=CARTESIAN_POINT('',(5.71057978946032,12.6,5.));
#7042=CARTESIAN_POINT('',(5.71057978946032,12.6,5.));
#7043=CARTESIAN_POINT('',(-3.69769873495101E-15,12.6,5.));
#7044=CARTESIAN_POINT('Origin',(5.71057978946033,1.44617179886358E-15,5.));
#7045=CARTESIAN_POINT('',(5.71057978946032,13.7,5.));
#7046=CARTESIAN_POINT('',(5.71057978946032,13.7,5.));
#7047=CARTESIAN_POINT('',(5.71057978946033,1.44617179886358E-15,5.));
#7048=CARTESIAN_POINT('Origin',(-4.0205137038753E-15,13.7,5.));
#7049=CARTESIAN_POINT('',(-4.0205137038753E-15,13.7,5.));
#7050=CARTESIAN_POINT('Origin',(0.,0.,5.));
#7051=CARTESIAN_POINT('Origin',(-3.58031147352399E-15,12.2,5.));
#7052=CARTESIAN_POINT('',(-6.11164660811414,12.2,5.));
#7053=CARTESIAN_POINT('',(-6.11164660811414,12.2,5.));
#7054=CARTESIAN_POINT('',(5.71057978946032,12.2,5.));
#7055=CARTESIAN_POINT('',(-3.58031147352399E-15,12.2,5.));
#7056=CARTESIAN_POINT('',(5.71057978946032,12.2,5.));
#7057=CARTESIAN_POINT('Origin',(-6.11164660811414,-7.73869842917491E-16,
5.));
#7058=CARTESIAN_POINT('',(-6.11164660811414,-7.73869842917491E-16,5.));
#7059=CARTESIAN_POINT('Origin',(5.71057978946033,1.44617179886358E-15,5.));
#7060=CARTESIAN_POINT('',(5.71057978946033,1.44617179886358E-15,5.));
#7061=CARTESIAN_POINT('Origin',(0.,0.,5.));
#7062=CARTESIAN_POINT('Origin',(-5.01830542600494E-15,17.1,-5.));
#7063=CARTESIAN_POINT('',(-6.11164660811414,17.1,-5.));
#7064=CARTESIAN_POINT('',(-6.11164660811414,17.1,-5.));
#7065=CARTESIAN_POINT('',(5.71057978946032,17.1,-5.));
#7066=CARTESIAN_POINT('',(-5.01830542600494E-15,17.1,-5.));
#7067=CARTESIAN_POINT('',(5.71057978946032,17.1,-5.));
#7068=CARTESIAN_POINT('Origin',(-6.11164660811414,-7.73869842917491E-16,
-5.));
#7069=CARTESIAN_POINT('',(-6.11164660811414,18.2,-5.));
#7070=CARTESIAN_POINT('',(-6.11164660811414,18.2,-5.));
#7071=CARTESIAN_POINT('',(-6.11164660811414,-7.73869842917491E-16,-5.));
#7072=CARTESIAN_POINT('Origin',(-5.34112039492924E-15,18.2,-5.));
#7073=CARTESIAN_POINT('',(5.71057978946032,18.2,-5.));
#7074=CARTESIAN_POINT('',(5.71057978946032,18.2,-5.));
#7075=CARTESIAN_POINT('',(-5.34112039492924E-15,18.2,-5.));
#7076=CARTESIAN_POINT('Origin',(5.71057978946033,1.44617179886358E-15,-5.));
#7077=CARTESIAN_POINT('',(5.71057978946033,1.44617179886358E-15,-5.));
#7078=CARTESIAN_POINT('Origin',(0.,0.,-5.));
#7079=CARTESIAN_POINT('Origin',(-6.11164660811414,-7.73869842917491E-16,
-5.));
#7080=CARTESIAN_POINT('',(-6.11164660811414,16.7,-5.));
#7081=CARTESIAN_POINT('',(-6.11164660811414,16.7,-5.));
#7082=CARTESIAN_POINT('',(-6.11164660811414,15.6,-5.));
#7083=CARTESIAN_POINT('',(-6.11164660811414,-7.73869842917491E-16,-5.));
#7084=CARTESIAN_POINT('',(-6.11164660811414,15.6,-5.));
#7085=CARTESIAN_POINT('Origin',(-4.90091816457793E-15,16.7,-5.));
#7086=CARTESIAN_POINT('',(5.71057978946032,16.7,-5.));
#7087=CARTESIAN_POINT('',(5.71057978946032,16.7,-5.));
#7088=CARTESIAN_POINT('',(-4.90091816457793E-15,16.7,-5.));
#7089=CARTESIAN_POINT('Origin',(5.71057978946033,1.44617179886358E-15,-5.));
#7090=CARTESIAN_POINT('',(5.71057978946032,15.6,-5.));
#7091=CARTESIAN_POINT('',(5.71057978946032,15.6,-5.));
#7092=CARTESIAN_POINT('',(5.71057978946033,1.44617179886358E-15,-5.));
#7093=CARTESIAN_POINT('Origin',(-4.57810319565363E-15,15.6,-5.));
#7094=CARTESIAN_POINT('',(-4.57810319565363E-15,15.6,-5.));
#7095=CARTESIAN_POINT('Origin',(0.,0.,-5.));
#7096=CARTESIAN_POINT('Origin',(-6.11164660811414,-7.73869842917491E-16,
-5.));
#7097=CARTESIAN_POINT('',(-6.11164660811414,15.2,-5.));
#7098=CARTESIAN_POINT('',(-6.11164660811414,15.2,-5.));
#7099=CARTESIAN_POINT('',(-6.11164660811414,14.1,-5.));
#7100=CARTESIAN_POINT('',(-6.11164660811414,-7.73869842917491E-16,-5.));
#7101=CARTESIAN_POINT('',(-6.11164660811414,14.1,-5.));
#7102=CARTESIAN_POINT('Origin',(-4.46071593422662E-15,15.2,-5.));
#7103=CARTESIAN_POINT('',(5.71057978946032,15.2,-5.));
#7104=CARTESIAN_POINT('',(5.71057978946032,15.2,-5.));
#7105=CARTESIAN_POINT('',(-4.46071593422662E-15,15.2,-5.));
#7106=CARTESIAN_POINT('Origin',(5.71057978946033,1.44617179886358E-15,-5.));
#7107=CARTESIAN_POINT('',(5.71057978946032,14.1,-5.));
#7108=CARTESIAN_POINT('',(5.71057978946032,14.1,-5.));
#7109=CARTESIAN_POINT('',(5.71057978946033,1.44617179886358E-15,-5.));
#7110=CARTESIAN_POINT('Origin',(-4.13790096530232E-15,14.1,-5.));
#7111=CARTESIAN_POINT('',(-4.13790096530232E-15,14.1,-5.));
#7112=CARTESIAN_POINT('Origin',(0.,0.,-5.));
#7113=CARTESIAN_POINT('Origin',(-6.11164660811414,-7.73869842917491E-16,
-5.));
#7114=CARTESIAN_POINT('',(-6.11164660811414,13.7,-5.));
#7115=CARTESIAN_POINT('',(-6.11164660811414,13.7,-5.));
#7116=CARTESIAN_POINT('',(-6.11164660811414,12.6,-5.));
#7117=CARTESIAN_POINT('',(-6.11164660811414,-7.73869842917491E-16,-5.));
#7118=CARTESIAN_POINT('',(-6.11164660811414,12.6,-5.));
#7119=CARTESIAN_POINT('Origin',(-4.0205137038753E-15,13.7,-5.));
#7120=CARTESIAN_POINT('',(5.71057978946032,13.7,-5.));
#7121=CARTESIAN_POINT('',(5.71057978946032,13.7,-5.));
#7122=CARTESIAN_POINT('',(-4.0205137038753E-15,13.7,-5.));
#7123=CARTESIAN_POINT('Origin',(5.71057978946033,1.44617179886358E-15,-5.));
#7124=CARTESIAN_POINT('',(5.71057978946032,12.6,-5.));
#7125=CARTESIAN_POINT('',(5.71057978946032,12.6,-5.));
#7126=CARTESIAN_POINT('',(5.71057978946033,1.44617179886358E-15,-5.));
#7127=CARTESIAN_POINT('Origin',(-3.69769873495101E-15,12.6,-5.));
#7128=CARTESIAN_POINT('',(-3.69769873495101E-15,12.6,-5.));
#7129=CARTESIAN_POINT('Origin',(0.,0.,-5.));
#7130=CARTESIAN_POINT('Origin',(-6.11164660811414,-7.73869842917491E-16,
-5.));
#7131=CARTESIAN_POINT('',(-6.11164660811414,12.2,-5.));
#7132=CARTESIAN_POINT('',(-6.11164660811414,12.2,-5.));
#7133=CARTESIAN_POINT('',(-6.11164660811414,-7.73869842917491E-16,-5.));
#7134=CARTESIAN_POINT('Origin',(-3.58031147352399E-15,12.2,-5.));
#7135=CARTESIAN_POINT('',(5.71057978946032,12.2,-5.));
#7136=CARTESIAN_POINT('',(5.71057978946032,12.2,-5.));
#7137=CARTESIAN_POINT('',(-3.58031147352399E-15,12.2,-5.));
#7138=CARTESIAN_POINT('Origin',(5.71057978946033,1.44617179886358E-15,-5.));
#7139=CARTESIAN_POINT('',(5.71057978946033,1.44617179886358E-15,-5.));
#7140=CARTESIAN_POINT('Origin',(0.,0.,-5.));
#7141=CARTESIAN_POINT('Origin',(-9.3,13.0869587401016,4.5));
#7142=CARTESIAN_POINT('Origin',(-9.3,13.0869587401016,3.5));
#7143=CARTESIAN_POINT('Origin',(-9.3,13.0869587401016,-3.5));
#7144=CARTESIAN_POINT('Origin',(-9.63484213127815,0.251343707772472,3.5));
#7145=CARTESIAN_POINT('Origin',(-9.3,13.0869587401016,3.5));
#7146=CARTESIAN_POINT('Origin',(-9.02574674974178,23.6,3.5));
#7147=CARTESIAN_POINT('Origin',(-9.02574674974178,23.6,4.5));
#7148=CARTESIAN_POINT('Origin',(-9.02574674974178,23.6,-3.5));
#7149=CARTESIAN_POINT('Origin',(-9.02574674974178,23.6,3.5));
#7150=CARTESIAN_POINT('Origin',(-9.63484213127815,0.251343707772472,-3.5));
#7151=CARTESIAN_POINT('Origin',(-9.3,13.0869587401016,-3.5));
#7152=CARTESIAN_POINT('Origin',(-9.02574674974178,23.6,-3.5));
#7153=CARTESIAN_POINT('Origin',(-9.02574674974178,23.6,3.5));
#7154=CARTESIAN_POINT('Origin',(-9.02574674974178,23.6,3.5));
#7155=CARTESIAN_POINT('Origin',(-9.02574674974178,23.6,-3.5));
#7156=CARTESIAN_POINT('Origin',(-9.02574674974178,23.6,-3.5));
#7157=CARTESIAN_POINT('Origin',(9.3,13.0869587401016,4.5));
#7158=CARTESIAN_POINT('Origin',(9.3,13.0869587401016,-3.5));
#7159=CARTESIAN_POINT('Origin',(9.3,13.0869587401016,3.5));
#7160=CARTESIAN_POINT('Origin',(9.63484213127815,0.251343707772475,3.5));
#7161=CARTESIAN_POINT('Origin',(9.3,13.0869587401016,3.5));
#7162=CARTESIAN_POINT('Origin',(9.02574674974178,23.6,3.5));
#7163=CARTESIAN_POINT('Origin',(-4.09394740330527E-15,23.6,3.5));
#7164=CARTESIAN_POINT('Origin',(9.02574674974178,23.6,3.5));
#7165=CARTESIAN_POINT('Origin',(-4.09394740330527E-15,23.6,-3.5));
#7166=CARTESIAN_POINT('Origin',(9.02574674974177,23.6,-3.5));
#7167=CARTESIAN_POINT('Origin',(9.63484213127815,0.251343707772475,-3.5));
#7168=CARTESIAN_POINT('Origin',(9.3,13.0869587401016,-3.5));
#7169=CARTESIAN_POINT('Origin',(9.02574674974178,23.6,-3.5));
#7170=CARTESIAN_POINT('Origin',(9.02574674974178,23.6,3.5));
#7171=CARTESIAN_POINT('Origin',(9.02574674974178,23.6,3.5));
#7172=CARTESIAN_POINT('Origin',(9.02574674974178,23.6,-3.5));
#7173=CARTESIAN_POINT('Origin',(9.02574674974178,23.6,-3.5));
#7174=CARTESIAN_POINT('Origin',(9.02574674974178,23.6,4.5));
#7175=CARTESIAN_POINT('Origin',(-9.3,0.,3.5));
#7176=CARTESIAN_POINT('Origin',(-9.3,13.0869587401015,3.5));
#7177=CARTESIAN_POINT('Origin',(-9.3,13.0869587401016,3.5));
#7178=CARTESIAN_POINT('Origin',(-9.3,0.,-3.5));
#7179=CARTESIAN_POINT('Origin',(-9.3,13.0869587401015,-3.5));
#7180=CARTESIAN_POINT('Origin',(-9.3,13.0869587401016,-3.5));
#7181=CARTESIAN_POINT('Origin',(9.3,0.,-3.5));
#7182=CARTESIAN_POINT('Origin',(9.3,13.0869587401015,-3.5));
#7183=CARTESIAN_POINT('Origin',(9.3,13.0869587401016,-3.5));
#7184=CARTESIAN_POINT('Origin',(9.3,0.,3.5));
#7185=CARTESIAN_POINT('Origin',(9.3,13.0869587401015,3.5));
#7186=CARTESIAN_POINT('Origin',(9.3,13.0869587401016,3.5));
#7187=CARTESIAN_POINT('Origin',(21.8,9.53419347726968,1.25));
#7188=CARTESIAN_POINT('Ctrl Pts',(16.8127167710258,9.89057248056845,1.25000000000008));
#7189=CARTESIAN_POINT('Ctrl Pts',(16.8114829189275,9.87330555457151,1.3115822397185));
#7190=CARTESIAN_POINT('Ctrl Pts',(16.7988933785278,9.85543527183848,1.37246972686013));
#7191=CARTESIAN_POINT('Ctrl Pts',(16.7500635920087,9.81878718636374,1.49334312033864));
#7192=CARTESIAN_POINT('Ctrl Pts',(16.7115264670081,9.80034518348605,1.5517799068157));
#7193=CARTESIAN_POINT('Ctrl Pts',(16.6161676318271,9.77060703817926,1.64694227347186));
#7194=CARTESIAN_POINT('Ctrl Pts',(16.561362597605,9.75916207869081,1.68420374364419));
#7195=CARTESIAN_POINT('Ctrl Pts',(16.443168951296,9.74603279769293,1.7342578102741));
#7196=CARTESIAN_POINT('Ctrl Pts',(16.3819439906088,9.7439747575488,1.74782630299696));
#7197=CARTESIAN_POINT('Ctrl Pts',(16.3144473483692,9.7469985942712,1.74992019341427));
#7198=CARTESIAN_POINT('Ctrl Pts',(16.3092903295576,9.74726227854107,1.75));
#7199=CARTESIAN_POINT('Ctrl Pts',(16.3041401444288,9.74755806646157,1.75));
#7200=CARTESIAN_POINT('Origin',(17.5867555628456,13.0695253305457,1.25));
#7201=CARTESIAN_POINT('Origin',(3.8848468718483,-3.25977357734814,1.25));
#7202=CARTESIAN_POINT('Origin',(17.8962666587139,13.4383862909944,1.25));
#7203=CARTESIAN_POINT('Origin',(13.3,17.2951119491136,1.25));
#7204=CARTESIAN_POINT('Origin',(19.3,17.2951119491136,1.25));
#7205=CARTESIAN_POINT('Origin',(19.3,0.,1.25));
#7206=CARTESIAN_POINT('Origin',(19.3,21.4680194846605,1.25));
#7207=CARTESIAN_POINT('Origin',(17.55,21.4680194846605,1.25));
#7208=CARTESIAN_POINT('Origin',(18.7874368670765,22.705456351737,1.25));
#7209=CARTESIAN_POINT('Origin',(20.7464466094068,20.7464466094067,1.25));
#7210=CARTESIAN_POINT('Origin',(17.9406074844468,23.5522857343667,1.25));
#7211=CARTESIAN_POINT('Origin',(16.7031706173703,22.3148488672902,1.25));
#7212=CARTESIAN_POINT('Origin',(15.058708530995,22.9133841181101,1.25));
#7213=CARTESIAN_POINT('Origin',(5.93295455730134,-2.15941886011168,1.25));
#7214=CARTESIAN_POINT('Origin',(11.5679030272428,13.3224748208429,1.25));
#7215=CARTESIAN_POINT('Origin',(10.3932872512604,13.75,1.25));
#7216=CARTESIAN_POINT('Origin',(10.3932872512604,12.5,1.25));
#7217=CARTESIAN_POINT('Origin',(0.,12.5,1.25));
#7218=CARTESIAN_POINT('Origin',(0.,12.5,-1.25));
#7219=CARTESIAN_POINT('Origin',(10.3932872512604,12.5,-1.25));
#7220=CARTESIAN_POINT('Origin',(10.3932872512604,13.75,-1.25));
#7221=CARTESIAN_POINT('Origin',(11.5679030272428,13.3224748208429,-1.25));
#7222=CARTESIAN_POINT('Origin',(5.93295455730134,-2.15941886011168,-1.25));
#7223=CARTESIAN_POINT('Origin',(15.058708530995,22.9133841181101,-1.25));
#7224=CARTESIAN_POINT('Origin',(16.7031706173703,22.3148488672902,-1.25));
#7225=CARTESIAN_POINT('Origin',(17.9406074844468,23.5522857343667,-1.25));
#7226=CARTESIAN_POINT('Origin',(20.7464466094068,20.7464466094067,-1.25));
#7227=CARTESIAN_POINT('Origin',(18.7874368670765,22.705456351737,-1.25));
#7228=CARTESIAN_POINT('Origin',(17.55,21.4680194846605,-1.25));
#7229=CARTESIAN_POINT('Origin',(19.3,21.4680194846605,-1.25));
#7230=CARTESIAN_POINT('Origin',(19.3,0.,-1.25));
#7231=CARTESIAN_POINT('Origin',(19.3,17.2951119491136,-1.25));
#7232=CARTESIAN_POINT('Origin',(13.3,17.2951119491136,-1.25));
#7233=CARTESIAN_POINT('Origin',(17.8962666587139,13.4383862909944,-1.25));
#7234=CARTESIAN_POINT('Origin',(3.8848468718483,-3.25977357734814,-1.25));
#7235=CARTESIAN_POINT('Origin',(17.5867555628456,13.0695253305457,-1.25));
#7236=CARTESIAN_POINT('Origin',(21.8,9.53419347726968,-1.25));
#7237=CARTESIAN_POINT('Ctrl Pts',(16.3041401444288,9.74755806646157,-1.75));
#7238=CARTESIAN_POINT('Ctrl Pts',(16.3644657801663,9.74409341540505,-1.74999999999999));
#7239=CARTESIAN_POINT('Ctrl Pts',(16.4241690143394,9.74515986100421,-1.73906920694507));
#7240=CARTESIAN_POINT('Ctrl Pts',(16.5391794520672,9.75579035531954,-1.69596838279793));
#7241=CARTESIAN_POINT('Ctrl Pts',(16.5927359428202,9.76552503264877,-1.66353062214186));
#7242=CARTESIAN_POINT('Ctrl Pts',(16.6889344314125,9.79184231589188,-1.57876547985926));
#7243=CARTESIAN_POINT('Ctrl Pts',(16.7295635354863,9.80867137073992,-1.52570118248101));
#7244=CARTESIAN_POINT('Ctrl Pts',(16.7897578874023,9.84561739873739,-1.40540038430106));
#7245=CARTESIAN_POINT('Ctrl Pts',(16.8078867004285,9.86564454289913,-1.338180513124));
#7246=CARTESIAN_POINT('Ctrl Pts',(16.812328602826,9.88691165429187,-1.26302620513092));
#7247=CARTESIAN_POINT('Ctrl Pts',(16.8125862767314,9.88874630113449,-1.2565130423153));
#7248=CARTESIAN_POINT('Ctrl Pts',(16.8127167710261,9.89057248057302,-1.2499999999838));
#7249=CARTESIAN_POINT('Origin',(21.8,9.53419347726968,1.25));
#7250=CARTESIAN_POINT('Ctrl Pts',(15.8048833141595,9.77621811063667,1.75));
#7251=CARTESIAN_POINT('Ctrl Pts',(15.7496189933881,9.77938909561396,1.75));
#7252=CARTESIAN_POINT('Ctrl Pts',(15.6951406094005,9.78625797354295,1.74082071654573));
#7253=CARTESIAN_POINT('Ctrl Pts',(15.5847691678924,9.80767073457573,1.7027379220048));
#7254=CARTESIAN_POINT('Ctrl Pts',(15.5310986012023,9.82286758571037,1.6717336313317));
#7255=CARTESIAN_POINT('Ctrl Pts',(15.4355559315573,9.85877505773054,1.58973050210796));
#7256=CARTESIAN_POINT('Ctrl Pts',(15.3955123048001,9.87947647201901,1.5381375921622));
#7257=CARTESIAN_POINT('Ctrl Pts',(15.3489728678778,9.91306446990886,1.44501584072103));
#7258=CARTESIAN_POINT('Ctrl Pts',(15.3356033657522,9.92582010740208,1.4074662012915));
#7259=CARTESIAN_POINT('Ctrl Pts',(15.3181568456556,9.95044602033419,1.32989208105443));
#7260=CARTESIAN_POINT('Ctrl Pts',(15.3141010309856,9.96225518761416,1.2900700770074));
#7261=CARTESIAN_POINT('Ctrl Pts',(15.3148479842558,9.97328724025124,1.25));
#7262=CARTESIAN_POINT('Origin',(17.2037333412861,13.3909191353889,1.25));
#7263=CARTESIAN_POINT('Origin',(3.50182465028888,-2.9383797725049,1.25));
#7264=CARTESIAN_POINT('Origin',(17.5132444371544,13.7597800958377,1.25));
#7265=CARTESIAN_POINT('Origin',(13.3,17.2951119491136,1.25));
#7266=CARTESIAN_POINT('Origin',(18.8,17.2951119491136,1.25));
#7267=CARTESIAN_POINT('Origin',(18.8,-3.12614656045473E-14,1.25));
#7268=CARTESIAN_POINT('Origin',(18.8,21.4680194846605,1.25));
#7269=CARTESIAN_POINT('Origin',(17.55,21.4680194846605,1.25));
#7270=CARTESIAN_POINT('Origin',(18.4338834764832,22.3519029611437,1.25));
#7271=CARTESIAN_POINT('Origin',(20.3928932188134,20.3928932188135,1.25));
#7272=CARTESIAN_POINT('Origin',(17.5870540938535,23.1987323437734,1.25));
#7273=CARTESIAN_POINT('Origin',(16.7031706173703,22.3148488672902,1.25));
#7274=CARTESIAN_POINT('Origin',(15.5285548413879,22.7423740464473,1.25));
#7275=CARTESIAN_POINT('Origin',(6.4028008676943,-2.33042893177451,1.25));
#7276=CARTESIAN_POINT('Origin',(12.0377493376357,13.1514647491801,1.25));
#7277=CARTESIAN_POINT('Origin',(10.3932872512604,13.75,1.25));
#7278=CARTESIAN_POINT('Origin',(10.3932872512604,12.,1.25));
#7279=CARTESIAN_POINT('Origin',(0.,12.,1.25));
#7280=CARTESIAN_POINT('Origin',(21.8,9.53419347726968,-1.25));
#7281=CARTESIAN_POINT('Ctrl Pts',(15.3148479842558,9.97328724025124,-1.25));
#7282=CARTESIAN_POINT('Ctrl Pts',(15.3135989479524,9.95483972178509,-1.31700416593821));
#7283=CARTESIAN_POINT('Ctrl Pts',(15.3257794216503,9.93423605186815,-1.38311787321743));
#7284=CARTESIAN_POINT('Ctrl Pts',(15.3754201967398,9.8915584659907,-1.50640151520542));
#7285=CARTESIAN_POINT('Ctrl Pts',(15.4127648266139,9.86977716803436,-1.56267364931922));
#7286=CARTESIAN_POINT('Ctrl Pts',(15.5066565958108,9.83065725501143,-1.65506185074074));
#7287=CARTESIAN_POINT('Ctrl Pts',(15.5617488093143,9.8135040373303,-1.69118921670162));
#7288=CARTESIAN_POINT('Ctrl Pts',(15.6804391306516,9.78820933096133,-1.73812585788488));
#7289=CARTESIAN_POINT('Ctrl Pts',(15.741914620809,9.77984614580061,-1.74996295084411));
#7290=CARTESIAN_POINT('Ctrl Pts',(15.8046873236741,9.77622936795011,-1.74999997110475));
#7291=CARTESIAN_POINT('Ctrl Pts',(15.8047853197371,9.77622373341167,-1.75));
#7292=CARTESIAN_POINT('Ctrl Pts',(15.8048833141595,9.77621811063667,-1.75));
#7293=CARTESIAN_POINT('Origin',(17.2037333412861,13.3909191353889,-1.25));
#7294=CARTESIAN_POINT('Origin',(3.50182465028888,-2.9383797725049,-1.25));
#7295=CARTESIAN_POINT('Origin',(17.5132444371544,13.7597800958377,-1.25));
#7296=CARTESIAN_POINT('Origin',(13.3,17.2951119491136,-1.25));
#7297=CARTESIAN_POINT('Origin',(18.8,17.2951119491136,-1.25));
#7298=CARTESIAN_POINT('Origin',(18.8,-3.12614656045473E-14,-1.25));
#7299=CARTESIAN_POINT('Origin',(18.8,21.4680194846605,-1.25));
#7300=CARTESIAN_POINT('Origin',(17.55,21.4680194846605,-1.25));
#7301=CARTESIAN_POINT('Origin',(18.4338834764832,22.3519029611437,-1.25));
#7302=CARTESIAN_POINT('Origin',(20.3928932188134,20.3928932188135,-1.25));
#7303=CARTESIAN_POINT('Origin',(17.5870540938535,23.1987323437734,-1.25));
#7304=CARTESIAN_POINT('Origin',(16.7031706173703,22.3148488672902,-1.25));
#7305=CARTESIAN_POINT('Origin',(15.5285548413879,22.7423740464473,-1.25));
#7306=CARTESIAN_POINT('Origin',(6.4028008676943,-2.33042893177451,-1.25));
#7307=CARTESIAN_POINT('Origin',(12.0377493376357,13.1514647491801,-1.25));
#7308=CARTESIAN_POINT('Origin',(10.3932872512604,13.75,-1.25));
#7309=CARTESIAN_POINT('Origin',(10.3932872512604,12.,-1.25));
#7310=CARTESIAN_POINT('Origin',(0.,12.,-1.25));
#7311=CARTESIAN_POINT('Origin',(27.4,5.45,0.));
#7312=UNCERTAINTY_MEASURE_WITH_UNIT(LENGTH_MEASURE(0.01),#7316,
'DISTANCE_ACCURACY_VALUE',
'Maximum model space distance between geometric entities at asserted c
onnectivities');
#7313=UNCERTAINTY_MEASURE_WITH_UNIT(LENGTH_MEASURE(0.01),#7316,
'DISTANCE_ACCURACY_VALUE',
'Maximum model space distance between geometric entities at asserted c
onnectivities');
#7314=(
GEOMETRIC_REPRESENTATION_CONTEXT(3)
GLOBAL_UNCERTAINTY_ASSIGNED_CONTEXT((#7312))
GLOBAL_UNIT_ASSIGNED_CONTEXT((#7316,#7318,#7319))
REPRESENTATION_CONTEXT('','3D')
);
#7315=(
GEOMETRIC_REPRESENTATION_CONTEXT(3)
GLOBAL_UNCERTAINTY_ASSIGNED_CONTEXT((#7313))
GLOBAL_UNIT_ASSIGNED_CONTEXT((#7316,#7318,#7319))
REPRESENTATION_CONTEXT('','3D')
);
#7316=(
LENGTH_UNIT()
NAMED_UNIT(*)
SI_UNIT(.MILLI.,.METRE.)
);
#7317=(
LENGTH_UNIT()
NAMED_UNIT(*)
SI_UNIT(.CENTI.,.METRE.)
);
#7318=(
NAMED_UNIT(*)
PLANE_ANGLE_UNIT()
SI_UNIT($,.RADIAN.)
);
#7319=(
NAMED_UNIT(*)
SI_UNIT($,.STERADIAN.)
SOLID_ANGLE_UNIT()
);
#7320=SHAPE_DEFINITION_REPRESENTATION(#7321,#7322);
#7321=PRODUCT_DEFINITION_SHAPE('',$,#7324);
#7322=SHAPE_REPRESENTATION('',(#4298),#7314);
#7323=PRODUCT_DEFINITION_CONTEXT('part definition',#7328,'design');
#7324=PRODUCT_DEFINITION('BF353S','BF353S',#7325,#7323);
#7325=PRODUCT_DEFINITION_FORMATION('ANY',$,#7330);
#7326=PRODUCT_RELATED_PRODUCT_CATEGORY('BF353S','BF353S',(#7330));
#7327=APPLICATION_PROTOCOL_DEFINITION('international standard',
'automotive_design',2009,#7328);
#7328=APPLICATION_CONTEXT(
'Core Data for Automotive Mechanical Design Process');
#7329=PRODUCT_CONTEXT('part definition',#7328,'mechanical');
#7330=PRODUCT('BF353S','BF353S','STEP AP214',(#7329));
#7331=PRESENTATION_STYLE_ASSIGNMENT((#7334));
#7332=PRESENTATION_STYLE_ASSIGNMENT((#7335));
#7333=PRESENTATION_STYLE_ASSIGNMENT((#7336));
#7334=SURFACE_STYLE_USAGE(.BOTH.,#7343);
#7335=SURFACE_STYLE_USAGE(.BOTH.,#7344);
#7336=SURFACE_STYLE_USAGE(.BOTH.,#7345);
#7337=SURFACE_STYLE_RENDERING_WITH_PROPERTIES($,#7355,(#7340));
#7338=SURFACE_STYLE_RENDERING_WITH_PROPERTIES($,#7356,(#7341));
#7339=SURFACE_STYLE_RENDERING_WITH_PROPERTIES($,#7357,(#7342));
#7340=SURFACE_STYLE_TRANSPARENT(0.);
#7341=SURFACE_STYLE_TRANSPARENT(0.);
#7342=SURFACE_STYLE_TRANSPARENT(0.);
#7343=SURFACE_SIDE_STYLE('',(#7346,#7337));
#7344=SURFACE_SIDE_STYLE('',(#7347,#7338));
#7345=SURFACE_SIDE_STYLE('',(#7348,#7339));
#7346=SURFACE_STYLE_FILL_AREA(#7349);
#7347=SURFACE_STYLE_FILL_AREA(#7350);
#7348=SURFACE_STYLE_FILL_AREA(#7351);
#7349=FILL_AREA_STYLE('',(#7352));
#7350=FILL_AREA_STYLE('',(#7353));
#7351=FILL_AREA_STYLE('',(#7354));
#7352=FILL_AREA_STYLE_COLOUR('',#7355);
#7353=FILL_AREA_STYLE_COLOUR('',#7356);
#7354=FILL_AREA_STYLE_COLOUR('',#7357);
#7355=COLOUR_RGB('',0.792156862745098,0.819607843137255,0.933333333333333);
#7356=COLOUR_RGB('',0.752941176470588,0.,0.);
#7357=COLOUR_RGB('',0.250980392156863,0.250980392156863,0.250980392156863);
ENDSEC;
END-ISO-10303-21;
